 52070   Scan angles: step 7 (+-1)
   0   0   0
   7   0   0
  14   0   0
  21   0   0
  28   0   0
  35   0   0
  42   0   0
  49   0   0
  56   0   0
  63   0   0
  70   0   0
  77   0   0
  84   0   0
  91   0   0
  98   0   0
 105   0   0
 112   0   0
 119   0   0
 126   0   0
 133   0   0
 140   0   0
 147   0   0
 154   0   0
 161   0   0
 168   0   0
 175   0   0
 182   0   0
 189   0   0
 196   0   0
 203   0   0
 210   0   0
 217   0   0
 224   0   0
 231   0   0
 238   0   0
 245   0   0
 252   0   0
 259   0   0
 266   0   0
 273   0   0
 280   0   0
 287   0   0
 294   0   0
 301   0   0
 308   0   0
 315   0   0
 322   0   0
 329   0   0
 336   0   0
 343   0   0
 350   0   0
 355   5   0
   3   6   0
  10   6   0
  17   6   0
  24   6   0
  31   6   0
  38   6   0
  45   6   0
  52   6   0
  59   6   0
  66   6   0
  73   6   0
  80   6   0
  87   6   0
  94   6   0
 101   6   0
 108   6   0
 115   6   0
 122   6   0
 129   6   0
 136   6   0
 143   6   0
 150   6   0
 157   6   0
 164   6   0
 171   6   0
 178   6   0
 185   6   0
 192   6   0
 199   6   0
 206   6   0
 213   6   0
 220   6   0
 227   6   0
 234   6   0
 241   6   0
 248   6   0
 255   6   0
 262   6   0
 269   6   0
 276   6   0
 283   6   0
 290   6   0
 297   6   0
 304   6   0
 311   6   0
 318   6   0
 325   6   0
 332   6   0
 339   6   0
 346   6   0
 351  11   0
 358  11   0
   6  12   0
  13  12   0
  20  12   0
  27  12   0
  34  12   0
  41  12   0
  48  12   0
  55  12   0
  62  12   0
  69  12   0
  76  12   0
  83  12   0
  90  12   0
  97  12   0
 104  12   0
 111  12   0
 118  12   0
 125  12   0
 132  12   0
 139  12   0
 146  12   0
 153  12   0
 160  12   0
 167  12   0
 174  12   0
 181  12   0
 188  12   0
 195  12   0
 202  12   0
 209  12   0
 216  12   0
 223  12   0
 230  12   0
 237  12   0
 244  12   0
 251  12   0
 258  12   0
 265  12   0
 272  12   0
 279  12   0
 286  12   0
 293  12   0
 300  12   0
 307  12   0
 314  12   0
 321  12   0
 328  12   0
 335  12   0
 342  12   0
   1  17   0
 347  17   0
 354  17   0
   9  18   0
  16  18   0
  23  18   0
  30  18   0
  37  18   0
  44  18   0
  51  18   0
  58  18   0
  65  18   0
  72  18   0
  79  18   0
  86  18   0
  93  18   0
 100  18   0
 107  18   0
 114  18   0
 121  18   0
 128  18   0
 135  18   0
 142  18   0
 149  18   0
 156  18   0
 163  18   0
 170  18   0
 177  18   0
 184  18   0
 191  18   0
 198  18   0
 205  18   0
 212  18   0
 219  18   0
 226  18   0
 233  18   0
 240  18   0
 247  18   0
 254  18   0
 261  18   0
 268  18   0
 275  18   0
 282  18   0
 289  18   0
 296  18   0
 303  18   0
 310  18   0
 317  18   0
 324  18   0
 331  18   0
 338  18   0
   4  23   0
 343  23   0
 350  23   0
 357  23   0
  12  24   0
  19  24   0
  26  24   0
  33  24   0
  40  24   0
  47  24   0
  54  24   0
  61  24   0
  68  24   0
  75  24   0
  82  24   0
  89  24   0
  96  24   0
 103  24   0
 110  24   0
 117  24   0
 124  24   0
 131  24   0
 138  24   0
 145  24   0
 152  24   0
 159  24   0
 166  24   0
 173  24   0
 180  24   0
 187  24   0
 194  24   0
 201  24   0
 208  24   0
 215  24   0
 222  24   0
 229  24   0
 236  24   0
 243  24   0
 250  24   0
 257  24   0
 264  24   0
 271  24   0
 278  24   0
 285  24   0
 292  24   0
 299  24   0
 306  24   0
 313  24   0
 320  24   0
 327  24   0
 334  24   0
   0  29   0
   7  29   0
 339  29   0
 346  29   0
 353  29   0
  15  30   0
  22  30   0
  29  30   0
  36  30   0
  43  30   0
  50  30   0
  57  30   0
  64  30   0
  71  30   0
  78  30   0
  85  30   0
  92  30   0
  99  30   0
 106  30   0
 113  30   0
 120  30   0
 127  30   0
 134  30   0
 141  30   0
 148  30   0
 155  30   0
 162  30   0
 169  30   0
 176  30   0
 183  30   0
 190  30   0
 197  30   0
 204  30   0
 211  30   0
 218  30   0
 225  30   0
 232  30   0
 239  30   0
 246  30   0
 253  30   0
 260  30   0
 267  30   0
 274  30   0
 281  30   0
 288  30   0
 295  30   0
 302  30   0
 309  30   0
 316  30   0
 323  30   0
 330  30   0
   3  35   0
  10  35   0
 335  35   0
 342  35   0
 349  35   0
 356  35   0
  18  36   0
  25  36   0
  32  36   0
  39  36   0
  46  36   0
  53  36   0
  60  36   0
  67  36   0
  74  36   0
  81  36   0
  88  36   0
  95  36   0
 102  36   0
 109  36   0
 116  36   0
 123  36   0
 130  36   0
 137  36   0
 144  36   0
 151  36   0
 158  36   0
 165  36   0
 172  36   0
 179  36   0
 186  36   0
 193  36   0
 200  36   0
 207  36   0
 214  36   0
 221  36   0
 228  36   0
 235  36   0
 242  36   0
 249  36   0
 256  36   0
 263  36   0
 270  36   0
 277  36   0
 284  36   0
 291  36   0
 298  36   0
 305  36   0
 312  36   0
 319  36   0
 326  36   0
   0  41   0
   7  41   0
 331  41   0
 338  41   0
 345  41   0
 352  41   0
  14  42   0
  21  42   0
  28  42   0
  35  42   0
  42  42   0
  49  42   0
  56  42   0
  63  42   0
  70  42   0
  77  42   0
  84  42   0
  91  42   0
  98  42   0
 105  42   0
 112  42   0
 119  42   0
 126  42   0
 133  42   0
 140  42   0
 147  42   0
 154  42   0
 161  42   0
 168  42   0
 175  42   0
 182  42   0
 189  42   0
 196  42   0
 203  42   0
 210  42   0
 217  42   0
 224  42   0
 231  42   0
 238  42   0
 245  42   0
 252  42   0
 259  42   0
 266  42   0
 273  42   0
 280  42   0
 287  42   0
 294  42   0
 301  42   0
 308  42   0
 315  42   0
 322  42   0
   3  47   0
 327  47   0
 334  47   0
 341  47   0
 348  47   0
 355  47   0
  10  48   0
  17  48   0
  24  48   0
  31  48   0
  38  48   0
  45  48   0
  52  48   0
  59  48   0
  66  48   0
  73  48   0
  80  48   0
  87  48   0
  94  48   0
 101  48   0
 108  48   0
 115  48   0
 122  48   0
 129  48   0
 136  48   0
 143  48   0
 150  48   0
 157  48   0
 164  48   0
 171  48   0
 178  48   0
 185  48   0
 192  48   0
 199  48   0
 206  48   0
 213  48   0
 220  48   0
 227  48   0
 234  48   0
 241  48   0
 248  48   0
 255  48   0
 262  48   0
 269  48   0
 276  48   0
 283  48   0
 290  48   0
 297  48   0
 304  48   0
 311  48   0
 318  48   0
   0  53   0
 323  53   0
 330  53   0
 337  53   0
 344  53   0
 351  53   0
   7  54   0
  14  54   0
  21  54   0
  28  54   0
  35  54   0
  42  54   0
  49  54   0
  56  54   0
  63  54   0
  70  54   0
  77  54   0
  84  54   0
  91  54   0
  98  54   0
 105  54   0
 112  54   0
 119  54   0
 126  54   0
 133  54   0
 140  54   0
 147  54   0
 154  54   0
 161  54   0
 168  54   0
 175  54   0
 182  54   0
 189  54   0
 196  54   0
 203  54   0
 210  54   0
 217  54   0
 224  54   0
 231  54   0
 238  54   0
 245  54   0
 252  54   0
 259  54   0
 266  54   0
 273  54   0
 280  54   0
 287  54   0
 294  54   0
 301  54   0
 308  54   0
 315  54   0
 320  59   0
 327  59   0
 334  59   0
 341  59   0
 348  59   0
 355  59   0
   2  60   0
  10  60   0
  17  60   0
  24  60   0
  31  60   0
  38  60   0
  45  60   0
  52  60   0
  59  60   0
  66  60   0
  73  60   0
  80  60   0
  87  60   0
  94  60   0
 101  60   0
 108  60   0
 115  60   0
 122  60   0
 129  60   0
 136  60   0
 143  60   0
 150  60   0
 157  60   0
 164  60   0
 171  60   0
 178  60   0
 185  60   0
 192  60   0
 199  60   0
 206  60   0
 213  60   0
 220  60   0
 227  60   0
 234  60   0
 241  60   0
 248  60   0
 255  60   0
 262  60   0
 269  60   0
 276  60   0
 283  60   0
 290  60   0
 297  60   0
 304  60   0
 311  60   0
 316  65   0
 323  65   0
 330  65   0
 337  65   0
 344  65   0
 351  65   0
   5  66   0
  13  66   0
  20  66   0
  27  66   0
  34  66   0
  41  66   0
  48  66   0
  55  66   0
  62  66   0
  69  66   0
  76  66   0
  83  66   0
  90  66   0
  97  66   0
 104  66   0
 111  66   0
 118  66   0
 125  66   0
 132  66   0
 139  66   0
 146  66   0
 153  66   0
 160  66   0
 167  66   0
 174  66   0
 181  66   0
 188  66   0
 195  66   0
 202  66   0
 209  66   0
 216  66   0
 223  66   0
 230  66   0
 237  66   0
 244  66   0
 251  66   0
 258  66   0
 265  66   0
 272  66   0
 279  66   0
 286  66   0
 293  66   0
 300  66   0
 307  66   0
 358  66   0
 312  71   0
 319  71   0
 326  71   0
 333  71   0
 340  71   0
 347  71   0
   1  72   0
   8  72   0
  16  72   0
  23  72   0
  30  72   0
  37  72   0
  44  72   0
  51  72   0
  58  72   0
  65  72   0
  72  72   0
  79  72   0
  86  72   0
  93  72   0
 100  72   0
 107  72   0
 114  72   0
 121  72   0
 128  72   0
 135  72   0
 142  72   0
 149  72   0
 156  72   0
 163  72   0
 170  72   0
 177  72   0
 184  72   0
 191  72   0
 198  72   0
 205  72   0
 212  72   0
 219  72   0
 226  72   0
 233  72   0
 240  72   0
 247  72   0
 254  72   0
 261  72   0
 268  72   0
 275  72   0
 282  72   0
 289  72   0
 296  72   0
 303  72   0
 354  72   0
 308  77   0
 315  77   0
 322  77   0
 329  77   0
 336  77   0
 343  77   0
   4  78   0
  11  78   0
  19  78   0
  26  78   0
  33  78   0
  40  78   0
  47  78   0
  54  78   0
  61  78   0
  68  78   0
  75  78   0
  82  78   0
  89  78   0
  96  78   0
 103  78   0
 110  78   0
 117  78   0
 124  78   0
 131  78   0
 138  78   0
 145  78   0
 152  78   0
 159  78   0
 166  78   0
 173  78   0
 180  78   0
 187  78   0
 194  78   0
 201  78   0
 208  78   0
 215  78   0
 222  78   0
 229  78   0
 236  78   0
 243  78   0
 250  78   0
 257  78   0
 264  78   0
 271  78   0
 278  78   0
 285  78   0
 292  78   0
 299  78   0
 350  78   0
 357  78   0
 304  83   0
 311  83   0
 318  83   0
 325  83   0
 332  83   0
 339  83   0
   0  84   0
   7  84   0
  14  84   0
  22  84   0
  29  84   0
  36  84   0
  43  84   0
  50  84   0
  57  84   0
  64  84   0
  71  84   0
  78  84   0
  85  84   0
  92  84   0
  99  84   0
 106  84   0
 113  84   0
 120  84   0
 127  84   0
 134  84   0
 141  84   0
 148  84   0
 155  84   0
 162  84   0
 169  84   0
 176  84   0
 183  84   0
 190  84   0
 197  84   0
 204  84   0
 211  84   0
 218  84   0
 225  84   0
 232  84   0
 239  84   0
 246  84   0
 253  84   0
 260  84   0
 267  84   0
 274  84   0
 281  84   0
 288  84   0
 295  84   0
 346  84   0
 353  84   0
 300  89   0
 307  89   0
 314  89   0
 321  89   0
 328  89   0
 335  89   0
   3  90   0
  10  90   0
  17  90   0
  25  90   0
  32  90   0
  39  90   0
  46  90   0
  53  90   0
  60  90   0
  67  90   0
  74  90   0
  81  90   0
  88  90   0
  95  90   0
 102  90   0
 109  90   0
 116  90   0
 123  90   0
 130  90   0
 137  90   0
 144  90   0
 151  90   0
 158  90   0
 165  90   0
 172  90   0
 179  90   0
 186  90   0
 193  90   0
 200  90   0
 207  90   0
 214  90   0
 221  90   0
 228  90   0
 235  90   0
 242  90   0
 249  90   0
 256  90   0
 263  90   0
 270  90   0
 277  90   0
 284  90   0
 291  90   0
 342  90   0
 349  90   0
 356  90   0
 296  95   0
 303  95   0
 310  95   0
 317  95   0
 324  95   0
 331  95   0
   0  96   0
   7  96   0
  14  96   0
  21  96   0
  28  96   0
  35  96   0
  42  96   0
  49  96   0
  56  96   0
  63  96   0
  70  96   0
  77  96   0
  84  96   0
  91  96   0
  98  96   0
 105  96   0
 112  96   0
 119  96   0
 126  96   0
 133  96   0
 140  96   0
 147  96   0
 154  96   0
 161  96   0
 168  96   0
 175  96   0
 182  96   0
 189  96   0
 196  96   0
 203  96   0
 210  96   0
 217  96   0
 224  96   0
 231  96   0
 238  96   0
 245  96   0
 252  96   0
 259  96   0
 266  96   0
 273  96   0
 280  96   0
 287  96   0
 338  96   0
 345  96   0
 352  96   0
 292 101   0
 299 101   0
 306 101   0
 313 101   0
 320 101   0
 327 101   0
   3 102   0
  10 102   0
  17 102   0
  24 102   0
  31 102   0
  38 102   0
  45 102   0
  52 102   0
  59 102   0
  66 102   0
  73 102   0
  80 102   0
  87 102   0
  94 102   0
 101 102   0
 108 102   0
 115 102   0
 122 102   0
 129 102   0
 136 102   0
 143 102   0
 150 102   0
 157 102   0
 164 102   0
 171 102   0
 178 102   0
 185 102   0
 192 102   0
 199 102   0
 206 102   0
 213 102   0
 220 102   0
 227 102   0
 234 102   0
 241 102   0
 248 102   0
 255 102   0
 262 102   0
 269 102   0
 276 102   0
 283 102   0
 334 102   0
 341 102   0
 348 102   0
 355 102   0
 288 107   0
 295 107   0
 302 107   0
 309 107   0
 316 107   0
 323 107   0
   0 108   0
   7 108   0
  14 108   0
  21 108   0
  28 108   0
  35 108   0
  42 108   0
  49 108   0
  56 108   0
  63 108   0
  70 108   0
  77 108   0
  84 108   0
  91 108   0
  98 108   0
 105 108   0
 112 108   0
 119 108   0
 126 108   0
 133 108   0
 140 108   0
 147 108   0
 154 108   0
 161 108   0
 168 108   0
 175 108   0
 182 108   0
 189 108   0
 196 108   0
 203 108   0
 210 108   0
 217 108   0
 224 108   0
 231 108   0
 238 108   0
 245 108   0
 252 108   0
 259 108   0
 266 108   0
 273 108   0
 280 108   0
 330 108   0
 337 108   0
 344 108   0
 351 108   0
 285 113   0
 292 113   0
 299 113   0
 306 113   0
 313 113   0
 320 113   0
   3 114   0
  10 114   0
  17 114   0
  24 114   0
  31 114   0
  38 114   0
  45 114   0
  52 114   0
  59 114   0
  66 114   0
  73 114   0
  80 114   0
  87 114   0
  94 114   0
 101 114   0
 108 114   0
 115 114   0
 122 114   0
 129 114   0
 136 114   0
 143 114   0
 150 114   0
 157 114   0
 164 114   0
 171 114   0
 178 114   0
 185 114   0
 192 114   0
 199 114   0
 206 114   0
 213 114   0
 220 114   0
 227 114   0
 234 114   0
 241 114   0
 248 114   0
 255 114   0
 262 114   0
 269 114   0
 276 114   0
 327 114   0
 334 114   0
 341 114   0
 348 114   0
 355 114   0
 281 119   0
 288 119   0
 295 119   0
 302 119   0
 309 119   0
 316 119   0
   0 120   0
   7 120   0
  14 120   0
  21 120   0
  28 120   0
  35 120   0
  42 120   0
  49 120   0
  56 120   0
  63 120   0
  70 120   0
  77 120   0
  84 120   0
  91 120   0
  98 120   0
 105 120   0
 112 120   0
 119 120   0
 126 120   0
 133 120   0
 140 120   0
 147 120   0
 154 120   0
 161 120   0
 168 120   0
 175 120   0
 182 120   0
 189 120   0
 196 120   0
 203 120   0
 210 120   0
 217 120   0
 224 120   0
 231 120   0
 238 120   0
 245 120   0
 252 120   0
 259 120   0
 266 120   0
 273 120   0
 323 120   0
 330 120   0
 337 120   0
 344 120   0
 351 120   0
 278 125   0
 285 125   0
 292 125   0
 299 125   0
 306 125   0
 313 125   0
   3 126   0
  10 126   0
  17 126   0
  24 126   0
  31 126   0
  38 126   0
  45 126   0
  52 126   0
  59 126   0
  66 126   0
  73 126   0
  80 126   0
  87 126   0
  94 126   0
 101 126   0
 108 126   0
 115 126   0
 122 126   0
 129 126   0
 136 126   0
 143 126   0
 150 126   0
 157 126   0
 164 126   0
 171 126   0
 178 126   0
 185 126   0
 192 126   0
 199 126   0
 206 126   0
 213 126   0
 220 126   0
 227 126   0
 234 126   0
 241 126   0
 248 126   0
 255 126   0
 262 126   0
 269 126   0
 320 126   0
 327 126   0
 334 126   0
 341 126   0
 348 126   0
 355 126   0
 274 131   0
 281 131   0
 288 131   0
 295 131   0
 302 131   0
 309 131   0
   0 132   0
   7 132   0
  14 132   0
  21 132   0
  28 132   0
  35 132   0
  42 132   0
  49 132   0
  56 132   0
  63 132   0
  70 132   0
  77 132   0
  84 132   0
  91 132   0
  98 132   0
 105 132   0
 112 132   0
 119 132   0
 126 132   0
 133 132   0
 140 132   0
 147 132   0
 154 132   0
 161 132   0
 168 132   0
 175 132   0
 182 132   0
 189 132   0
 196 132   0
 203 132   0
 210 132   0
 217 132   0
 224 132   0
 231 132   0
 238 132   0
 245 132   0
 252 132   0
 259 132   0
 266 132   0
 316 132   0
 323 132   0
 330 132   0
 337 132   0
 344 132   0
 351 132   0
 271 137   0
 278 137   0
 285 137   0
 292 137   0
 299 137   0
 306 137   0
   3 138   0
  10 138   0
  17 138   0
  24 138   0
  31 138   0
  38 138   0
  45 138   0
  52 138   0
  59 138   0
  66 138   0
  73 138   0
  80 138   0
  87 138   0
  94 138   0
 101 138   0
 108 138   0
 115 138   0
 122 138   0
 129 138   0
 136 138   0
 143 138   0
 150 138   0
 157 138   0
 164 138   0
 171 138   0
 178 138   0
 185 138   0
 192 138   0
 199 138   0
 206 138   0
 213 138   0
 220 138   0
 227 138   0
 234 138   0
 241 138   0
 248 138   0
 255 138   0
 262 138   0
 313 138   0
 320 138   0
 327 138   0
 334 138   0
 341 138   0
 348 138   0
 355 138   0
 267 143   0
 274 143   0
 281 143   0
 288 143   0
 295 143   0
 302 143   0
   0 144   0
   7 144   0
  14 144   0
  21 144   0
  28 144   0
  35 144   0
  42 144   0
  49 144   0
  56 144   0
  63 144   0
  70 144   0
  77 144   0
  84 144   0
  91 144   0
  98 144   0
 105 144   0
 112 144   0
 119 144   0
 126 144   0
 133 144   0
 140 144   0
 147 144   0
 154 144   0
 161 144   0
 168 144   0
 175 144   0
 182 144   0
 189 144   0
 196 144   0
 203 144   0
 210 144   0
 217 144   0
 224 144   0
 231 144   0
 238 144   0
 245 144   0
 252 144   0
 259 144   0
 309 144   0
 316 144   0
 323 144   0
 330 144   0
 337 144   0
 344 144   0
 351 144   0
 264 149   0
 271 149   0
 278 149   0
 285 149   0
 292 149   0
 299 149   0
   3 150   0
  10 150   0
  17 150   0
  24 150   0
  31 150   0
  38 150   0
  45 150   0
  52 150   0
  59 150   0
  66 150   0
  73 150   0
  80 150   0
  87 150   0
  94 150   0
 101 150   0
 108 150   0
 115 150   0
 122 150   0
 129 150   0
 136 150   0
 143 150   0
 150 150   0
 157 150   0
 164 150   0
 171 150   0
 178 150   0
 185 150   0
 192 150   0
 199 150   0
 206 150   0
 213 150   0
 220 150   0
 227 150   0
 234 150   0
 241 150   0
 248 150   0
 255 150   0
 306 150   0
 313 150   0
 320 150   0
 327 150   0
 334 150   0
 341 150   0
 348 150   0
 355 150   0
 260 155   0
 267 155   0
 274 155   0
 281 155   0
 288 155   0
 295 155   0
   0 156   0
   7 156   0
  14 156   0
  21 156   0
  28 156   0
  35 156   0
  42 156   0
  49 156   0
  56 156   0
  63 156   0
  70 156   0
  77 156   0
  84 156   0
  91 156   0
  98 156   0
 105 156   0
 112 156   0
 119 156   0
 126 156   0
 133 156   0
 140 156   0
 147 156   0
 154 156   0
 161 156   0
 168 156   0
 175 156   0
 182 156   0
 189 156   0
 196 156   0
 203 156   0
 210 156   0
 217 156   0
 224 156   0
 231 156   0
 238 156   0
 245 156   0
 252 156   0
 302 156   0
 309 156   0
 316 156   0
 323 156   0
 330 156   0
 337 156   0
 344 156   0
 351 156   0
 257 161   0
 264 161   0
 271 161   0
 278 161   0
 285 161   0
 292 161   0
   3 162   0
  10 162   0
  17 162   0
  24 162   0
  31 162   0
  38 162   0
  45 162   0
  52 162   0
  59 162   0
  66 162   0
  73 162   0
  80 162   0
  87 162   0
  94 162   0
 101 162   0
 108 162   0
 115 162   0
 122 162   0
 129 162   0
 136 162   0
 143 162   0
 150 162   0
 157 162   0
 164 162   0
 171 162   0
 178 162   0
 185 162   0
 192 162   0
 199 162   0
 206 162   0
 213 162   0
 220 162   0
 227 162   0
 234 162   0
 241 162   0
 248 162   0
 299 162   0
 306 162   0
 313 162   0
 320 162   0
 327 162   0
 334 162   0
 341 162   0
 348 162   0
 355 162   0
 253 167   0
 260 167   0
 267 167   0
 274 167   0
 281 167   0
 288 167   0
   0 168   0
   7 168   0
  14 168   0
  21 168   0
  28 168   0
  35 168   0
  42 168   0
  49 168   0
  56 168   0
  63 168   0
  70 168   0
  77 168   0
  84 168   0
  91 168   0
  98 168   0
 105 168   0
 112 168   0
 119 168   0
 126 168   0
 133 168   0
 140 168   0
 147 168   0
 154 168   0
 161 168   0
 168 168   0
 175 168   0
 182 168   0
 189 168   0
 196 168   0
 203 168   0
 210 168   0
 217 168   0
 224 168   0
 231 168   0
 238 168   0
 245 168   0
 295 168   0
 302 168   0
 309 168   0
 316 168   0
 323 168   0
 330 168   0
 337 168   0
 344 168   0
 351 168   0
 250 173   0
 257 173   0
 264 173   0
 271 173   0
 278 173   0
 285 173   0
   3 174   0
  10 174   0
  17 174   0
  24 174   0
  31 174   0
  38 174   0
  45 174   0
  52 174   0
  59 174   0
  66 174   0
  73 174   0
  80 174   0
  87 174   0
  94 174   0
 101 174   0
 108 174   0
 115 174   0
 122 174   0
 129 174   0
 136 174   0
 143 174   0
 150 174   0
 157 174   0
 164 174   0
 171 174   0
 178 174   0
 185 174   0
 192 174   0
 199 174   0
 206 174   0
 213 174   0
 220 174   0
 227 174   0
 234 174   0
 241 174   0
 292 174   0
 299 174   0
 306 174   0
 313 174   0
 320 174   0
 327 174   0
 334 174   0
 341 174   0
 348 174   0
 355 174   0
 246 179   0
 253 179   0
 260 179   0
 267 179   0
 274 179   0
 281 179   0
 288 179   2
 359 179   2
   7 179   3
  14 179   3
  21 179   3
  28 179   3
  35 179   3
  42 179   3
  49 179   3
  56 179   3
  63 179   3
  70 179   3
  77 179   3
  84 179   3
  91 179   3
  98 179   3
 105 179   3
 112 179   3
 119 179   3
 126 179   3
 133 179   3
 140 179   3
 147 179   3
 154 179   3
 161 179   3
 168 179   3
 175 179   3
 182 179   3
 189 179   3
 196 179   3
 203 179   3
 210 179   3
 217 179   3
 224 179   3
 231 179   3
 238 179   3
 296 179   3
 303 179   3
 310 179   3
 317 179   3
 324 179   3
 331 179   3
 338 179   3
 345 179   3
 352 179   3
 355   0   5
   3   0   6
  10   0   6
  17   0   6
  24   0   6
  31   0   6
  38   0   6
  45   0   6
  52   0   6
  59   0   6
  66   0   6
  73   0   6
  80   0   6
  87   0   6
  94   0   6
 101   0   6
 108   0   6
 115   0   6
 122   0   6
 129   0   6
 136   0   6
 143   0   6
 150   0   6
 157   0   6
 164   0   6
 171   0   6
 178   0   6
 185   0   6
 192   0   6
 199   0   6
 206   0   6
 213   0   6
 220   0   6
 227   0   6
 234   0   6
 241   0   6
 248   0   6
 255   0   6
 262   0   6
 269   0   6
 276   0   6
 283   0   6
 290   0   6
 297   0   6
 304   0   6
 311   0   6
 318   0   6
 325   0   6
 332   0   6
 339   0   6
 346   0   6
 351   5   6
   0   6   6
   7   6   6
  14   6   6
  21   6   6
  28   6   6
  35   6   6
  42   6   6
  49   6   6
  56   6   6
  63   6   6
  70   6   6
  77   6   6
  84   6   6
  91   6   6
  98   6   6
 105   6   6
 112   6   6
 119   6   6
 126   6   6
 133   6   6
 140   6   6
 147   6   6
 154   6   6
 161   6   6
 168   6   6
 175   6   6
 182   6   6
 189   6   6
 196   6   6
 203   6   6
 210   6   6
 217   6   6
 224   6   6
 231   6   6
 238   6   6
 245   6   6
 252   6   6
 259   6   6
 266   6   6
 273   6   6
 280   6   6
 287   6   6
 294   6   6
 301   6   6
 308   6   6
 315   6   6
 322   6   6
 329   6   6
 336   6   6
 343   6   6
 348  11   6
 355  11   6
   2  13   6
   9  13   6
  16  13   6
  23  13   6
  30  13   6
  37  13   6
  44  13   6
  51  13   6
  58  13   6
  65  13   6
  72  13   6
  79  13   6
  86  13   6
  93  13   6
 100  13   6
 107  13   6
 114  13   6
 121  13   6
 128  13   6
 135  13   6
 142  13   6
 149  13   6
 156  13   6
 163  13   6
 170  13   6
 177  13   6
 184  13   6
 191  13   6
 198  13   6
 205  13   6
 212  13   6
 219  13   6
 226  13   6
 233  13   6
 240  13   6
 247  13   6
 254  13   6
 261  13   6
 268  13   6
 275  13   6
 282  13   6
 289  13   6
 296  13   6
 303  13   6
 310  13   6
 317  13   6
 324  13   6
 331  13   6
 338  13   6
 344  17   6
 351  18   6
 358  18   6
   6  19   6
  13  19   6
  20  19   6
  27  19   6
  34  19   6
  41  19   6
  48  19   6
  55  19   6
  62  19   6
  69  19   6
  76  19   6
  83  19   6
  90  19   6
  97  19   6
 104  19   6
 111  19   6
 118  19   6
 125  19   6
 132  19   6
 139  19   6
 146  19   6
 153  19   6
 160  19   6
 167  19   6
 174  19   6
 181  19   6
 188  19   6
 195  19   6
 202  19   6
 209  19   6
 216  19   6
 223  19   6
 230  19   6
 237  19   6
 244  19   6
 251  19   6
 258  19   6
 265  19   6
 272  19   6
 279  19   6
 286  19   6
 293  19   6
 300  19   6
 307  19   6
 314  19   6
 321  19   6
 328  19   6
 335  19   6
 340  24   6
 347  24   6
   0  25   6
   7  26   6
  14  26   6
  21  26   6
  28  26   6
  35  26   6
  42  26   6
  49  26   6
  56  26   6
  63  26   6
  70  26   6
  77  26   6
  84  26   6
  91  26   6
  98  26   6
 105  26   6
 112  26   6
 119  26   6
 126  26   6
 133  26   6
 140  26   6
 147  26   6
 154  26   6
 161  26   6
 168  26   6
 175  26   6
 182  26   6
 189  26   6
 196  26   6
 203  26   6
 210  26   6
 217  26   6
 224  26   6
 231  26   6
 238  26   6
 245  26   6
 252  26   6
 259  26   6
 266  26   6
 273  26   6
 280  26   6
 287  26   6
 294  26   6
 301  26   6
 308  26   6
 315  26   6
 322  26   6
 329  26   6
 336  29   6
 356  30   6
 343  31   6
   3  32   6
  11  32   6
  18  32   6
  25  32   6
  32  32   6
  39  32   6
  46  32   6
  53  32   6
  60  32   6
  67  32   6
  74  32   6
  81  32   6
  88  32   6
  95  32   6
 102  32   6
 109  32   6
 116  32   6
 123  32   6
 130  32   6
 137  32   6
 144  32   6
 151  32   6
 158  32   6
 165  32   6
 172  32   6
 179  32   6
 186  32   6
 193  32   6
 200  32   6
 207  32   6
 214  32   6
 221  32   6
 228  32   6
 235  32   6
 242  32   6
 249  32   6
 256  32   6
 263  32   6
 270  32   6
 277  32   6
 284  32   6
 291  32   6
 298  32   6
 305  32   6
 312  32   6
 319  32   6
 326  32   6
 350  32   6
 332  36   6
 339  36   6
 358  37   6
   7  38   6
  15  38   6
  22  38   6
  29  38   6
  36  38   6
  43  38   6
  50  38   6
  57  38   6
  64  38   6
  71  38   6
  78  38   6
  85  38   6
  92  38   6
  99  38   6
 106  38   6
 113  38   6
 120  38   6
 127  38   6
 134  38   6
 141  38   6
 148  38   6
 155  38   6
 162  38   6
 169  38   6
 176  38   6
 183  38   6
 190  38   6
 197  38   6
 204  38   6
 211  38   6
 218  38   6
 225  38   6
 232  38   6
 239  38   6
 246  38   6
 253  38   6
 260  38   6
 267  38   6
 274  38   6
 281  38   6
 288  38   6
 295  38   6
 302  38   6
 309  38   6
 316  38   6
 323  38   6
 346  38   6
   2  43   6
 328  43   6
 335  43   6
 342  43   6
 354  43   6
  11  44   6
  19  44   6
  26  44   6
  33  44   6
  40  44   6
  47  44   6
  54  44   6
  61  44   6
  68  44   6
  75  44   6
  82  44   6
  89  44   6
  96  44   6
 103  44   6
 110  44   6
 117  44   6
 124  44   6
 131  44   6
 138  44   6
 145  44   6
 152  44   6
 159  44   6
 166  44   6
 173  44   6
 180  44   6
 187  44   6
 194  44   6
 201  44   6
 208  44   6
 215  44   6
 222  44   6
 229  44   6
 236  44   6
 243  44   6
 250  44   6
 257  44   6
 264  44   6
 271  44   6
 278  44   6
 285  44   6
 292  44   6
 299  44   6
 306  44   6
 313  44   6
 320  44   6
   0  49   6
   7  49   6
 325  49   6
 332  49   6
 339  49   6
 346  49   6
  15  50   6
 353  50   6
  22  51   6
  29  51   6
  36  51   6
  43  51   6
  50  51   6
  57  51   6
  64  51   6
  71  51   6
  78  51   6
  85  51   6
  92  51   6
  99  51   6
 106  51   6
 113  51   6
 120  51   6
 127  51   6
 134  51   6
 141  51   6
 148  51   6
 155  51   6
 162  51   6
 169  51   6
 176  51   6
 183  51   6
 190  51   6
 197  51   6
 204  51   6
 211  51   6
 218  51   6
 225  51   6
 232  51   6
 239  51   6
 246  51   6
 253  51   6
 260  51   6
 267  51   6
 274  51   6
 281  51   6
 288  51   6
 295  51   6
 302  51   6
 309  51   6
 316  51   6
   4  55   6
  11  55   6
 321  56   6
 328  56   6
 335  56   6
 342  56   6
 349  56   6
 357  56   6
  18  57   6
  26  57   6
  33  57   6
  40  57   6
  47  57   6
  54  57   6
  61  57   6
  68  57   6
  75  57   6
  82  57   6
  89  57   6
  96  57   6
 103  57   6
 110  57   6
 117  57   6
 124  57   6
 131  57   6
 138  57   6
 145  57   6
 152  57   6
 159  57   6
 166  57   6
 173  57   6
 180  57   6
 187  57   6
 194  57   6
 201  57   6
 208  57   6
 215  57   6
 222  57   6
 229  57   6
 236  57   6
 243  57   6
 250  57   6
 257  57   6
 264  57   6
 271  57   6
 278  57   6
 285  57   6
 292  57   6
 299  57   6
 306  57   6
 313  57   6
   4  62   6
  12  62   6
 318  62   6
 325  62   6
 332  62   6
 339  62   6
 346  62   6
 353  62   6
  22  63   6
  30  63   6
  37  63   6
  44  63   6
  51  63   6
  58  63   6
  65  63   6
  72  63   6
  79  63   6
  86  63   6
  93  63   6
 100  63   6
 107  63   6
 114  63   6
 121  63   6
 128  63   6
 135  63   6
 142  63   6
 149  63   6
 156  63   6
 163  63   6
 170  63   6
 177  63   6
 184  63   6
 191  63   6
 198  63   6
 205  63   6
 212  63   6
 219  63   6
 226  63   6
 233  63   6
 240  63   6
 247  63   6
 254  63   6
 261  63   6
 268  63   6
 275  63   6
 282  63   6
 289  63   6
 296  63   6
 303  63   6
 310  63   6
  17  67   6
   0  68   6
   8  68   6
 315  68   6
 322  68   6
 329  68   6
 336  68   6
 343  68   6
 350  68   6
  26  69   6
  34  69   6
  41  69   6
  48  69   6
  55  69   6
  62  69   6
  69  69   6
  76  69   6
  83  69   6
  90  69   6
  97  69   6
 104  69   6
 111  69   6
 118  69   6
 125  69   6
 132  69   6
 139  69   6
 146  69   6
 153  69   6
 160  69   6
 167  69   6
 174  69   6
 181  69   6
 188  69   6
 195  69   6
 202  69   6
 209  69   6
 216  69   6
 223  69   6
 230  69   6
 237  69   6
 244  69   6
 251  69   6
 258  69   6
 265  69   6
 272  69   6
 279  69   6
 286  69   6
 293  69   6
 300  69   6
 307  69   6
  13  73   6
   4  74   6
  20  74   6
 312  74   6
 319  74   6
 326  74   6
 333  74   6
 340  74   6
 347  74   6
 356  74   6
  30  75   6
  38  75   6
  45  75   6
  52  75   6
  59  75   6
  66  75   6
  73  75   6
  80  75   6
  87  75   6
  94  75   6
 101  75   6
 108  75   6
 115  75   6
 122  75   6
 129  75   6
 136  75   6
 143  75   6
 150  75   6
 157  75   6
 164  75   6
 171  75   6
 178  75   6
 185  75   6
 192  75   6
 199  75   6
 206  75   6
 213  75   6
 220  75   6
 227  75   6
 234  75   6
 241  75   6
 248  75   6
 255  75   6
 262  75   6
 269  75   6
 276  75   6
 283  75   6
 290  75   6
 297  75   6
 304  75   6
   0  80   6
   8  80   6
  15  80   6
  24  80   6
 309  80   6
 316  80   6
 323  80   6
 330  80   6
 337  80   6
 344  80   6
 352  80   6
  34  81   6
  42  81   6
  49  81   6
  56  81   6
  63  81   6
  70  81   6
  77  81   6
  84  81   6
  91  81   6
  98  81   6
 105  81   6
 112  81   6
 119  81   6
 126  81   6
 133  81   6
 140  81   6
 147  81   6
 154  81   6
 161  81   6
 168  81   6
 175  81   6
 182  81   6
 189  81   6
 196  81   6
 203  81   6
 210  81   6
 217  81   6
 224  81   6
 231  81   6
 238  81   6
 245  81   6
 252  81   6
 259  81   6
 266  81   6
 273  81   6
 280  81   6
 287  81   6
 294  81   6
 301  81   6
   4  86   6
  12  86   6
  19  86   6
 306  86   6
 313  86   6
 320  86   6
 327  86   6
 334  86   6
 341  86   6
 348  86   6
 356  86   6
  26  87   6
  38  87   6
  46  87   6
  53  87   6
  60  87   6
  67  87   6
  74  87   6
  81  87   6
  88  87   6
  95  87   6
 102  87   6
 109  87   6
 116  87   6
 123  87   6
 130  87   6
 137  87   6
 144  87   6
 151  87   6
 158  87   6
 165  87   6
 172  87   6
 179  87   6
 186  87   6
 193  87   6
 200  87   6
 207  87   6
 214  87   6
 221  87   6
 228  87   6
 235  87   6
 242  87   6
 249  87   6
 256  87   6
 263  87   6
 270  87   6
 277  87   6
 284  87   6
 291  87   6
 298  87   6
   0  92   6
   8  92   6
  34  92   6
 303  92   6
 310  92   6
 317  92   6
 324  92   6
 331  92   6
 338  92   6
 345  92   6
 352  92   6
  15  93   6
  22  93   6
  42  93   6
  50  93   6
  57  93   6
  64  93   6
  71  93   6
  78  93   6
  85  93   6
  92  93   6
  99  93   6
 106  93   6
 113  93   6
 120  93   6
 127  93   6
 134  93   6
 141  93   6
 148  93   6
 155  93   6
 162  93   6
 169  93   6
 176  93   6
 183  93   6
 190  93   6
 197  93   6
 204  93   6
 211  93   6
 218  93   6
 225  93   6
 232  93   6
 239  93   6
 246  93   6
 253  93   6
 260  93   6
 267  93   6
 274  93   6
 281  93   6
 288  93   6
 294  97   6
   4  98   6
  30  98   6
  38  98   6
 301  98   6
 308  98   6
 315  98   6
 322  98   6
 329  98   6
 336  98   6
 343  98   6
 350  98   6
 357  98   6
  11  99   6
  19  99   6
  46  99   6
  54  99   6
  61  99   6
  68  99   6
  75  99   6
  82  99   6
  89  99   6
  96  99   6
 103  99   6
 110  99   6
 117  99   6
 124  99   6
 131  99   6
 138  99   6
 145  99   6
 152  99   6
 159  99   6
 166  99   6
 173  99   6
 180  99   6
 187  99   6
 194  99   6
 201  99   6
 208  99   6
 215  99   6
 222  99   6
 229  99   6
 236  99   6
 243  99   6
 250  99   6
 257  99   6
 264  99   6
 271  99   6
 278  99   6
 285  99   6
   1 104   6
  26 104   6
  34 104   6
  42 104   6
 290 104   6
 297 104   6
 305 104   6
 312 104   6
 319 104   6
 326 104   6
   8 105   6
  15 105   6
  50 105   6
  58 105   6
  65 105   6
  72 105   6
  79 105   6
  86 105   6
  93 105   6
 100 105   6
 107 105   6
 114 105   6
 121 105   6
 128 105   6
 135 105   6
 142 105   6
 149 105   6
 156 105   6
 163 105   6
 170 105   6
 177 105   6
 184 105   6
 191 105   6
 198 105   6
 205 105   6
 212 105   6
 219 105   6
 226 105   6
 233 105   6
 240 105   6
 247 105   6
 254 105   6
 261 105   6
 268 105   6
 275 105   6
 282 105   6
 333 105   6
 340 105   6
 347 105   6
 354 105   6
  23 110   6
  30 110   6
  38 110   6
  46 110   6
 287 110   6
 294 110   6
 301 110   6
 309 110   6
 316 110   6
 323 110   6
   0 111   6
  12 111   6
  54 111   6
  62 111   6
  69 111   6
  76 111   6
  83 111   6
  90 111   6
  97 111   6
 104 111   6
 111 111   6
 118 111   6
 125 111   6
 132 111   6
 139 111   6
 146 111   6
 153 111   6
 160 111   6
 167 111   6
 174 111   6
 181 111   6
 188 111   6
 195 111   6
 202 111   6
 209 111   6
 216 111   6
 223 111   6
 230 111   6
 237 111   6
 244 111   6
 251 111   6
 258 111   6
 265 111   6
 272 111   6
 279 111   6
 330 111   6
 337 111   6
 344 111   6
 351 111   6
   6 115   6
  19 116   6
  27 116   6
  34 116   6
  42 116   6
  50 116   6
 284 116   6
 291 116   6
 298 116   6
 305 116   6
 313 116   6
 320 116   6
  58 117   6
  66 117   6
  73 117   6
  80 117   6
  87 117   6
  94 117   6
 101 117   6
 108 117   6
 115 117   6
 122 117   6
 129 117   6
 136 117   6
 143 117   6
 150 117   6
 157 117   6
 164 117   6
 171 117   6
 178 117   6
 185 117   6
 192 117   6
 199 117   6
 206 117   6
 213 117   6
 220 117   6
 227 117   6
 234 117   6
 241 117   6
 248 117   6
 255 117   6
 262 117   6
 269 117   6
 276 117   6
 327 117   6
 334 117   6
 341 117   6
 348 117   6
 355 117   6
  11 120   6
   3 121   6
  23 122   6
  31 122   6
  38 122   6
  46 122   6
  54 122   6
 281 122   6
 288 122   6
 295 122   6
 302 122   6
 309 122   6
 317 122   6
  62 123   6
  70 123   6
  77 123   6
  84 123   6
  91 123   6
  98 123   6
 105 123   6
 112 123   6
 119 123   6
 126 123   6
 133 123   6
 140 123   6
 147 123   6
 154 123   6
 161 123   6
 168 123   6
 175 123   6
 182 123   6
 189 123   6
 196 123   6
 203 123   6
 210 123   6
 217 123   6
 224 123   6
 231 123   6
 238 123   6
 245 123   6
 252 123   6
 259 123   6
 266 123   6
 273 123   6
 324 123   6
 331 123   6
 338 123   6
 345 123   6
 352 123   6
 359 126   6
   7 127   6
  14 127   6
  21 128   6
  28 128   6
  35 128   6
  42 128   6
  50 128   6
 278 128   6
 285 128   6
 292 128   6
 299 128   6
 306 128   6
 313 128   6
  57 129   6
  66 129   6
  74 129   6
  81 129   6
  88 129   6
  95 129   6
 102 129   6
 109 129   6
 116 129   6
 123 129   6
 130 129   6
 137 129   6
 144 129   6
 151 129   6
 158 129   6
 165 129   6
 172 129   6
 179 129   6
 186 129   6
 193 129   6
 200 129   6
 207 129   6
 214 129   6
 221 129   6
 228 129   6
 235 129   6
 242 129   6
 249 129   6
 256 129   6
 263 129   6
 270 129   6
 320 129   6
 328 129   6
 335 129   6
 342 129   6
 349 129   6
   3 132   6
 356 132   6
  11 133   6
  18 134   6
  25 134   6
  32 134   6
  39 134   6
  46 134   6
 275 134   6
 282 134   6
 289 134   6
 296 134   6
 303 134   6
 310 134   6
  53 135   6
  61 135   6
  70 135   6
  78 135   6
  85 135   6
  92 135   6
  99 135   6
 106 135   6
 113 135   6
 120 135   6
 127 135   6
 134 135   6
 141 135   6
 148 135   6
 155 135   6
 162 135   6
 169 135   6
 176 135   6
 183 135   6
 190 135   6
 197 135   6
 204 135   6
 211 135   6
 218 135   6
 225 135   6
 232 135   6
 239 135   6
 246 135   6
 253 135   6
 260 135   6
 267 135   6
 317 135   6
 324 135   6
 332 135   6
 339 135   6
 346 135   6
   0 138   6
   7 138   6
 352 139   6
  14 140   6
  22 140   6
  29 140   6
  36 140   6
  43 140   6
 272 140   6
 279 140   6
 286 140   6
 293 140   6
 300 140   6
 307 140   6
  50 141   6
  57 141   6
  65 141   6
  74 141   6
  82 141   6
  89 141   6
  96 141   6
 103 141   6
 110 141   6
 117 141   6
 124 141   6
 131 141   6
 138 141   6
 145 141   6
 152 141   6
 159 141   6
 166 141   6
 173 141   6
 180 141   6
 187 141   6
 194 141   6
 201 141   6
 208 141   6
 215 141   6
 222 141   6
 229 141   6
 236 141   6
 243 141   6
 250 141   6
 257 141   6
 264 141   6
 314 141   6
 321 141   6
 328 141   6
 336 141   6
 343 141   6
   4 144   6
 357 144   6
  11 146   6
  18 146   6
  26 146   6
  33 146   6
  40 146   6
 269 146   6
 276 146   6
 283 146   6
 290 146   6
 297 146   6
 304 146   6
 348 146   6
  47 147   6
  54 147   6
  61 147   6
  69 147   6
  78 147   6
  86 147   6
  93 147   6
 100 147   6
 107 147   6
 114 147   6
 121 147   6
 128 147   6
 135 147   6
 142 147   6
 149 147   6
 156 147   6
 163 147   6
 170 147   6
 177 147   6
 184 147   6
 191 147   6
 198 147   6
 205 147   6
 212 147   6
 219 147   6
 226 147   6
 233 147   6
 240 147   6
 247 147   6
 254 147   6
 261 147   6
 311 147   6
 318 147   6
 325 147   6
 332 147   6
 340 147   6
   0 151   6
   7 151   6
  15 152   6
  22 152   6
 266 152   6
 273 152   6
 280 152   6
 287 152   6
 294 152   6
 301 152   6
 345 152   6
 352 152   6
  29 153   6
  36 153   6
  43 153   6
  51 153   6
  58 153   6
  65 153   6
  73 153   6
  82 153   6
  90 153   6
  97 153   6
 104 153   6
 111 153   6
 118 153   6
 125 153   6
 132 153   6
 139 153   6
 146 153   6
 153 153   6
 160 153   6
 167 153   6
 174 153   6
 181 153   6
 188 153   6
 195 153   6
 202 153   6
 209 153   6
 216 153   6
 223 153   6
 230 153   6
 237 153   6
 244 153   6
 251 153   6
 258 153   6
 308 153   6
 315 153   6
 322 153   6
 329 153   6
 336 153   6
   4 157   6
  11 157   6
 357 157   6
  19 158   6
 263 158   6
 270 158   6
 277 158   6
 284 158   6
 291 158   6
 298 158   6
 341 158   6
 349 158   6
  26 159   6
  33 159   6
  40 159   6
  47 159   6
  55 159   6
  62 159   6
  69 159   6
  77 159   6
  86 159   6
  94 159   6
 101 159   6
 108 159   6
 115 159   6
 122 159   6
 129 159   6
 136 159   6
 143 159   6
 150 159   6
 157 159   6
 164 159   6
 171 159   6
 178 159   6
 185 159   6
 192 159   6
 199 159   6
 206 159   6
 213 159   6
 220 159   6
 227 159   6
 234 159   6
 241 159   6
 248 159   6
 255 159   6
 305 159   6
 312 159   6
 319 159   6
 326 159   6
 333 159   6
   0 164   6
   7 164   6
  14 164   6
  82 164   6
 260 164   6
 267 164   6
 274 164   6
 281 164   6
 288 164   6
 295 164   6
 338 164   6
 345 164   6
 353 164   6
  21 165   6
  30 165   6
  37 165   6
  44 165   6
  51 165   6
  59 165   6
  66 165   6
  73 165   6
  90 165   6
  98 165   6
 105 165   6
 112 165   6
 119 165   6
 126 165   6
 133 165   6
 140 165   6
 147 165   6
 154 165   6
 161 165   6
 168 165   6
 175 165   6
 182 165   6
 189 165   6
 196 165   6
 203 165   6
 210 165   6
 217 165   6
 224 165   6
 231 165   6
 238 165   6
 245 165   6
 302 165   6
 309 165   6
 316 165   6
 323 165   6
 330 165   6
 251 169   6
   4 170   6
  11 170   6
  26 170   6
  79 170   6
  86 170   6
 258 170   6
 265 170   6
 272 170   6
 279 170   6
 286 170   6
 293 170   6
 335 170   6
 342 170   6
 349 170   6
 357 170   6
  18 171   6
  34 171   6
  41 171   6
  48 171   6
  55 171   6
  63 171   6
  70 171   6
  94 171   6
 102 171   6
 109 171   6
 116 171   6
 123 171   6
 130 171   6
 137 171   6
 144 171   6
 151 171   6
 158 171   6
 165 171   6
 172 171   6
 179 171   6
 186 171   6
 193 171   6
 200 171   6
 207 171   6
 214 171   6
 221 171   6
 228 171   6
 235 171   6
 242 171   6
 300 171   6
 307 171   6
 314 171   6
 321 171   6
 328 171   6
 248 175   6
 255 176   6
 262 176   6
 269 176   6
 276 176   6
 283 176   6
   2 176   7
 291 176   7
  10 176   8
  24 176   8
 334 176   8
 341 176   8
 348 176   8
 355 176   8
 242 178   8
 353  24   9
  17 122   9
  75 175   9
  83 175   9
  90 175   9
  31 176   9
  38 176   9
  45 176   9
  52 176   9
  59 176   9
  67 176   9
  98 176   9
 106 176   9
 113 176   9
 120 176   9
 127 176   9
 134 176   9
 141 176   9
 148 176   9
 155 176   9
 162 176   9
 169 176   9
 176 176   9
 183 176   9
 190 176   9
 197 176   9
 204 176   9
 211 176   9
 218 176   9
 225 176   9
 232 176   9
 304 176   9
 311 176   9
 318 176   9
 325 176   9
  17 177   9
 348  44  10
  29  83  10
 295  91  10
   5 109  10
 252 163  10
 297 175  10
 351   0  11
 358   0  11
 356   7  11
   4   9  11
  11   9  11
  18   9  11
  25   9  11
  32   9  11
  39   9  11
  46   9  11
  53   9  11
  60   9  11
  67   9  11
  74   9  11
  81   9  11
  88   9  11
  95   9  11
 102   9  11
 109   9  11
 116   9  11
 123   9  11
 130   9  11
 137   9  11
 144   9  11
 151   9  11
 158   9  11
 165   9  11
 172   9  11
 179   9  11
 186   9  11
 193   9  11
 200   9  11
 207   9  11
 214   9  11
 221   9  11
 228   9  11
 235   9  11
 242   9  11
 249   9  11
 256   9  11
 263   9  11
 270   9  11
 277   9  11
 284   9  11
 291   9  11
 298   9  11
 305   9  11
 312   9  11
 319   9  11
 326   9  11
 333   9  11
 340   9  11
 352  14  11
 339  18  11
   2  20  11
  10  22  11
  17  22  11
  24  22  11
  31  22  11
  38  22  11
  45  22  11
  52  22  11
  59  22  11
  66  22  11
  73  22  11
  80  22  11
  87  22  11
  94  22  11
 101  22  11
 108  22  11
 115  22  11
 122  22  11
 129  22  11
 136  22  11
 143  22  11
 150  22  11
 157  22  11
 164  22  11
 171  22  11
 178  22  11
 185  22  11
 192  22  11
 199  22  11
 206  22  11
 213  22  11
 220  22  11
 227  22  11
 234  22  11
 241  22  11
 248  22  11
 255  22  11
 262  22  11
 269  22  11
 276  22  11
 283  22  11
 290  22  11
 297  22  11
 304  22  11
 311  22  11
 318  22  11
 325  22  11
 332  22  11
 344  27  11
 331  30  11
 354  34  11
   2  36  11
 327  37  11
 336  39  11
   6  42  11
 358  45  11
  23  47  11
  30  47  11
  37  47  11
  44  47  11
  51  47  11
  58  47  11
  65  47  11
  72  47  11
  79  47  11
  86  47  11
  93  47  11
 100  47  11
 107  47  11
 114  47  11
 121  47  11
 128  47  11
 135  47  11
 142  47  11
 149  47  11
 156  47  11
 163  47  11
 170  47  11
 177  47  11
 184  47  11
 191  47  11
 198  47  11
 205  47  11
 212  47  11
 219  47  11
 226  47  11
 233  47  11
 240  47  11
 247  47  11
 254  47  11
 261  47  11
 268  47  11
 275  47  11
 282  47  11
 289  47  11
 296  47  11
 303  47  11
 310  47  11
 317  47  11
 329  52  11
 336  52  11
 343  52  11
   1  58  11
   8  58  11
  16  61  11
 357  64  11
  12  67  11
  21  69  11
 354  70  11
   8  73  11
  25  75  11
  19  78  11
  16  89  11
  30  90  11
  26  95  11
 289  98  11
  21 103  11
 358 107  11
  17 109  11
 356 113  11
  11 115  11
 357 121  11
   8 123  11
  58 124  11
 354 127  11
  62 130  11
 351 133  11
  66 136  11
 347 140  11
   9 142  11
  70 142  11
 353 145  11
   1 147  11
  74 148  11
  30 149  11
  37 149  11
 340 152  11
  78 154  11
  15 159  11
   1 160  11
   8 160  11
 354 160  11
  25 163  11
  77 164  11
 246 170  11
 250 179  11
 259 179  11
 266 179  11
 273 179  11
 280 179  11
 287 179  11
   6   0  12
  13   0  12
  20   0  12
  27   0  12
  34   0  12
  41   0  12
  48   0  12
  55   0  12
  62   0  12
  69   0  12
  76   0  12
  83   0  12
  90   0  12
  97   0  12
 104   0  12
 111   0  12
 118   0  12
 125   0  12
 132   0  12
 139   0  12
 146   0  12
 153   0  12
 160   0  12
 167   0  12
 174   0  12
 181   0  12
 188   0  12
 195   0  12
 202   0  12
 209   0  12
 216   0  12
 223   0  12
 230   0  12
 237   0  12
 244   0  12
 251   0  12
 258   0  12
 265   0  12
 272   0  12
 279   0  12
 286   0  12
 293   0  12
 300   0  12
 307   0  12
 314   0  12
 321   0  12
 328   0  12
 335   0  12
 342   0  12
 347   6  12
  12  16  12
  19  16  12
  26  16  12
  33  16  12
  40  16  12
  47  16  12
  54  16  12
  61  16  12
  68  16  12
  75  16  12
  82  16  12
  89  16  12
  96  16  12
 103  16  12
 110  16  12
 117  16  12
 124  16  12
 131  16  12
 138  16  12
 145  16  12
 152  16  12
 159  16  12
 166  16  12
 173  16  12
 180  16  12
 187  16  12
 194  16  12
 201  16  12
 208  16  12
 215  16  12
 222  16  12
 229  16  12
 236  16  12
 243  16  12
 250  16  12
 257  16  12
 264  16  12
 271  16  12
 278  16  12
 285  16  12
 292  16  12
 299  16  12
 306  16  12
 313  16  12
 320  16  12
 327  16  12
 347  18  12
   2  27  12
   9  29  12
  16  29  12
  23  29  12
  30  29  12
  37  29  12
  44  29  12
  51  29  12
  58  29  12
  65  29  12
  72  29  12
  79  29  12
  86  29  12
  93  29  12
 100  29  12
 107  29  12
 114  29  12
 121  29  12
 128  29  12
 135  29  12
 142  29  12
 149  29  12
 156  29  12
 163  29  12
 170  29  12
 177  29  12
 184  29  12
 191  29  12
 198  29  12
 205  29  12
 212  29  12
 219  29  12
 226  29  12
 233  29  12
 240  29  12
 247  29  12
 254  29  12
 261  29  12
 268  29  12
 275  29  12
 282  29  12
 289  29  12
 296  29  12
 303  29  12
 310  29  12
 317  29  12
 324  29  12
 338  31  12
 345  34  12
  14  35  12
  21  35  12
  28  35  12
  35  35  12
  42  35  12
  49  35  12
  56  35  12
  63  35  12
  70  35  12
  77  35  12
  84  35  12
  91  35  12
  98  35  12
 105  35  12
 112  35  12
 119  35  12
 126  35  12
 133  35  12
 140  35  12
 147  35  12
 154  35  12
 161  35  12
 168  35  12
 175  35  12
 182  35  12
 189  35  12
 196  35  12
 203  35  12
 210  35  12
 217  35  12
 224  35  12
 231  35  12
 238  35  12
 245  35  12
 252  35  12
 259  35  12
 266  35  12
 273  35  12
 280  35  12
 287  35  12
 294  35  12
 301  35  12
 308  35  12
 315  35  12
 321  40  12
  19  41  12
  26  41  12
  33  41  12
  40  41  12
  47  41  12
  54  41  12
  61  41  12
  68  41  12
  75  41  12
  82  41  12
  89  41  12
  96  41  12
 103  41  12
 110  41  12
 117  41  12
 124  41  12
 131  41  12
 138  41  12
 145  41  12
 152  41  12
 159  41  12
 166  41  12
 173  41  12
 180  41  12
 187  41  12
 194  41  12
 201  41  12
 208  41  12
 215  41  12
 222  41  12
 229  41  12
 236  41  12
 243  41  12
 250  41  12
 257  41  12
 264  41  12
 271  41  12
 278  41  12
 285  41  12
 292  41  12
 299  41  12
 306  41  12
 313  41  12
 331  43  12
  14  45  12
 340  45  12
   4  49  12
  11  51  12
 350  51  12
  18  52  12
 357  52  12
  27  53  12
  34  53  12
  41  53  12
  48  53  12
  55  53  12
  62  53  12
  69  53  12
  76  53  12
  83  53  12
  90  53  12
  97  53  12
 104  53  12
 111  53  12
 118  53  12
 125  53  12
 132  53  12
 139  53  12
 146  53  12
 153  53  12
 160  53  12
 167  53  12
 174  53  12
 181  53  12
 188  53  12
 195  53  12
 202  53  12
 209  53  12
 216  53  12
 223  53  12
 230  53  12
 237  53  12
 244  53  12
 251  53  12
 258  53  12
 265  53  12
 272  53  12
 279  53  12
 286  53  12
 293  53  12
 300  53  12
 307  53  12
 314  53  12
 321  53  12
  23  58  12
 333  58  12
 340  58  12
 347  58  12
 319  59  12
 326  59  12
  30  60  12
  37  60  12
  44  60  12
  51  60  12
  58  60  12
  65  60  12
  72  60  12
  79  60  12
  86  60  12
  93  60  12
 100  60  12
 107  60  12
 114  60  12
 121  60  12
 128  60  12
 135  60  12
 142  60  12
 149  60  12
 156  60  12
 163  60  12
 170  60  12
 177  60  12
 184  60  12
 191  60  12
 198  60  12
 205  60  12
 212  60  12
 219  60  12
 226  60  12
 233  60  12
 240  60  12
 247  60  12
 254  60  12
 261  60  12
 268  60  12
 275  60  12
 282  60  12
 289  60  12
 296  60  12
 303  60  12
 310  60  12
   4  65  12
  26  65  12
 316  65  12
 324  65  12
 331  65  12
 338  65  12
 345  65  12
  35  66  12
  42  66  12
  49  66  12
  56  66  12
  63  66  12
  70  66  12
  77  66  12
  84  66  12
  91  66  12
  98  66  12
 105  66  12
 112  66  12
 119  66  12
 126  66  12
 133  66  12
 140  66  12
 147  66  12
 154  66  12
 161  66  12
 168  66  12
 175  66  12
 182  66  12
 189  66  12
 196  66  12
 203  66  12
 210  66  12
 217  66  12
 224  66  12
 231  66  12
 238  66  12
 245  66  12
 252  66  12
 259  66  12
 266  66  12
 273  66  12
 280  66  12
 287  66  12
 294  66  12
 301  66  12
 308  66  12
   1  71  12
  31  71  12
 314  71  12
 321  71  12
 329  71  12
 336  71  12
 343  71  12
  40  72  12
  47  72  12
  54  72  12
  61  72  12
  68  72  12
  75  72  12
  82  72  12
  89  72  12
  96  72  12
 103  72  12
 110  72  12
 117  72  12
 124  72  12
 131  72  12
 138  72  12
 145  72  12
 152  72  12
 159  72  12
 166  72  12
 173  72  12
 180  72  12
 187  72  12
 194  72  12
 201  72  12
 208  72  12
 215  72  12
 222  72  12
 229  72  12
 236  72  12
 243  72  12
 250  72  12
 257  72  12
 264  72  12
 271  72  12
 278  72  12
 285  72  12
 292  72  12
 299  72  12
 306  72  12
 350  75  12
  36  77  12
 312  77  12
 319  77  12
 326  77  12
 334  77  12
 341  77  12
 357  77  12
   4  78  12
  45  78  12
  52  78  12
  59  78  12
  66  78  12
  73  78  12
  80  78  12
  87  78  12
  94  78  12
 101  78  12
 108  78  12
 115  78  12
 122  78  12
 129  78  12
 136  78  12
 143  78  12
 150  78  12
 157  78  12
 164  78  12
 171  78  12
 178  78  12
 185  78  12
 192  78  12
 199  78  12
 206  78  12
 213  78  12
 220  78  12
 227  78  12
 234  78  12
 241  78  12
 248  78  12
 255  78  12
 262  78  12
 269  78  12
 276  78  12
 283  78  12
 290  78  12
 297  78  12
 304  78  12
  12  79  12
 348  81  12
 310  83  12
 317  83  12
 324  83  12
 331  83  12
 339  83  12
 355  83  12
   2  84  12
  23  84  12
  36  84  12
  43  84  12
  50  84  12
  57  84  12
  64  84  12
  71  84  12
  78  84  12
  85  84  12
  92  84  12
  99  84  12
 106  84  12
 113  84  12
 120  84  12
 127  84  12
 134  84  12
 141  84  12
 148  84  12
 155  84  12
 162  84  12
 169  84  12
 176  84  12
 183  84  12
 190  84  12
 197  84  12
 204  84  12
 211  84  12
 218  84  12
 225  84  12
 232  84  12
 239  84  12
 246  84  12
 253  84  12
 260  84  12
 267  84  12
 274  84  12
 281  84  12
 288  84  12
 295  84  12
 302  84  12
   9  85  12
 345  88  12
 308  89  12
 315  89  12
 322  89  12
 329  89  12
 336  89  12
 352  89  12
  41  90  12
  48  90  12
  55  90  12
  62  90  12
  69  90  12
  76  90  12
  83  90  12
  90  90  12
  97  90  12
 104  90  12
 111  90  12
 118  90  12
 125  90  12
 132  90  12
 139  90  12
 146  90  12
 153  90  12
 160  90  12
 167  90  12
 174  90  12
 181  90  12
 188  90  12
 195  90  12
 202  90  12
 209  90  12
 216  90  12
 223  90  12
 230  90  12
 237  90  12
 244  90  12
 251  90  12
 258  90  12
 265  90  12
 272  90  12
 279  90  12
 286  90  12
   3  91  12
  11  93  12
  36  94  12
 342  94  12
 301  95  12
 313  95  12
 320  95  12
 327  95  12
 334  95  12
 349  95  12
 357  95  12
  18  96  12
  46  96  12
  53  96  12
  60  96  12
  67  96  12
  74  96  12
  81  96  12
  88  96  12
  95  96  12
 102  96  12
 109  96  12
 116  96  12
 123  96  12
 130  96  12
 137  96  12
 144  96  12
 151  96  12
 158  96  12
 165  96  12
 172  96  12
 179  96  12
 186  96  12
 193  96  12
 200  96  12
 207  96  12
 214  96  12
 221  96  12
 228  96  12
 235  96  12
 242  96  12
 249  96  12
 256  96  12
 263  96  12
 270  96  12
 277  96  12
   7  98  12
 296  99  12
  32 100  12
  41 100  12
 340 100  12
  14 101  12
 283 101  12
 306 101  12
 318 101  12
 325 101  12
 332 101  12
 347 101  12
 354 101  12
  51 102  12
  58 102  12
  65 102  12
  72 102  12
  79 102  12
  86 102  12
  93 102  12
 100 102  12
 107 102  12
 114 102  12
 121 102  12
 128 102  12
 135 102  12
 142 102  12
 149 102  12
 156 102  12
 163 102  12
 170 102  12
 177 102  12
 184 102  12
 191 102  12
 198 102  12
 205 102  12
 212 102  12
 219 102  12
 226 102  12
 233 102  12
 240 102  12
 247 102  12
 254 102  12
 261 102  12
 268 102  12
 275 102  12
 293 105  12
 301 105  12
  28 106  12
  37 106  12
  46 106  12
 314 106  12
 323 107  12
 330 107  12
 337 107  12
 344 107  12
  56 108  12
  63 108  12
  70 108  12
  77 108  12
  84 108  12
  91 108  12
  98 108  12
 105 108  12
 112 108  12
 119 108  12
 126 108  12
 133 108  12
 140 108  12
 147 108  12
 154 108  12
 161 108  12
 168 108  12
 175 108  12
 182 108  12
 189 108  12
 196 108  12
 203 108  12
 210 108  12
 217 108  12
 224 108  12
 231 108  12
 238 108  12
 245 108  12
 252 108  12
 259 108  12
 266 108  12
 273 108  12
 280 108  12
 290 111  12
 298 111  12
 306 111  12
  25 112  12
  33 112  12
  42 112  12
  51 112  12
 319 112  12
 328 113  12
 335 113  12
 342 113  12
 349 113  12
  61 114  12
  68 114  12
  75 114  12
  82 114  12
  89 114  12
  96 114  12
 103 114  12
 110 114  12
 117 114  12
 124 114  12
 131 114  12
 138 114  12
 145 114  12
 152 114  12
 159 114  12
 166 114  12
 173 114  12
 180 114  12
 187 114  12
 194 114  12
 201 114  12
 208 114  12
 215 114  12
 222 114  12
 229 114  12
 236 114  12
 243 114  12
 250 114  12
 257 114  12
 264 114  12
 271 114  12
 278 114  12
   3 115  12
 287 117  12
 295 117  12
  21 118  12
  30 118  12
  38 118  12
  47 118  12
 302 118  12
 309 118  12
 316 118  12
 324 118  12
  66 120  12
  73 120  12
  80 120  12
  87 120  12
  94 120  12
 101 120  12
 108 120  12
 115 120  12
 122 120  12
 129 120  12
 136 120  12
 143 120  12
 150 120  12
 157 120  12
 164 120  12
 171 120  12
 178 120  12
 185 120  12
 192 120  12
 199 120  12
 206 120  12
 213 120  12
 220 120  12
 227 120  12
 234 120  12
 241 120  12
 248 120  12
 255 120  12
 262 120  12
 269 120  12
 276 120  12
 331 120  12
 338 120  12
 345 120  12
 284 123  12
 292 123  12
  26 124  12
  35 124  12
  43 124  12
 299 124  12
 307 124  12
 314 124  12
 321 124  12
  50 125  12
  71 126  12
  78 126  12
  85 126  12
  92 126  12
  99 126  12
 106 126  12
 113 126  12
 120 126  12
 127 126  12
 134 126  12
 141 126  12
 148 126  12
 155 126  12
 162 126  12
 169 126  12
 176 126  12
 183 126  12
 190 126  12
 197 126  12
 204 126  12
 211 126  12
 218 126  12
 225 126  12
 232 126  12
 239 126  12
 246 126  12
 253 126  12
 260 126  12
 267 126  12
 274 126  12
 328 126  12
 336 126  12
 343 126  12
   2 127  12
  17 128  12
 281 129  12
 289 129  12
   9 130  12
  24 130  12
  31 130  12
  40 130  12
 296 130  12
 304 130  12
  47 131  12
  55 131  12
 311 131  12
 318 131  12
  76 132  12
  83 132  12
  90 132  12
  97 132  12
 104 132  12
 111 132  12
 118 132  12
 125 132  12
 132 132  12
 139 132  12
 146 132  12
 153 132  12
 160 132  12
 167 132  12
 174 132  12
 181 132  12
 188 132  12
 195 132  12
 202 132  12
 209 132  12
 216 132  12
 223 132  12
 230 132  12
 237 132  12
 244 132  12
 251 132  12
 258 132  12
 265 132  12
 272 132  12
 325 132  12
 333 132  12
 341 132  12
   0 133  12
  15 135  12
 279 135  12
 286 135  12
  22 136  12
  29 136  12
  36 136  12
 293 136  12
 301 136  12
  43 137  12
 308 137  12
  50 138  12
  57 138  12
  81 138  12
  88 138  12
  95 138  12
 102 138  12
 109 138  12
 116 138  12
 123 138  12
 130 138  12
 137 138  12
 144 138  12
 151 138  12
 158 138  12
 165 138  12
 172 138  12
 179 138  12
 186 138  12
 193 138  12
 200 138  12
 207 138  12
 214 138  12
 221 138  12
 228 138  12
 235 138  12
 242 138  12
 249 138  12
 256 138  12
 263 138  12
 270 138  12
 315 138  12
 322 138  12
 330 138  12
 338 138  12
 355 139  12
   2 140  12
  16 142  12
  27 142  12
  34 142  12
 277 142  12
 284 142  12
 291 142  12
 298 142  12
  41 143  12
  63 143  12
 305 143  12
  48 144  12
  55 144  12
  79 144  12
  86 144  12
  93 144  12
 100 144  12
 107 144  12
 114 144  12
 121 144  12
 128 144  12
 135 144  12
 142 144  12
 149 144  12
 156 144  12
 163 144  12
 170 144  12
 177 144  12
 184 144  12
 191 144  12
 198 144  12
 205 144  12
 212 144  12
 219 144  12
 226 144  12
 233 144  12
 240 144  12
 247 144  12
 254 144  12
 261 144  12
 312 144  12
 320 144  12
 327 144  12
 335 144  12
 342 145  12
 272 146  12
  22 147  12
  13 148  12
 279 149  12
 286 149  12
 293 149  12
 300 149  12
  44 150  12
  53 150  12
  60 150  12
  67 150  12
  84 150  12
  91 150  12
  98 150  12
 105 150  12
 112 150  12
 119 150  12
 126 150  12
 133 150  12
 140 150  12
 147 150  12
 154 150  12
 161 150  12
 168 150  12
 175 150  12
 182 150  12
 189 150  12
 196 150  12
 203 150  12
 210 150  12
 217 150  12
 224 150  12
 231 150  12
 238 150  12
 245 150  12
 252 150  12
 259 150  12
 307 150  12
 317 150  12
 325 150  12
 332 150  12
 348 150  12
 269 152  12
 355 152  12
   5 153  12
  19 153  12
  26 154  12
  34 155  12
 276 155  12
 284 155  12
 291 155  12
 298 155  12
 313 155  12
  41 156  12
  49 156  12
  58 156  12
  65 156  12
  72 156  12
  89 156  12
  96 156  12
 103 156  12
 110 156  12
 117 156  12
 124 156  12
 131 156  12
 138 156  12
 145 156  12
 152 156  12
 159 156  12
 166 156  12
 173 156  12
 180 156  12
 187 156  12
 194 156  12
 201 156  12
 208 156  12
 215 156  12
 222 156  12
 229 156  12
 236 156  12
 243 156  12
 250 156  12
 257 156  12
 305 156  12
 322 156  12
 330 156  12
 346 156  12
 266 158  12
 337 158  12
  82 160  12
  31 161  12
 273 161  12
 281 161  12
 289 161  12
 296 161  12
  38 162  12
  46 162  12
  54 162  12
  63 162  12
  70 162  12
  94 162  12
 101 162  12
 108 162  12
 115 162  12
 122 162  12
 129 162  12
 136 162  12
 143 162  12
 150 162  12
 157 162  12
 164 162  12
 171 162  12
 178 162  12
 185 162  12
 192 162  12
 199 162  12
 206 162  12
 213 162  12
 220 162  12
 227 162  12
 234 162  12
 241 162  12
 303 162  12
 310 162  12
 317 162  12
 327 162  12
 348 163  12
 263 164  12
 334 164  12
 341 165  12
   5 166  12
  12 166  12
  87 166  12
 358 166  12
  19 167  12
 270 167  12
 278 167  12
 286 167  12
 294 167  12
  31 168  12
  43 168  12
  51 168  12
  59 168  12
  68 168  12
  99 168  12
 106 168  12
 113 168  12
 120 168  12
 127 168  12
 134 168  12
 141 168  12
 148 168  12
 155 168  12
 162 168  12
 169 168  12
 176 168  12
 183 168  12
 190 168  12
 197 168  12
 204 168  12
 211 168  12
 218 168  12
 225 168  12
 232 168  12
 239 168  12
 301 168  12
 308 168  12
 315 168  12
 322 168  12
 330 169  12
 254 170  12
 261 170  12
 352 170  12
 338 171  12
   5 173  12
 268 173  12
 275 173  12
 283 173  12
   0  13  13
 351  39  13
 325  46  13
   1 101  13
   9 105  13
 351 107  13
  74 138  13
  76 170  13
  93 170  13
  25 171  13
 345 171  13
 290 173  13
 237 174  13
 359 175  13
  72 179  13
  80 179  13
 330 179  13
 338 179  13
 345 179  13
 352 179  13
 333  15  14
 354  20  14
 338  24  14
 350  27  14
   8  36  14
 342  39  14
 354  57  14
 351  64  14
  14  73  14
  56 117  14
   7 136  14
  83 170  14
  38 171  14
  11 172  14
  18 173  14
  48 173  14
 244 176  14
  26 178  14
  87 178  14
  94 178  14
   9 179  14
  35 179  14
  42 179  14
  56 179  14
  63 179  14
 102 179  14
 110 179  14
 117 179  14
 124 179  14
 131 179  14
 138 179  14
 145 179  14
 152 179  14
 159 179  14
 166 179  14
 173 179  14
 180 179  14
 187 179  14
 194 179  14
 201 179  14
 208 179  14
 215 179  14
 222 179  14
 229 179  14
 308 179  14
 315 179  14
 322 179  14
 345  12  15
   6  17  15
 357  29  15
 322  34  15
 358  39  15
 353  46  15
  30  78  15
  17  84  15
 300  89  15
  22  90  15
 284  95  15
 307  95  15
  25 100  15
 312 111  15
 351 119  15
  14 120  15
  64 125  15
  69 131  15
   6 146  15
  11 153  15
 247 162  15
 256 162  15
  65 173  15
 104 173  15
 301 174  15
 254 176  15
 294 179  15
   2   3  16
  12   5  16
  19   5  16
  26   5  16
  33   5  16
  40   5  16
  47   5  16
  54   5  16
  61   5  16
  68   5  16
  75   5  16
  82   5  16
  89   5  16
  96   5  16
 103   5  16
 110   5  16
 117   5  16
 124   5  16
 131   5  16
 138   5  16
 145   5  16
 152   5  16
 159   5  16
 166   5  16
 173   5  16
 180   5  16
 187   5  16
 194   5  16
 201   5  16
 208   5  16
 215   5  16
 222   5  16
 229   5  16
 236   5  16
 243   5  16
 250   5  16
 257   5  16
 264   5  16
 271   5  16
 278   5  16
 285   5  16
 292   5  16
 299   5  16
 306   5  16
 313   5  16
 320   5  16
 327   5  16
 334   5  16
 341   5  16
 352   9  16
 343  21  16
   6  24  16
 329  25  16
 330  34  16
 346  46  16
 332  49  16
   3  54  16
  14  56  16
  11  62  16
  20  64  16
  31  86  16
 358  88  16
 291  89  16
 286 106  16
   8 111  16
  15 113  16
   1 120  16
  21 125  16
 348 125  16
 346 131  16
  60 134  16
  21 141  16
 266 143  16
 264 149  16
   0 155  16
  83 155  16
 351 155  16
  22 158  16
 343 160  16
  88 161  16
  56 172  16
 111 173  16
 118 173  16
 125 173  16
 132 173  16
 139 173  16
 146 173  16
 153 173  16
 160 173  16
 167 173  16
 174 173  16
 181 173  16
 188 173  16
 195 173  16
 202 173  16
 209 173  16
 216 173  16
 223 173  16
 230 173  16
 311 173  16
 318 173  16
 325 173  16
 333 174  16
 262 176  16
  15 178  16
 347   0  17
 354   0  17
   7   9  17
  14  12  17
  21  12  17
  28  12  17
  35  12  17
  42  12  17
  49  12  17
  56  12  17
  63  12  17
  70  12  17
  77  12  17
  84  12  17
  91  12  17
  98  12  17
 105  12  17
 112  12  17
 119  12  17
 126  12  17
 133  12  17
 140  12  17
 147  12  17
 154  12  17
 161  12  17
 168  12  17
 175  12  17
 182  12  17
 189  12  17
 196  12  17
 203  12  17
 210  12  17
 217  12  17
 224  12  17
 231  12  17
 238  12  17
 245  12  17
 252  12  17
 259  12  17
 266  12  17
 273  12  17
 280  12  17
 287  12  17
 294  12  17
 301  12  17
 308  12  17
 315  12  17
 322  12  17
 338  12  17
 359  18  17
  16  19  17
  23  19  17
  30  19  17
  37  19  17
  44  19  17
  51  19  17
  58  19  17
  65  19  17
  72  19  17
  79  19  17
  86  19  17
  93  19  17
 100  19  17
 107  19  17
 114  19  17
 121  19  17
 128  19  17
 135  19  17
 142  19  17
 149  19  17
 156  19  17
 163  19  17
 170  19  17
 177  19  17
 184  19  17
 191  19  17
 198  19  17
 205  19  17
 212  19  17
 219  19  17
 226  19  17
 233  19  17
 240  19  17
 247  19  17
 254  19  17
 261  19  17
 268  19  17
 275  19  17
 282  19  17
 289  19  17
 296  19  17
 303  19  17
 310  19  17
 317  19  17
 324  19  17
  13  24  17
  26  26  17
  33  26  17
  40  26  17
  47  26  17
  54  26  17
  61  26  17
  68  26  17
  75  26  17
  82  26  17
  89  26  17
  96  26  17
 103  26  17
 110  26  17
 117  26  17
 124  26  17
 131  26  17
 138  26  17
 145  26  17
 152  26  17
 159  26  17
 166  26  17
 173  26  17
 180  26  17
 187  26  17
 194  26  17
 201  26  17
 208  26  17
 215  26  17
 222  26  17
 229  26  17
 236  26  17
 243  26  17
 250  26  17
 257  26  17
 264  26  17
 271  26  17
 278  26  17
 285  26  17
 292  26  17
 299  26  17
 306  26  17
 313  26  17
 320  26  17
 342  30  17
 349  33  17
  14  40  17
 326  40  17
 335  42  17
   9  43  17
 318  43  17
  23  44  17
  30  44  17
  37  44  17
  44  44  17
  51  44  17
  58  44  17
  65  44  17
  72  44  17
  79  44  17
  86  44  17
  93  44  17
 100  44  17
 107  44  17
 114  44  17
 121  44  17
 128  44  17
 135  44  17
 142  44  17
 149  44  17
 156  44  17
 163  44  17
 170  44  17
 177  44  17
 184  44  17
 191  44  17
 198  44  17
 205  44  17
 212  44  17
 219  44  17
 226  44  17
 233  44  17
 240  44  17
 247  44  17
 254  44  17
 261  44  17
 268  44  17
 275  44  17
 282  44  17
 289  44  17
 296  44  17
 303  44  17
 310  44  17
 339  49  17
 317  50  17
  22  51  17
 325  52  17
 346  53  17
  31  56  17
  38  56  17
  45  56  17
  52  56  17
  59  56  17
  66  56  17
  73  56  17
  80  56  17
  87  56  17
  94  56  17
 101  56  17
 108  56  17
 115  56  17
 122  56  17
 129  56  17
 136  56  17
 143  56  17
 150  56  17
 157  56  17
 164  56  17
 171  56  17
 178  56  17
 185  56  17
 192  56  17
 199  56  17
 206  56  17
 213  56  17
 220  56  17
 227  56  17
 234  56  17
 241  56  17
 248  56  17
 255  56  17
 262  56  17
 269  56  17
 276  56  17
 283  56  17
 290  56  17
 297  56  17
 304  56  17
 311  56  17
   0  61  17
 357  67  17
   8  68  17
 348  69  17
  25  70  17
  20  73  17
   5  74  17
 345  76  17
  41  79  17
  24  80  17
 343  82  17
   6  88  17
  13  88  17
 340  88  17
  29  93  17
   2  95  17
  41  95  17
 291  96  17
  36  99  17
 301 100  17
 313 100  17
  46 101  17
  18 104  17
  32 105  17
  41 105  17
 306 106  17
   1 107  17
  51 107  17
  37 111  17
  46 111  17
 283 112  17
 303 114  17
 332 116  17
 339 116  17
  25 117  17
  42 117  17
   7 118  17
 281 118  17
  51 121  17
  30 123  17
 279 124  17
  11 125  17
 356 125  17
  56 127  17
  35 129  17
 277 130  17
 353 131  17
  51 134  17
 275 136  17
 342 137  17
 349 138  17
  66 139  17
  12 143  17
  73 143  17
 358 143  17
 346 144  17
  31 145  17
 281 145  17
 288 145  17
 295 145  17
  38 146  17
  68 146  17
  18 148  17
 311 148  17
 338 148  17
  48 149  17
  78 149  17
  27 150  17
 275 150  17
  73 152  17
  53 155  17
 261 155  17
 272 156  17
 318 157  17
  76 159  17
  11 160  17
 357 160  17
  58 161  17
 269 162  17
 323 163  17
  28 164  17
  35 165  17
 353 165  17
 243 167  17
 266 168  17
   2 169  17
  71 172  17
  31 173  17
  89 173  17
 272 176  17
 279 176  17
  48 179  17
 235 179  17
 358   7  18
 332  20  18
  20  28  18
   3  30  18
 335  30  18
  12  31  18
  31  32  18
  38  32  18
  45  32  18
  52  32  18
  59  32  18
  66  32  18
  73  32  18
  80  32  18
  87  32  18
  94  32  18
 101  32  18
 108  32  18
 115  32  18
 122  32  18
 129  32  18
 136  32  18
 143  32  18
 150  32  18
 157  32  18
 164  32  18
 171  32  18
 178  32  18
 185  32  18
 192  32  18
 199  32  18
 206  32  18
 213  32  18
 220  32  18
 227  32  18
 234  32  18
 241  32  18
 248  32  18
 255  32  18
 262  32  18
 269  32  18
 276  32  18
 283  32  18
 290  32  18
 297  32  18
 304  32  18
 311  32  18
  25  34  18
  18  36  18
   3  37  18
   1  45  18
  15  48  18
   7  50  18
 337  55  18
 321  57  18
 330  58  18
  26  59  18
 344  59  18
 316  62  18
 337  62  18
  33  63  18
  40  63  18
  47  63  18
  54  63  18
  61  63  18
  68  63  18
  75  63  18
  82  63  18
  89  63  18
  96  63  18
 103  63  18
 110  63  18
 117  63  18
 124  63  18
 131  63  18
 138  63  18
 145  63  18
 152  63  18
 159  63  18
 166  63  18
 173  63  18
 180  63  18
 187  63  18
 194  63  18
 201  63  18
 208  63  18
 215  63  18
 222  63  18
 229  63  18
 236  63  18
 243  63  18
 250  63  18
 257  63  18
 264  63  18
 271  63  18
 278  63  18
 285  63  18
 292  63  18
 299  63  18
 306  63  18
 326  63  18
 313  67  18
 334  67  18
 321  68  18
  38  69  18
  45  69  18
  52  69  18
  59  69  18
  66  69  18
  73  69  18
  80  69  18
  87  69  18
  94  69  18
 101  69  18
 108  69  18
 115  69  18
 122  69  18
 129  69  18
 136  69  18
 143  69  18
 150  69  18
 157  69  18
 164  69  18
 171  69  18
 178  69  18
 185  69  18
 192  69  18
 199  69  18
 206  69  18
 213  69  18
 220  69  18
 227  69  18
 234  69  18
 241  69  18
 248  69  18
 255  69  18
 262  69  18
 269  69  18
 276  69  18
 283  69  18
 290  69  18
 297  69  18
 304  69  18
 311  73  18
 318  73  18
 327  73  18
 355  73  18
  34  74  18
 334  74  18
  50  75  18
  57  75  18
  64  75  18
  71  75  18
  78  75  18
  85  75  18
  92  75  18
  99  75  18
 106  75  18
 113  75  18
 120  75  18
 127  75  18
 134  75  18
 141  75  18
 148  75  18
 155  75  18
 162  75  18
 169  75  18
 176  75  18
 183  75  18
 190  75  18
 197  75  18
 204  75  18
 211  75  18
 218  75  18
 225  75  18
 232  75  18
 239  75  18
 246  75  18
 253  75  18
 260  75  18
 267  75  18
 274  75  18
 281  75  18
 288  75  18
 295  75  18
 302  75  18
   1  78  18
 352  78  18
 309  79  18
 316  79  18
 323  79  18
 330  80  18
   8  81  18
  48  81  18
  55  81  18
  62  81  18
  69  81  18
  76  81  18
  83  81  18
  90  81  18
  97  81  18
 104  81  18
 111  81  18
 118  81  18
 125  81  18
 132  81  18
 139  81  18
 146  81  18
 153  81  18
 160  81  18
 167  81  18
 174  81  18
 181  81  18
 188  81  18
 195  81  18
 202  81  18
 209  81  18
 216  81  18
 223  81  18
 230  81  18
 237  81  18
 244  81  18
 251  81  18
 258  81  18
 265  81  18
 272  81  18
 279  81  18
 286  81  18
 293  81  18
 300  81  18
 350  84  18
  39  85  18
 307  85  18
 314  85  18
 321  85  18
 328  86  18
  46  87  18
  53  87  18
  60  87  18
  67  87  18
  74  87  18
  81  87  18
  88  87  18
  95  87  18
 102  87  18
 109  87  18
 116  87  18
 123  87  18
 130  87  18
 137  87  18
 144  87  18
 151  87  18
 158  87  18
 165  87  18
 172  87  18
 179  87  18
 186  87  18
 193  87  18
 200  87  18
 207  87  18
 214  87  18
 221  87  18
 228  87  18
 235  87  18
 242  87  18
 249  87  18
 256  87  18
 263  87  18
 270  87  18
 277  87  18
 284  87  18
 348  90  18
 312  91  18
 319  91  18
 334  91  18
 326  92  18
  51  93  18
  58  93  18
  65  93  18
  72  93  18
  79  93  18
  86  93  18
  93  93  18
 100  93  18
 107  93  18
 114  93  18
 121  93  18
 128  93  18
 135  93  18
 142  93  18
 149  93  18
 156  93  18
 163  93  18
 170  93  18
 177  93  18
 184  93  18
 191  93  18
 198  93  18
 205  93  18
 212  93  18
 219  93  18
 226  93  18
 233  93  18
 240  93  18
 247  93  18
 254  93  18
 261  93  18
 268  93  18
 275  93  18
   9  95  18
 345  95  18
 354  95  18
 332  97  18
 339  97  18
 319  98  18
  56  99  18
  63  99  18
  70  99  18
  77  99  18
  84  99  18
  91  99  18
  98  99  18
 105  99  18
 112  99  18
 119  99  18
 126  99  18
 133  99  18
 140  99  18
 147  99  18
 154  99  18
 161  99  18
 168  99  18
 175  99  18
 182  99  18
 189  99  18
 196  99  18
 203  99  18
 210  99  18
 217  99  18
 224  99  18
 231  99  18
 238  99  18
 245  99  18
 252  99  18
 259  99  18
 266  99  18
 273  99  18
 280  99  18
 351 100  18
 328 102  18
 295 103  18
 337 103  18
 344 103  18
  61 105  18
  68 105  18
  75 105  18
  82 105  18
  89 105  18
  96 105  18
 103 105  18
 110 105  18
 117 105  18
 124 105  18
 131 105  18
 138 105  18
 145 105  18
 152 105  18
 159 105  18
 166 105  18
 173 105  18
 180 105  18
 187 105  18
 194 105  18
 201 105  18
 208 105  18
 215 105  18
 222 105  18
 229 105  18
 236 105  18
 243 105  18
 250 105  18
 257 105  18
 264 105  18
 271 105  18
 278 105  18
 319 105  18
  25 106  18
 326 108  18
 333 108  18
 293 109  18
 342 109  18
 355 110  18
  58 111  18
  66 111  18
  73 111  18
  80 111  18
  87 111  18
  94 111  18
 101 111  18
 108 111  18
 115 111  18
 122 111  18
 129 111  18
 136 111  18
 143 111  18
 150 111  18
 157 111  18
 164 111  18
 171 111  18
 178 111  18
 185 111  18
 192 111  18
 199 111  18
 206 111  18
 213 111  18
 220 111  18
 227 111  18
 234 111  18
 241 111  18
 248 111  18
 255 111  18
 262 111  18
 269 111  18
 276 111  18
  30 112  18
 322 113  18
 290 114  18
  63 117  18
  71 117  18
  78 117  18
  85 117  18
  92 117  18
  99 117  18
 106 117  18
 113 117  18
 120 117  18
 127 117  18
 134 117  18
 141 117  18
 148 117  18
 155 117  18
 162 117  18
 169 117  18
 176 117  18
 183 117  18
 190 117  18
 197 117  18
 204 117  18
 211 117  18
 218 117  18
 225 117  18
 232 117  18
 239 117  18
 246 117  18
 253 117  18
 260 117  18
 267 117  18
 274 117  18
 298 117  18
 312 117  18
  35 118  18
 319 118  18
 327 119  18
 288 120  18
 305 121  18
 295 122  18
  69 123  18
  76 123  18
  83 123  18
  90 123  18
  97 123  18
 104 123  18
 111 123  18
 118 123  18
 125 123  18
 132 123  18
 139 123  18
 146 123  18
 153 123  18
 160 123  18
 167 123  18
 174 123  18
 181 123  18
 188 123  18
 195 123  18
 202 123  18
 209 123  18
 216 123  18
 223 123  18
 230 123  18
 237 123  18
 244 123  18
 251 123  18
 258 123  18
 265 123  18
 272 123  18
 334 123  18
 341 123  18
  40 124  18
 317 124  18
 324 124  18
  47 125  18
 286 126  18
 302 126  18
 311 126  18
   5 127  18
 293 128  18
 331 128  18
  28 129  18
  74 129  18
  81 129  18
  88 129  18
  95 129  18
 102 129  18
 109 129  18
 116 129  18
 123 129  18
 130 129  18
 137 129  18
 144 129  18
 151 129  18
 158 129  18
 165 129  18
 172 129  18
 179 129  18
 186 129  18
 193 129  18
 200 129  18
 207 129  18
 214 129  18
 221 129  18
 228 129  18
 235 129  18
 242 129  18
 249 129  18
 256 129  18
 263 129  18
 270 129  18
 339 129  18
 322 130  18
  16 131  18
  43 131  18
 308 131  18
 284 132  18
 300 132  18
  23 133  18
 315 133  18
 329 134  18
  33 135  18
  79 135  18
  86 135  18
  93 135  18
 100 135  18
 107 135  18
 114 135  18
 121 135  18
 128 135  18
 135 135  18
 142 135  18
 149 135  18
 156 135  18
 163 135  18
 170 135  18
 177 135  18
 184 135  18
 191 135  18
 198 135  18
 205 135  18
 212 135  18
 219 135  18
 226 135  18
 233 135  18
 240 135  18
 247 135  18
 254 135  18
 261 135  18
 268 135  18
   0 136  18
  40 136  18
 290 137  18
 297 137  18
  47 138  18
 282 138  18
 305 138  18
 312 138  18
 325 139  18
 335 139  18
  54 141  18
  84 141  18
  91 141  18
  98 141  18
 105 141  18
 112 141  18
 119 141  18
 126 141  18
 133 141  18
 140 141  18
 147 141  18
 154 141  18
 161 141  18
 168 141  18
 175 141  18
 182 141  18
 189 141  18
 196 141  18
 203 141  18
 210 141  18
 217 141  18
 224 141  18
 231 141  18
 238 141  18
 245 141  18
 252 141  18
 259 141  18
 319 141  18
 272 142  18
 302 143  18
 331 144  18
  61 145  18
 325 146  18
 353 146  18
  89 147  18
  96 147  18
 103 147  18
 110 147  18
 117 147  18
 124 147  18
 131 147  18
 138 147  18
 145 147  18
 152 147  18
 159 147  18
 166 147  18
 173 147  18
 180 147  18
 187 147  18
 194 147  18
 201 147  18
 208 147  18
 215 147  18
 222 147  18
 229 147  18
 236 147  18
 243 147  18
 250 147  18
 257 147  18
  55 148  18
 319 148  18
 303 150  18
  34 152  18
  63 152  18
 282 152  18
 289 152  18
 296 152  18
 330 152  18
  41 153  18
  94 153  18
 101 153  18
 108 153  18
 115 153  18
 122 153  18
 129 153  18
 136 153  18
 143 153  18
 150 153  18
 157 153  18
 164 153  18
 171 153  18
 178 153  18
 185 153  18
 192 153  18
 199 153  18
 206 153  18
 213 153  18
 220 153  18
 227 153  18
 234 153  18
 241 153  18
 248 153  18
 344 153  18
 324 154  18
 309 155  18
 337 155  18
  28 157  18
  69 157  18
 279 157  18
 302 157  18
  47 158  18
 287 158  18
 294 158  18
  37 159  18
  99 159  18
 106 159  18
 113 159  18
 120 159  18
 127 159  18
 134 159  18
 141 159  18
 148 159  18
 155 159  18
 162 159  18
 169 159  18
 176 159  18
 183 159  18
 190 159  18
 197 159  18
 204 159  18
 211 159  18
 218 159  18
 225 159  18
 232 159  18
 239 159  18
 330 159  18
 314 161  18
   4 162  18
  18 162  18
  66 162  18
 337 162  18
 276 163  18
 284 163  18
 300 163  18
 307 163  18
  43 164  18
  52 164  18
  73 164  18
  82 164  18
 292 164  18
  95 165  18
 104 165  18
 111 165  18
 118 165  18
 125 165  18
 132 165  18
 139 165  18
 146 165  18
 153 165  18
 160 165  18
 167 165  18
 174 165  18
 181 165  18
 188 165  18
 195 165  18
 202 165  18
 209 165  18
 216 165  18
 223 165  18
 230 165  18
 330 166  18
  15 167  18
 252 167  18
 319 167  18
 346 167  18
 273 169  18
 281 169  18
 340 169  18
 294 171  18
  98 172  18
 355 172  18
 248 173  18
  79 174  18
 349 174  18
 286 175  18
 341 176  18
   3 178  18
   7   0  19
  14   0  19
  21   0  19
  28   0  19
  35   0  19
  42   0  19
  49   0  19
  56   0  19
  63   0  19
  70   0  19
  77   0  19
  84   0  19
  91   0  19
  98   0  19
 105   0  19
 112   0  19
 119   0  19
 126   0  19
 133   0  19
 140   0  19
 147   0  19
 154   0  19
 161   0  19
 168   0  19
 175   0  19
 182   0  19
 189   0  19
 196   0  19
 203   0  19
 210   0  19
 217   0  19
 224   0  19
 231   0  19
 238   0  19
 245   0  19
 252   0  19
 259   0  19
 266   0  19
 273   0  19
 280   0  19
 287   0  19
 294   0  19
 301   0  19
 308   0  19
 315   0  19
 322   0  19
 329   0  19
 336   0  19
 330  11  19
 351  15  19
 349  21  19
 358  24  19
 346  38  19
 352  51  19
 341  69  19
  12  77  19
 297  93  19
  18  94  19
   7 101  19
 288 101  19
  20 111  19
 349 112  19
  59 121  19
  10 133  19
  43 143  19
   2 150  19
 255 156  19
  63 167  19
  23 168  19
 237 168  19
 259 168  19
  49 169  19
 305 169  19
  43 171  19
  38 176  19
  21 177  19
  69 178  19
  76 179  19
 300 179  19
 355 179  19
   3  13  20
  10  16  20
 326  29  20
 318  31  20
 355  33  20
 337  37  20
  37  38  20
  44  38  20
  51  38  20
  58  38  20
  65  38  20
  72  38  20
  79  38  20
  86  38  20
  93  38  20
 100  38  20
 107  38  20
 114  38  20
 121  38  20
 128  38  20
 135  38  20
 142  38  20
 149  38  20
 156  38  20
 163  38  20
 170  38  20
 177  38  20
 184  38  20
 191  38  20
 198  38  20
 205  38  20
 212  38  20
 219  38  20
 226  38  20
 233  38  20
 240  38  20
 247  38  20
 254  38  20
 261  38  20
 268  38  20
 275  38  20
 282  38  20
 289  38  20
 296  38  20
 303  38  20
 310  38  20
 353  39  20
 325  46  20
  28  49  20
  35  49  20
  42  49  20
  49  49  20
  56  49  20
  63  49  20
  70  49  20
  77  49  20
  84  49  20
  91  49  20
  98  49  20
 105  49  20
 112  49  20
 119  49  20
 126  49  20
 133  49  20
 140  49  20
 147  49  20
 154  49  20
 161  49  20
 168  49  20
 175  49  20
 182  49  20
 189  49  20
 196  49  20
 203  49  20
 210  49  20
 217  49  20
 224  49  20
 231  49  20
 238  49  20
 245  49  20
 252  49  20
 259  49  20
 266  49  20
 273  49  20
 280  49  20
 287  49  20
 294  49  20
 301  49  20
 308  49  20
 351  58  20
  15  67  20
 337  82  20
  22  85  20
  36  90  20
  29  99  20
   0 100  20
 307 100  20
 313 106  20
  13 107  20
  52 114  20
 345 116  20
  19 118  20
 355 118  20
  63 129  20
  72 135  20
  28 139  20
  12 149  20
  88 154  20
 251 160  20
 261 162  20
  89 167  20
   9 168  20
 313 168  20
   7 174  20
 239 175  20
  53 176  20
  61 176  20
 306 176  20
 107 177  20
  29 178  20
  97 178  20
 329 178  20
 114 179  20
 121 179  20
 128 179  20
 135 179  20
 142 179  20
 149 179  20
 156 179  20
 163 179  20
 170 179  20
 177 179  20
 184 179  20
 191 179  20
 198 179  20
 205 179  20
 212 179  20
 219 179  20
 226 179  20
 246 179  20
 258 179  20
 318 179  20
 346   5  21
 344  15  21
 337  17  21
 338  24  21
 345  26  21
   9  36  21
 319  38  21
 341  44  21
 356  47  21
  18  55  21
 359  55  21
   8  57  21
  26  65  21
 351  65  21
  44  75  21
  27  76  21
 358  83  21
 303  89  21
 281  93  21
 301 107  21
   2 113  21
  12 116  21
  16 123  21
   0 130  21
 354 137  21
   7 138  21
  16 138  21
  59 138  21
  78 141  21
   4 143  21
 268 148  21
 349 150  21
  22 153  21
 266 154  21
  14 156  21
  59 156  21
 348 159  21
 265 173  21
  86 177  21
 336 179  21
   0   0  22
  15   7  22
  22   7  22
  29   7  22
  36   7  22
  43   7  22
  50   7  22
  57   7  22
  64   7  22
  71   7  22
  78   7  22
  85   7  22
  92   7  22
  99   7  22
 106   7  22
 113   7  22
 120   7  22
 127   7  22
 134   7  22
 141   7  22
 148   7  22
 155   7  22
 162   7  22
 169   7  22
 176   7  22
 183   7  22
 190   7  22
 197   7  22
 204   7  22
 211   7  22
 218   7  22
 225   7  22
 232   7  22
 239   7  22
 246   7  22
 253   7  22
 260   7  22
 267   7  22
 274   7  22
 281   7  22
 288   7  22
 295   7  22
 302   7  22
 309   7  22
 316   7  22
 323   7  22
 337   7  22
 355  11  22
 327  16  22
   4  20  22
  21  23  22
 325  35  22
  30  38  22
  24  40  22
 331  43  22
  18  44  22
 330  52  22
 315  54  22
  15  60  22
 310  60  22
   5  62  22
 343  64  22
   1  66  22
 340  75  22
  18  77  22
  34  80  22
  29  83  22
  14  84  22
 290  86  22
 355  88  22
   2  90  22
  43  91  22
  23  92  22
 324  97  22
  49  98  22
  14  99  22
  22 100  22
  41 100  22
  36 104  22
  55 104  22
 356 104  22
   5 106  22
 350 106  22
 284 108  22
 308 111  22
  42 112  22
 315 113  22
   4 121  22
 350 122  22
  25 123  22
 346 127  22
  52 129  22
 335 133  22
 344 133  22
 265 140  22
  35 141  22
 277 141  22
 341 141  22
  24 143  22
 309 143  22
  50 144  22
  82 148  22
  68 151  22
 315 152  22
 356 152  22
  78 154  22
   6 156  22
  85 159  22
  23 161  22
 245 161  22
 358 165  22
  32 168  22
  57 168  22
  78 168  22
 288 168  22
 298 168  22
 325 168  22
 103 170  22
 110 170  22
 117 170  22
 124 170  22
 131 170  22
 138 170  22
 145 170  22
 152 170  22
 159 170  22
 166 170  22
 173 170  22
 180 170  22
 187 170  22
 194 170  22
 201 170  22
 208 170  22
 215 170  22
 222 170  22
 229 170  22
 335 170  22
  15 173  22
 321 173  22
 292 176  22
 347 179  22
 350   0  23
   6   6  23
  17  14  23
  24  14  23
  31  14  23
  38  14  23
  45  14  23
  52  14  23
  59  14  23
  66  14  23
  73  14  23
  80  14  23
  87  14  23
  94  14  23
 101  14  23
 108  14  23
 115  14  23
 122  14  23
 129  14  23
 136  14  23
 143  14  23
 150  14  23
 157  14  23
 164  14  23
 171  14  23
 178  14  23
 185  14  23
 192  14  23
 199  14  23
 206  14  23
 213  14  23
 220  14  23
 227  14  23
 234  14  23
 241  14  23
 248  14  23
 255  14  23
 262  14  23
 269  14  23
 276  14  23
 283  14  23
 290  14  23
 297  14  23
 304  14  23
 311  14  23
 318  14  23
  28  21  23
  35  21  23
  42  21  23
  49  21  23
  56  21  23
  63  21  23
  70  21  23
  77  21  23
  84  21  23
  91  21  23
  98  21  23
 105  21  23
 112  21  23
 119  21  23
 126  21  23
 133  21  23
 140  21  23
 147  21  23
 154  21  23
 161  21  23
 168  21  23
 175  21  23
 182  21  23
 189  21  23
 196  21  23
 203  21  23
 210  21  23
 217  21  23
 224  21  23
 231  21  23
 238  21  23
 245  21  23
 252  21  23
 259  21  23
 266  21  23
 273  21  23
 280  21  23
 287  21  23
 294  21  23
 301  21  23
 308  21  23
 315  21  23
 322  21  23
 330  24  23
  10  26  23
 353  26  23
  26  30  23
  17  31  23
 340  32  23
 359  39  23
   6  43  23
 314  44  23
 348  44  23
 321  49  23
 336  50  23
 346  50  23
   3  51  23
  25  53  23
  34  55  23
  41  55  23
  48  55  23
  55  55  23
  62  55  23
  69  55  23
  76  55  23
  83  55  23
  90  55  23
  97  55  23
 104  55  23
 111  55  23
 118  55  23
 125  55  23
 132  55  23
 139  55  23
 146  55  23
 153  55  23
 160  55  23
 167  55  23
 174  55  23
 181  55  23
 188  55  23
 195  55  23
 202  55  23
 209  55  23
 216  55  23
 223  55  23
 230  55  23
 237  55  23
 244  55  23
 251  55  23
 258  55  23
 265  55  23
 272  55  23
 279  55  23
 286  55  23
 293  55  23
 300  55  23
 325  56  23
 320  61  23
  33  68  23
 308  68  23
 326  68  23
  22  69  23
  11  70  23
   0  72  23
 347  72  23
 306  74  23
 323  74  23
 347  79  23
 304  80  23
  42  82  23
   5  84  23
 332  85  23
 344  85  23
  28  89  23
  11  90  23
 339  91  23
 287  92  23
 309  94  23
  34  95  23
 294  97  23
 323 103  23
  48 104  23
  29 105  23
 338 110  23
 298 112  23
 330 112  23
  26 113  23
  35 113  23
 281 114  23
 306 117  23
  48 118  23
 336 118  23
  30 120  23
  41 120  23
 279 120  23
  55 124  23
  65 124  23
  36 126  23
 277 126  23
 297 127  23
  11 128  23
  22 128  23
 316 128  23
 326 129  23
 288 131  23
 275 132  23
  48 133  23
 320 135  23
  65 136  23
 330 139  23
 287 140  23
 347 140  23
 294 141  23
  65 143  23
  15 144  23
 284 145  23
 336 145  23
  73 146  23
 261 146  23
  34 147  23
 274 147  23
 292 147  23
  41 148  23
 307 149  23
  51 151  23
 256 151  23
  29 153  23
 274 154  23
  41 158  23
  52 158  23
  94 158  23
 321 158  23
 354 158  23
 308 159  23
 341 159  23
  33 160  23
 271 160  23
  11 163  23
 238 163  23
 268 165  23
  39 166  23
 350 166  23
  69 167  23
 246 168  23
  85 170  23
   0 172  23
 253 172  23
 278 172  23
  65 173  23
 310 173  23
  47 176  23
 231 177  23
 275 177  23
  13 179  23
 252 179  23
 264 179  23
 283 179  23
 328   4  24
 356  18  24
  14  22  24
   3  26  24
  34  27  24
  41  27  24
  48  27  24
  55  27  24
  62  27  24
  69  27  24
  76  27  24
  83  27  24
  90  27  24
  97  27  24
 104  27  24
 111  27  24
 118  27  24
 125  27  24
 132  27  24
 139  27  24
 146  27  24
 153  27  24
 160  27  24
 167  27  24
 174  27  24
 181  27  24
 188  27  24
 195  27  24
 202  27  24
 209  27  24
 216  27  24
 223  27  24
 230  27  24
 237  27  24
 244  27  24
 251  27  24
 258  27  24
 265  27  24
 272  27  24
 279  27  24
 286  27  24
 293  27  24
 300  27  24
 307  27  24
   0  31  24
 332  31  24
 349  32  24
  16  37  24
  42  43  24
  49  43  24
  56  43  24
  63  43  24
  70  43  24
  77  43  24
  84  43  24
  91  43  24
  98  43  24
 105  43  24
 112  43  24
 119  43  24
 126  43  24
 133  43  24
 140  43  24
 147  43  24
 154  43  24
 161  43  24
 168  43  24
 175  43  24
 182  43  24
 189  43  24
 196  43  24
 203  43  24
 210  43  24
 217  43  24
 224  43  24
 231  43  24
 238  43  24
 245  43  24
 252  43  24
 259  43  24
 266  43  24
 273  43  24
 280  43  24
 287  43  24
 294  43  24
 301  43  24
  12  49  24
 343  55  24
 336  58  24
  29  60  24
  42  62  24
  49  62  24
  56  62  24
  63  62  24
  70  62  24
  77  62  24
  84  62  24
  91  62  24
  98  62  24
 105  62  24
 112  62  24
 119  62  24
 126  62  24
 133  62  24
 140  62  24
 147  62  24
 154  62  24
 161  62  24
 168  62  24
 175  62  24
 182  62  24
 189  62  24
 196  62  24
 203  62  24
 210  62  24
 217  62  24
 224  62  24
 231  62  24
 238  62  24
 245  62  24
 252  62  24
 259  62  24
 266  62  24
 273  62  24
 280  62  24
 287  62  24
 294  62  24
 301  62  24
 331  62  24
 316  66  24
  39  67  24
  48  69  24
  55  69  24
  62  69  24
  69  69  24
  76  69  24
  83  69  24
  90  69  24
  97  69  24
 104  69  24
 111  69  24
 118  69  24
 125  69  24
 132  69  24
 139  69  24
 146  69  24
 153  69  24
 160  69  24
 167  69  24
 174  69  24
 181  69  24
 188  69  24
 195  69  24
 202  69  24
 209  69  24
 216  69  24
 223  69  24
 230  69  24
 237  69  24
 244  69  24
 251  69  24
 258  69  24
 265  69  24
 272  69  24
 279  69  24
 286  69  24
 293  69  24
 333  70  24
 315  73  24
   7  74  24
  37  75  24
 330  75  24
  53  76  24
  60  76  24
  67  76  24
  74  76  24
  81  76  24
  88  76  24
  95  76  24
 102  76  24
 109  76  24
 116  76  24
 123  76  24
 130  76  24
 137  76  24
 144  76  24
 151  76  24
 158  76  24
 165  76  24
 172  76  24
 179  76  24
 186  76  24
 193  76  24
 200  76  24
 207  76  24
 214  76  24
 221  76  24
 228  76  24
 235  76  24
 242  76  24
 249  76  24
 256  76  24
 263  76  24
 270  76  24
 277  76  24
 284  76  24
 291  76  24
 354  76  24
 313  79  24
 320  80  24
  51  82  24
 297  82  24
  58  83  24
  65  83  24
  72  83  24
  79  83  24
  86  83  24
  93  83  24
 100  83  24
 107  83  24
 114  83  24
 121  83  24
 128  83  24
 135  83  24
 142  83  24
 149  83  24
 156  83  24
 163  83  24
 170  83  24
 177  83  24
 184  83  24
 191  83  24
 198  83  24
 205  83  24
 212  83  24
 219  83  24
 226  83  24
 233  83  24
 240  83  24
 247  83  24
 254  83  24
 261  83  24
 268  83  24
 275  83  24
 282  83  24
 311  85  24
 318  86  24
 325  87  24
  49  88  24
  56  89  24
  63  90  24
  70  90  24
  77  90  24
  84  90  24
  91  90  24
  98  90  24
 105  90  24
 112  90  24
 119  90  24
 126  90  24
 133  90  24
 140  90  24
 147  90  24
 154  90  24
 161  90  24
 168  90  24
 175  90  24
 182  90  24
 189  90  24
 196  90  24
 203  90  24
 210  90  24
 217  90  24
 224  90  24
 231  90  24
 238  90  24
 245  90  24
 252  90  24
 259  90  24
 266  90  24
 273  90  24
 316  92  24
 332  92  24
 346  92  24
  54  95  24
 302  95  24
  61  96  24
  71  97  24
  78  97  24
  85  97  24
  92  97  24
  99  97  24
 106  97  24
 113  97  24
 120  97  24
 127  97  24
 134  97  24
 141  97  24
 148  97  24
 155  97  24
 162  97  24
 169  97  24
 176  97  24
 183  97  24
 190  97  24
 197  97  24
 204  97  24
 211  97  24
 218  97  24
 225  97  24
 232  97  24
 239  97  24
 246  97  24
 253  97  24
 260  97  24
 267  97  24
 274  97  24
 353  97  24
 343  98  24
 316  99  24
 331  99  24
 283 100  24
  67 102  24
 339 102  24
  77 104  24
  84 104  24
  91 104  24
  98 104  24
 105 104  24
 112 104  24
 119 104  24
 126 104  24
 133 104  24
 140 104  24
 147 104  24
 154 104  24
 161 104  24
 168 104  24
 175 104  24
 182 104  24
 189 104  24
 196 104  24
 203 104  24
 210 104  24
 217 104  24
 224 104  24
 231 104  24
 238 104  24
 245 104  24
 252 104  24
 259 104  24
 266 104  24
 273 104  24
 293 104  24
  18 106  24
  64 107  24
  73 108  24
 319 108  24
 291 110  24
  83 111  24
  90 111  24
  97 111  24
 104 111  24
 111 111  24
 118 111  24
 125 111  24
 132 111  24
 139 111  24
 146 111  24
 153 111  24
 160 111  24
 167 111  24
 174 111  24
 181 111  24
 188 111  24
 195 111  24
 202 111  24
 209 111  24
 216 111  24
 223 111  24
 230 111  24
 237 111  24
 244 111  24
 251 111  24
 258 111  24
 265 111  24
 272 111  24
  61 112  24
  70 113  24
 356 113  24
  79 115  24
 288 115  24
 325 115  24
  67 118  24
  88 118  24
  95 118  24
 102 118  24
 109 118  24
 116 118  24
 123 118  24
 130 118  24
 137 118  24
 144 118  24
 151 118  24
 158 118  24
 165 118  24
 172 118  24
 179 118  24
 186 118  24
 193 118  24
 200 118  24
 207 118  24
 214 118  24
 221 118  24
 228 118  24
 235 118  24
 242 118  24
 249 118  24
 256 118  24
 263 118  24
 270 118  24
 296 118  24
  75 120  24
 314 120  24
 322 120  24
 286 121  24
 331 121  24
 303 123  24
  86 124  24
  72 125  24
  93 125  24
 100 125  24
 107 125  24
 114 125  24
 121 125  24
 128 125  24
 135 125  24
 142 125  24
 149 125  24
 156 125  24
 163 125  24
 170 125  24
 177 125  24
 184 125  24
 191 125  24
 198 125  24
 205 125  24
 212 125  24
 219 125  24
 226 125  24
 233 125  24
 240 125  24
 247 125  24
 254 125  24
 261 125  24
 268 125  24
 338 126  24
  31 129  24
 309 129  24
 353 129  24
  79 130  24
  86 131  24
  93 132  24
 100 132  24
 107 132  24
 114 132  24
 121 132  24
 128 132  24
 135 132  24
 142 132  24
 149 132  24
 156 132  24
 163 132  24
 170 132  24
 177 132  24
 184 132  24
 191 132  24
 198 132  24
 205 132  24
 212 132  24
 219 132  24
 226 132  24
 233 132  24
 240 132  24
 247 132  24
 254 132  24
 261 132  24
 268 132  24
 304 132  24
  19 133  24
  40 133  24
 282 133  24
 295 133  24
 314 136  24
  84 137  24
  91 138  24
 302 138  24
  99 139  24
 106 139  24
 113 139  24
 120 139  24
 127 139  24
 134 139  24
 141 139  24
 148 139  24
 155 139  24
 162 139  24
 169 139  24
 176 139  24
 183 139  24
 190 139  24
 197 139  24
 204 139  24
 211 139  24
 218 139  24
 225 139  24
 232 139  24
 239 139  24
 246 139  24
 253 139  24
 322 142  24
  57 143  24
 358 143  24
  89 144  24
 316 144  24
  97 145  24
 105 146  24
 112 146  24
 119 146  24
 126 146  24
 133 146  24
 140 146  24
 147 146  24
 154 146  24
 161 146  24
 168 146  24
 175 146  24
 182 146  24
 189 146  24
 196 146  24
 203 146  24
 210 146  24
 217 146  24
 224 146  24
 231 146  24
 238 146  24
 245 146  24
 330 146  24
 300 147  24
 323 149  24
   7 150  24
 343 150  24
  95 151  24
 103 152  24
 285 152  24
 336 152  24
 111 153  24
 118 153  24
 125 153  24
 132 153  24
 139 153  24
 146 153  24
 153 153  24
 160 153  24
 167 153  24
 174 153  24
 181 153  24
 188 153  24
 195 153  24
 202 153  24
 209 153  24
 216 153  24
 223 153  24
 230 153  24
 237 153  24
 244 153  24
 293 154  24
 300 154  24
 329 155  24
  65 156  24
 281 156  24
 262 157  24
  73 158  24
 101 158  24
 314 158  24
   1 159  24
 109 159  24
 290 159  24
 116 160  24
 123 160  24
 130 160  24
 137 160  24
 144 160  24
 151 160  24
 158 160  24
 165 160  24
 172 160  24
 179 160  24
 186 160  24
 193 160  24
 200 160  24
 207 160  24
 214 160  24
 221 160  24
 228 160  24
 278 161  24
 301 161  24
  48 162  24
  59 162  24
 328 162  24
 335 163  24
  18 165  24
 254 166  24
 343 166  24
  95 168  24
  27 172  24
  75 173  24
 351 173  24
  34 177  24
 359 178  24
   6 179  24
  81 179  24
  10   0  25
  17   0  25
  24   0  25
  31   0  25
  38   0  25
  45   0  25
  52   0  25
  59   0  25
  66   0  25
  73   0  25
  80   0  25
  87   0  25
  94   0  25
 101   0  25
 108   0  25
 115   0  25
 122   0  25
 129   0  25
 136   0  25
 143   0  25
 150   0  25
 157   0  25
 164   0  25
 171   0  25
 178   0  25
 185   0  25
 192   0  25
 199   0  25
 206   0  25
 213   0  25
 220   0  25
 227   0  25
 234   0  25
 241   0  25
 248   0  25
 255   0  25
 262   0  25
 269   0  25
 276   0  25
 283   0  25
 290   0  25
 297   0  25
 304   0  25
 311   0  25
 318   0  25
 332   0  25
 339   0  25
 357   4  25
 345  10  25
 333  11  25
 350  19  25
 343  20  25
 314  27  25
 321  27  25
  33  33  25
  40  33  25
  47  33  25
  54  33  25
  61  33  25
  68  33  25
  75  33  25
  82  33  25
  89  33  25
  96  33  25
 103  33  25
 110  33  25
 117  33  25
 124  33  25
 131  33  25
 138  33  25
 145  33  25
 152  33  25
 159  33  25
 166  33  25
 173  33  25
 180  33  25
 187  33  25
 194  33  25
 201  33  25
 208  33  25
 215  33  25
 222  33  25
 229  33  25
 236  33  25
 243  33  25
 250  33  25
 257  33  25
 264  33  25
 271  33  25
 278  33  25
 285  33  25
 292  33  25
 299  33  25
 306  33  25
 313  34  25
 333  38  25
 307  42  25
  35  44  25
 306  52  25
 353  54  25
 338  66  25
 300  68  25
   0  95  25
   7  96  25
 301 101  25
 330 105  25
 345 108  25
  47 110  25
  54 111  25
  15 112  25
 350 115  25
  59 118  25
 343 119  25
  10 121  25
 357 123  25
   5 129  25
  68 131  25
  28 134  25
 359 135  25
  41 140  25
  57 150  25
 251 154  25
  80 162  25
 315 165  25
 308 166  25
 233 167  25
 261 167  25
  46 168  25
 282 168  25
   5 169  25
 241 171  25
  54 172  25
 295 172  25
 342 172  25
  21 173  25
  38 173  25
  92 173  25
 331 173  25
 100 175  25
 116 176  25
 123 176  25
 130 176  25
 137 176  25
 144 176  25
 151 176  25
 158 176  25
 165 176  25
 172 176  25
 179 176  25
 186 176  25
 193 176  25
 200 176  25
 207 176  25
 214 176  25
 221 176  25
 302 177  25
  72 178  25
  59 179  25
 238 179  25
   4  11  26
 333  18  26
 346  37  26
 340  39  26
 324  40  26
  11  41  26
 353  42  26
  29  45  26
  22  59  26
 350  60  26
  11  62  26
  29  71  26
  22  75  26
 337  79  26
  23  82  26
  35  86  26
 296  88  26
  17  90  26
  26  98  26
 310 101  26
   9 104  26
   6 112  26
  22 117  26
  46 126  26
  60 130  26
  76 135  26
  10 136  26
  72 139  26
 270 139  26
   9 144  26
 352 146  26
  22 147  26
   0 150  26
  88 150  26
  15 151  26
  45 155  26
  26 157  26
  99 164  26
 269 172  26
 108 175  26
 317 175  26
 339 177  26
 326 178  26
  19 179  26
  91 179  26
 270 179  26
 310 179  26
 346   2  27
  12   9  27
 321  10  27
 340  13  27
   0  15  27
  22  19  27
 336  26  27
  20  27  27
 343  27  27
   9  31  27
  23  35  27
 318  41  27
   1  45  27
 337  45  27
  23  46  27
 325  47  27
  18  49  27
  42  49  27
  49  49  27
  56  49  27
  63  49  27
  70  49  27
  77  49  27
  84  49  27
  91  49  27
  98  49  27
 105  49  27
 112  49  27
 119  49  27
 126  49  27
 133  49  27
 140  49  27
 147  49  27
 154  49  27
 161  49  27
 168  49  27
 175  49  27
 182  49  27
 189  49  27
 196  49  27
 203  49  27
 210  49  27
 217  49  27
 224  49  27
 231  49  27
 238  49  27
 245  49  27
 252  49  27
 259  49  27
 266  49  27
 273  49  27
 280  49  27
 287  49  27
 294  49  27
 311  49  27
 357  50  27
   9  53  27
 319  53  27
   3  57  27
 313  57  27
 357  61  27
 307  62  27
 348  66  27
 355  67  27
  45  73  27
 299  74  27
   1  78  27
  14  78  27
 326  80  27
   9  81  27
 353  82  27
 304  86  27
 350  87  27
 280  89  27
 323  92  27
  40  93  27
  16  96  27
 288  98  27
  59 101  27
 350 101  27
   0 102  27
 279 103  27
  24 106  27
 309 107  27
  37 109  27
 302 110  27
  34 118  27
  16 119  27
 309 123  27
 320 125  27
 328 125  27
 283 126  27
 348 132  27
 324 133  27
  54 134  27
 331 134  27
 340 134  27
  47 138  27
 259 138  27
 279 138  27
 309 138  27
  19 139  27
  26 140  27
  81 142  27
 251 145  27
 266 145  27
 345 145  27
 279 146  27
  63 148  27
  79 150  27
  73 152  27
 267 152  27
  35 153  27
  87 156  27
 348 156  27
  11 157  27
 249 160  27
 257 160  27
  70 162  27
 286 162  27
  87 164  27
 106 164  27
 321 164  27
  27 165  27
 114 165  27
 274 166  27
 126 167  27
 133 167  27
 140 167  27
 147 167  27
 154 167  27
 161 167  27
 168 167  27
 175 167  27
 182 167  27
 189 167  27
 196 167  27
 203 167  27
 210 167  27
 217 167  27
 224 167  27
 303 169  27
  81 173  27
 259 173  27
 285 175  27
 244 178  27
  27 179  27
  66 179  27
 258 179  27
   3   0  28
  17   6  28
  24   6  28
  31   6  28
  38   6  28
  45   6  28
  52   6  28
  59   6  28
  66   6  28
  73   6  28
  80   6  28
  87   6  28
  94   6  28
 101   6  28
 108   6  28
 115   6  28
 122   6  28
 129   6  28
 136   6  28
 143   6  28
 150   6  28
 157   6  28
 164   6  28
 171   6  28
 178   6  28
 185   6  28
 192   6  28
 199   6  28
 206   6  28
 213   6  28
 220   6  28
 227   6  28
 234   6  28
 241   6  28
 248   6  28
 255   6  28
 262   6  28
 269   6  28
 276   6  28
 283   6  28
 290   6  28
 297   6  28
 304   6  28
 311   6  28
 353   7  28
  11  15  28
  29  17  28
  36  17  28
  43  17  28
  50  17  28
  57  17  28
  64  17  28
  71  17  28
  78  17  28
  85  17  28
  92  17  28
  99  17  28
 106  17  28
 113  17  28
 120  17  28
 127  17  28
 134  17  28
 141  17  28
 148  17  28
 155  17  28
 162  17  28
 169  17  28
 176  17  28
 183  17  28
 190  17  28
 197  17  28
 204  17  28
 211  17  28
 218  17  28
 225  17  28
 232  17  28
 239  17  28
 246  17  28
 253  17  28
 260  17  28
 267  17  28
 274  17  28
 281  17  28
 288  17  28
 295  17  28
 302  17  28
 309  17  28
 316  17  28
 324  18  28
   7  20  28
 356  24  28
  27  26  28
 327  26  28
 354  31  28
 319  33  28
 326  33  28
   2  37  28
 331  46  28
  35  51  28
 329  55  28
  35  60  28
 324  60  28
  18  63  28
   5  65  28
  15  69  28
 322  69  28
 341  73  28
  29  78  28
  44  79  28
 289  81  28
   1  85  28
 337  86  28
  42  87  28
 288  87  28
  23  89  28
  48  94  28
 278  95  28
 321  98  28
  33  99  28
  51 102  28
  41 103  28
 357 107  28
 325 108  28
 278 109  28
 317 112  28
 335 112  28
 343 113  28
 310 114  28
   2 116  28
  42 116  28
  52 116  28
 301 117  28
 292 121  28
  28 123  28
  80 125  28
 343 125  28
  16 126  28
  53 127  28
 290 127  28
  35 135  28
 288 136  28
  62 138  28
 297 139  28
 338 140  28
  36 144  28
 305 144  28
  47 145  28
 313 148  28
 259 149  28
 305 152  28
 321 153  28
 353 153  28
  55 155  28
 335 157  28
  18 158  28
 235 158  28
 242 159  28
  38 161  28
 296 162  28
 346 162  28
  54 163  28
 353 163  28
   7 164  28
  34 165  28
  64 167  28
 333 167  28
  14 170  28
  60 171  28
 322 171  28
 355 171  28
 232 173  28
 248 173  28
  52 177  28
 348 177  28
  44 178  28
 295 178  28
 228 179  28
 324   0  29
 337   5  29
 327   8  29
 351  13  29
  36  24  29
  43  24  29
  50  24  29
  57  24  29
  64  24  29
  71  24  29
  78  24  29
  85  24  29
  92  24  29
  99  24  29
 106  24  29
 113  24  29
 120  24  29
 127  24  29
 134  24  29
 141  24  29
 148  24  29
 155  24  29
 162  24  29
 169  24  29
 176  24  29
 183  24  29
 190  24  29
 197  24  29
 204  24  29
 211  24  29
 218  24  29
 225  24  29
 232  24  29
 239  24  29
 246  24  29
 253  24  29
 260  24  29
 267  24  29
 274  24  29
 281  24  29
 288  24  29
 295  24  29
 302  24  29
  13  27  29
  30  37  29
  38  38  29
  45  38  29
  52  38  29
  59  38  29
  66  38  29
  73  38  29
  80  38  29
  87  38  29
  94  38  29
 101  38  29
 108  38  29
 115  38  29
 122  38  29
 129  38  29
 136  38  29
 143  38  29
 150  38  29
 157  38  29
 164  38  29
 171  38  29
 178  38  29
 185  38  29
 192  38  29
 199  38  29
 206  38  29
 213  38  29
 220  38  29
 227  38  29
 234  38  29
 241  38  29
 248  38  29
 255  38  29
 262  38  29
 269  38  29
 276  38  29
 283  38  29
 290  38  29
 297  38  29
 311  39  29
 346  45  29
 299  46  29
 344  51  29
  28  53  29
 337  53  29
 302  54  29
  44  56  29
  51  56  29
  58  56  29
  65  56  29
  72  56  29
  79  56  29
  86  56  29
  93  56  29
 100  56  29
 107  56  29
 114  56  29
 121  56  29
 128  56  29
 135  56  29
 142  56  29
 149  56  29
 156  56  29
 163  56  29
 170  56  29
 177  56  29
 184  56  29
 191  56  29
 198  56  29
 205  56  29
 212  56  29
 219  56  29
 226  56  29
 233  56  29
 240  56  29
 247  56  29
 254  56  29
 261  56  29
 268  56  29
 275  56  29
 282  56  29
 289  56  29
 296  56  29
 341  61  29
  29  65  29
 306  69  29
  37  70  29
   2  71  29
 349  75  29
 307  77  29
  36  79  29
 330  87  29
  30  88  29
 357  89  29
 311  90  29
   8  91  29
 305  93  29
 337  93  29
 294  94  29
  65  95  29
  13 101  29
  72 102  29
 296 102  29
 335 103  29
 287 104  29
 351 108  29
  78 109  29
 295 109  29
  31 110  29
 285 110  29
 276 115  29
 284 116  29
 330 116  29
  83 119  29
 349 120  29
  65 121  29
 275 121  29
   3 123  29
  58 123  29
  38 125  29
 300 125  29
  23 126  29
 273 127  29
 358 129  29
 314 130  29
  12 131  29
 298 131  29
 355 137  29
 349 139  29
 325 140  29
 286 142  29
 333 143  29
   3 144  29
  69 144  29
 294 144  29
  28 147  29
 326 147  29
 273 149  29
 287 149  29
 295 151  29
 341 154  29
  95 156  29
  81 157  29
 274 157  29
 304 158  29
 267 159  29
  63 160  29
 359 162  29
 241 165  29
 265 165  29
  77 166  29
 248 166  29
 288 169  29
  42 170  29
 121 170  29
 111 171  29
  32 172  29
   3 173  29
 276 173  29
  10 174  29
  97 179  29
 333 179  29
 351   0  30
 316   3  30
   1  22  30
 348  22  30
 309  24  30
 316  24  30
  35  30  30
   3  31  30
 335  32  30
  17  35  30
 350  35  30
   7  44  30
  15  53  30
  45  63  30
  52  63  30
  59  63  30
  66  63  30
  73  63  30
  80  63  30
  87  63  30
  94  63  30
 101  63  30
 108  63  30
 115  63  30
 122  63  30
 129  63  30
 136  63  30
 143  63  30
 150  63  30
 157  63  30
 164  63  30
 171  63  30
 178  63  30
 185  63  30
 192  63  30
 199  63  30
 206  63  30
 213  63  30
 220  63  30
 227  63  30
 234  63  30
 241  63  30
 248  63  30
 255  63  30
 262  63  30
 269  63  30
 276  63  30
 283  63  30
 290  63  30
 297  63  30
 331  65  30
 314  67  30
  23  70  30
  51  70  30
  58  70  30
  65  70  30
  72  70  30
  79  70  30
  86  70  30
  93  70  30
 100  70  30
 107  70  30
 114  70  30
 121  70  30
 128  70  30
 135  70  30
 142  70  30
 149  70  30
 156  70  30
 163  70  30
 170  70  30
 177  70  30
 184  70  30
 191  70  30
 198  70  30
 205  70  30
 212  70  30
 219  70  30
 226  70  30
 233  70  30
 240  70  30
 247  70  30
 254  70  30
 261  70  30
 268  70  30
 275  70  30
 282  70  30
 289  70  30
 329  71  30
 320  74  30
 313  75  30
  57  77  30
  64  77  30
  71  77  30
  78  77  30
  85  77  30
  92  77  30
  99  77  30
 106  77  30
 113  77  30
 120  77  30
 127  77  30
 134  77  30
 141  77  30
 148  77  30
 155  77  30
 162  77  30
 169  77  30
 176  77  30
 183  77  30
 190  77  30
 197  77  30
 204  77  30
 211  77  30
 218  77  30
 225  77  30
 232  77  30
 239  77  30
 246  77  30
 253  77  30
 260  77  30
 267  77  30
 274  77  30
 281  77  30
 295  77  30
  51  79  30
 343  80  30
 319  82  30
  63  84  30
  70  84  30
  77  84  30
  84  84  30
  91  84  30
  98  84  30
 105  84  30
 112  84  30
 119  84  30
 126  84  30
 133  84  30
 140  84  30
 147  84  30
 154  84  30
 161  84  30
 168  84  30
 175  84  30
 182  84  30
 189  84  30
 196  84  30
 203  84  30
 210  84  30
 217  84  30
 224  84  30
 231  84  30
 238  84  30
 245  84  30
 252  84  30
 259  84  30
 266  84  30
 273  84  30
 313  84  30
  50  86  30
  57  86  30
 344  87  30
  73  92  30
  80  92  30
  87  92  30
  94  92  30
 101  92  30
 108  92  30
 115  92  30
 122  92  30
 129  92  30
 136  92  30
 143  92  30
 150  92  30
 157  92  30
 164  92  30
 171  92  30
 178  92  30
 185  92  30
 192  92  30
 199  92  30
 206  92  30
 213  92  30
 220  92  30
 227  92  30
 234  92  30
 241  92  30
 248  92  30
 255  92  30
 262  92  30
 269  92  30
  56  93  30
 330  94  30
 344  94  30
 351  94  30
 313  98  30
  81  99  30
  88  99  30
  95  99  30
 102  99  30
 109  99  30
 116  99  30
 123  99  30
 130  99  30
 137  99  30
 144  99  30
 151  99  30
 158  99  30
 165  99  30
 172  99  30
 179  99  30
 186  99  30
 193  99  30
 200  99  30
 207  99  30
 214  99  30
 221  99  30
 228  99  30
 235  99  30
 242  99  30
 249  99  30
 256  99  30
 263  99  30
 270  99  30
 304  99  30
 341 101  30
  66 104  30
  87 106  30
  94 106  30
 101 106  30
 108 106  30
 115 106  30
 122 106  30
 129 106  30
 136 106  30
 143 106  30
 150 106  30
 157 106  30
 164 106  30
 171 106  30
 178 106  30
 185 106  30
 192 106  30
 199 106  30
 206 106  30
 213 106  30
 220 106  30
 227 106  30
 234 106  30
 241 106  30
 248 106  30
 255 106  30
 262 106  30
 269 106  30
  49 107  30
  58 107  30
  17 109  30
  10 110  30
  66 111  30
  73 112  30
  86 112  30
  25 113  30
  93 113  30
 100 113  30
 107 113  30
 114 113  30
 121 113  30
 128 113  30
 135 113  30
 142 113  30
 149 113  30
 156 113  30
 163 113  30
 170 113  30
 177 113  30
 184 113  30
 191 113  30
 198 113  30
 205 113  30
 212 113  30
 219 113  30
 226 113  30
 233 113  30
 240 113  30
 247 113  30
 254 113  30
 261 113  30
 268 113  30
 293 115  30
 355 116  30
 324 117  30
  72 118  30
  92 119  30
  99 120  30
 106 120  30
 113 120  30
 120 120  30
 127 120  30
 134 120  30
 141 120  30
 148 120  30
 155 120  30
 162 120  30
 169 120  30
 176 120  30
 183 120  30
 190 120  30
 197 120  30
 204 120  30
 211 120  30
 218 120  30
 225 120  30
 232 120  30
 239 120  30
 246 120  30
 253 120  30
 260 120  30
 267 120  30
 336 123  30
  90 125  30
  98 126  30
  75 127  30
 105 127  30
 112 127  30
 119 127  30
 126 127  30
 133 127  30
 140 127  30
 147 127  30
 154 127  30
 161 127  30
 168 127  30
 175 127  30
 182 127  30
 189 127  30
 196 127  30
 203 127  30
 210 127  30
 217 127  30
 224 127  30
 231 127  30
 238 127  30
 245 127  30
 252 127  30
 259 127  30
 266 127  30
 350 127  30
  45 131  30
  89 131  30
 307 131  30
  96 132  30
  22 133  30
  82 133  30
 104 133  30
  66 134  30
 111 134  30
 118 134  30
 125 134  30
 132 134  30
 139 134  30
 146 134  30
 153 134  30
 160 134  30
 167 134  30
 174 134  30
 181 134  30
 188 134  30
 195 134  30
 202 134  30
 209 134  30
 216 134  30
 223 134  30
 230 134  30
 237 134  30
 244 134  30
 251 134  30
 265 134  30
 272 134  30
   4 136  30
  95 138  30
 317 138  30
  89 139  30
 102 139  30
  54 140  30
 110 140  30
 117 141  30
 124 141  30
 131 141  30
 138 141  30
 145 141  30
 152 141  30
 159 141  30
 166 141  30
 173 141  30
 180 141  30
 187 141  30
 194 141  30
 201 141  30
 208 141  30
 215 141  30
 222 141  30
 229 141  30
 236 141  30
 243 141  30
  13 142  30
 101 145  30
  95 146  30
 108 146  30
 319 146  30
 116 147  30
 123 148  30
 130 148  30
 137 148  30
 144 148  30
 151 148  30
 158 148  30
 165 148  30
 172 148  30
 179 148  30
 186 148  30
 193 148  30
 200 148  30
 207 148  30
 214 148  30
 221 148  30
 228 148  30
 235 148  30
 242 148  30
  43 149  30
  21 152  30
 107 152  30
 254 152  30
 101 153  30
 114 153  30
 281 153  30
  29 154  30
 122 154  30
 312 154  30
  67 155  30
 129 155  30
 136 155  30
 143 155  30
 150 155  30
 157 155  30
 164 155  30
 171 155  30
 178 155  30
 185 155  30
 192 155  30
 199 155  30
 206 155  30
 213 155  30
 220 155  30
 227 155  30
   1 156  30
 328 158  30
  43 159  30
 120 160  30
  93 162  30
 226 162  30
  15 164  30
 340 164  30
  49 166  30
 294 167  30
  23 168  30
 313 168  30
  71 169  30
  85 169  30
 348 169  30
  94 170  30
 101 170  30
 132 173  30
 139 173  30
 146 173  30
 153 173  30
 160 173  30
 167 173  30
 174 173  30
 181 173  30
 188 173  30
 195 173  30
 202 173  30
 209 173  30
 216 173  30
 310 173  30
  77 176  30
 105 178  30
 355 178  30
   2 179  30
  33 179  30
 114 179  30
 121 179  30
 128 179  30
  10   3  31
 359   3  31
 344   6  31
  18  13  31
 334  14  31
 328  15  31
  17  21  31
 341  21  31
  43  31  31
  50  31  31
  57  31  31
  64  31  31
  71  31  31
  78  31  31
  85  31  31
  92  31  31
  99  31  31
 106  31  31
 113  31  31
 120  31  31
 127  31  31
 134  31  31
 141  31  31
 148  31  31
 155  31  31
 162  31  31
 169  31  31
 176  31  31
 183  31  31
 190  31  31
 197  31  31
 204  31  31
 211  31  31
 218  31  31
 225  31  31
 232  31  31
 239  31  31
 246  31  31
 253  31  31
 260  31  31
 267  31  31
 274  31  31
 281  31  31
 288  31  31
 295  31  31
 302  31  31
 309  31  31
 342  32  31
 304  39  31
 331  40  31
  16  41  31
  24  41  31
 316  46  31
   3  51  31
  23  55  31
 356  55  31
 319  62  31
 343  68  31
   9  72  31
 354  72  31
  18  76  31
 330  78  31
  15  84  31
 281  84  31
 298  85  31
 286  92  31
   4  95  31
  21  95  31
  36  95  31
  44  99  31
 328 101  31
  29 103  31
 317 106  31
  43 110  31
  57 113  31
   9 117  31
 317 118  31
  49 120  31
  67 128  31
 280 129  31
 334 129  31
  39 132  31
  30 137  31
 254 142  31
  76 144  31
 356 144  31
  87 145  31
  54 147  31
 341 147  31
  10 149  31
   5 152  31
 289 156  31
  75 158  31
 108 159  31
 311 160  31
 128 161  31
 233 163  31
 281 163  31
 255 164  31
 305 165  31
 327 167  31
 280 169  31
 263 170  31
 237 171  31
 223 172  31
 301 173  31
 340 173  31
  67 174  31
  57 175  31
  21 176  31
 265 178  31
 274 178  31
  85 179  31
 283 179  31
 322 179  31
  15   0  32
  22   0  32
  29   0  32
  36   0  32
  43   0  32
  50   0  32
  57   0  32
  64   0  32
  71   0  32
  78   0  32
  85   0  32
  92   0  32
  99   0  32
 106   0  32
 113   0  32
 120   0  32
 127   0  32
 134   0  32
 141   0  32
 148   0  32
 155   0  32
 162   0  32
 169   0  32
 176   0  32
 183   0  32
 190   0  32
 197   0  32
 204   0  32
 211   0  32
 218   0  32
 225   0  32
 232   0  32
 239   0  32
 246   0  32
 253   0  32
 260   0  32
 267   0  32
 274   0  32
 281   0  32
 288   0  32
 295   0  32
 302   0  32
 330   0  32
   7   8  32
   0  10  32
  30  11  32
  37  11  32
  44  11  32
  51  11  32
  58  11  32
  65  11  32
  72  11  32
  79  11  32
  86  11  32
  93  11  32
 100  11  32
 107  11  32
 114  11  32
 121  11  32
 128  11  32
 135  11  32
 142  11  32
 149  11  32
 156  11  32
 163  11  32
 170  11  32
 177  11  32
 184  11  32
 191  11  32
 198  11  32
 205  11  32
 212  11  32
 219  11  32
 226  11  32
 233  11  32
 240  11  32
 247  11  32
 254  11  32
 261  11  32
 268  11  32
 275  11  32
 282  11  32
 289  11  32
 296  11  32
 303  11  32
 310  11  32
 317  11  32
 345  13  32
 330  23  32
  25  30  32
 321  39  32
 337  39  32
 358  39  32
 348  40  32
  36  43  32
  44  44  32
  51  44  32
  58  44  32
  65  44  32
  72  44  32
  79  44  32
  86  44  32
  93  44  32
 100  44  32
 107  44  32
 114  44  32
 121  44  32
 128  44  32
 135  44  32
 142  44  32
 149  44  32
 156  44  32
 163  44  32
 170  44  32
 177  44  32
 184  44  32
 191  44  32
 198  44  32
 205  44  32
 212  44  32
 219  44  32
 226  44  32
 233  44  32
 240  44  32
 247  44  32
 254  44  32
 261  44  32
 268  44  32
 275  44  32
 282  44  32
 289  44  32
 305  46  32
 308  54  32
 315  54  32
  38  57  32
 344  57  32
  10  58  32
 351  58  32
 335  61  32
  40  66  32
 301  71  32
  32  72  32
 302  79  32
  26  81  32
   5  83  32
 318  92  32
 358  96  32
  54  98  32
  19 101  32
 303 105  32
   3 108  32
 345 109  32
 305 115  32
  18 116  32
 341 117  32
  39 119  32
  31 120  32
 282 121  32
 313 122  32
  10 124  32
 325 127  32
  30 129  32
   5 130  32
 342 130  32
  59 132  32
 291 133  32
  73 136  32
 304 137  32
 343 139  32
  41 140  32
 264 140  32
 273 141  32
  20 144  32
 262 146  32
 301 146  32
 350 147  32
 333 149  32
  37 150  32
  84 150  32
 249 154  32
  49 156  32
 298 158  32
 320 158  32
  24 160  32
 101 162  32
 135 162  32
 142 162  32
 149 162  32
 156 162  32
 163 162  32
 170 162  32
 177 162  32
 184 162  32
 191 162  32
 198 162  32
 205 162  32
 212 162  32
 219 162  32
 254 172  32
 238 178  32
 249 179  32
 290 179  32
 309   0  33
  22   9  33
 357  15  33
  25  19  33
 353  19  33
 321  20  33
   7  28  33
 323  28  33
 347  28  33
   7  38  33
 356  45  33
  14  46  33
  22  48  33
  30  48  33
 328  48  33
 338  48  33
  45  51  33
  52  51  33
  59  51  33
  66  51  33
  73  51  33
  80  51  33
  87  51  33
  94  51  33
 101  51  33
 108  51  33
 115  51  33
 122  51  33
 129  51  33
 136  51  33
 143  51  33
 150  51  33
 157  51  33
 164  51  33
 171  51  33
 178  51  33
 185  51  33
 192  51  33
 199  51  33
 206  51  33
 213  51  33
 220  51  33
 227  51  33
 234  51  33
 241  51  33
 248  51  33
 255  51  33
 262  51  33
 269  51  33
 276  51  33
 283  51  33
 290  51  33
 323  52  33
   4  60  33
  20  60  33
 302  60  33
  31  61  33
   0  64  33
 336  72  33
  43  74  33
 288  76  33
   6  77  33
 355  79  33
  42  82  33
 350  82  33
  34  83  33
 292  86  33
  13  89  33
 323  89  33
  41  91  33
 279  91  33
  28  92  33
 276  98  33
  75  99  33
 290 101  33
 347 101  33
 354 101  33
   6 103  33
 322 103  33
  36 104  33
 310 105  33
 330 109  33
 337 109  33
  17 122  33
 303 122  33
 355 122  33
  47 125  33
 320 130  33
 278 134  33
 328 135  33
  18 136  33
 312 140  33
  61 142  33
 280 142  33
  68 149  33
  76 151  33
 348 153  33
  60 154  33
 241 154  33
 261 154  33
  36 156  33
   8 160  33
  57 160  33
 273 162  33
 116 163  33
 319 165  33
   5 167  33
 358 167  33
 115 169  33
  36 170  33
  48 172  33
 294 173  33
 327 174  33
 334 174  33
  91 175  33
 231 177  33
  16 178  33
  39 178  33
   8 179  33
 138 179  33
 145 179  33
 152 179  33
 159 179  33
 166 179  33
 173 179  33
 180 179  33
 187 179  33
 194 179  33
 201 179  33
 208 179  33
 215 179  33
 222 179  33
 308 179  33
 319   0  34
 337   0  34
 344   0  34
 331   7  34
 322   8  34
   8  15  34
  32  19  34
  39  19  34
  46  19  34
  53  19  34
  60  19  34
  67  19  34
  74  19  34
  81  19  34
  88  19  34
  95  19  34
 102  19  34
 109  19  34
 116  19  34
 123  19  34
 130  19  34
 137  19  34
 144  19  34
 151  19  34
 158  19  34
 165  19  34
 172  19  34
 179  19  34
 186  19  34
 193  19  34
 200  19  34
 207  19  34
 214  19  34
 221  19  34
 228  19  34
 235  19  34
 242  19  34
 249  19  34
 256  19  34
 263  19  34
 270  19  34
 277  19  34
 284  19  34
 291  19  34
 298  19  34
 335  21  34
 354  26  34
  18  29  34
 315  29  34
  33  34  34
 295  41  34
 351  48  34
 297  49  34
   9  51  34
 309  61  34
 350  64  34
  16  65  34
 337  79  34
 324  80  34
  21  83  34
 333  85  34
   0  87  34
 305  87  34
  47  90  34
  63  90  34
 300  92  34
  11  96  34
  62  97  34
 274 105  34
 283 105  34
  26 107  34
 298 107  34
 356 109  34
  36 111  34
 324 111  34
  50 113  34
 279 113  34
  79 114  34
 298 114  34
  64 115  34
 289 117  34
   1 118  34
  60 120  34
  78 120  34
 330 121  34
 291 125  34
 258 132  34
 356 132  34
  51 133  34
 350 133  34
 335 136  34
  46 137  34
  80 137  34
 286 137  34
  26 140  34
   6 142  34
 249 145  34
 308 145  34
 291 146  34
  48 148  34
 316 149  34
  94 151  34
 270 151  34
 325 151  34
 300 152  34
 234 153  34
  17 154  34
 278 156  34
 338 157  34
 356 157  34
  86 158  34
 257 159  34
 346 159  34
  31 160  34
 286 160  34
  68 161  34
 248 161  34
  19 162  34
  82 162  34
 334 162  34
  39 164  34
 298 165  34
  55 166  34
 124 166  34
 270 167  34
 133 168  34
 226 168  34
 246 169  34
  78 171  34
 107 172  34
 319 172  34
 346 173  34
  27 174  34
  99 176  34
  47 178  34
  64 178  34
  74 179  34
 315 179  34
   2   0  35
 352   5  35
 338   8  35
 310  17  35
 304  18  35
   5  20  35
 330  29  35
  40  34  35
 324  35  35
  25  36  35
  49  36  35
  56  36  35
  63  36  35
  70  36  35
  77  36  35
  84  36  35
  91  36  35
  98  36  35
 105  36  35
 112  36  35
 119  36  35
 126  36  35
 133  36  35
 140  36  35
 147  36  35
 154  36  35
 161  36  35
 168  36  35
 175  36  35
 182  36  35
 189  36  35
 196  36  35
 203  36  35
 210  36  35
 217  36  35
 224  36  35
 231  36  35
 238  36  35
 245  36  35
 252  36  35
 259  36  35
 266  36  35
 273  36  35
 280  36  35
 287  36  35
 308  36  35
 310  44  35
 343  46  35
  38  50  35
 335  55  35
 322  58  35
  46  59  35
  53  59  35
  60  59  35
  67  59  35
  74  59  35
  81  59  35
  88  59  35
  95  59  35
 102  59  35
 109  59  35
 116  59  35
 123  59  35
 130  59  35
 137  59  35
 144  59  35
 151  59  35
 158  59  35
 165  59  35
 172  59  35
 179  59  35
 186  59  35
 193  59  35
 200  59  35
 207  59  35
 214  59  35
 221  59  35
 228  59  35
 235  59  35
 242  59  35
 249  59  35
 256  59  35
 263  59  35
 270  59  35
 277  59  35
 284  59  35
 291  59  35
 326  66  35
  11  68  35
 292  68  35
 308  68  35
 319  68  35
 358  69  35
  48  72  35
  21  73  35
 344  74  35
 308  75  35
  56  81  35
  68  87  35
  75  87  35
  82  87  35
  89  87  35
  96  87  35
 103  87  35
 110  87  35
 117  87  35
 124  87  35
 131  87  35
 138  87  35
 145  87  35
 152  87  35
 159  87  35
 166  87  35
 173  87  35
 180  87  35
 187  87  35
 194  87  35
 201  87  35
 208  87  35
 215  87  35
 222  87  35
 229  87  35
 236  87  35
 243  87  35
 250  87  35
 257  87  35
 264  87  35
 271  87  35
 349  88  35
 341  89  35
 332  91  35
 308  95  35
 293  96  35
 332  99  35
  50 101  35
  41 102  35
  61 103  35
  70 103  35
  13 104  35
  82 106  35
 271 111  35
 309 112  35
 317 112  35
 347 116  35
  87 117  35
 334 117  35
 270 118  35
  25 120  35
  71 122  35
 297 123  35
  56 124  35
 342 124  35
 269 125  35
  41 126  35
  86 126  35
 311 127  35
  80 128  35
  17 129  35
  24 129  35
  73 130  35
 297 133  35
   9 137  35
 321 137  35
 256 138  35
  66 139  35
 294 140  35
 358 140  35
  36 142  35
 329 142  35
  16 147  35
 275 148  35
  27 149  35
 283 150  35
 357 150  35
 307 153  35
  92 157  35
 237 161  35
  65 166  35
  27 167  35
  96 167  35
 351 167  35
  12 168  35
 142 168  35
 149 168  35
 156 168  35
 163 168  35
 170 168  35
 177 168  35
 184 168  35
 191 168  35
 198 168  35
 205 168  35
 212 168  35
 286 170  35
 123 173  35
 359 174  35
 116 176  35
  55 179  35
 255 179  35
 342 179  35
  28   5  36
  35   5  36
  42   5  36
  49   5  36
  56   5  36
  63   5  36
  70   5  36
  77   5  36
  84   5  36
  91   5  36
  98   5  36
 105   5  36
 112   5  36
 119   5  36
 126   5  36
 133   5  36
 140   5  36
 147   5  36
 154   5  36
 161   5  36
 168   5  36
 175   5  36
 182   5  36
 189   5  36
 196   5  36
 203   5  36
 210   5  36
 217   5  36
 224   5  36
 231   5  36
 238   5  36
 245   5  36
 252   5  36
 259   5  36
 266   5  36
 273   5  36
 280   5  36
 287   5  36
 294   5  36
 301   5  36
  15   7  36
 349  10  36
  13  13  36
 339  15  36
 324  16  36
  22  23  36
   0  25  36
  30  26  36
  39  26  36
  46  26  36
  53  26  36
  60  26  36
  67  26  36
  74  26  36
  81  26  36
  88  26  36
  95  26  36
 102  26  36
 109  26  36
 116  26  36
 123  26  36
 130  26  36
 137  26  36
 144  26  36
 151  26  36
 158  26  36
 165  26  36
 172  26  36
 179  26  36
 186  26  36
 193  26  36
 200  26  36
 207  26  36
 214  26  36
 221  26  36
 228  26  36
 235  26  36
 242  26  36
 249  26  36
 256  26  36
 263  26  36
 270  26  36
 277  26  36
 284  26  36
 291  26  36
 298  26  36
 305  26  36
 336  28  36
  14  33  36
 347  34  36
 359  34  36
 314  35  36
 297  36  36
 341  37  36
 319  44  36
 359  52  36
  29  54  36
 329  59  36
 341  63  36
  27  65  36
 300  65  36
  54  66  36
  61  66  36
  68  66  36
  75  66  36
  82  66  36
  89  66  36
  96  66  36
 103  66  36
 110  66  36
 117  66  36
 124  66  36
 131  66  36
 138  66  36
 145  66  36
 152  66  36
 159  66  36
 166  66  36
 173  66  36
 180  66  36
 187  66  36
 194  66  36
 201  66  36
 208  66  36
 215  66  36
 222  66  36
 229  66  36
 236  66  36
 243  66  36
 250  66  36
 257  66  36
 264  66  36
 271  66  36
 278  66  36
  36  68  36
 286  69  36
 349  70  36
 316  73  36
  28  74  36
  56  74  36
  63  74  36
  70  74  36
  77  74  36
  84  74  36
  91  74  36
  98  74  36
 105  74  36
 112  74  36
 119  74  36
 126  74  36
 133  74  36
 140  74  36
 147  74  36
 154  74  36
 161  74  36
 168  74  36
 175  74  36
 182  74  36
 189  74  36
 196  74  36
 203  74  36
 210  74  36
 217  74  36
 224  74  36
 231  74  36
 238  74  36
 245  74  36
 252  74  36
 259  74  36
 266  74  36
 273  74  36
 280  74  36
 359  76  36
  13  77  36
 296  80  36
 316  80  36
  48  81  36
 274  82  36
 309  82  36
 285  83  36
  31  87  36
  19  89  36
  54  89  36
  83  94  36
  90  94  36
  97  94  36
 104  94  36
 111  94  36
 118  94  36
 125  94  36
 132  94  36
 139  94  36
 146  94  36
 153  94  36
 160  94  36
 167  94  36
 174  94  36
 181  94  36
 188  94  36
 195  94  36
 202  94  36
 209  94  36
 216  94  36
 223  94  36
 230  94  36
 237  94  36
 244  94  36
 251  94  36
 258  94  36
 265  94  36
 314  94  36
 340  95  36
  26  97  36
 282  98  36
 301  99  36
  86 102  36
  93 102  36
 100 102  36
 107 102  36
 114 102  36
 121 102  36
 128 102  36
 135 102  36
 142 102  36
 149 102  36
 156 102  36
 163 102  36
 170 102  36
 177 102  36
 184 102  36
 191 102  36
 198 102  36
 205 102  36
 212 102  36
 219 102  36
 226 102  36
 233 102  36
 240 102  36
 247 102  36
 254 102  36
 261 102  36
 340 103  36
  21 109  36
  69 109  36
  92 110  36
  99 110  36
 106 110  36
 113 110  36
 120 110  36
 127 110  36
 134 110  36
 141 110  36
 148 110  36
 155 110  36
 162 110  36
 169 110  36
 176 110  36
 183 110  36
 190 110  36
 197 110  36
 204 110  36
 211 110  36
 218 110  36
 225 110  36
 232 110  36
 239 110  36
 246 110  36
 253 110  36
 260 110  36
 351 111  36
  10 113  36
  32 115  36
  44 115  36
  94 118  36
 101 118  36
 108 118  36
 115 118  36
 122 118  36
 129 118  36
 136 118  36
 143 118  36
 150 118  36
 157 118  36
 164 118  36
 171 118  36
 178 118  36
 185 118  36
 192 118  36
 199 118  36
 206 118  36
 213 118  36
 220 118  36
 227 118  36
 234 118  36
 241 118  36
 248 118  36
 255 118  36
 322 120  36
 278 123  36
 348 123  36
  93 125  36
  33 126  36
 101 126  36
 108 126  36
 115 126  36
 122 126  36
 129 126  36
 136 126  36
 143 126  36
 150 126  36
 157 126  36
 164 126  36
 171 126  36
 178 126  36
 185 126  36
 192 126  36
 199 126  36
 206 126  36
 213 126  36
 220 126  36
 227 126  36
 234 126  36
 241 126  36
 248 126  36
 261 126  36
  11 130  36
  64 130  36
 303 131  36
 269 132  36
  94 133  36
 101 133  36
  36 134  36
  88 134  36
 114 134  36
 121 134  36
 128 134  36
 135 134  36
 142 134  36
 149 134  36
 156 134  36
 163 134  36
 170 134  36
 177 134  36
 184 134  36
 191 134  36
 198 134  36
 205 134  36
 212 134  36
 219 134  36
 226 134  36
 233 134  36
 240 134  36
 247 134  36
 312 134  36
 347 137  36
 113 140  36
  88 141  36
  96 141  36
 107 141  36
 121 142  36
 128 142  36
 135 142  36
 142 142  36
 149 142  36
 156 142  36
 163 142  36
 170 142  36
 177 142  36
 184 142  36
 191 142  36
 198 142  36
 205 142  36
 212 142  36
 219 142  36
 226 142  36
 233 142  36
 240 142  36
  55 143  36
 319 143  36
 336 143  36
 344 145  36
 104 147  36
 119 148  36
 113 149  36
 127 150  36
 134 150  36
 141 150  36
 148 150  36
 155 150  36
 162 150  36
 169 150  36
 176 150  36
 183 150  36
 190 150  36
 197 150  36
 204 150  36
 211 150  36
 218 150  36
 225 150  36
 339 151  36
 291 153  36
  10 154  36
 104 154  36
  43 155  36
 112 155  36
  70 156  36
 121 156  36
 221 158  36
 228 158  36
 326 159  36
 304 160  36
  45 163  36
 107 163  36
  77 164  36
 343 165  36
 231 166  36
 218 167  36
 332 167  36
  90 168  36
  19 169  36
 257 169  36
 310 169  36
 242 172  36
 268 172  36
 278 172  36
 305 172  36
 130 174  36
 301 178  36
 108 179  36
 325   0  37
 354   0  37
 307   4  37
 315   5  37
   2   7  37
 330  13  37
 315  15  37
 347  18  37
  15  22  37
 331  36  37
  20  41  37
   5  42  37
 329  43  37
 303  49  37
  19  52  37
 346  54  37
 354  56  37
 313  58  37
  42  62  37
 337  67  37
   5  70  37
 327  73  37
  37  76  37
   7  88  37
 282  88  37
 357  91  37
  76  94  37
  18  95  37
 324  95  37
 349  95  37
   0 102  37
 315 102  37
  58 107  37
 290 107  37
   4 114  37
 261 117  37
 286 127  37
 330 127  37
   0 128  37
 339 133  37
 266 137  37
  75 141  37
  83 144  37
 255 145  37
   2 148  37
 243 150  37
 264 151  37
  24 153  37
 314 154  37
 128 157  37
 135 157  37
 142 157  37
 149 157  37
 156 157  37
 163 157  37
 170 157  37
 177 157  37
 184 157  37
 191 157  37
 198 157  37
 205 157  37
 212 157  37
 353 161  37
 312 163  37
 293 167  37
  53 171  37
  63 171  37
   4 172  37
  85 174  37
 224 175  37
 353 175  37
 260 177  37
  80 178  37
 277 178  37
  22 179  37
 243 179  37
 268 179  37
 295 179  37
 325 179  37
 333 179  37
   8   0  38
  18   0  38
  28  12  38
  35  12  38
  42  12  38
  49  12  38
  56  12  38
  63  12  38
  70  12  38
  77  12  38
  84  12  38
  91  12  38
  98  12  38
 105  12  38
 112  12  38
 119  12  38
 126  12  38
 133  12  38
 140  12  38
 147  12  38
 154  12  38
 161  12  38
 168  12  38
 175  12  38
 182  12  38
 189  12  38
 196  12  38
 203  12  38
 210  12  38
 217  12  38
 224  12  38
 231  12  38
 238  12  38
 245  12  38
 252  12  38
 259  12  38
 266  12  38
 273  12  38
 280  12  38
 287  12  38
 294  12  38
 359  12  38
 317  23  38
 342  23  38
   6  33  38
 355  38  38
  33  40  38
  40  40  38
  13  41  38
  48  43  38
  55  43  38
  62  43  38
  69  43  38
  76  43  38
  83  43  38
  90  43  38
  97  43  38
 104  43  38
 111  43  38
 118  43  38
 125  43  38
 132  43  38
 139  43  38
 146  43  38
 153  43  38
 160  43  38
 167  43  38
 174  43  38
 181  43  38
 188  43  38
 195  43  38
 202  43  38
 209  43  38
 216  43  38
 223  43  38
 230  43  38
 237  43  38
 244  43  38
 251  43  38
 258  43  38
 265  43  38
 272  43  38
 279  43  38
 286  43  38
   2  47  38
 310  50  38
 317  50  38
 296  54  38
   7  57  38
  15  59  38
 300  73  38
 343  80  38
  10  82  38
  39  84  38
 317  87  38
 271  93  38
  38  94  38
  70  95  38
  55  96  38
   5  97  38
  33  97  38
 327 103  38
  30 105  38
  49 107  38
 281 109  38
  15 111  38
 338 114  38
 293 115  38
 305 118  38
 285 119  38
 315 119  38
  42 120  38
  12 121  38
 322 127  38
  53 128  38
 277 129  38
  16 139  38
 282 139  38
  44 141  38
 301 141  38
 264 143  38
  32 146  38
  72 146  38
 327 147  38
  63 148  38
  54 149  38
  81 150  38
 250 151  38
  51 155  38
   2 158  38
  99 158  38
 274 158  38
 265 159  38
 321 162  38
 328 170  38
  41 171  38
  72 172  38
 340 172  38
  34 173  38
 140 173  38
 233 174  38
 286 176  38
  96 179  38
 332   0  39
 301  11  39
  22  13  39
 355  17  39
 324  23  39
 310  24  39
  12  26  39
 351  28  39
  24  30  39
 304  38  39
 349  41  39
  28  43  39
 336  44  39
  42  48  39
 326  50  39
  55  51  39
  62  51  39
  69  51  39
  76  51  39
  83  51  39
  90  51  39
  97  51  39
 104  51  39
 111  51  39
 118  51  39
 125  51  39
 132  51  39
 139  51  39
 146  51  39
 153  51  39
 160  51  39
 167  51  39
 174  51  39
 181  51  39
 188  51  39
 195  51  39
 202  51  39
 209  51  39
 216  51  39
 223  51  39
 230  51  39
 237  51  39
 244  51  39
 251  51  39
 258  51  39
 265  51  39
 272  51  39
 279  51  39
 286  51  39
  34  52  39
 338  52  39
 304  56  39
  27  59  39
   2  61  39
  35  61  39
 353  62  39
  22  67  39
 333  71  39
  19  77  39
 351  77  39
 288  79  39
  63  80  39
  70  80  39
  77  80  39
  84  80  39
  91  80  39
  98  80  39
 105  80  39
 112  80  39
 119  80  39
 126  80  39
 133  80  39
 140  80  39
 147  80  39
 154  80  39
 161  80  39
 168  80  39
 175  80  39
 182  80  39
 189  80  39
 196  80  39
 203  80  39
 210  80  39
 217  80  39
 224  80  39
 231  80  39
 238  80  39
 245  80  39
 252  80  39
 259  80  39
 266  80  39
 334  81  39
 324  85  39
 296  86  39
  25  89  39
 292  90  39
  45  93  39
 287  96  39
  16 101  39
 267 101  39
 308 101  39
 350 102  39
 301 105  39
 336 106  39
  39 107  39
  77 107  39
  57 114  39
  69 115  39
 325 116  39
  17 119  39
 354 119  39
  65 121  39
   3 124  39
 336 124  39
 254 125  39
 304 125  39
  41 132  39
 107 133  39
  25 135  39
 325 135  39
   2 136  39
  57 137  39
 275 139  39
 306 139  39
 354 143  39
  43 147  39
  95 147  39
 299 147  39
  10 148  39
 233 148  39
 351 151  39
  75 154  39
 281 154  39
  33 155  39
  63 155  39
 240 156  39
 330 156  39
 250 158  39
  22 159  39
 290 159  39
 298 160  39
  11 161  39
  50 161  39
 112 161  39
 119 161  39
 283 162  39
  58 163  39
 127 163  39
   1 164  39
 262 164  39
  31 165  39
 247 165  39
 101 166  39
 320 168  39
  11 173  39
 148 174  39
 155 174  39
 162 174  39
 169 174  39
 176 174  39
 183 174  39
 190 174  39
 197 174  39
 204 174  39
 211 174  39
 317 175  39
 249 178  39
  32 179  39
  43 179  39
  69 179  39
 123 179  39
 348 179  39
 340   0  40
 347   0  40
 321   4  40
 343   9  40
   7  17  40
  36  19  40
  43  19  40
  50  19  40
  57  19  40
  64  19  40
  71  19  40
  78  19  40
  85  19  40
  92  19  40
  99  19  40
 106  19  40
 113  19  40
 120  19  40
 127  19  40
 134  19  40
 141  19  40
 148  19  40
 155  19  40
 162  19  40
 169  19  40
 176  19  40
 183  19  40
 190  19  40
 197  19  40
 204  19  40
 211  19  40
 218  19  40
 225  19  40
 232  19  40
 239  19  40
 246  19  40
 253  19  40
 260  19  40
 267  19  40
 274  19  40
 281  19  40
 288  19  40
 295  19  40
  30  20  40
 331  20  40
 290  32  40
 318  32  40
 292  41  40
 322  41  40
  22  48  40
  11  50  40
 345  60  40
 303  62  40
 312  64  40
  13  65  40
 294  65  40
 321  65  40
  50  68  40
  42  69  40
 293  73  40
 323  76  40
  27  79  40
 302  81  40
  46  85  40
  57  86  40
 344  87  40
 304  89  40
 277  90  40
  63  95  40
 274 101  40
 323 106  40
 265 109  40
 274 109  40
 297 109  40
 311 109  40
 345 110  40
  87 111  40
  76 114  40
 358 114  40
  26 116  40
  50 116  40
  85 120  40
  35 122  40
  59 122  40
  77 122  40
 293 124  40
 313 124  40
  26 125  40
  47 129  40
 347 129  40
  78 131  40
 254 132  40
  61 133  40
  71 133  40
 285 133  40
 330 133  40
 293 134  40
 100 139  40
  23 140  40
 246 140  40
 290 142  40
 315 145  40
 285 147  40
 272 150  40
  90 151  40
 295 151  40
 257 152  40
 345 152  40
 335 153  40
 232 154  40
  84 159  40
 344 160  40
 220 163  40
  68 164  40
 135 164  40
 143 164  40
 150 164  40
 157 164  40
 164 164  40
 171 164  40
 178 164  40
 185 164  40
 192 164  40
 199 164  40
 206 164  40
 235 164  40
 273 164  40
  22 166  40
  84 167  40
  46 169  40
 113 169  40
  97 172  40
 217 173  40
 110 175  40
 336 175  40
 137 177  40
  50 178  40
  60 178  40
 311 178  40
   4 179  40
  27   0  41
  34   0  41
  41   0  41
  48   0  41
  55   0  41
  62   0  41
  69   0  41
  76   0  41
  83   0  41
  90   0  41
  97   0  41
 104   0  41
 111   0  41
 118   0  41
 125   0  41
 132   0  41
 139   0  41
 146   0  41
 153   0  41
 160   0  41
 167   0  41
 174   0  41
 181   0  41
 188   0  41
 195   0  41
 202   0  41
 209   0  41
 216   0  41
 223   0  41
 230   0  41
 237   0  41
 244   0  41
 251   0  41
 258   0  41
 265   0  41
 272   0  41
 279   0  41
 286   0  41
 293   0  41
 300   0  41
   5   4  41
 331   6  41
 307  10  41
 318  12  41
  19  17  41
   3  21  41
 354  23  41
  36  29  41
 341  29  41
  45  30  41
  52  30  41
  59  30  41
  66  30  41
  73  30  41
  80  30  41
  87  30  41
  94  30  41
 101  30  41
 108  30  41
 115  30  41
 122  30  41
 129  30  41
 136  30  41
 143  30  41
 150  30  41
 157  30  41
 164  30  41
 171  30  41
 178  30  41
 185  30  41
 192  30  41
 199  30  41
 206  30  41
 213  30  41
 220  30  41
 227  30  41
 234  30  41
 241  30  41
 248  30  41
 255  30  41
 262  30  41
 269  30  41
 276  30  41
 297  30  41
 304  30  41
 324  30  41
 334  31  41
  20  33  41
  32  33  41
 312  38  41
 339  40  41
 300  42  41
 348  47  41
  51  54  41
  42  55  41
 318  57  41
 334  57  41
  63  58  41
  70  58  41
  77  58  41
  84  58  41
  91  58  41
  98  58  41
 105  58  41
 112  58  41
 119  58  41
 126  58  41
 133  58  41
 140  58  41
 147  58  41
 154  58  41
 161  58  41
 168  58  41
 175  58  41
 182  58  41
 189  58  41
 196  58  41
 203  58  41
 210  58  41
 217  58  41
 224  58  41
 231  58  41
 238  58  41
 245  58  41
 252  58  41
 259  58  41
 266  58  41
 273  58  41
 280  58  41
 327  62  41
 344  69  41
 353  69  41
 305  70  41
  30  71  41
   2  73  41
  51  76  41
 279  78  41
 311  79  41
   0  81  41
 351  84  41
 331  85  41
  71  87  41
  78  87  41
  85  87  41
  92  87  41
  99  87  41
 106  87  41
 113  87  41
 120  87  41
 127  87  41
 134  87  41
 141  87  41
 148  87  41
 155  87  41
 162  87  41
 169  87  41
 176  87  41
 183  87  41
 190  87  41
 197  87  41
 204  87  41
 211  87  41
 218  87  41
 225  87  41
 232  87  41
 239  87  41
 246  87  41
 253  87  41
 260  87  41
   0  88  41
 311  88  41
 328  93  41
 353  93  41
 300  94  41
 337  97  41
  78 101  41
  63 102  41
 282 103  41
   7 104  41
  24 105  41
 358 106  41
  37 112  41
 331 114  41
 274 116  41
 267 118  41
 264 124  41
 354 127  41
  16 131  41
   7 132  41
 315 132  41
  31 134  41
  50 137  41
 355 137  41
 253 138  41
 339 139  41
  11 141  41
 272 143  41
 332 145  41
  23 147  41
 309 147  41
 320 154  41
 306 155  41
  89 157  41
  36 163  41
 212 163  41
 334 164  41
 281 167  41
 299 167  41
 354 167  41
 120 168  41
  77 169  41
 244 169  41
 271 169  41
 290 170  41
  16 171  41
 263 171  41
 346 171  41
 253 174  41
 128 177  41
 231 179  41
 308   0  42
  15   3  42
  25   5  42
 350   8  42
  10  13  42
 340  13  42
 301  17  42
 281  27  42
   9  30  42
   0  32  42
 356  48  42
  19  57  42
 293  58  42
  51  61  42
  59  62  42
  71  66  42
  78  66  42
  85  66  42
  92  66  42
  99  66  42
 106  66  42
 113  66  42
 120  66  42
 127  66  42
 134  66  42
 141  66  42
 148  66  42
 155  66  42
 162  66  42
 169  66  42
 176  66  42
 183  66  42
 190  66  42
 197  66  42
 204  66  42
 211  66  42
 218  66  42
 225  66  42
 232  66  42
 239  66  42
 246  66  42
 253  66  42
 260  66  42
 267  66  42
 274  66  42
 281  66  42
   9  68  42
  58  70  42
  66  71  42
  38  72  42
 340  73  42
 269  74  42
 314  74  42
  15  81  42
  35  86  42
  64  87  42
  12  89  42
 340  90  42
  21  93  42
   9  94  42
  87  95  42
  94  95  42
 101  95  42
 108  95  42
 115  95  42
 122  95  42
 129  95  42
 136  95  42
 143  95  42
 150  95  42
 157  95  42
 164  95  42
 171  95  42
 178  95  42
 185  95  42
 192  95  42
 199  95  42
 206  95  42
 213  95  42
 220  95  42
 227  95  42
 234  95  42
 241  95  42
 248  95  42
 255  95  42
 312  96  42
 319  96  42
 294  97  42
  45  99  42
  83  99  42
  53 100  42
  92 104  42
  99 104  42
 106 104  42
 113 104  42
 120 104  42
 127 104  42
 134 104  42
 141 104  42
 148 104  42
 155 104  42
 162 104  42
 169 104  42
 176 104  42
 183 104  42
 190 104  42
 197 104  42
 204 104  42
 211 104  42
 218 104  42
 225 104  42
 232 104  42
 239 104  42
 246 104  42
 253 104  42
 316 107  42
  95 113  42
 102 113  42
 109 113  42
 116 113  42
 123 113  42
 130 113  42
 137 113  42
 144 113  42
 151 113  42
 158 113  42
 165 113  42
 172 113  42
 179 113  42
 186 113  42
 193 113  42
 200 113  42
 207 113  42
 214 113  42
 221 113  42
 228 113  42
 235 113  42
 242 113  42
 249 113  42
 306 113  42
 319 116  42
 345 117  42
  92 120  42
  48 121  42
 104 121  42
 111 121  42
 118 121  42
 125 121  42
 132 121  42
 139 121  42
 146 121  42
 153 121  42
 160 121  42
 167 121  42
 174 121  42
 181 121  42
 188 121  42
 195 121  42
 202 121  42
 209 121  42
 216 121  42
 223 121  42
 230 121  42
 237 121  42
 244 121  42
 340 121  42
  19 126  42
  86 127  42
  94 129  42
 113 129  42
 120 129  42
 127 129  42
 134 129  42
 141 129  42
 148 129  42
 155 129  42
 162 129  42
 169 129  42
 176 129  42
 183 129  42
 190 129  42
 197 129  42
 204 129  42
 211 129  42
 218 129  42
 225 129  42
 232 129  42
 239 129  42
 246 129  42
 262 130  42
 273 131  42
 343 132  42
 307 133  42
  87 136  42
 115 138  42
 122 138  42
 129 138  42
 136 138  42
 143 138  42
 150 138  42
 157 138  42
 164 138  42
 171 138  42
 178 138  42
 185 138  42
 192 138  42
 199 138  42
 206 138  42
 213 138  42
 220 138  42
 227 138  42
 234 138  42
 109 140  42
 323 140  42
 347 141  42
  65 142  42
  86 142  42
  35 143  42
 243 145  42
 108 146  42
 124 146  42
 131 146  42
 138 146  42
 145 146  42
 152 146  42
 159 146  42
 166 146  42
 173 146  42
 180 146  42
 187 146  42
 194 146  42
 201 146  42
 208 146  42
 215 146  42
 222 146  42
 101 147  42
 117 149  42
  17 150  42
   0 151  42
  39 152  42
 217 154  42
 224 154  42
 102 155  42
  14 156  42
  57 156  42
  73 159  42
  41 160  42
 226 162  42
 339 162  42
 307 163  42
 254 166  42
  56 169  42
 128 170  42
 236 171  42
 299 174  42
 327 175  42
 280 176  42
  25 177  42
 272 177  42
  11 179  42
  75 179  42
  85 179  42
 105 179  42
 358   3  43
  36   8  43
  43   8  43
  50   8  43
  57   8  43
  64   8  43
  71   8  43
  78   8  43
  85   8  43
  92   8  43
  99   8  43
 106   8  43
 113   8  43
 120   8  43
 127   8  43
 134   8  43
 141   8  43
 148   8  43
 155   8  43
 162   8  43
 169   8  43
 176   8  43
 183   8  43
 190   8  43
 197   8  43
 204   8  43
 211   8  43
 218   8  43
 225   8  43
 232   8  43
 239   8  43
 246   8  43
 253   8  43
 260   8  43
 267   8  43
 274   8  43
 281   8  43
 288   8  43
 325  12  43
 334  14  43
 308  17  43
 311  30  43
 349  32  43
  44  37  43
  54  38  43
  61  38  43
  68  38  43
  75  38  43
  82  38  43
  89  38  43
  96  38  43
 103  38  43
 110  38  43
 117  38  43
 124  38  43
 131  38  43
 138  38  43
 145  38  43
 152  38  43
 159  38  43
 166  38  43
 173  38  43
 180  38  43
 187  38  43
 194  38  43
 201  38  43
 208  38  43
 215  38  43
 222  38  43
 229  38  43
 236  38  43
 243  38  43
 250  38  43
 257  38  43
 264  38  43
 271  38  43
 278  38  43
 326  38  43
   0  39  43
  16  39  43
   8  40  43
 311  44  43
  45  45  43
  35  46  43
 292  47  43
 330  47  43
 300  49  43
 343  49  43
 323  53  43
  30  54  43
 309  54  43
   0  65  43
 337  78  43
  47  79  43
 295  80  43
 275  83  43
  27  85  43
 266  86  43
 284  87  43
  54  90  43
  30  99  43
  39 100  43
  71 100  43
 329 100  43
 288 102  43
 346 104  43
  14 105  43
  62 108  43
 333 109  43
   7 111  43
 255 112  43
 287 112  43
  31 114  43
  20 116  43
 298 116  43
   6 118  43
  71 122  43
 283 122  43
 328 123  43
 276 124  43
 101 126  43
  33 127  43
 298 132  43
  39 136  43
 262 137  43
  69 138  43
  78 141  43
   3 145  43
 321 145  43
  56 146  43
 261 146  43
 238 147  43
  49 148  43
 110 154  43
 129 155  43
 136 155  43
 143 155  43
 150 155  43
 157 155  43
 164 155  43
 171 155  43
 178 155  43
 185 155  43
 192 155  43
 199 155  43
 266 155  43
 313 156  43
  26 157  43
 255 157  43
 353 158  43
   7 163  43
 104 163  43
 326 163  43
  65 168  43
 221 170  43
 307 170  43
 355 174  43
  89 175  43
 291 177  43
 145 178  43
 264 178  43
  18 179  43
 238 179  43
 323   0  44
 294   7  44
  13   8  44
 315  16  44
 343  21  44
  14  22  44
  27  23  44
 288  25  44
 284  35  44
  28  36  44
 342  36  44
 355  41  44
  53  44  44
  25  45  44
  63  47  44
  70  47  44
  77  47  44
  84  47  44
  91  47  44
  98  47  44
 105  47  44
 112  47  44
 119  47  44
 126  47  44
 133  47  44
 140  47  44
 147  47  44
 154  47  44
 161  47  44
 168  47  44
 175  47  44
 182  47  44
 189  47  44
 196  47  44
 203  47  44
 210  47  44
 217  47  44
 224  47  44
 231  47  44
 238  47  44
 245  47  44
 252  47  44
 259  47  44
 266  47  44
 273  47  44
 280  47  44
  16  49  44
   4  51  44
 352  55  44
 285  56  44
   3  57  44
  39  59  44
 334  63  44
  28  64  44
 288  65  44
 319  69  44
  20  70  44
 328  70  44
  74  74  44
  81  74  44
  88  74  44
  95  74  44
 102  74  44
 109  74  44
 116  74  44
 123  74  44
 130  74  44
 137  74  44
 144  74  44
 151  74  44
 158  74  44
 165  74  44
 172  74  44
 179  74  44
 186  74  44
 193  74  44
 200  74  44
 207  74  44
 214  74  44
 221  74  44
 228  74  44
 235  74  44
 242  74  44
 249  74  44
 256  74  44
 282  74  44
  57  76  44
 304  77  44
  32  78  44
 287  83  44
 319  84  44
   0  94  44
 261  94  44
 268  94  44
 275  94  44
 349  96  44
 303 102  44
 264 103  44
  53 107  44
  71 107  44
  45 109  44
  81 113  44
 281 113  44
 352 113  44
  62 115  44
  40 121  44
 296 121  44
 307 123  44
 318 123  44
 359 125  44
  57 126  44
  66 126  44
 282 136  44
 294 140  44
 253 144  44
 338 145  44
  29 147  44
  76 147  44
 280 148  44
  67 150  44
  46 153  44
 209 154  44
 290 154  44
 357 155  44
 118 156  44
 245 157  44
 276 157  44
 239 160  44
 286 160  44
 264 161  44
  91 164  44
 314 164  44
  28 167  44
 133 168  44
   1 169  44
 142 169  44
 227 169  44
  37 170  44
 102 171  44
  53 173  44
 116 176  44
 342 176  44
  35 177  44
  98 178  44
 154 178  44
 161 178  44
 168 178  44
 175 178  44
 182 178  44
 189 178  44
 196 178  44
 203 178  44
 210 178  44
 323 178  44
 218 179  44
 225 179  44
 245 179  44
 353 179  44
 314   0  45
 335   0  45
 300   6  45
 310   7  45
 356   8  45
  23  10  45
  33  12  45
 349  14  45
 324  19  45
 337  22  45
  42  23  45
  49  23  45
  56  23  45
  63  23  45
  70  23  45
  77  23  45
  84  23  45
  91  23  45
  98  23  45
 105  23  45
 112  23  45
 119  23  45
 126  23  45
 133  23  45
 140  23  45
 147  23  45
 154  23  45
 161  23  45
 168  23  45
 175  23  45
 182  23  45
 189  23  45
 196  23  45
 203  23  45
 210  23  45
 217  23  45
 224  23  45
 231  23  45
 238  23  45
 245  23  45
 252  23  45
 259  23  45
 266  23  45
 273  23  45
 294  23  45
 301  23  45
   0  24  45
 317  24  45
  23  26  45
 331  34  45
 296  35  45
 319  44  45
 338  55  45
 298  56  45
  13  58  45
 348  58  45
  33  62  45
 346  65  45
 309  66  45
 262  73  45
 352  75  45
  66  77  45
 328  77  45
  40  79  45
   5  80  45
 322  80  45
  42  87  45
 317  89  45
  72  93  45
 283  93  45
  17  97  45
 359 100  45
 271 103  45
 337 103  45
 296 104  45
  30 106  45
 261 110  45
 324 111  45
  71 114  45
  55 115  45
   1 120  45
 250 120  45
 257 120  45
 332 120  45
  40 128  45
  80 128  45
  52 129  45
 320 131  45
 336 131  45
   3 134  45
  14 135  45
  93 135  45
 270 135  45
 240 136  45
  27 139  45
  57 140  45
 301 140  45
 280 141  45
 228 145  45
 346 147  45
 303 148  45
 329 148  45
  94 149  45
  85 150  45
 340 153  45
 326 154  45
   8 156  45
  95 157  45
 299 157  45
  79 158  45
  67 159  45
  48 162  45
 110 162  45
  16 165  45
 322 166  45
 347 166  45
 149 168  45
 156 168  45
 163 168  45
 170 168  45
 177 168  45
 184 168  45
 191 168  45
 198 168  45
 205 168  45
  73 171  45
 314 171  45
  64 174  45
 121 174  45
  46 179  45
 307 179  45
 316 179  45
 335 179  45
 343   0  46
 275  15  46
 282  15  46
   4  17  46
  32  18  46
 334  26  46
 352  26  46
  12  27  46
 303  34  46
  38  37  46
 319  37  46
 292  38  46
 335  45  46
   8  46  46
 306  46  46
  43  50  46
 288  50  46
  54  51  46
  62  53  46
 317  61  46
  48  64  46
 300  64  46
  23  66  46
  44  68  46
 274  72  46
 288  72  46
   7  73  46
  16  74  46
 348  78  46
  75  81  46
  55  82  46
  84  82  46
  91  82  46
  98  82  46
 105  82  46
 112  82  46
 119  82  46
 126  82  46
 133  82  46
 140  82  46
 147  82  46
 154  82  46
 161  82  46
 168  82  46
 175  82  46
 182  82  46
 189  82  46
 196  82  46
 203  82  46
 210  82  46
 217  82  46
 224  82  46
 231  82  46
 238  82  46
 245  82  46
 252  82  46
 346  83  46
 304  85  46
 295  86  46
  22  87  46
 330  89  46
  77  91  46
  35  92  46
  63  92  46
 305  93  46
  57  98  46
 256 101  46
 319 102  46
 352 104  46
  84 105  46
 279 105  46
  22 108  46
  38 108  46
 273 111  46
 310 111  46
  15 118  46
  80 119  46
 263 119  46
 289 122  46
 347 124  46
  25 127  46
 251 128  46
 327 129  46
 285 130  46
  75 131  46
 101 132  46
 349 133  46
 246 135  46
 314 136  46
  47 139  46
 307 139  46
 329 139  46
 353 142  46
   8 143  46
  17 144  46
  41 144  46
 269 145  46
 289 145  46
 250 148  46
  30 154  46
 230 155  46
  20 157  46
 126 159  46
  55 160  46
 349 161  46
 117 162  46
 207 162  46
 274 162  46
 248 165  46
 259 165  46
  42 166  46
  79 166  46
  87 167  46
 239 168  46
 340 168  46
   8 170  46
 333 171  46
  26 172  46
 282 172  46
 249 175  46
 134 177  46
 111 179  46
   1   0  47
   9   0  47
  17   0  47
  24   0  47
  31   0  47
  38   0  47
  45   0  47
  52   0  47
  59   0  47
  66   0  47
  73   0  47
  80   0  47
  87   0  47
  94   0  47
 101   0  47
 108   0  47
 115   0  47
 122   0  47
 129   0  47
 136   0  47
 143   0  47
 150   0  47
 157   0  47
 164   0  47
 171   0  47
 178   0  47
 185   0  47
 192   0  47
 199   0  47
 206   0  47
 213   0  47
 220   0  47
 227   0  47
 234   0  47
 241   0  47
 248   0  47
 255   0  47
 262   0  47
 269   0  47
 276   0  47
 283   0  47
 331   3  47
 317   8  47
  44  14  47
  51  14  47
  58  14  47
  65  14  47
  72  14  47
  79  14  47
  86  14  47
  93  14  47
 100  14  47
 107  14  47
 114  14  47
 121  14  47
 128  14  47
 135  14  47
 142  14  47
 149  14  47
 156  14  47
 163  14  47
 170  14  47
 177  14  47
 184  14  47
 191  14  47
 198  14  47
 205  14  47
 212  14  47
 219  14  47
 226  14  47
 233  14  47
 240  14  47
 247  14  47
 254  14  47
 261  14  47
 289  14  47
 356  15  47
  16  17  47
 307  22  47
  38  28  47
   5  33  47
  21  37  47
 343  43  47
  22  49  47
 328  51  47
 316  52  47
  71  55  47
  78  55  47
  85  55  47
  92  55  47
  99  55  47
 106  55  47
 113  55  47
 120  55  47
 127  55  47
 134  55  47
 141  55  47
 148  55  47
 155  55  47
 162  55  47
 169  55  47
 176  55  47
 183  55  47
 190  55  47
 197  55  47
 204  55  47
 211  55  47
 218  55  47
 225  55  47
 232  55  47
 239  55  47
 246  55  47
 253  55  47
 260  55  47
 267  55  47
 274  55  47
 305  57  47
  53  58  47
  63  61  47
 294  65  47
 354  67  47
 334  69  47
 296  73  47
 309  73  47
  26  79  47
 268  82  47
   0  84  47
  66  84  47
 337  84  47
  14  85  47
  88  91  47
  95  91  47
 102  91  47
 109  91  47
 116  91  47
 123  91  47
 130  91  47
 137  91  47
 144  91  47
 151  91  47
 158  91  47
 165  91  47
 172  91  47
 179  91  47
 186  91  47
 193  91  47
 200  91  47
 207  91  47
 214  91  47
 221  91  47
 228  91  47
 235  91  47
 242  91  47
 249  91  47
 293  92  47
 340  95  47
  47  96  47
 309 102  47
  10 108  47
 289 108  47
 340 111  47
 301 113  47
  88 114  47
 270 115  47
  26 117  47
  49 117  47
 350 118  47
  98 119  47
  89 122  47
  13 125  47
 108 128  47
 356 133  47
  61 134  47
 255 137  47
 102 140  47
  93 142  47
 115 143  47
 317 147  47
 200 150  47
 313 150  47
 246 151  47
 218 159  47
 294 162  47
 284 165  47
 273 168  47
 293 169  47
 216 171  47
 269 171  47
   1 175  47
 257 175  47
 297 178  47
  53 179  47
  62 179  47
 291   0  48
 300   0  48
 352   0  48
 323   6  48
   3   9  48
 341  10  48
 266  12  48
 295  13  48
  21  15  48
 282  25  48
 324  25  48
  50  31  48
  57  31  48
  64  31  48
  71  31  48
  78  31  48
  85  31  48
  92  31  48
  99  31  48
 106  31  48
 113  31  48
 120  31  48
 127  31  48
 134  31  48
 141  31  48
 148  31  48
 155  31  48
 162  31  48
 169  31  48
 176  31  48
 183  31  48
 190  31  48
 197  31  48
 204  31  48
 211  31  48
 218  31  48
 225  31  48
 232  31  48
 239  31  48
 246  31  48
 253  31  48
 260  31  48
 267  31  48
 274  31  48
 343  31  48
 308  32  48
 321  32  48
  48  36  48
 284  41  48
 350  42  48
  32  48  48
 354  51  48
 326  59  48
   1  61  48
 338  61  48
  71  62  48
  11  63  48
  80  64  48
  87  64  48
  94  64  48
 101  64  48
 108  64  48
 115  64  48
 122  64  48
 129  64  48
 136  64  48
 143  64  48
 150  64  48
 157  64  48
 164  64  48
 171  64  48
 178  64  48
 185  64  48
 192  64  48
 199  64  48
 206  64  48
 213  64  48
 220  64  48
 227  64  48
 234  64  48
 241  64  48
 248  64  48
 255  64  48
 262  64  48
 276  64  48
  62  67  48
  40  71  48
 257  80  48
 278  81  48
  48  87  48
 325  92  48
 351  92  48
 314  93  48
   6  94  48
  31  95  48
  23  97  48
  87  98  48
  64  99  48
 324  99  48
  97 100  48
 104 100  48
 111 100  48
 118 100  48
 125 100  48
 132 100  48
 139 100  48
 146 100  48
 153 100  48
 160 100  48
 167 100  48
 174 100  48
 181 100  48
 188 100  48
 195 100  48
 202 100  48
 209 100  48
 216 100  48
 223 100  48
 230 100  48
 237 100  48
 244 100  48
  44 101  48
  77 104  48
  97 107  48
   1 108  48
 107 109  48
 114 109  48
 121 109  48
 128 109  48
 135 109  48
 142 109  48
 149 109  48
 156 109  48
 163 109  48
 170 109  48
 177 109  48
 184 109  48
 191 109  48
 198 109  48
 205 109  48
 212 109  48
 219 109  48
 226 109  48
 233 109  48
 240 109  48
 247 109  48
 318 111  48
 330 111  48
  39 115  48
 107 116  48
 118 118  48
 125 118  48
 132 118  48
 139 118  48
 146 118  48
 153 118  48
 160 118  48
 167 118  48
 174 118  48
 181 118  48
 188 118  48
 195 118  48
 202 118  48
 209 118  48
 216 118  48
 223 118  48
 230 118  48
 237 118  48
 311 120  48
 322 120  48
 117 124  48
 340 124  48
 273 126  48
 304 126  48
 128 127  48
 135 127  48
 142 127  48
 149 127  48
 156 127  48
 163 127  48
 170 127  48
 177 127  48
 184 127  48
 191 127  48
 198 127  48
 205 127  48
 212 127  48
 219 127  48
 226 127  48
 233 127  48
 258 128  48
 299 128  48
  65 131  48
 117 131  48
 292 131  48
  48 132  48
 127 133  48
 138 136  48
 145 136  48
 152 136  48
 159 136  48
 166 136  48
 173 136  48
 180 136  48
 187 136  48
 194 136  48
 201 136  48
 208 136  48
 215 136  48
 222 136  48
 229 136  48
 336 137  48
 119 139  48
 127 140  48
  83 142  48
 137 142  48
  69 144  48
 148 145  48
 155 145  48
 162 145  48
 169 145  48
 176 145  48
 183 145  48
 190 145  48
 204 145  48
 211 145  48
 218 145  48
  35 147  48
 112 147  48
 129 148  48
  54 149  48
 137 149  48
   9 150  48
 267 150  48
 298 150  48
 102 151  48
 237 151  48
 260 151  48
 278 153  48
 221 154  48
  37 155  48
  83 155  48
 334 157  48
  61 159  48
 135 159  48
 142 159  48
 149 159  48
 156 159  48
 163 159  48
 170 159  48
 177 159  48
 184 159  48
 191 159  48
 198 159  48
  32 162  48
 214 162  48
 330 162  48
 359 162  48
 230 164  48
 126 166  48
 105 168  48
  15 171  48
 303 171  48
  97 172  48
 322 172  48
  81 174  48
 227 175  48
 266 175  48
 279 178  48
 307   0  49
 332  10  49
 308  11  49
 301  12  49
 327  16  49
 346  27  49
  20  29  49
  30  29  49
  12  33  49
   0  35  49
  60  40  49
  67  40  49
  74  40  49
  81  40  49
  88  40  49
  95  40  49
 102  40  49
 109  40  49
 116  40  49
 123  40  49
 130  40  49
 137  40  49
 144  40  49
 151  40  49
 158  40  49
 165  40  49
 172  40  49
 179  40  49
 186  40  49
 193  40  49
 200  40  49
 207  40  49
 214  40  49
 221  40  49
 228  40  49
 235  40  49
 242  40  49
 249  40  49
 256  40  49
 263  40  49
 270  40  49
  35  41  49
 312  41  49
  47  42  49
 293  45  49
 279  53  49
  16  54  49
  25  58  49
  57  69  49
  32  71  49
 317  72  49
 268  74  49
 310  80  49
  35  84  49
 355  87  49
   9  88  49
 261  89  49
 258  96  49
 290  96  49
 281  97  49
  57 104  49
 343 104  49
 254 107  49
  93 110  49
 358 113  49
 286 114  49
  67 116  49
  33 118  49
  63 120  49
 279 120  49
 265 127  49
   5 128  49
 245 128  49
 313 129  49
  33 130  49
 342 132  49
  20 136  49
  30 136  49
 288 138  49
 322 139  49
 238 140  49
  73 141  49
 345 141  49
 273 142  49
 359 142  49
  60 147  49
 107 149  49
 356 150  49
 125 151  49
 344 151  49
  70 156  49
 308 156  49
 101 157  49
 321 160  49
  93 161  49
 307 162  49
  20 163  49
  56 167  49
 113 169  49
 124 171  49
 139 171  49
  68 172  49
 234 173  49
 350 173  49
  38 175  49
 148 175  49
   8 176  49
  93 177  49
 347 177  49
  25 178  49
  78 179  49
 344   6  50
  10   8  50
  26   8  50
  34   8  50
 272   8  50
 279   8  50
 316  13  50
 342  17  50
 350  19  50
 289  23  50
 279  29  50
 334  32  50
 353  37  50
 277  40  50
  10  42  50
 327  42  50
  57  45  50
 300  45  50
   2  47  50
 342  48  50
  31  54  50
  42  55  50
 287  55  50
 353  59  50
 345  60  50
 283  62  50
 269  63  50
 324  64  50
 339  68  50
  72  69  50
 322  69  50
  51  71  50
  81  71  50
  26  73  50
  90  73  50
  97  73  50
 104  73  50
 111  73  50
 118  73  50
 125  73  50
 132  73  50
 139  73  50
 146  73  50
 153  73  50
 160  73  50
 167  73  50
 174  73  50
 181  73  50
 188  73  50
 195  73  50
 202  73  50
 209  73  50
 216  73  50
 223  73  50
 230  73  50
 237  73  50
 244  73  50
 333  74  50
 357  75  50
 286  76  50
  15  79  50
 296  79  50
  49  81  50
 327  81  50
  25  84  50
 267  87  50
 277  87  50
 345  93  50
 272  97  50
   2  98  50
 300 102  50
  13 104  50
  24 104  50
  40 104  50
  65 106  50
 264 106  50
  75 109  50
  19 116  50
 295 117  50
 355 117  50
 244 118  50
  77 122  50
  49 123  50
  97 124  50
 331 124  50
  87 127  50
 356 127  50
 107 133  50
  82 134  50
 275 134  50
 260 136  50
   9 137  50
 247 141  50
  23 145  50
 322 146  50
 332 146  50
 283 147  50
  16 149  50
  49 151  50
  45 155  50
 255 156  50
 294 156  50
 341 158  50
   6 159  50
 249 159  50
 238 162  50
  48 167  50
 309 170  50
  41 171  50
 156 173  50
 163 173  50
 170 173  50
 177 173  50
 184 173  50
 191 173  50
 198 173  50
 205 173  50
 329 173  50
 213 175  50
 242 175  50
 289 175  50
  16 178  50
 320 178  50
 341 178  50
  34 179  50
 120 179  50
 141 179  50
 323   0  51
 350   5  51
  17   6  51
  39   6  51
  46   6  51
  53   6  51
  60   6  51
  67   6  51
  74   6  51
  81   6  51
  88   6  51
  95   6  51
 102   6  51
 109   6  51
 116   6  51
 123   6  51
 130   6  51
 137   6  51
 144   6  51
 151   6  51
 158   6  51
 165   6  51
 172   6  51
 179   6  51
 186   6  51
 193   6  51
 200   6  51
 207   6  51
 214   6  51
 221   6  51
 228   6  51
 235   6  51
 242   6  51
 249   6  51
 256   6  51
 284   6  51
  36  17  51
   9  18  51
  45  20  51
  52  20  51
  59  20  51
  66  20  51
  73  20  51
  80  20  51
  87  20  51
  94  20  51
 101  20  51
 108  20  51
 115  20  51
 122  20  51
 129  20  51
 136  20  51
 143  20  51
 150  20  51
 157  20  51
 164  20  51
 171  20  51
 178  20  51
 185  20  51
 192  20  51
 199  20  51
 206  20  51
 213  20  51
 220  20  51
 227  20  51
 234  20  51
 241  20  51
 248  20  51
 255  20  51
 262  20  51
 269  20  51
 311  20  51
  30  21  51
 297  21  51
   4  22  51
 313  30  51
 291  31  51
 329  35  51
 301  37  51
 320  42  51
  21  43  51
  45  47  51
  70  49  51
  77  49  51
  84  49  51
  91  49  51
  98  49  51
 105  49  51
 112  49  51
 119  49  51
 126  49  51
 133  49  51
 140  49  51
 147  49  51
 154  49  51
 161  49  51
 168  49  51
 175  49  51
 182  49  51
 189  49  51
 196  49  51
 203  49  51
 210  49  51
 217  49  51
 224  49  51
 231  49  51
 238  49  51
 245  49  51
 252  49  51
 259  49  51
 266  49  51
 322  50  51
 294  52  51
 311  53  51
   2  54  51
  16  62  51
 304  62  51
  10  68  51
 347  69  51
   2  72  51
 257  72  51
  68  76  51
 343  77  51
  78  79  51
 317  79  51
 283  80  51
  39  81  51
  60  83  51
  78  87  51
 299  93  51
  69  94  51
 333  95  51
  77  96  51
 250  98  51
 312  98  51
 267  99  51
 332 101  51
  32 102  51
 291 103  51
  53 107  51
 277 110  51
  51 112  51
 264 114  51
 256 115  51
 327 115  51
 339 116  51
   7 117  51
 250 117  51
 104 120  51
  57 122  51
  18 124  51
 320 125  51
  70 130  51
  40 131  51
  96 131  51
  55 133  51
 308 135  51
 301 136  51
  96 139  51
 295 139  51
  42 140  51
 224 144  51
 306 148  51
 146 150  51
  89 151  51
 351 152  51
  25 153  51
  74 153  51
 117 156  51
 286 156  51
 276 158  51
 111 159  51
 264 160  51
  27 163  51
  70 163  51
 356 166  51
 224 167  51
 249 170  51
 104 173  51
 301 176  51
  67 178  51
 285 178  51
 222 179  51
 312 179  51
 313   0  52
 333   0  52
 290   5  52
 274  17  52
 335  18  52
 326  21  52
  21  24  52
   0  25  52
  42  27  52
 299  29  52
  39  33  52
  26  38  52
 337  50  52
  58  52  52
 311  60  52
  41  61  52
  35  63  52
 299  66  52
 249  71  52
 301  74  52
  63  78  52
 352  79  52
  86  81  52
  94  82  52
 101  82  52
 108  82  52
 115  82  52
 122  82  52
 129  82  52
 136  82  52
 143  82  52
 150  82  52
 157  82  52
 164  82  52
 171  82  52
 178  82  52
 185  82  52
 192  82  52
 199  82  52
 206  82  52
 213  82  52
 220  82  52
 227  82  52
 234  82  52
 241  82  52
 248  82  52
 306  84  52
 342  84  52
  21  89  52
  59  89  52
 316  89  52
  38  92  52
  49  93  52
  14  97  52
 356 100  52
 347 101  52
 282 104  52
 310 107  52
 304 111  52
   9 112  52
  42 112  52
 302 118  52
   6 123  52
  42 123  52
 287 123  52
  72 125  52
 278 125  52
 239 128  52
 348 128  52
 322 133  52
 250 137  52
   3 138  52
 333 140  52
  51 141  52
 285 142  52
 195 143  52
 230 143  52
  90 144  52
  39 145  52
 240 148  52
   2 150  52
 120 152  52
 206 152  52
 213 152  52
 226 152  52
 197 153  52
 320 153  52
 268 156  52
  35 159  52
 242 159  52
 131 161  52
  85 162  52
  59 163  52
  80 164  52
 206 164  52
 317 164  52
 341 165  52
   7 166  52
  16 166  52
 143 166  52
 277 167  52
 351 168  52
 255 169  52
 338 169  52
  56 177  52
   0 179  52
 127 179  52
 251 179  52
 274 179  52
 258   0  53
 357   0  53
 296   1  53
 302  18  53
 336  26  53
 351  26  53
  14  28  53
 289  36  53
 343  37  53
   5  43  53
 311  46  53
 347  47  53
  20  50  53
 331  51  53
  67  53  53
  49  56  53
  57  58  53
  79  59  53
  86  59  53
  93  59  53
 100  59  53
 107  59  53
 114  59  53
 121  59  53
 128  59  53
 135  59  53
 142  59  53
 149  59  53
 156  59  53
 163  59  53
 170  59  53
 177  59  53
 184  59  53
 191  59  53
 198  59  53
 205  59  53
 212  59  53
 219  59  53
 226  59  53
 233  59  53
 240  59  53
 247  59  53
 254  59  53
 275  59  53
  23  63  53
 290  63  53
 269  69  53
  18  70  53
 286  70  53
  46  72  53
 332  79  53
   8  82  53
 285  88  53
 301  88  53
 336  90  53
  91  91  53
  55  92  53
  99  92  53
 106  92  53
 113  92  53
 120  92  53
 127  92  53
 134  92  53
 141  92  53
 148  92  53
 155  92  53
 162  92  53
 169  92  53
 176  92  53
 183  92  53
 190  92  53
 197  92  53
 204  92  53
 211  92  53
 218  92  53
 225  92  53
 232  92  53
 239  92  53
  92  99  53
 320 100  53
  83 106  53
  22 109  53
 342 110  53
  84 114  53
  94 116  53
 112 116  53
  78 117  53
  28 121  53
 266 122  53
 123 126  53
 329 129  53
  59 130  53
 112 131  53
 122 132  53
 233 132  53
 265 133  53
  14 135  53
 350 136  53
 106 138  53
  28 140  53
 117 142  53
 260 142  53
  62 143  53
 269 145  53
  81 149  53
 155 150  53
 162 150  53
 169 150  53
 176 150  53
 183 150  53
  61 153  53
  16 155  53
 329 156  53
  99 161  53
 285 162  53
 258 164  53
 295 166  53
 215 167  53
 330 167  53
 271 170  53
 131 173  53
  86 175  53
  99 178  53
 114 179  53
 156 179  53
 234 179  53
 259 179  53
 327 179  53
   6   0  54
  17   0  54
  24   0  54
 268   0  54
 304   2  54
 334   7  54
 358   8  54
 319  10  54
 353  13  54
 281  15  54
  19  16  54
 316  19  54
  52  30  54
  59  30  54
  66  30  54
  73  30  54
  80  30  54
  87  30  54
  94  30  54
 101  30  54
 108  30  54
 115  30  54
 122  30  54
 129  30  54
 136  30  54
 143  30  54
 150  30  54
 157  30  54
 164  30  54
 171  30  54
 178  30  54
 185  30  54
 192  30  54
 199  30  54
 206  30  54
 213  30  54
 220  30  54
 227  30  54
 234  30  54
 241  30  54
 248  30  54
 255  30  54
 262  30  54
 269  30  54
  31  34  54
 279  35  54
   9  36  54
 354  43  54
 270  45  54
 278  46  54
 300  51  54
 322  57  54
 332  59  54
  50  64  54
   2  65  54
 333  67  54
 278  68  54
  36  70  54
 266  77  54
 253  80  54
  28  81  54
   1  83  54
 351  88  54
   2  92  54
 251  92  54
  17  93  54
  32  93  54
  83  96  54
  68 100  54
 102 101  54
 110 102  54
 117 102  54
 124 102  54
 131 102  54
 138 102  54
 145 102  54
 152 102  54
 159 102  54
 166 102  54
 173 102  54
 180 102  54
 187 102  54
 194 102  54
 201 102  54
 208 102  54
 215 102  54
 222 102  54
 229 102  54
 236 102  54
 243 102  54
 331 106  54
 317 107  54
 357 107  54
  32 108  54
  99 111  54
 121 112  54
 128 112  54
 135 112  54
 142 112  54
 149 112  54
 156 112  54
 163 112  54
 170 112  54
 177 112  54
 184 112  54
 191 112  54
 198 112  54
 205 112  54
 212 112  54
 219 112  54
 226 112  54
 233 112  54
 273 113  54
 322 117  54
 336 120  54
 292 121  54
 126 122  54
 133 122  54
 140 122  54
 147 122  54
 154 122  54
 161 122  54
 168 122  54
 175 122  54
 182 122  54
 189 122  54
 196 122  54
 203 122  54
 210 122  54
 217 122  54
  25 125  54
 253 125  54
 308 128  54
  16 129  54
 250 129  54
  85 131  54
 137 132  54
 144 132  54
 151 132  54
 158 132  54
 165 132  54
 172 132  54
 179 132  54
 186 132  54
 193 132  54
 200 132  54
 207 132  54
 214 132  54
 221 132  54
 279 132  54
 339 134  54
 134 136  54
  78 140  54
 123 140  54
 133 142  54
 183 142  54
 211 142  54
 245 145  54
 294 145  54
 256 147  54
  31 149  54
 134 150  54
 330 150  54
 144 155  54
 299 155  54
 345 156  54
 194 157  54
 223 158  54
 154 160  54
 167 160  54
 174 160  54
 181 160  54
 188 160  54
 163 163  54
 233 163  54
 120 164  54
  94 166  54
  69 168  54
 314 168  54
  27 169  54
 293 173  54
  80 176  54
  50 178  54
 146 178  54
 266 178  54
 275   0  55
 322   5  55
 264  10  55
 343  10  55
   7  11  55
  26  13  55
 286  13  55
 306  28  55
 344  28  55
 318  29  55
  47  36  55
  57  40  55
  64  40  55
  71  40  55
  78  40  55
  85  40  55
  92  40  55
  99  40  55
 106  40  55
 113  40  55
 120  40  55
 127  40  55
 134  40  55
 141  40  55
 148  40  55
 155  40  55
 162  40  55
 169  40  55
 176  40  55
 183  40  55
 190  40  55
 197  40  55
 204  40  55
 211  40  55
 218  40  55
 225  40  55
 232  40  55
 239  40  55
 246  40  55
 253  40  55
 260  40  55
  36  45  55
 284  45  55
  29  46  55
   9  52  55
 346  55  55
 261  56  55
  68  60  55
  80  66  55
 352  66  55
  59  67  55
  90  68  55
  97  68  55
 104  68  55
 111  68  55
 118  68  55
 125  68  55
 132  68  55
 139  68  55
 146  68  55
 153  68  55
 160  68  55
 167  68  55
 174  68  55
 181  68  55
 188  68  55
 195  68  55
 202  68  55
 209  68  55
 216  68  55
 223  68  55
 230  68  55
 237  68  55
 313  68  55
  68  70  55
 308  70  55
 295  74  55
  18  77  55
 259  79  55
 274  79  55
 291  83  55
 326  85  55
  68  87  55
 321  87  55
 272  88  55
 258  90  55
 265  90  55
 283  94  55
  48  98  55
 262 100  55
 294 100  55
  43 101  55
 276 104  55
   8 105  55
 259 105  55
  61 108  55
 347 108  55
 291 109  55
 313 115  55
  59 116  55
 347 120  55
 110 121  55
 310 121  55
  35 122  55
 356 122  55
 229 123  55
 259 123  55
 286 128  55
  47 132  55
 231 137  55
 275 139  55
 316 139  55
  67 141  55
 204 142  55
 310 142  55
 341 142  55
  16 143  55
 104 143  55
 351 143  55
   3 144  55
 145 144  55
  97 145  55
  51 147  55
 128 151  55
 315 154  55
 358 154  55
 102 155  55
  42 157  55
 355 160  55
  52 162  55
 126 162  55
 299 163  55
  33 164  55
 148 165  55
 113 166  55
 110 170  55
   6 171  55
 235 171  55
  57 172  55
  17 173  55
   3 175  55
  26 175  55
 348 175  55
  42 176  55
  72 177  55
 226 177  55
 336 177  55
 163 178  55
 170 178  55
 177 178  55
 184 178  55
 191 178  55
 198 178  55
 205 178  55
  31   0  56
  38   0  56
  45   0  56
  52   0  56
  59   0  56
  66   0  56
  73   0  56
  80   0  56
  87   0  56
  94   0  56
 101   0  56
 108   0  56
 115   0  56
 122   0  56
 129   0  56
 136   0  56
 143   0  56
 150   0  56
 157   0  56
 164   0  56
 171   0  56
 178   0  56
 185   0  56
 192   0  56
 199   0  56
 206   0  56
 213   0  56
 220   0  56
 227   0  56
 234   0  56
 241   0  56
 248   0  56
 339   0  56
 268   7  56
 298   9  56
  34  11  56
 291  11  56
  47  12  56
  54  12  56
  61  12  56
  68  12  56
  75  12  56
  82  12  56
  89  12  56
  96  12  56
 103  12  56
 110  12  56
 117  12  56
 124  12  56
 131  12  56
 138  12  56
 145  12  56
 152  12  56
 159  12  56
 166  12  56
 173  12  56
 180  12  56
 187  12  56
 194  12  56
 201  12  56
 208  12  56
 215  12  56
 222  12  56
 229  12  56
 236  12  56
 243  12  56
 250  12  56
 257  12  56
 341  19  56
 283  23  56
 276  24  56
  30  26  56
 327  27  56
   8  29  56
   1  34  56
 355  35  56
 308  36  56
 320  37  56
 297  39  56
 336  39  56
 329  40  56
  43  41  56
  26  50  56
 355  50  56
  15  51  56
 279  56  56
 291  56  56
   9  59  56
 341  59  56
 318  60  56
 343  70  56
  77  72  56
  29  73  56
   9  76  56
  55  76  56
 309  78  56
  44  81  56
  38  85  56
  83  88  56
 293  91  56
 310  92  56
 306  98  56
  63 102  56
 250 103  56
 113 111  56
 240 112  56
 358 114  56
  43 118  56
  72 119  56
 238 122  56
  88 123  56
 101 126  56
  64 129  56
  25 132  56
  36 132  56
  79 134  56
 241 135  56
 323 139  56
 300 140  56
 218 142  56
 277 147  56
 231 149  56
 287 149  56
  66 152  56
 305 152  56
 109 153  56
  21 154  56
 256 154  56
  11 156  56
 205 157  56
 215 159  56
  44 165  56
 281 165  56
 199 167  56
 243 168  56
  89 170  56
 214 173  56
 305 174  56
 313 175  56
 211 177  56
 105 178  56
 344 178  56
  38 179  56
 281 179  56
 290 179  56
 346   0  57
 305   9  57
  44  16  57
 329  16  57
   2  17  57
 353  21  57
  14  22  57
  41  22  57
 269  24  57
  36  25  57
 292  25  57
 289  42  57
 320  45  57
  57  47  57
  75  50  57
  82  50  57
  89  50  57
  96  50  57
 103  50  57
 110  50  57
 117  50  57
 124  50  57
 131  50  57
 138  50  57
 145  50  57
 152  50  57
 159  50  57
 166  50  57
 173  50  57
 180  50  57
 187  50  57
 194  50  57
 201  50  57
 208  50  57
 215  50  57
 222  50  57
 229  50  57
 236  50  57
 243  50  57
 250  50  57
 264  50  57
 306  51  57
 299  56  57
  27  59  57
 249  66  57
 256  66  57
 321  69  57
 330  71  57
 277  73  57
  92  76  57
  68  79  57
  50  80  57
 242  88  57
 340  88  57
  64  90  57
  28  96  57
 324  96  57
 337  96  57
 333  99  57
  13 101  57
  22 103  57
 303 103  57
  40 105  57
  89 106  57
 101 106  57
 324 108  57
 299 110  57
 247 111  57
  19 112  57
 281 115  57
  52 116  57
 269 116  57
  10 117  57
 297 120  57
 331 121  57
 295 130  57
 324 130  57
 358 130  57
 303 131  57
  93 133  57
 260 135  57
 155 141  57
 162 141  57
 169 141  57
 176 141  57
  41 142  57
 189 142  57
 334 145  57
  88 147  57
 115 151  57
 267 151  57
  77 152  57
 241 153  57
  50 154  57
 249 154  57
 276 154  57
  90 156  57
 340 157  57
 266 159  57
   9 162  57
 136 162  57
  73 163  57
 322 165  57
 249 167  57
 267 172  57
 126 174  57
 137 174  57
 121 177  57
 246 178  57
 284   0  58
 308   0  58
 323   0  58
  12   1  58
 314  11  58
  24  34  58
 302  37  58
  45  49  58
  55  52  58
  40  54  58
 351  54  58
  37  61  58
   5  62  58
 261  62  58
 241  65  58
 297  67  58
 351  71  58
 342  76  58
 101  77  58
 108  77  58
 115  77  58
 122  77  58
 129  77  58
 136  77  58
 143  77  58
 150  77  58
 157  77  58
 164  77  58
 171  77  58
 178  77  58
 185  77  58
 192  77  58
 199  77  58
 206  77  58
 213  77  58
 220  77  58
 227  77  58
 241  77  58
 292  78  58
  88  79  58
 327  80  58
 311  86  58
  16  87  58
 105  87  58
  10  92  58
 351  94  58
 276  97  58
  76  98  58
  77 106  58
 256 114  58
 335 114  58
  34 115  58
  16 116  58
 100 118  58
 223 123  58
   5 125  58
  54 129  58
 269 129  58
 346 129  58
 285 133  58
 251 135  58
  20 137  58
  46 137  58
 196 140  58
  73 141  58
   8 142  58
  35 144  58
 118 147  58
 142 148  58
 320 148  58
  27 151  58
 221 151  58
 232 157  58
 289 157  58
  60 158  58
 324 158  58
  77 159  58
 336 160  58
 253 164  58
 155 166  58
 352 166  58
 101 168  58
 178 168  58
 185 168  58
 192 168  58
 227 169  58
 349 170  58
 148 171  58
 301 177  58
 330 177  58
  67 178  58
 322 178  58
  17 179  58
 254 179  58
   0   0  59
 254   0  59
 330   0  59
 353   0  59
 276   6  59
  25   7  59
  12   8  59
 309  19  59
  20  21  59
  58  21  59
  65  21  59
  72  21  59
  79  21  59
  86  21  59
  93  21  59
 100  21  59
 107  21  59
 114  21  59
 121  21  59
 128  21  59
 135  21  59
 142  21  59
 149  21  59
 156  21  59
 163  21  59
 170  21  59
 177  21  59
 184  21  59
 191  21  59
 198  21  59
 205  21  59
 212  21  59
 219  21  59
 226  21  59
 233  21  59
 240  21  59
 247  21  59
 254  21  59
 296  21  59
 327  21  59
 325  31  59
 340  31  59
  18  35  59
 263  35  59
 270  35  59
 343  40  59
  13  43  59
 359  44  59
 315  47  59
  67  48  59
 331  48  59
 283  54  59
 308  59  59
  19  61  59
 270  61  59
 280  63  59
 357  65  59
  20  69  59
  31  69  59
  57  72  59
   2  76  59
 233  76  59
 354  80  59
  83  82  59
  20  84  59
  29  86  59
 114  88  59
 121  88  59
 128  88  59
 135  88  59
 142  88  59
 149  88  59
 156  88  59
 163  88  59
 170  88  59
 177  88  59
 184  88  59
 191  88  59
 198  88  59
 205  88  59
 212  88  59
 219  88  59
 226  88  59
 233  88  59
  48  90  59
 101  90  59
  57  91  59
  96  92  59
 359  94  59
 345  98  59
  90 100  59
 268 101  59
   3 106  59
 314 109  59
 338 109  59
  74 110  59
  88 112  59
 286 113  59
 117 120  59
 242 120  59
 304 120  59
  68 121  59
  80 121  59
 323 122  59
 271 124  59
 113 129  59
 130 129  59
  99 130  59
 125 132  59
 343 133  59
 112 135  59
 145 137  59
 222 137  59
 237 137  59
  57 138  59
 282 139  59
 128 141  59
 356 142  59
 158 150  59
 190 150  59
 344 150  59
 167 151  59
 174 151  59
 181 151  59
 214 151  59
 153 154  59
 138 157  59
 100 159  59
 306 159  59
  20 160  59
 203 161  59
   3 163  59
 289 164  59
  61 166  59
 170 167  59
 164 168  59
  42 169  59
 278 169  59
  54 176  59
  85 177  59
 261 177  59
 293   0  60
 348  10  60
 331  12  60
 340  13  60
 265  15  60
  24  16  60
 273  16  60
 300  16  60
 260  20  60
  50  26  60
 286  31  60
  63  32  60
  71  32  60
  78  32  60
  85  32  60
  92  32  60
  99  32  60
 106  32  60
 113  32  60
 120  32  60
 127  32  60
 134  32  60
 141  32  60
 148  32  60
 155  32  60
 162  32  60
 169  32  60
 176  32  60
 183  32  60
 190  32  60
 197  32  60
 204  32  60
 211  32  60
 218  32  60
 225  32  60
 232  32  60
 239  32  60
 246  32  60
 253  32  60
  49  33  60
  42  35  60
   5  43  60
 254  45  60
 268  46  60
 339  47  60
 310  49  60
 332  56  60
  70  57  60
  50  59  60
 328  59  60
  80  60  60
  87  60  60
  94  60  60
 101  60  60
 108  60  60
 115  60  60
 122  60  60
 129  60  60
 136  60  60
 143  60  60
 150  60  60
 157  60  60
 164  60  60
 171  60  60
 178  60  60
 185  60  60
 192  60  60
 199  60  60
 206  60  60
 213  60  60
 220  60  60
 227  60  60
  59  62  60
 289  65  60
  39  69  60
 266  72  60
 315  74  60
 246  75  60
 261  76  60
  72  77  60
 281  82  60
 274  85  60
  74  89  60
 252  89  60
 303  90  60
  40  92  60
 117  98  60
 255  98  60
 320  98  60
  24  99  60
 284  99  60
 127 100  60
 134 100  60
 141 100  60
 148 100  60
 155 100  60
 162 100  60
 169 100  60
 176 100  60
 183 100  60
 190 100  60
 197 100  60
 204 100  60
 211 100  60
 218 100  60
 225 100  60
 232 100  60
 239 100  60
 114 102  60
  50 105  60
 268 108  60
  38 109  60
 130 110  60
  25 112  60
 139 113  60
 146 113  60
 153 113  60
 160 113  60
 167 113  60
 174 113  60
 181 113  60
 188 113  60
 195 113  60
 202 113  60
 209 113  60
 223 113  60
 348 113  60
 127 114  60
 308 114  60
 122 116  60
 250 120  60
   8 121  60
  31 123  60
  63 123  60
 144 124  60
 152 125  60
 159 125  60
 166 125  60
 173 125  60
 180 125  60
 187 125  60
 194 125  60
 201 125  60
 208 125  60
 215 125  60
 236 126  60
  80 129  60
 317 129  60
  29 130  60
 263 130  60
   7 133  60
 336 134  60
 356 134  60
 179 137  60
 207 137  60
  89 142  60
 251 142  60
 324 145  60
 349 146  60
 311 147  60
  57 149  60
 297 156  60
 109 159  60
  88 160  60
 119 160  60
 131 163  60
 228 163  60
 265 164  60
 215 165  60
  18 166  60
 336 167  60
  32 168  60
  73 169  60
 332 170  60
 291 174  60
  99 177  60
 113 177  60
   1 178  60
 135 178  60
 239 178  60
  10 179  60
  25 179  60
  94 179  60
 150 179  60
 232 179  60
  25   0  61
 265   0  61
 278   0  61
 300   0  61
 314   0  61
  39   6  61
  46   6  61
  53   6  61
  60   6  61
  67   6  61
  74   6  61
  81   6  61
  88   6  61
  95   6  61
 102   6  61
 109   6  61
 116   6  61
 123   6  61
 130   6  61
 137   6  61
 144   6  61
 151   6  61
 158   6  61
 165   6  61
 172   6  61
 179   6  61
 186   6  61
 193   6  61
 200   6  61
 207   6  61
 214   6  61
 221   6  61
 228   6  61
 235   6  61
 242   6  61
 249   6  61
   5  12  61
 278  14  61
 315  18  61
 350  26  61
   3  28  61
 310  29  61
 279  31  61
  33  33  61
 278  37  61
 296  44  61
 290  51  61
 246  58  61
 345  58  61
  67  62  61
 301  65  61
   7  70  61
  17  73  61
 283  74  61
 253  75  61
 331  77  61
 299  79  61
 340  80  61
  63  84  61
 317  86  61
 260  87  61
 325  87  61
 298  92  61
 287  93  61
  91  94  61
  53 101  61
 258 107  61
  65 108  61
 358 108  61
 101 113  61
 278 121  61
  53 122  61
  40 126  61
 307 129  61
 292 134  61
  76 136  61
  93 139  61
 230 139  61
 105 141  61
 262 142  61
 279 144  61
 125 145  61
 271 145  61
 293 145  61
  32 147  61
 199 149  61
   0 152  61
 141 153  61
 310 153  61
  45 156  61
 239 157  61
  29 159  61
 193 159  61
 355 163  61
 318 167  61
  52 168  61
 303 168  61
 153 170  61
  30 173  61
 205 175  61
 221 176  61
  76 178  61
 166 178  61
 269 179  61
 353 179  61
 354   8  62
  34  19  62
  11  24  62
 339  24  62
 290  28  62
 300  30  62
 319  31  62
  63  39  62
  17  40  62
  34  41  62
 352  43  62
  30  44  62
  25  53  62
   9  56  62
  20  56  62
 260  56  62
 238  57  62
 252  57  62
 314  59  62
 323  61  62
  43  62  62
  83  69  62
  50  75  62
  32  78  62
   1  81  62
   3  92  62
 244  94  62
  32  95  62
 274 101  62
 108 103  62
 314 103  62
 345 104  62
   9 106  62
 286 107  62
 216 113  62
 230 113  62
  85 117  62
 332 117  62
 345 120  62
  44 122  62
 290 122  62
  18 125  62
 140 127  62
  64 136  62
 214 136  62
 200 137  62
 332 138  62
 142 140  62
   6 147  62
  49 147  62
  69 147  62
 249 147  62
 207 150  62
 264 153  62
 128 154  62
 342 154  62
  37 158  62
 276 159  62
 257 162  62
 237 166  62
  81 168  62
 112 168  62
 310 168  62
 207 170  62
 182 177  62
 189 177  62
 196 177  62
 275 177  62
  45 178  62
 176 178  62
 308 179  62
 336   1  63
 317   9  63
  35  13  63
 287  16  63
  49  19  63
   1  20  63
  21  27  63
 328  27  63
   2  34  63
 312  37  63
  75  41  63
  84  43  63
  91  43  63
  98  43  63
 105  43  63
 112  43  63
 119  43  63
 126  43  63
 133  43  63
 140  43  63
 147  43  63
 154  43  63
 161  43  63
 168  43  63
 175  43  63
 182  43  63
 189  43  63
 196  43  63
 203  43  63
 210  43  63
 217  43  63
 224  43  63
 231  43  63
 238  43  63
 245  43  63
 259  43  63
  58  45  63
 353  51  63
 298  52  63
 231  57  63
 340  68  63
 272  70  63
 317  70  63
  92  72  63
  63  73  63
 302  75  63
   9  78  63
  42  78  63
 267  87  63
  79  88  63
 333  89  63
  63  92  63
  83 101  63
 248 104  63
  46 107  63
 105 107  63
 308 108  63
 238 111  63
 252 116  63
 325 117  63
  99 122  63
 114 123  63
 355 124  63
 230 126  63
  90 128  63
 253 129  63
 157 135  63
 304 135  63
 166 136  63
 186 136  63
  18 140  63
  53 140  63
 326 141  63
  38 142  63
  14 144  63
  82 147  63
 243 148  63
 106 149  63
  68 153  63
 168 157  63
 152 159  63
  83 161  63
 183 162  63
  12 167  63
 121 168  63
 131 169  63
 246 169  63
 100 172  63
 283 178  63
 126 179  63
 336 179  63
 344 179  63
   7   0  64
  14   0  64
 249   0  64
 259   0  64
 287   0  64
 320   0  64
   8   9  64
 291  11  64
 348  16  64
 353  35  64
 272  41  64
 299  41  64
  46  44  64
 350  56  64
 278  57  64
 272  58  64
 339  58  64
  98  69  64
 105  69  64
 112  69  64
 119  69  64
 126  69  64
 133  69  64
 140  69  64
 147  69  64
 154  69  64
 161  69  64
 168  69  64
 175  69  64
 182  69  64
 189  69  64
 196  69  64
 203  69  64
 210  69  64
 217  69  64
 224  69  64
 231  69  64
 287  72  64
  80  73  64
 348  81  64
  99  84  64
 242  84  64
 107  85  64
  12  87  64
 341  90  64
 292  92  64
 310  92  64
 353  92  64
  24  93  64
  56  95  64
  16  97  64
 330  97  64
  77 102  64
 329 103  64
 293 104  64
 275 110  64
  65 114  64
 359 116  64
 262 119  64
  23 120  64
 220 123  64
 319 123  64
 244 126  64
 277 126  64
 133 127  64
  65 130  64
  17 132  64
  40 134  64
 171 134  64
 191 134  64
 107 135  64
 133 137  64
 154 139  64
 316 142  64
 218 146  64
  91 149  64
 117 149  64
 196 152  64
 240 152  64
 320 152  64
  17 153  64
 351 153  64
 284 154  64
 335 155  64
 159 156  64
  52 157  64
  68 160  64
 188 160  64
  97 161  64
 221 161  64
 142 165  64
 252 167  64
 350 167  64
  60 170  64
   7 171  64
 246 179  64
 300 179  64
 316 179  64
 326 179  64
 271   0  65
 327   0  65
 342   0  65
 302   7  65
 326  12  65
  58  16  65
  65  16  65
  72  16  65
  79  16  65
  86  16  65
  93  16  65
 100  16  65
 107  16  65
 114  16  65
 121  16  65
 128  16  65
 135  16  65
 142  16  65
 149  16  65
 156  16  65
 163  16  65
 170  16  65
 177  16  65
 184  16  65
 191  16  65
 198  16  65
 205  16  65
 212  16  65
 219  16  65
 226  16  65
 233  16  65
 240  16  65
 247  16  65
 261  16  65
  22  19  65
 275  22  65
 332  24  65
  34  25  65
  61  26  65
 262  26  65
 256  30  65
 331  36  65
 305  40  65
 322  40  65
 332  44  65
  76  49  65
  30  50  65
 321  50  65
  10  51  65
  47  52  65
 287  54  65
  43  56  65
   5  58  65
  26  67  65
 251  68  65
 258  68  65
  68  69  65
 355  70  65
 313  77  65
  27  79  65
 245  79  65
  19  80  65
 275  81  65
 113  82  65
 120  82  65
 127  82  65
 134  82  65
 141  82  65
 148  82  65
 155  82  65
 162  82  65
 169  82  65
 176  82  65
 183  82  65
 190  82  65
 197  82  65
 204  82  65
 211  82  65
 218  82  65
 225  82  65
  89  87  65
  45  90  65
  35  92  65
 261  94  65
  95 103  65
  70 104  65
  14 105  65
 122 106  65
 136 106  65
 143 106  65
 150 106  65
 157 106  65
 164 106  65
 171 106  65
 178 106  65
 185 106  65
 192 106  65
 199 106  65
  31 108  65
   6 111  65
  59 115  65
 298 115  65
 119 118  65
 292 118  65
 308 119  65
  78 122  65
 107 123  65
 344 125  65
  75 129  65
 217 131  65
 269 132  65
 339 132  65
 277 133  65
 349 136  65
 123 138  65
  30 140  65
 254 140  65
 302 140  65
 151 143  65
 298 144  65
 227 146  65
  77 149  65
  98 149  65
 168 149  65
   7 154  65
 291 154  65
 279 156  65
 262 157  65
 320 159  65
 333 160  65
  62 161  65
 281 169  65
 140 170  65
 223 170  65
  47 171  65
  27 176  65
  82 178  65
  40 179  65
  60 179  65
 157 179  65
  30   0  66
  37   0  66
  44   0  66
  51   0  66
  58   0  66
  65   0  66
  72   0  66
  79   0  66
  86   0  66
  93   0  66
 100   0  66
 107   0  66
 114   0  66
 121   0  66
 128   0  66
 135   0  66
 142   0  66
 149   0  66
 156   0  66
 163   0  66
 170   0  66
 177   0  66
 184   0  66
 191   0  66
 198   0  66
 205   0  66
 212   0  66
 219   0  66
 226   0  66
 233   0  66
 240   0  66
 351   0  66
 310   8  66
 335  13  66
 302  14  66
  45  26  66
 242  31  66
  15  33  66
  65  46  66
  58  51  66
  89  53  66
 303  62  66
  31  63  66
  38  63  66
 333  67  66
 245  71  66
 329  71  66
  55  72  66
 350  73  66
 285  80  66
 232  82  66
 269  83  66
 297  86  66
 314  89  66
  99  91  66
 121  95  66
 199  97  66
 206  97  66
 213  97  66
 220  97  66
 227  97  66
 234  97  66
 257  97  66
  39 106  66
 325 106  66
 118 109  66
 265 110  66
 134 111  66
  28 112  66
 229 118  66
 152 120  66
 166 120  66
 173 120  66
 187 120  66
 194 120  66
 201 120  66
   1 124  66
 285 124  66
 256 126  66
 313 131  66
 357 132  66
  52 133  66
 242 134  66
 235 136  66
 115 137  66
 212 147  66
 181 148  66
 295 151  66
  26 152  66
 137 154  66
 208 159  66
 308 159  66
  20 162  66
 180 165  66
 164 167  66
 296 169  66
   1 172  66
  91 173  66
 114 175  66
 200 175  66
 218 178  66
 236 178  66
  20 179  66
 259 179  66
  20   0  67
 270   6  67
   8  17  67
 297  22  67
  55  29  67
  74  30  67
  81  30  67
  88  30  67
  95  30  67
 102  30  67
 109  30  67
 116  30  67
 123  30  67
 130  30  67
 137  30  67
 144  30  67
 151  30  67
 158  30  67
 165  30  67
 172  30  67
 179  30  67
 186  30  67
 193  30  67
 200  30  67
 207  30  67
 214  30  67
 221  30  67
 228  30  67
 249  30  67
 273  31  67
   8  34  67
  23  34  67
 346  34  67
 285  36  67
 341  38  67
  14  46  67
 253  46  67
 302  50  67
  97  53  67
 104  53  67
 111  53  67
 118  53  67
 125  53  67
 132  53  67
 139  53  67
 146  53  67
 153  53  67
 160  53  67
 167  53  67
 174  53  67
 181  53  67
 188  53  67
 195  53  67
 202  53  67
 209  53  67
 216  53  67
 313  53  67
  70  57  67
 258  59  67
 230  62  67
 270  62  67
 288  62  67
   2  63  67
 327  76  67
  48  78  67
  60  84  67
  71  85  67
 335  96  67
  47  98  67
 280  98  67
 303  98  67
 346 100  67
 297 102  67
 344 110  67
  89 116  67
  45 118  67
   8 119  67
 321 119  67
  29 120  67
 159 120  67
 180 120  67
 138 121  67
  24 127  67
  97 130  67
 225 133  67
 324 134  67
 179 136  67
 335 136  67
  94 137  67
 135 145  67
  28 146  67
 172 146  67
  54 147  67
 351 147  67
 341 148  67
 147 149  67
 113 151  67
 194 156  67
 232 157  67
  44 158  67
 228 160  67
  31 164  67
 152 165  67
 264 165  67
 332 166  67
 173 167  67
 321 167  67
 259 168  67
 201 169  67
 347 170  67
  69 173  67
 133 176  67
 168 177  67
  89 178  67
 110 178  67
 226 179  67
 252 179  67
 277   0  68
 311   0  68
 260   7  68
  27  13  68
 351  13  68
 279  20  68
 287  21  68
 317  21  68
 304  22  68
 350  23  68
 234  29  68
  28  30  68
  47  34  68
 266  44  68
 287  48  68
 233  49  68
 240  49  68
   3  50  68
 328  51  68
  81  60  68
  21  68  68
 359  68  68
 294  74  68
  87  75  68
 319  76  68
  77  82  68
 261  85  68
 358  86  68
 248  95  68
  89 103  68
  60 104  68
 277 106  68
 320 108  68
 257 109  68
 250 110  68
 233 113  68
 342 115  68
 111 116  68
  54 117  68
  79 117  68
 150 125  68
  72 132  68
  60 135  68
 257 137  68
 359 140  68
  42 141  68
 272 141  68
 204 145  68
 337 151  68
  72 152  68
 269 153  68
 111 158  68
 104 160  68
  92 162  68
 302 168  68
 287 169  68
 141 177  68
  48 178  68
 102 178  68
 348 178  68
   2   0  69
 334   2  69
 355  10  69
  36  11  69
  46  13  69
 317  29  69
  68  37  69
 308  37  69
 359  37  69
 217  46  69
 344  47  69
 228  51  69
  55  55  69
  54  63  69
 300  67  69
  15  71  69
  98  74  69
  39  78  69
 342  80  69
   3  82  69
 317  86  69
 109  91  69
 347  91  69
 282  92  69
  30  93  69
 126  93  69
 133  93  69
 140  93  69
 147  93  69
 154  93  69
 161  93  69
 168  93  69
 175  93  69
 182  93  69
 189  93  69
 238  93  69
   0  95  69
  75  95  69
  96  98  69
 208 110  69
 215 110  69
 243 110  69
  93 113  69
 205 117  69
 289 122  69
 283 128  69
 139 129  69
 305 129  69
   2 131  69
  44 131  69
  82 131  69
 132 131  69
 203 133  69
 210 133  69
 191 139  69
 288 139  69
  74 141  69
 309 142  69
 248 145  69
 324 146  69
  41 147  69
 121 148  69
  63 150  69
 162 150  69
 240 157  69
   7 160  69
 127 160  69
   2 162  69
 307 166  69
 275 170  69
 120 172  69
 193 174  69
 335 175  69
   0 178  69
 188 178  69
  66 179  69
 179 179  69
  10   0  70
 246   0  70
 284   0  70
 291   0  70
 324   6  70
 247  11  70
 321  15  70
 258  27  70
  36  31  70
  71  33  70
 297  36  70
 255  41  70
 276  47  70
  24  48  70
 334  50  70
 296  51  70
 318  52  70
  86  56  70
  20  57  70
 274  57  70
  41  59  70
 103  64  70
 336  64  70
  70  65  70
 113  67  70
 120  67  70
 127  67  70
 134  67  70
 141  67  70
 148  67  70
 155  67  70
 162  67  70
 169  67  70
 176  67  70
 183  67  70
 190  67  70
 197  67  70
 204  67  70
 211  67  70
 218  67  70
 225  67  70
 264  70  70
 284  72  70
 274  73  70
 252  82  70
 244  83  70
  13  85  70
  56  91  70
  67  96  70
  14  98  70
  45 103  70
 107 103  70
 268 104  70
  10 110  70
 351 111  70
 242 116  70
 312 118  70
  39 119  70
 337 122  70
 113 125  70
 241 126  70
  10 127  70
 166 132  70
 154 135  70
  15 138  70
 279 139  70
  87 142  70
  11 146  70
 256 146  70
 304 146  70
 241 147  70
 153 149  70
  89 151  70
  38 160  70
 153 160  70
 205 162  70
  68 163  70
 220 163  70
 147 167  70
 234 171  70
  32 176  70
  11 177  70
 150 177  70
 265 179  70
 274 179  70
 259   0  71
 298   0  71
 357   2  71
  47   7  71
  54   7  71
  61   7  71
  68   7  71
  75   7  71
  82   7  71
  89   7  71
  96   7  71
 103   7  71
 110   7  71
 117   7  71
 124   7  71
 131   7  71
 138   7  71
 145   7  71
 152   7  71
 159   7  71
 166   7  71
 173   7  71
 180   7  71
 187   7  71
 194   7  71
 201   7  71
 208   7  71
 215   7  71
 222   7  71
 229   7  71
 236   7  71
 277   7  71
 267  19  71
 343  26  71
  35  42  71
 243  43  71
  68  44  71
 335  44  71
 353  46  71
 316  61  71
 250  63  71
 246  66  71
 106  74  71
 303  77  71
  38  84  71
 189  85  71
 196  85  71
 203  85  71
 210  85  71
 217  85  71
 224  85  71
 303  88  71
 293  93  71
 316  95  71
 109  98  71
  23 100  71
 217 105  71
 282 105  71
 294 108  71
  62 112  71
 163 113  71
 184 113  71
 191 113  71
 328 121  71
 261 125  71
 104 129  71
 194 130  71
  23 132  71
 127 133  71
 219 136  71
 348 138  71
 121 139  71
 269 144  71
 174 153  71
 325 154  71
 186 157  71
 287 158  71
 317 170  71
 287 176  71
 299 176  71
  25 178  71
  42 178  71
 325   0  72
  34  15  72
 261  20  72
 353  20  72
   6  25  72
 250  26  72
 281  27  72
 329  29  72
 309  32  72
  55  37  72
  84  37  72
  91  37  72
  98  37  72
 105  37  72
 112  37  72
 119  37  72
 126  37  72
 133  37  72
 140  37  72
 147  37  72
 154  37  72
 161  37  72
 168  37  72
 175  37  72
 182  37  72
 189  37  72
 196  37  72
 203  37  72
 273  37  72
  25  40  72
  58  48  72
  27  57  72
 343  64  72
 315  67  72
 307  68  72
  45  69  72
   9  73  72
  89  82  72
 266  83  72
  32  85  72
 293  86  72
 334  88  72
  79  89  72
 121  98  72
  32 101  72
 260 103  72
 353 103  72
  15 106  72
 137 108  72
 144 108  72
 151 108  72
 165 108  72
 172 108  72
 125 109  72
  83 115  72
  75 119  72
 265 121  72
  53 122  72
 344 122  72
  27 123  72
 232 124  72
 226 125  72
 314 129  72
  94 132  72
 109 141  72
 181 142  72
 189 143  72
  75 148  72
  20 149  72
 221 149  72
   6 152  72
 139 153  72
  55 156  72
 320 157  72
 349 159  72
 118 160  72
 341 160  72
  52 162  72
  80 164  72
 215 165  72
 244 167  72
 106 170  72
 240 170  72
 207 171  72
  57 176  72
 118 176  72
  77 177  72
 162 177  72
 206 178  72
 332 179  72
  30   0  73
 338   0  73
  17  12  73
 324  12  73
  15  22  73
  51  23  73
  35  24  73
 200  25  73
 207  25  73
 214  25  73
 221  25  73
 235  25  73
   5  37  73
   8  50  73
 258  53  73
 279  56  73
 357  56  73
  75  59  73
 224  59  73
 233  61  73
 325  64  73
 352  65  73
  64  68  73
  57  71  73
 348  80  73
 236  86  73
 325  89  73
 326  99  73
  83 108  73
 201 108  73
 313 111  73
 268 117  73
 126 120  73
  64 121  73
 281 121  73
 187 130  73
 161 133  73
 331 135  73
  46 138  73
  56 138  73
 228 139  73
 342 139  73
  97 143  73
  29 144  73
 214 150  73
 295 151  73
 303 151  73
 291 155  73
  18 158  73
 160 161  73
 177 162  73
 344 170  73
 104 175  73
 341 175  73
 130 177  73
  18 178  73
  86 178  73
 172 178  73
 308 178  73
 316 179  73
 252   0  74
 304   0  74
 349   0  74
 285   7  74
 272   8  74
 300  13  74
 310  16  74
 345  22  74
 227  24  74
 241  24  74
 294  26  74
  36  37  74
  88  47  74
 242  48  74
   9  58  74
  49  79  74
 120  79  74
 129  80  74
 136  80  74
 143  80  74
 150  80  74
 157  80  74
 164  80  74
 171  80  74
 178  80  74
 333  80  74
  97  82  74
  84  84  74
  51  92  74
 289  95  74
 269  97  74
  83  99  74
 222 101  74
 243 102  74
 188 103  74
  99 105  74
 343 111  74
  30 115  74
 117 118  74
 143 120  74
 293 121  74
 246 125  74
 255 125  74
  23 126  74
 146 132  74
  70 133  74
 259 143  74
 129 152  74
 251 152  74
 103 155  74
 166 158  74
 280 160  74
 251 161  74
  90 167  74
  42 169  74
 141 173  74
 278 177  74
 139 178  74
 222 178  74
 237 179  74
  15   0  75
 240   0  75
  53  18  75
  64  21  75
 335  28  75
 317  34  75
 280  35  75
  76  43  75
 300  43  75
 230  45  75
 317  45  75
  54  50  75
 104  54  75
 111  54  75
 118  54  75
 125  54  75
 132  54  75
 139  54  75
 146  54  75
 153  54  75
 160  54  75
 167  54  75
 174  54  75
 181  54  75
 188  54  75
 195  54  75
 202  54  75
 209  54  75
 267  55  75
 288  56  75
  86  61  75
  34  70  75
 290  72  75
 267  77  75
  22  81  75
 356  81  75
  62  82  75
 251  86  75
 346  87  75
 206  99  75
 227  99  75
 202 102  75
 312 102  75
  40 103  75
  40 114  75
 297 116  75
 103 122  75
   1 124  75
 201 127  75
 224 129  75
 357 130  75
 297 132  75
 314 138  75
 223 145  75
 259 153  75
  87 154  75
 354 156  75
 319 162  75
 249 166  75
 192 169  75
 358 173  75
  69 175  75
 180 177  75
   0   0  76
  23   0  76
 233   0  76
 331   0  76
  66  16  76
  73  16  76
  80  16  76
  87  16  76
  94  16  76
 101  16  76
 108  16  76
 115  16  76
 122  16  76
 129  16  76
 136  16  76
 143  16  76
 150  16  76
 157  16  76
 164  16  76
 171  16  76
 178  16  76
 185  16  76
  10  34  76
 263  34  76
 221  43  76
 339  43  76
  39  50  76
  34  54  76
 259  60  76
 101  65  76
 234  75  76
 251  75  76
 221  77  76
   1  79  76
  12  81  76
 111  83  76
 229  94  76
  47  96  76
 339  98  76
  65 100  76
   5 101  76
 319 102  76
 229 114  76
 104 116  76
 306 116  76
   3 117  76
 161 122  76
 168 122  76
  76 127  76
 346 130  76
 140 138  76
 175 142  76
 196 144  76
  87 145  76
 136 145  76
 333 147  76
  27 148  76
 113 150  76
   0 152  76
  64 152  76
 210 152  76
  23 157  76
  24 171  76
 153 176  76
 320 177  76
 243 178  76
  65 179  76
 294 179  76
 175   0  77
 182   0  77
 189   0  77
 196   0  77
 203   0  77
 210   0  77
 217   0  77
 224   0  77
 272   0  77
 317   0  77
 346   3  77
 251   5  77
 267  10  77
  11  24  77
  50  28  77
 344  30  77
 325  35  77
 213  43  77
 264  45  77
 309  45  77
 286  47  77
 298  48  77
  73  64  77
 308  64  77
  26  70  77
 278  73  77
 192  76  77
 199  76  77
 313  82  77
 104  83  77
 308  84  77
 127  93  77
 102  97  77
 151  99  77
 172  99  77
 251 104  77
   0 106  77
 119 108  77
 185 118  77
  96 125  77
 264 125  77
 209 126  77
 284 129  77
 283 135  77
  40 138  77
  33 141  77
  64 141  77
 161 142  77
 276 148  77
 194 152  77
 321 153  77
  68 163  77
 266 171  77
   4 172  77
 188 177  77
 285 177  77
  38 178  77
 230 178  77
  93 179  77
 125 179  77
   9   0  78
  40   0  78
 298   0  78
  43  28  78
 206  43  78
   7  44  78
 328  50  78
   0  54  78
  33  60  78
 253  70  78
  67  76  78
 183  79  78
  65  91  78
 248  94  78
 139  95  78
 295  95  78
 155  96  78
 176  96  78
  45 101  78
 264 104  78
  73 114  78
  25 116  78
 226 122  78
 327 122  78
  62 132  78
 126 142  78
 215 146  78
 114 159  78
 339 161  78
 314 165  78
 195 166  78
 240 166  78
 156 169  78
 110 171  78
 298 174  78
  54 176  78
  23 178  78
 216 178  78
 340 179  78
 283   0  79
 291   0  79
 309   0  79
 324   0  79
 354   0  79
  40  11  79
  25  22  79
 258  22  79
 326  24  79
 217  25  79
 235  28  79
 358  28  79
 231  32  79
  85  39  79
  40  45  79
 334  66  79
 202  72  79
 244  74  79
 291  79  79
 333  85  79
 186  92  79
 284  98  79
 278 102  79
  23 104  79
 274 107  79
 138 110  79
 129 111  79
 336 114  79
 212 122  79
 319 123  79
 242 132  79
   6 134  79
 144 136  79
 127 155  79
 152 155  79
 295 155  79
  92 164  79
 297 164  79
 196 178  79
 266 178  79
 349 178  79
  48 179  79
  78 179  79
 337   0  80
 281  15  80
 269  18  80
 209  24  80
 241  27  80
  71  33  80
  88  35  80
  95  35  80
 102  35  80
 109  35  80
 116  35  80
 123  35  80
 130  35  80
 137  35  80
 144  35  80
 151  35  80
 158  35  80
 165  35  80
 172  35  80
 179  35  80
 186  35  80
  80  51  80
 277  52  80
 338  53  80
  74  55  80
 253  60  80
   1  62  80
 317  62  80
  65  65  80
  52  68  80
 141  73  80
 212  73  80
 161  74  80
 313  76  80
  19  93  80
  98 101  80
  82 102  80
 231 107  80
 243 112  80
  62 123  80
 188 127  80
 251 133  80
  56 139  80
 301 140  80
  28 143  80
   8 149  80
 260 159  80
 212 165  80
  92 172  80
 138 173  80
  14 176  80
  46   0  81
 159   0  81
 166   0  81
 238   9  81
 290  13  81
 199  21  81
  11  30  81
  42  33  81
  33  66  81
 108  67  81
 125  69  81
 146  69  81
 119  70  81
 184  74  81
 223  74  81
 335  74  81
  93  80  81
   3  90  81
  29  95  81
  67 114  81
 328 115  81
  15 116  81
 216 118  81
   0 120  81
  87 122  81
 178 124  81
 203 126  81
 310 128  81
 304 132  81
 328 138  81
 119 141  81
 169 144  81
  94 147  81
 166 152  81
 236 154  81
 165 162  81
 228 167  81
  58 168  81
 326 171  81
  18   0  82
  57   0  82
  64   0  82
  71   0  82
  78   0  82
  85   0  82
  92   0  82
  99   0  82
 106   0  82
 113   0  82
 120   0  82
 127   0  82
 134   0  82
 141   0  82
 148   0  82
 241   0  82
 348   0  82
 239  18  82
 340  21  82
 322  27  82
 289  29  82
 281  36  82
 201  44  82
 282  50  82
   4  52  82
 287  69  82
 237  73  82
  36  76  82
 328 100  82
  89 102  82
 249 107  82
 145 108  82
 169 126  82
 122 130  82
  56 147  82
  84 150  82
 189 155  82
  10 159  82
 275 162  82
 354 169  82
 245 177  82
 160 179  82
 171 179  82
  34   0  83
 181   9  83
 304  33  83
 255  52  83
 238  63  83
  44  67  83
 166  68  83
 187  68  83
  98  74  83
  81  75  83
 301  94  83
   5  99  83
 180 110  83
   3 112  83
 268 117  83
 266 130  83
 333 132  83
 100 141  83
  12 147  83
 272 147  83
 242 149  83
 330 164  83
  39 165  83
 319 175  83
 297 178  83
 131 179  83
   0   0  84
  25   0  84
 195   0  84
 209   0  84
 298  11  84
 337  31  84
  40  50  84
 246  59  84
  94  60  84
 128  65  84
 191  65  84
 345  65  84
 280  83  84
  43  96  84
 201  97  84
  69  98  84
 184 101  84
 222 108  84
  49 126  84
  56 154  84
  99 158  84
 272 166  84
  51 170  84
 225 170  84
 349 173  84
  90 176  84
 252 176  84
 187 178  84
 219 178  84
 235   0  85
 255   0  85
 327   0  85
 149  58  85
 191  58  85
 336  91  85
 256  98  85
 115 114  85
 144 124  85
 347 152  85
 140 170  85
  72 177  85
  23 178  85
 309 178  85
 207 179  85
  12   0  86
  40   0  86
  51   0  86
 154   0  86
 182   0  86
 216   0  86
 300   0  86
 314   0  86
 334   0  86
 201  56  86
 358  67  86
 302  79  86
 252  83  86
 328  93  86
 159 109  86
  99 117  86
 342 125  86
 244 157  86
  96 168  86
 274 175  86
 162   0  87
 248   0  87
 264   0  87
 107  33  87
 142  33  87
  83  88  87
  55  91  87
 209 144  87
 142 154  87
  81   0  88
  96   0  88
 116   0  88
 138   0  88
 229   0  88
 275   0  88
  92  34  88
 334 145  88
 326 177  88
   5   0  89
 175   0  89
 200   0  89
 241   0  89
 307  96  89
 230 108  89
 206 171  89
 321  12  91
  70  25  91
 325  44  91
 104  81  91
 296   0  92
  17   2  92
 287  18  92
 338  21  92
 358  21  92
 178  74  92
 231 103  92
 174  18  93
 207  25  93
 255  33  93
  33  34  93
 110  39  93
 209  40  93
 287  52  93
 315  55  93
 206  63  93
 160  69  93
  58  75  93
 271  77  93
  82  90  93
  42 112  93
 265  18  94
 144  33  94
  12  47  94
 101  50  94
 354  51  94
 121  60  94
 331  79  94
  53  82  94
 117  87  94
 295  89  94
 187 121  94
  94 133  94
 253  24  95
 162  25  95
 248  33  95
 116  34  95
 201  39  95
 187  68  95
  79  69  95
 110  70  95
 272  85  95
 163  86  95
 232  98  95
 133 115  95
   0 137  95
 152  27  96
 233  34  96
 297  56  96
 334  58  96
 234  59  96
 167  70  96
 356  71  96
  32  79  96
 232  80  96
  30  93  96
 358  93  96
 313  95  96
 181  96  96
 347 101  96
 260 102  96
 267 102  96
 106 104  96
 161 106  96
 219 106  96
 286 106  96
  58 111  96
  26 115  96
  96 118  96
 168 121  96
 271 124  96
 295 124  96
 249 126  96
  63 140  96
 341 152  96
  40  18  97
 214  23  97
 325  33  97
  31  43  97
 312  85  97
 293  93  97
 348 110  97
   8 111  97
 102 115  97
 152 117  97
 259 119  97
 330 119  97
 221 121  97
 197 125  97
 126 130  97
 138 130  97
 350 147  97
 279  13  98
 113  19  98
 340  20  98
  57  24  98
   1  27  98
  73  27  98
 179  28  98
  36  32  98
 137  34  98
 244  35  98
  54  39  98
 110  44  98
  46  51  98
 184  53  98
  34  55  98
  87  62  98
  29  69  98
 177  70  98
  66 100  98
  26 108  98
 134 110  98
 206 113  98
 230 123  98
 354 123  98
 211 131  98
  24 133  98
 195 135  98
 108 137  98
  75 141  98
 331 154  98
 303  18  99
 323  24  99
  86  28  99
 336  29  99
 281  30  99
 294  36  99
 223  38  99
 127  39  99
 115  41  99
 316  46  99
 210  53  99
 205  59  99
 205  66  99
 102  68  99
 118  71  99
 285  73  99
 199  74  99
 147  77  99
  10  79  99
 288  96  99
  68 111  99
 241 112  99
  66 125  99
 167 126  99
 281 128  99
 326 130  99
  38 136  99
 165 136  99
 255 138  99
  93 141  99
  64 149  99
 132 150  99
  64 156  99
   8  10 100
 245  22 100
 202  23 100
 139  25 100
 191  25 100
 260  26 100
 356  29 100
  74  35 100
 350  36 100
 273  54 100
 250  56 100
 260  57 100
 227  58 100
 115  61 100
 178  64 100
 299  64 100
 246  66 100
  13  68 100
 149  68 100
 331  70 100
  91  73 100
 164  73 100
  61  77 100
 143  81 100
  56  82 100
  75  84 100
 111  99 100
  39 112 100
 302 117 100
 218 131 100
 293 132 100
  17 134 100
 351 134 100
 149 135 100
 269 135 100
 191 139 100
 104 140 100
 145 143 100
  99 154 100
  90  10 101
 143  14 101
 263  21 101
 162  22 101
  51  24 101
 303  26 101
 156  36 101
 271  43 101
  57  48 101
 333  52 101
 300  54 101
 357  60 101
  31  62 101
 317  64 101
  66  65 101
 234  72 101
 178  77 101
 352  80 101
  91  85 101
 327  85 101
 260  87 101
 129  88 101
 207  88 101
 294  88 101
 241  93 101
  92  95 101
 148  97 101
 128  98 101
 324 102 101
 173 107 101
 293 117 101
 132 141 101
 208 141 101
  19 143 101
 164 143 101
 310 143 101
  10 144 101
 241 145 101
  75 147 101
 291 147 101
  45 149 101
 232  18 102
   6  21 102
  80  28 102
 147  39 102
 140  43 102
 333  45 102
 255  68 102
 214  81 102
   6  83 102
  35  85 102
 240  85 102
  30  90 102
 166  90 102
 323  92 102
 341  92 102
 204  94 102
  78  99 102
 182 100 102
 315 100 102
   4 102 102
 124 105 102
  40 106 102
  20 112 102
 318 116 102
 324 134 102
 341 134 102
 112 135 102
 263 138 102
 252 141 102
 217 142 102
 179 144 102
 248 145 102
 193 148 102
 334 150 102
 313 158 102
 299   6 103
  85  14 103
 164  17 103
 214  20 103
 177  21 103
  15  23 103
 225  24 103
 199  26 103
  47  28 103
 168  34 103
 299  35 103
 120  38 103
 168  42 103
   4  43 103
  77  46 103
  93  49 103
 110  49 103
  42  52 103
 228  53 103
 292  68 103
 274  76 103
  47  84 103
 229  87 103
 345  89 103
 259  93 103
 275  93 103
 191 102 103
 199 102 103
 160 103 103
 228 104 103
  76 106 103
 242 106 103
  57 111 103
 113 111 103
 214 111 103
 228 113 103
 100 116 103
 259 116 103
  35 121 103
  44 123 103
  96 138 103
 154 146 103
 346 146 103
  87 149 103
  39 151 103
 233 151 103
 210 153 103
  74 154 103
 247 157 103
 289 159 103
 296 159 103
  66 164 103
 348  16 104
 204  17 104
  25  19 104
 122  19 104
 111  20 104
 276  21 104
   2  24 104
  33  33 104
 327  33 104
 197  36 104
 340  38 104
 111  42 104
 192  42 104
 187  44 104
 255  44 104
 285  46 104
  29  47 104
 356  47 104
  71  48 104
  25  50 104
 325  51 104
  68  53 104
 135  59 104
 145  59 104
  16  61 104
 327  61 104
  97  70 104
  46  90 104
  11  94 104
 339 102 104
 300 104 104
 141 105 104
 264 105 104
 151 106 104
 101 110 104
  74 112 104
 283 113 104
 186 114 104
   7 115 104
 343 116 104
  71 119 104
 146 120 104
 128 131 104
 315 142 104
 116 147 104
   0 148 104
  13 153 104
 183 156 104
 275 156 104
 322 160 104
 226 163 104
 233 163 104
 214 164 104
 272 165 104
 313 165 104
 247 171 104
 268 172 104
  43  11 105
 294  12 105
 332  16 105
 226  18 105
  66  20 105
  34  21 105
  82  21 105
 291  21 105
 271  23 105
 103  27 105
 249  30 105
 218  36 105
 230  41 105
 307  49 105
 249  50 105
  91  54 105
 104  54 105
  53  57 105
 194  57 105
 179  60 105
 190  60 105
 278  63 105
 170  64 105
 356  65 105
 133  67 105
 218  67 105
 165  69 105
  50  72 105
 131  74 105
  87  76 105
 115  80 105
 278  88 105
  19  90 105
 160  90 105
 315 106 105
 260 108 105
 352 108 105
 124 115 105
  56 117 105
 171 121 105
 182 121 105
  21 123 105
 216 124 105
 205 125 105
 306 125 105
 358 125 105
 246 126 105
 278 130 105
 286 130 105
  65 132 105
  40 135 105
 126 141 105
  93 144 105
  57 146 105
  23 152 105
 168 152 105
  34 153 105
 347 154 105
 154 156 105
 121 159 105
 115 162 105
 334 165 105
 184   6 106
 246  12 106
 134  14 106
 241  15 106
 101  16 106
 184  16 106
 341  16 106
 128  18 106
 327  18 106
  58  19 106
 309  21 106
 151  36 106
 271  38 106
   8  39 106
 207  40 106
 294  43 106
 149  47 106
  54  50 106
 217  59 106
 267  61 106
 291  61 106
   4  62 106
 230  64 106
 308  66 106
 346  68 106
 117  72 106
 185  73 106
 197  73 106
  61  74 106
 251  74 106
 311  76 106
  48  77 106
 100  80 106
  75  81 106
 169  83 106
 302  83 106
  85  84 106
 351  85 106
 155  92 106
 119  94 106
 230 100 106
 300 112 106
  91 116 106
 225 116 106
 334 116 106
 137 122 106
 285 122 106
 163 123 106
 254 123 106
  51 124 106
 158 126 106
 324 128 106
   9 129 106
 229 130 106
 267 130 106
  77 134 106
 133 154 106
 332 154 106
   1 156 106
 195 156 106
  89 157 106
 282 169 106
 278  15 107
 313  15 107
  41  17 107
 114  17 107
 146  20 107
 263  24 107
 313  34 107
  93  37 107
 263  38 107
 354  39 107
 133  41 107
 337  53 107
 241  57 107
  22  58 107
 252  60 107
 209  65 107
 315  66 107
  17  69 107
 330  70 107
 153  73 107
  12  76 107
 289  79 107
 240  80 107
 286  83 107
 310  83 107
 134  84 107
 189  86 107
 205  89 107
  36  91 107
 109  95 107
  80  96 107
 102  96 107
   8  97 107
 272  97 107
  23 100 107
 103 106 107
  91 124 107
 195 128 107
  16 129 107
 134 131 107
 187 132 107
 220 134 107
  32 139 107
  45 146 107
 143 151 107
 280 155 107
  82 157 107
 100 157 107
 165 161 107
  77 162 107
 304 162 107
 350 164 107
 251 166 107
  76 168 107
 212 168 107
  85   6 108
 173  12 108
 288  12 108
  66  14 108
   3  15 108
  13  16 108
 157  16 108
 151  18 108
 171  20 108
  88  21 108
  59  30 108
 228  31 108
 239  35 108
  24  36 108
 212  36 108
 161  39 108
  50  40 108
 310  42 108
 344  47 108
 278  57 108
 339  68 108
 359  74 108
 215  77 108
 263  78 108
 249  79 108
 231  84 108
 336  84 108
 330  85 108
 179  87 108
 128  88 108
  67  92 108
  60  94 108
 174  95 108
 355  95 108
  34  97 108
  49  98 108
 129  98 108
 333 102 108
 244 103 108
 307 105 108
 191 107 108
  65 108 108
  14 109 108
 294 119 108
 328 123 108
 338 126 108
 107 127 108
 120 128 108
 149 128 108
 243 129 108
 353 130 108
  48 131 108
 205 131 108
 301 132 108
 179 134 108
 320 134 108
 240 135 108
 113 139 108
 203 142 108
 303 143 108
 237 144 108
 224 146 108
 297 146 108
 180 148 108
 171 149 108
 251 152 108
  21 156 108
 133 161 108
   0 162 108
  17 162 108
 147 162 108
 323 167 108
 348   9 109
  31  13 109
 230  16 109
 200  18 109
 211  20 109
   9  27 109
 187  30 109
 288  30 109
  76  34 109
  83  34 109
 171  34 109
  52  35 109
  70  35 109
 121  35 109
 358  35 109
 165  36 109
  32  37 109
 145  37 109
 281  37 109
 102  39 109
 119  40 109
 330  40 109
  78  51 109
 123  51 109
 165  54 109
 226  54 109
 113  55 109
  41  56 109
  75  56 109
  28  57 109
  99  57 109
  70  62 109
  94  62 109
 152  62 109
 267  67 109
  28  70 109
 143  71 109
 208  77 109
 281  85 109
 242  89 109
 200  91 109
 148  92 109
 214  92 109
 259  96 109
 310  96 109
 320  98 109
 283  99 109
 124 105 109
 205 105 109
 173 106 109
  39 108 109
  25 109 109
 228 110 109
 238 113 109
 260 114 109
 104 117 109
  31 121 109
  86 126 109
 258 133 109
 143 134 109
 280 138 109
 356 140 109
  97 142 109
 274 143 109
 197 147 109
 216 147 109
 257 147 109
 318 152 109
  44 158 109
  52 159 109
 171 160 109
 215 160 109
 294 160 109
  37 161 109
 257 165 109
 114   9 110
 261   9 110
 125  10 110
  16  12 110
 317  13 110
 217  15 110
 192  19 110
 357  24 110
 255  25 110
 130  28 110
 174  29 110
  35  31 110
 337  32 110
 246  35 110
  16  40 110
 261  44 110
 193  46 110
 203  49 110
 287  51 110
 137  54 110
 152  55 110
 180  55 110
  35  57 110
  52  61 110
 316  61 110
  63  63 110
 169  68 110
 136  74 110
  41  77 110
  62  81 110
 110  81 110
   3  84 110
 327  89 110
  84  94 110
 142  97 110
 270 101 110
 349 101 110
 297 104 110
   0 106 110
 198 106 110
 157 107 110
 167 108 110
 347 108 110
  53 110 110
 136 111 110
 267 111 110
 115 113 110
  66 117 110
 350 121 110
  69 131 110
 161 134 110
 313 136 110
  12 137 110
  60 137 110
 337 137 110
 154 139 110
 333 141 110
 105 142 110
 260 142 110
  54 148 110
  88 150 110
 107 158 110
 234 161 110
 265 161 110
 122 165 110
 182 165 110
 190 165 110
 284 165 110
 232 166 110
 245 166 110
 341 167 110
  44   9 111
  71  10 111
 330  11 111
 104  14 111
  59  15 111
  27  16 111
  89  16 111
 237  16 111
 261  17 111
 301  17 111
 315  22 111
 335  22 111
 291  24 111
 190  26 111
 278  28 111
 302  29 111
 218  33 111
 320  36 111
  61  38 111
 304  42 111
 235  43 111
 205  44 111
 354  45 111
 276  47 111
 321  47 111
 228  48 111
 189  49 111
 183  50 111
   9  51 111
 299  52 111
 264  54 111
 121  56 111
 324  59 111
 348  59 111
 109  61 111
 179  63 111
  91  68 111
 222  68 111
 293  68 111
  84  70 111
 108  71 111
 125  71 111
 287  71 111
 180  73 111
  18  76 111
 267  76 111
  31  79 111
  11  81 111
 152  85 111
  46  88 111
 162  88 111
 226  92 111
  82 103 111
  75 105 111
 141 105 111
 181 107 111
 244 110 111
 123 111 111
  39 115 111
 221 117 111
 301 118 111
 216 121 111
  25 124 111
 277 126 111
  58 127 111
 166 130 111
 132 135 111
  84 136 111
 346 139 111
  22 140 111
 125 143 111
  76 146 111
 149 147 111
 236 149 111
 334 151 111
   4 154 111
  75 155 111
 123 157 111
  61 161 111
 158 163 111
 198 163 111
 311 163 111
 355 163 111
 338  10 112
 249  12 112
 270  12 112
  99  17 112
 226  18 112
 142  21 112
  15  23 112
  80  24 112
 326  27 112
 121  28 112
 142  28 112
 103  33 112
 206  36 112
 243  44 112
 298  44 112
  12  45 112
 351  49 112
  87  50 112
 155  51 112
 219  53 112
 335  56 112
  13  61 112
   0  63 112
 240  64 112
 304  65 112
 228  67 112
 299  67 112
 276  70 112
 166  72 112
 193  72 112
  47  73 112
 159  74 112
  80  76 112
 256  76 112
 342  76 112
 125  79 112
  77  80 112
 354  81 112
 340  82 112
 101  84 112
  94  85 112
 183  85 112
 317  85 112
 229  88 112
 113  90 112
 297  90 112
 177  91 112
   0  93 112
  94  93 112
 214 101 112
 283 105 112
 315 107 112
  71 108 112
 327 111 112
 276 113 112
 337 113 112
 155 114 112
 195 116 112
 313 116 112
   1 117 112
 206 119 112
 258 119 112
 183 120 112
  93 121 112
 174 121 112
 311 121 112
  16 124 112
  79 125 112
 285 127 112
 213 132 112
  50 138 112
   6 139 112
 131 142 112
 182 142 112
 321 149 112
  10 150 112
  24 153 112
 198 154 112
  67 156 112
 218 157 112
 273 160 112
 140 162 112
 291 163 112
   7 164 112
  93 164 112
 213 164 112
 115 171 112
 317   6 113
 138   7 113
 108   9 113
 196   9 113
  38  10 113
 355  11 113
 160  12 113
 167  12 113
 208  12 113
 128  19 113
 253  29 113
 265  29 113
 348  30 113
 183  32 113
  24  41 113
  95  42 113
 159  42 113
  44  45 113
  36  46 113
  52  46 113
 135  46 113
  60  47 113
 132  55 113
 243  56 113
 209  60 113
 255  60 113
 200  64 113
 236  68 113
 314  69 113
 213  71 113
  62  75 113
 192  79 113
 302  82 113
  21  85 113
 259  86 113
 121  87 113
 247  88 113
  14  90 113
  35  93 113
 293  93 113
 221  94 113
 243  96 113
  98 104 113
  16 105 113
   7 106 113
  46 109 113
 286 115 113
 147 117 113
 229 118 113
 115 119 113
 137 120 113
 192 122 113
 129 123 113
 243 123 113
 255 125 113
 293 128 113
 231 132 113
 192 134 113
 201 136 113
 272 136 113
  33 137 113
 107 138 113
  30 141 113
 288 141 113
 271 148 113
 303 148 113
 291 152 113
 317 157 113
 263 165 113
 333 165 113
 102 166 113
  74 169 113
 189  11 114
 290  11 114
 310  11 114
 151  12 114
  19  20 114
  41  20 114
  70  20 114
  59  21 114
  86  22 114
  54  23 114
 150  23 114
 159  25 114
 353  26 114
 205  27 114
 243  27 114
  42  28 114
 307  28 114
 107  30 114
  68  39 114
 136  39 114
  86  41 114
 248  42 114
 336  42 114
 268  46 114
  22  60 114
 132  62 114
 192  63 114
  48  66 114
 350  67 114
 149  70 114
 324  73 114
 225  77 114
  52  84 114
 251  85 114
 271  86 114
 138  87 114
 167  87 114
 149  88 114
 192  88 114
 206  88 114
  75  91 114
 282  91 114
 334  91 114
  43  94 114
  26  96 114
 126  98 114
 334 100 114
 107 101 114
 254 101 114
  56 102 114
  91 105 114
  36 118 114
  97 118 114
 354 119 114
 331 121 114
  87 122 114
 168 122 114
  67 124 114
 343 125 114
 115 126 114
 271 126 114
  36 130 114
 303 131 114
 222 132 114
 316 133 114
 111 134 114
 242 134 114
 157 136 114
 184 136 114
 209 137 114
 172 141 114
  46 145 114
 247 145 114
 154 146 114
 229 148 114
 243 148 114
 344 148 114
  93 149 114
 107 149 114
 122 149 114
 203 149 114
 168 151 114
 176 151 114
  37 155 114
 147 157 114
 165 161 114
  26 163 114
 349 163 114
  54 165 114
 222   8 115
 179  12 115
 239  12 115
 278  13 115
 285  13 115
 352  15 115
 179  19 115
 327  20 115
  11  25 115
 224  25 115
 112  26 115
 167  26 115
 218  26 115
 289  28 115
   8  29 115
 274  30 115
 140  35 115
  97  37 115
 194  37 115
 305  37 115
 163  39 115
 123  41 115
 153  43 115
 218  43 115
 285  45 115
 333  46 115
  68  49 115
  23  50 115
  84  53 115
 314  55 115
 111  56 115
 271  56 115
 259  57 115
   4  58 115
  56  60 115
 169  60 115
 331  60 115
  32  64 115
 106  64 115
 124  64 115
  98  69 115
 271  73 115
 205  79 115
 215  79 115
 306  79 115
 235  81 115
 297  84 115
  62  86 115
 179  87 115
 340  88 115
 129  89 115
  12  95 115
 320  95 115
 165  96 115
 110  97 115
 154  99 115
 196 100 115
 208 101 115
 222 102 115
 242 103 115
 192 104 115
 290 104 115
 237 108 115
 321 118 115
   9 130 115
 324 130 115
  52 133 115
  92 133 115
 250 135 115
 351 138 115
  95 143 115
 308 143 115
 324 146 115
  24 147 115
 282 150 115
 220 153 115
 261 153 115
 189 159 115
 249 160 115
  15 161 115
 115 162 115
 341 162 115
 306 164 115
   2 165 115
  80 165 115
  88 165 115
 135 165 115
 318 165 115
 178 166 115
  64 169 115
 171 173 115
 116   3 116
 255   5 116
 295   8 116
   2   9 116
  16   9 116
  25  10 116
 131  14 116
 339  17 116
 121  18 116
 272  19 116
 310  22 116
  29  24 116
  71  28 116
 262  32 116
 342  32 116
   5  33 116
  29  34 116
  72  36 116
 181  36 116
 338  36 116
   1  39 116
 174  39 116
 288  39 116
 228  40 116
 255  42 116
 322  42 116
 357  43 116
 110  44 116
 117  44 116
 196  46 116
 177  49 116
 282  49 116
 209  52 116
 173  53 116
 148  54 116
 198  55 116
 282  56 116
 307  56 116
  81  57 116
  66  58 116
 144  59 116
 161  62 116
  24  68 116
 329  68 116
 344  68 116
 359  68 116
 257  69 116
  19  72 116
 139  74 116
 176  74 116
 147  75 116
  37  76 116
 315  78 116
  75  84 116
 351  89 116
 269  91 116
  54  92 116
 312  96 116
 261  99 116
 355  99 116
  76 101 116
 120 101 116
 148 101 116
 182 101 116
 273 101 116
 164 102 116
  26 104 116
 349 104 116
  55 109 116
  41 110 116
 210 110 116
 255 110 116
   2 112 116
  20 115 116
 140 117 116
 271 117 116
 295 118 116
  59 123 116
  50 124 116
 350 124 116
  14 128 116
 139 128 116
 256 132 116
 336 132 116
 288 135 116
 138 136 116
  65 137 116
 358 137 116
  73 138 116
 328 140 116
 142 146 116
 350 147 116
  64 148 116
 266 149 116
 224 150 116
  44 151 116
 136 152 116
  86 153 116
  60 155 116
 122 161 116
  36 162 116
 239 162 116
 284 162 116
 183 163 116
 218 163 116
 297 163 116
 204 165 116
 235 165 116
 240   6 117
 102   9 117
  85  10 117
 135  11 117
 214  11 117
 327  11 117
  68  12 117
 255  13 117
 191  19 117
 205  21 117
  92  22 117
 320  25 117
 236  26 117
  53  28 117
 195  29 117
 218  36 117
 233  38 117
 313  39 117
 209  43 117
  99  51 117
 233  51 117
  31  52 117
 318  52 117
 349  52 117
 298  54 117
 225  55 117
  48  58 117
 267  59 117
  75  61 117
  97  61 117
 247  65 117
 284  65 117
  68  67 117
 116  67 117
 158  68 117
   9  69 117
  88  69 117
 186  69 117
 281  70 117
  82  73 117
 246  73 117
 238  75 117
 133  77 117
 102  79 117
   0  80 117
 283  80 117
  37  83 117
 112  83 117
  87  90 117
  33  97 117
  66  97 117
 173  98 117
 133  99 117
 303  99 117
 295 100 117
 143 103 117
 104 104 117
 334 106 117
  68 110 117
 179 110 117
 120 111 117
 163 112 117
 205 113 117
 189 114 117
  11 115 117
  67 116 117
 174 116 117
 251 116 117
  29 117 117
 119 117 117
 153 117 117
 304 118 117
 228 123 117
 109 126 117
 167 127 117
 204 127 117
 156 129 117
   2 131 117
 126 132 117
 295 135 117
 267 137 117
 153 138 117
 279 138 117
 109 145 117
 205 145 117
 184 148 117
  14 149 117
  72 149 117
 301 152 117
   4 157 117
 106 159 117
 157 159 117
 229 166 117
 270 166 117
 251 168 117
 326   3 118
  38   4 118
  30   7 118
  50   9 118
  91   9 118
  58  10 118
 303  10 118
 203  12 118
 232  12 118
 343  12 118
 169  18 118
 254  19 118
 116  20 118
 291  24 118
 298  24 118
 137  25 118
 145  26 118
  81  28 118
 286  31 118
 124  33 118
 236  33 118
  52  34 118
  43  35 118
 255  35 118
  24  36 118
 302  40 118
 351  45 118
 148  47 118
  88  48 118
 247  50 118
  18  51 118
 188  51 118
  10  52 118
  54  52 118
 338  56 118
 220  57 118
 295  58 118
  38  64 118
 218  65 118
 203  71 118
 182  72 118
 342  73 118
 111  74 118
  60  78 118
 270  78 118
 323  79 118
 165  80 118
   8  81 118
  95  81 118
 223  81 118
  23  82 118
  89  85 118
 131  85 118
 356  86 118
 198  88 118
 223  91 118
 322  91 118
   5  99 118
 341 102 118
  84 103 118
 325 105 118
 220 106 118
 318 107 118
 275 109 118
  79 111 118
 101 111 118
 235 112 118
 196 114 118
 307 114 118
  89 115 118
 358 117 118
 234 118 118
 279 119 118
 188 123 118
 219 123 118
 264 124 118
 210 125 118
  25 126 118
  97 128 118
 181 128 118
  22 130 118
  43 130 118
  77 130 118
 309 131 118
 123 137 118
  81 140 118
  48 141 118
  25 142 118
 186 143 118
 230 143 118
 314 143 118
 123 144 118
 196 147 118
   4 148 118
 342 152 118
 165 154 118
 321 155 118
  95 156 118
 329 156 118
 134 158 118
 207 161 118
 278 163 118
 150 165 118
 356 165 118
  49 166 118
  98 167 118
 326 167 118
 160 168 118
 261 168 118
 296 169 118
 316 169 118
  12 170 118
 349   7 119
  10  10 119
 270  10 119
  74  11 119
 144  11 119
 156  12 119
 316  12 119
 300  18 119
 266  19 119
  15  21 119
 104  23 119
 250  24 119
 340  24 119
 182  27 119
 267  28 119
 160  31 119
 204  32 119
 323  34 119
  37  36 119
  66  42 119
  42  47 119
 162  47 119
 109  49 119
 241  51 119
 133  53 119
 344  54 119
 123  56 119
 235  59 119
  11  60 119
 185  61 119
 294  64 119
 211  65 119
 320  65 119
 206  67 119
  62  70 119
 169  74 119
 297  75 119
  12  78 119
  50  78 119
 257  78 119
 334  78 119
 157  80 119
  32  85 119
 152  85 119
 184  86 119
 235  87 119
 257  87 119
 212  90 119
 247  91 119
 279  96 119
  87  97 119
  41  98 119
 139 110 119
 128 113 119
 156 113 119
 332 117 119
  81 120 119
 248 120 119
 289 120 119
  80 126 119
 164 131 119
 202 134 119
 237 136 119
 334 136 119
 217 137 119
 231 137 119
 111 139 119
 166 142 119
  16 144 119
 136 146 119
 151 148 119
 307 149 119
 276 150 119
 293 150 119
 333 150 119
  38 151 119
 122 154 119
 252 154 119
  54 155 119
  69 158 119
  27 159 119
  25 167 119
  68 167 119
 200 167 119
  18 169 119
 343 169 119
 335 170 119
 352 170 119
  36 172 119
 221 172 119
 318   7 120
 168   8 120
 110   9 120
 218   9 120
 118  10 120
 193  12 120
   0  13 120
  41  13 120
 211  14 120
  27  17 120
  51  17 120
  36  18 120
 157  20 120
  84  24 120
 326  25 120
 350  26 120
 103  29 120
 129  29 120
  61  30 120
  96  31 120
 313  31 120
  16  34 120
  83  36 120
 333  37 120
  94  39 120
 200  39 120
  16  41 120
 266  41 120
  55  43 120
  74  43 120
 137  43 120
 130  44 120
 297  44 120
 251  47 120
 266  48 120
  34  49 120
 158  51 120
 325  51 120
 132  59 120
 255  62 120
  28  65 120
 120  65 120
 311  65 120
 268  66 120
 355  70 120
 229  71 120
 197  75 120
 308  76 120
  75  78 120
  46  81 120
 281  84 120
 292  84 120
 121  87 120
 250  87 120
 146  88 120
 310  88 120
 326  88 120
 107  89 120
 336  89 120
  70  91 120
 178  91 120
  14  92 120
 101  92 120
 116  92 120
 231  93 120
  50  94 120
 197  94 120
 305  94 120
 189  97 120
 225  99 120
 244 100 120
  13 101 120
  29 101 120
 253 103 120
 282 105 120
 129 106 120
 262 106 120
  46 109 120
 217 110 120
 310 110 120
 343 110 120
 293 111 120
  37 114 120
  97 114 120
 111 115 120
 338 115 120
  60 118 120
 266 118 120
 327 120 120
 130 124 120
 142 124 120
 102 125 120
 246 126 120
 237 127 120
 316 127 120
 174 128 120
 279 130 120
 340 130 120
 190 131 120
 348 131 120
 299 133 120
  58 135 120
  38 137 120
 148 139 120
 247 140 120
 276 141 120
  99 142 120
  90 143 120
 257 144 120
 353 144 120
  76 147 120
 177 147 120
 242 151 120
 350 153 120
  33 154 120
 236 154 120
 112 155 120
  54 162 120
 171 165 120
 190 165 120
 132 167 120
 147 169 120
 308 170 120
  82 171 120
 229 172 120
 278   9 121
 287   9 121
 263  10 121
 100  13 121
 229  15 121
 180  16 121
  62  19 121
 146  19 121
   0  20 121
 330  20 121
 225  21 121
  23  22 121
 283  22 121
 355  22 121
 169  24 121
 213  24 121
 242  24 121
 206  27 121
 222  27 121
 279  30 121
 117  32 121
 172  33 121
 149  35 121
 157  35 121
 353  35 121
   3  36 121
 115  37 121
 247  37 121
 270  37 121
 145  38 121
 187  38 121
 280  38 121
 223  45 121
 170  46 121
 105  52 121
 309  52 121
 205  53 121
  74  54 121
 185  54 121
 358  56 121
 100  57 121
  87  58 121
 175  59 121
  42  61 121
 329  61 121
 167  64 121
 146  65 121
 232  65 121
  53  67 121
 129  67 121
 307  68 121
 102  70 121
 113  70 121
  26  74 121
 290  75 121
 338  75 121
 326  76 121
 352  77 121
 264  78 121
 186  81 121
  69  82 121
 210  82 121
 200  84 121
   5  89 121
 140  89 121
 170  90 121
 280  90 121
 347  90 121
 163  91 121
 293  92 121
 349  99 121
  49 100 121
  63 100 121
   1 101 121
 153 101 121
 235 103 121
 292 103 121
 110 105 121
 202 105 121
  24 107 121
 173 109 121
  50 119 121
 356 121 121
  29 123 121
 112 123 121
 319 123 121
  45 126 121
 260 127 121
 219 129 121
  68 130 121
  94 131 121
  14 136 121
 319 136 121
   3 137 121
  55 139 121
 259 139 121
  34 140 121
 213 140 121
 198 143 121
 164 147 121
 212 147 121
 258 153 121
 289 153 121
  73 155 121
 194 155 121
 149 156 121
 208 156 121
 215 156 121
 225 156 121
  83 159 121
 269 159 121
 311 159 121
 176 160 121
 107 165 121
 116 166 121
  44 167 121
 289 170 121
 189 172 121
 246   4 122
 122   6 122
 236   7 122
 307   8 122
  78   9 122
 185  10 122
 336  10 122
 304  16 122
  68  17 122
 129  22 122
  12  24 122
  41  28 122
  68  30 122
 338  32 122
 302  33 122
 349  38 122
 108  39 122
 172  40 122
 226  41 122
 325  42 122
 185  43 122
 344  43 122
 215  44 122
 283  47 122
 259  49 122
 278  49 122
  25  53 122
  60  53 122
 142  53 122
 153  56 122
 278  56 122
  54  58 122
 320  58 122
 272  59 122
 355  61 122
 337  62 122
  73  64 122
  11  66 122
  93  69 122
  84  70 122
 138  70 122
 223  74 122
  79  75 122
 125  75 122
  35  77 122
 245  77 122
 213  78 122
 124  83 122
  24  88 122
  62  89 122
 266  91 122
  95  95 122
 138  95 122
 158  96 122
 126  97 122
 209  97 122
 322  97 122
 263  98 122
 113 100 122
  74 102 122
 181 103 122
 189 104 122
  61 107 122
 142 107 122
 164 107 122
 226 107 122
 246 108 122
   2 109 122
  15 109 122
 357 111 122
 151 120 122
 191 120 122
  10 121 122
 298 123 122
 124 125 122
 284 128 122
  62 131 122
 154 132 122
 174 136 122
 328 136 122
 136 137 122
 186 137 122
 342 138 122
 291 141 122
 320 144 122
 310 145 122
  82 146 122
 226 149 122
 102 151 122
 271 151 122
  13 153 122
 177 154 122
 358 155 122
   9 157 122
 139 157 122
 305 160 122
 236 162 122
 251 163 122
 264 164 122
   2 165 122
 124 166 122
 139 167 122
 166 167 122
  86 168 122
 209 168 122
 248 170 122
   1   8 123
  15   8 123
  23   8 123
 162   8 123
 344   8 123
 328   9 123
 197  10 123
 246  11 123
 133  12 123
  90  13 123
 108  15 123
 258  18 123
 313  19 123
 275  20 123
 190  21 123
  45  22 123
 256  25 123
  33  27 123
 188  28 123
  25  30 123
 307  31 123
 293  34 123
 234  36 123
  80  40 123
 195  40 123
  33  42 123
  60  42 123
  47  43 123
 290  43 123
 314  43 123
 333  43 123
   5  44 123
   1  47 123
  26  47 123
 120  47 123
 212  48 123
 197  51 123
  90  54 123
 238  54 123
 303  54 123
 215  57 123
 256  57 123
 196  59 123
  18  60 123
 250  63 123
  34  65 123
 153  65 123
 194  66 123
 245  66 123
 266  70 123
 277  70 123
  49  72 123
 147  73 123
 188  74 123
 176  76 123
 105  79 123
 170  80 123
  90  81 123
 235  81 123
 350  84 123
  79  87 123
  17  88 123
  40  88 123
  79  94 123
 314  97 123
 331  98 123
 174 103 123
 274 103 123
 309 103 123
  98 104 123
 300 105 123
 200 110 123
 271 110 123
 349 110 123
 255 111 123
 213 112 123
  12 113 123
 162 114 123
 227 115 123
  64 116 123
 141 117 123
 272 118 123
  34 119 123
  87 119 123
 173 119 123
 347 119 123
 158 120 123
 198 120 123
 304 122 123
 135 123 123
 225 123 123
 287 124 123
   7 125 123
 272 129 123
 256 130 123
 112 131 123
  19 133 123
 124 133 123
  89 136 123
 105 138 123
 296 139 123
 242 145 123
  57 147 123
 121 147 123
 114 151 123
  26 153 123
  60 156 123
 334 156 123
  88 157 123
 189 157 123
 286 157 123
 317 157 123
 343 158 123
 334 164 123
 298 165 123
  37 167 123
 234 168 123
 323 169 123
 276 170 123
  43   5 124
 134   6 124
  64   7 124
 145   7 124
 176   7 124
  52   8 124
 210   8 124
 257  10 124
 238  15 124
 289  17 124
 132  18 124
 174  18 124
 118  19 124
  89  20 124
 234  25 124
  73  27 124
 118  27 124
   6  30 124
 252  30 124
  57  32 124
 199  33 124
 139  38 124
 255  39 124
 100  40 124
 307  43 124
  93  44 124
  14  46 124
  75  49 124
 114  50 124
 246  52 124
 293  52 124
  67  53 124
 338  53 124
  43  54 124
 227  54 124
 168  58 124
 293  59 124
 109  61 124
  64  63 124
 289  63 124
 346  65 124
 104  66 124
   6  68 124
 177  70 124
 328  70 124
   2  72 124
 214  72 124
 301  74 124
 157  75 124
 318  75 124
 133  76 124
  18  77 124
  95  77 124
 252  77 124
 239  78 124
   0  79 124
 143  80 124
 284  81 124
 301  83 124
 228  84 124
 313  85 124
 270  88 124
  32  90 124
   1  91 124
 243  93 124
 131  95 124
 336  95 124
 255  96 124
  35  99 124
  82 104 124
  92 105 124
 123 105 124
 150 105 124
  49 106 124
  39 109 124
  74 109 124
 235 109 124
 323 109 124
 120 111 124
  72 114 124
 303 114 124
 211 117 124
 320 118 124
 181 120 124
 205 120 124
  19 124 124
  49 124 124
  72 128 124
 193 128 124
  39 129 124
 352 129 124
   4 132 124
 246 132 124
 147 133 124
 162 134 124
 305 134 124
 222 138 124
 268 138 124
 358 140 124
 124 141 124
 202 141 124
 282 141 124
 232 142 124
  48 144 124
  68 144 124
 340 144 124
  30 145 124
  14 147 124
 158 147 124
  45 148 124
 193 148 124
  91 149 124
 321 152 124
 153 154 124
  42 159 124
 351 159 124
  98 161 124
  25 162 124
  60 163 124
  10 165 124
  72 165 124
 153 165 124
 219 165 124
  54 168 124
  94 168 124
 281 168 124
 180 169 124
 265   6 125
  30   8 125
 203   9 125
 157  10 125
 293  10 125
 319  12 125
  12  15 125
  76  16 125
 150  17 125
  56  18 125
 196  19 125
 339  19 125
 347  19 125
 205  21 125
  52  22 125
 101  23 125
 143  23 125
 305  23 125
 269  24 125
  79  25 125
 291  25 125
 176  26 125
 315  27 125
 340  27 125
 161  28 125
 324  29 125
 129  34 125
  21  35 125
 216  35 125
 227  36 125
 241  36 125
  36  38 125
 124  42 125
 159  42 125
 353  47 125
 151  48 125
 184  48 125
 343  48 125
 136  53 125
 180  55 125
 114  57 125
  35  59 125
 264  59 125
 314  61 125
 350  62 125
 212  63 125
 226  64 125
  16  65 125
 185  65 125
 282  65 125
 238  66 125
 161  67 125
 339  70 125
  66  71 125
  45  75 125
  59  77 125
 112  78 125
 314  78 125
  27  80 125
 271  80 125
 205  83 125
 336  83 125
  83  84 125
 195  85 125
  46  86 125
 181  86 125
  54  87 125
 102  88 125
 220  89 125
 287  92 125
 299  92 125
 192  93 125
 217  93 125
  15  97 125
 204  98 125
  24 100 125
 284 100 125
 333 106 125
 261 110 125
 331 111 125
 286 112 125
 245 113 125
 115 114 125
  93 115 125
  54 116 125
 237 117 125
 257 119 125
 332 121 125
  75 123 125
 341 123 125
  84 125 125
  98 126 125
  29 129 125
 184 129 125
 331 129 125
 202 130 125
 209 130 125
 225 130 125
 236 131 125
 137 132 125
 311 133 125
 348 136 125
 136 143 125
 329 143 125
 184 147 125
  40 150 125
 161 156 125
 250 156 125
 133 157 125
 127 158 125
 205 159 125
 282 160 125
  19 163 125
 328 165 125
 345 166 125
 197 168 125
 261 168 125
 294 168 125
 354 168 125
 316 169 125
 103 171 125
 277   4 126
 318   4 126
  37   8 126
  91   8 126
 112   8 126
 220   8 126
 273   8 126
 354   8 126
 172  10 126
 156  16 126
 245  16 126
  33  18 126
 318  18 126
 214  19 126
 106  21 126
  88  26 126
 153  27 126
 265  28 126
 100  29 126
 139  29 126
 359  29 126
 203  30 126
 244  30 126
 352  30 126
  49  31 126
 284  31 126
 332  31 126
  66  34 126
 262  35 126
  47  37 126
 164  37 126
 317  38 126
 131  42 126
 152  42 126
 265  44 126
 300  44 126
  78  45 126
 142  47 126
 205  47 126
  91  49 126
 327  49 126
 171  52 126
  36  53 126
 321  53 126
 130  54 126
   5  57 126
  22  57 126
 125  57 126
  82  60 126
 204  61 126
 304  61 126
  55  64 126
 222  67 126
 203  69 126
  33  70 126
 260  70 126
 255  73 126
 287  77 126
  13  79 126
 151  82 126
 158  82 126
 342  82 126
 329  83 126
 130  84 126
 169  85 126
 254  86 126
 109  88 126
 116  88 126
 145  90 126
  97  91 126
 341  93 126
 354  93 126
 183  94 126
 235  95 126
 164  96 126
  56  97 126
  65  97 126
 215  98 126
 104 104 126
  18 106 126
 132 106 126
 215 106 126
  32 111 126
 185 111 126
 180 113 126
 280 113 126
 103 114 126
 310 115 126
 134 116 126
 113 119 126
 292 123 126
 167 124 126
 314 128 126
 165 130 126
 267 130 126
  54 134 126
 178 134 126
 297 134 126
  83 136 126
  95 136 126
 110 136 126
  71 137 126
  15 141 126
 163 141 126
 173 141 126
 148 142 126
 246 142 126
 260 144 126
  63 146 126
 279 146 126
 352 146 126
 105 147 126
 217 147 126
 256 147 126
 293 148 126
 135 149 126
 200 149 126
 232 149 126
 275 149 126
 301 149 126
 242 154 126
 169 156 126
 220 156 126
  70 157 126
 102 157 126
 272 157 126
 296 157 126
 112 158 126
  36 160 126
 240 160 126
 183 163 126
 199 163 126
 160 166 126
 148 167 126
 227 167 126
 114 169 126
 173 169 126
 216 169 126
 132 170 126
  70   6 127
 228   6 127
 338   7 127
  59   9 127
  99   9 127
 120   9 127
 191   9 127
 302  10 127
 353  14 127
  24  15 127
 220  15 127
 328  15 127
   5  16 127
 233  16 127
 267  16 127
   4  22 127
 330  23 127
 167  25 127
 225  25 127
 128  26 127
 112  32 127
 186  32 127
  83  34 127
  90  34 127
 178  34 127
 280  34 127
  16  37 127
 174  37 127
 276  37 127
 189  42 127
 251  42 127
 274  42 127
 243  44 127
 227  46 127
 101  47 127
 236  47 127
  44  49 127
 264  50 127
  53  52 127
 221  54 127
 313  54 127
 353  54 127
 235  57 127
 162  58 127
 190  58 127
  91  60 127
  77  62 127
  47  63 127
 124  63 127
 141  63 127
 178  64 127
 328  64 127
 119  67 127
 303  67 127
  25  69 127
 272  71 127
 292  71 127
 346  71 127
  81  72 127
 117  72 127
  67  78 127
  55  81 127
   8  82 127
 220  82 127
 325  86 127
  70  87 127
 244  88 127
 204  89 127
 312  90 127
 169  92 127
  69  93 127
 141  93 127
 306  93 127
  41  94 127
  88  94 127
  26  95 127
 265  95 127
 349  95 127
 179  97 127
 274  97 127
 297  97 127
 231  98 127
  51  99 127
 108  99 127
 156  99 127
   5 100 127
 194 101 127
 246 101 127
 141 102 127
   1 104 127
 166 104 127
 340 104 127
 348 104 127
 190 109 127
  81 110 127
 318 110 127
 292 111 127
 143 112 127
  23 116 127
 350 116 127
 358 116 127
 264 119 127
 278 119 127
 246 120 127
 103 121 127
 126 121 127
  55 123 127
 236 123 127
 150 124 127
 275 126 127
 319 126 127
 114 127 127
 215 127 127
 251 131 127
  25 134 127
  49 136 127
  20 139 127
  79 139 127
 262 139 127
 218 141 127
  94 145 127
 305 145 127
 115 146 127
  76 147 127
   0 148 127
 339 149 127
 208 151 127
 350 151 127
 180 152 127
 254 153 127
  75 154 127
 145 154 127
 228 155 127
 264 158 127
  51 159 127
 307 166 127
  81 167 127
 251 168 127
   1 169 127
  48 169 127
 121 169 127
 240 169 127
  20 170 127
  30 172 127
 271 172 127
  67 173 127
 124   5 128
   7   6 128
 105   7 128
  82   8 128
 248   8 128
 332   8 128
 287  10 128
  47  13 128
 185  13 128
 140  15 128
 166  15 128
  61  17 128
 277  17 128
  20  18 128
 183  18 128
 253  18 128
 297  21 128
  16  24 128
 214  26 128
  72  32 128
 148  32 128
 195  35 128
 298  35 128
 306  35 128
 343  35 128
 350  35 128
 325  36 128
   3  38 128
  10  38 128
 104  38 128
 111  38 128
 208  40 128
 215  40 128
  64  41 128
  58  45 128
 175  45 128
  21  47 128
 200  49 128
 275  50 128
   8  51 128
 192  51 128
 254  51 128
 100  53 128
 284  53 128
  65  57 128
 147  57 128
 331  58 128
 272  62 128
 136  65 128
 314  67 128
 169  69 128
  73  70 128
 102  70 128
 135  71 128
 195  71 128
 237  71 128
 160  72 128
 324  72 128
 228  77 128
 195  78 128
 206  78 128
 183  79 128
  33  80 128
 120  81 128
 279  82 128
 353  82 128
 261  83 128
   3  87 128
 151  89 128
 276  89 128
 321  89 128
 113  97 128
 120  97 128
 252  99 128
 290 100 128
 321 101 128
 264 102 128
 202 103 128
 225 103 128
 156 106 128
 356 106 128
  44 107 128
 308 107 128
  63 111 128
 166 111 128
 152 112 128
   7 115 128
  59 115 128
 221 116 128
 340 116 128
  41 122 128
 174 124 128
 256 124 128
  12 125 128
  64 125 128
   3 126 128
  91 126 128
 145 126 128
 355 126 128
 124 128 128
 288 130 128
 339 131 128
  60 133 128
  38 134 128
 193 134 128
 330 134 128
 286 135 128
 235 136 128
   1 137 128
 205 138 128
 320 138 128
  35 139 128
 190 139 128
 156 140 128
 141 141 128
 314 141 128
   7 148 128
 325 148 128
  86 151 128
 172 152 128
  54 154 128
  23 155 128
   2 156 128
 312 156 128
 121 158 128
  85 159 128
 307 159 128
   4 164 128
  66 164 128
 107 168 128
 137 168 128
  34 169 128
 287 169 128
  90 170 128
 342 170 128
 305 172 128
  45 173 128
 209 173 128
 157   4 129
 195   6 129
 258   6 129
 235   7 129
 310   8 129
  80  13 129
 282  13 129
  69  14 129
  39  16 129
 259  16 129
  92  18 129
 113  18 129
 127  19 129
 243  22 129
  34  25 129
 194  26 129
 287  27 129
  26  28 129
 119  32 129
  39  35 129
  27  36 129
 333  38 129
 144  39 129
 291  41 129
 342  41 129
  26  44 129
 286  44 129
 318  45 129
 331  46 129
  36  47 129
 108  48 129
 162  50 129
  70  51 129
 297  51 129
 305  53 129
 152  54 129
 274  56 129
 211  57 129
 243  57 129
 253  57 129
 337  57 129
  29  58 129
  96  58 129
   4  62 129
 106  63 129
 356  63 129
 294  64 129
 149  65 129
  44  67 129
  92  67 129
  87  69 129
  15  70 129
 247  70 129
 353  70 129
 232  73 129
 185  74 129
 307  76 129
 129  77 129
 170  77 129
 100  78 129
  91  79 129
 265  79 129
  75  80 129
 303  80 129
  87  82 129
 296  82 129
 246  83 129
  22  84 129
  77  88 129
 235  88 129
 124  91 129
  79  97 129
  66 104 129
 241 105 129
  89 107 129
 223 108 129
  12 110 129
 124 110 129
 197 110 129
 267 111 129
  28 114 129
  40 114 129
  78 116 129
 216 118 129
 302 118 129
 200 119 129
 154 120 129
 190 120 129
 296 120 129
 139 128 129
  84 131 129
 350 132 129
 277 134 129
 101 136 129
 116 136 129
 124 136 129
 247 137 129
 306 139 129
 340 139 129
  53 145 129
 239 146 129
 124 147 129
  25 149 129
 269 149 129
 315 150 129
  34 152 129
 335 152 129
 193 153 129
 288 156 129
  10 157 129
  18 157 129
 328 157 129
 211 160 129
  94 162 129
 230 163 129
 274 165 129
 323 166 129
 193 170 129
 186 171 129
  15 172 129
  77 172 129
 157 172 129
 224 172 129
 337 172 129
 238 174 129
 177   3 130
 288   3 130
  12   4 130
  19   4 130
 345   4 130
 357   4 130
 150   7 130
 206   7 130
 142   8 130
  51  10 130
 132  15 130
 205  15 130
 300  15 130
 348  15 130
 119  17 130
 228  17 130
 312  17 130
 178  20 130
  71  22 130
  57  23 130
 203  24 130
  49  25 130
 252  25 130
 123  27 130
 233  27 130
  14  29 130
 307  29 130
 316  32 130
 252  33 130
 230  34 130
 157  35 130
 135  36 130
 221  36 130
  82  39 130
 121  44 130
 311  45 130
 356  45 130
 114  47 130
  12  48 130
 212  49 130
 340  50 130
  79  51 130
 291  54 130
 109  57 130
  18  59 130
 230  59 130
 283  60 130
  58  61 130
 171  63 130
 322  64 130
 263  66 130
  38  68 130
 213  68 130
  57  71 130
 110  72 130
 146  72 130
 312  72 130
 211  73 130
 333  73 130
 281  76 130
 247  77 130
 343  77 130
  41  78 130
 108  80 130
 138  80 130
 291  85 130
  43  88 130
 193  88 130
 130  90 130
  13  91 130
  32  93 130
  93  93 130
   9  97 130
 325  98 130
  87  99 130
 306  99 130
 172 100 130
 133 101 130
 315 102 130
  22 103 130
  97 103 130
  31 104 130
  50 104 130
 274 104 130
 300 105 130
 236 107 130
 113 108 130
 256 109 130
 251 111 130
 205 112 130
 328 113 130
 175 114 130
 139 115 130
 163 116 130
  91 118 130
  16 119 130
 318 119 130
 326 120 130
  69 121 130
 286 122 130
 186 123 130
  33 124 130
 231 124 130
 103 127 130
 305 131 130
 155 133 130
 263 134 130
 225 135 130
 324 135 130
 174 136 130
 296 140 130
 186 142 130
  32 144 130
  45 144 130
 284 145 130
 212 148 130
 157 149 130
 151 150 130
  62 155 130
  95 155 130
 136 155 130
 188 155 130
  44 158 130
 346 159 130
 160 160 130
 218 160 130
 337 160 130
 251 161 130
 259 162 130
 205 164 130
 141 165 130
 175 165 130
  58 169 130
 246 169 130
 352 171 130
  29   3 131
  62   3 131
 174   7 131
 215   7 131
 316   7 131
 166   8 131
 242   8 131
 327   9 131
  29  10 131
 267  10 131
   7  12 131
  98  14 131
 160  15 131
 341  16 131
 148  18 131
 336  19 131
  80  20 131
 157  21 131
 276  22 131
 292  22 131
 310  22 131
 358  22 131
  40  23 131
  90  23 131
 172  24 131
 325  24 131
 351  24 131
 147  25 131
 220  26 131
 268  26 131
 103  27 131
 320  27 131
 159  29 131
 261  29 131
  59  31 131
  95  33 131
 243  34 131
 194  40 131
  70  41 131
  92  41 131
 359  41 131
 182  42 131
  49  43 131
 128  44 131
 167  44 131
  84  47 131
 138  48 131
 154  48 131
 223  49 131
  32  54 131
 262  54 131
  46  56 131
 178  56 131
  11  59 131
 219  59 131
 197  60 131
 346  60 131
 156  63 131
 253  64 131
 281  67 131
 187  69 131
   6  70 131
   2  73 131
  24  74 131
  54  75 131
 155  75 131
 269  76 131
 144  77 131
 322  77 131
 222  78 131
  49  80 131
 332  81 131
 215  83 131
  29  84 131
 182  84 131
  16  86 131
 174  86 131
 104  87 131
 158  87 131
 209  87 131
 352  87 131
  50  88 131
  59  89 131
 270  89 131
 228  90 131
 288  90 131
 333  90 131
 219  92 131
 256  92 131
 203  94 131
 330  94 131
 280  98 131
  72 101 131
 146 101 131
 187 101 131
 181 104 131
 209 104 131
 335 105 131
 282 106 131
 128 107 131
 331 108 131
 273 110 131
 349 110 131
 107 111 131
 233 112 131
  47 115 131
 286 115 131
  72 117 131
 117 118 131
 309 119 131
 241 122 131
  25 123 131
 179 123 131
 261 123 131
 336 123 131
  49 124 131
 200 126 131
 226 126 131
 210 128 131
 309 128 131
 131 129 131
 158 129 131
  73 130 131
 196 130 131
  12 131 131
   5 134 131
 210 136 131
 132 137 131
 220 137 131
 272 137 131
 166 139 131
 348 139 131
  61 140 131
  96 141 131
 202 142 131
  87 143 131
  11 144 131
 109 146 131
  41 148 131
 227 148 131
 164 149 131
 103 151 131
 263 151 131
 125 154 131
 200 154 131
 280 156 131
 351 157 131
 146 160 131
 185 160 131
 324 160 131
  32 161 131
 109 161 131
  59 163 131
 120 163 131
 290 164 131
 316 165 131
 200 168 131
  95 169 131
 167 170 131
 271   2 132
  86   4 132
  37   5 132
 114   7 132
 131   7 132
 224   7 132
 253   7 132
 356  12 132
 235  13 132
 191  14 132
 198  14 132
 215  16 132
 107  18 132
 238  23 132
 136  24 132
 188  26 132
 346  26 132
 338  27 132
  81  28 132
   8  30 132
 167  30 132
 335  31 132
  43  32 132
 182  33 132
  53  35 132
 292  36 132
  34  37 132
 128  37 132
 239  37 132
 261  37 132
 153  40 132
 256  42 132
 322  42 132
 302  43 132
 238  44 132
 280  44 132
 144  45 132
 351  47 132
 183  50 132
 234  50 132
 124  53 132
 132  53 132
 200  55 132
 318  55 132
 117  56 132
 171  56 132
 187  60 132
 306  60 132
 128  62 132
  27  63 132
  73  64 132
 268  64 132
 333  65 132
 218  66 132
 197  67 132
 124  68 132
  67  70 132
  32  74 132
 353  76 132
 124  78 132
   2  80 132
 316  81 132
 236  82 132
 165  83 132
 340  83 132
 196  84 132
  62  85 132
 257  85 132
 312  85 132
 134  86 132
  97  88 132
 305  88 132
 342  91 132
 184  92 132
 146  94 132
 192  94 132
 244  94 132
 160  95 132
 211  96 132
 354  96 132
 239  97 132
 103  98 132
  56 100 132
 341 100 132
  36 102 132
  81 105 132
 291 106 132
  16 107 132
  97 110 132
 180 110 132
   1 114 132
  53 114 132
 190 114 132
 246 114 132
 345 115 132
  96 116 132
 266 116 132
 107 118 132
 133 118 132
 206 119 132
 160 120 132
 276 122 132
 347 124 132
  84 125 132
 252 127 132
 296 127 132
  42 128 132
 172 128 132
  24 129 132
  62 129 132
 332 130 132
 181 132 132
  20 133 132
 239 134 132
 148 135 132
 107 136 132
 142 136 132
 252 136 132
  69 139 132
 287 141 132
 356 141 132
 334 142 132
  78 143 132
 243 143 132
  58 144 132
 270 144 132
 129 145 132
 177 145 132
 231 145 132
 219 146 132
 252 146 132
  71 147 132
 137 147 132
 297 147 132
  68 151 132
 294 152 132
 249 153 132
 237 155 132
 152 158 132
 276 159 132
 177 160 132
 235 160 132
  40 161 132
  72 161 132
  79 161 132
 297 161 132
  10 163 132
 129 163 132
  19 164 132
 268 165 132
 356 168 132
 103 170 132
 260 170 132
 314 170 132
 130 171 132
 215 171 132
 229 171 132
 151 172 132
  56   4 133
  95   4 133
 333   4 133
  74   5 133
 187   5 133
 301   6 133
 121   7 133
 281   7 133
  72  10 133
 274  11 133
  19  13 133
 263  14 133
  27  15 133
  44  15 133
 243  15 133
 294  15 133
 325  16 133
   6  20 133
  17  20 133
 224  20 133
  62  22 133
  27  23 133
 208  23 133
 109  26 133
 132  27 133
 202  29 133
 277  29 133
   1  31 133
  66  31 133
 100  31 133
 212  32 133
 300  32 133
 199  34 133
 270  34 133
 168  38 133
  16  40 133
 270  41 133
  99  42 133
 203  43 133
  62  44 133
 249  44 133
  44  45 133
 191  46 133
 265  46 133
  91  47 133
 345  49 133
  59  50 133
  20  51 133
 326  51 133
   1  54 133
  39  55 133
  78  56 133
  88  56 133
 141  57 133
 313  57 133
 160  59 133
  63  60 133
 239  60 133
 300  61 133
 338  63 133
 228  64 133
 114  66 133
 239  67 133
 292  68 133
  83  71 133
 253  71 133
 175  72 133
 291  74 133
  16  76 133
  78  77 133
 200  78 133
  64  80 133
 115  81 133
 278  86 133
  83  87 133
 111  88 133
   0  89 133
  38  89 133
 248  90 133
 300  90 133
 173  93 133
 267  93 133
 297  94 133
 315  94 133
  22  96 133
  60  96 133
 108  96 133
  41  98 133
 125  98 133
 257  99 133
 349 101 133
   4 102 133
 160 102 133
 169 104 133
 142 106 133
   1 107 133
 313 108 133
 218 109 133
  31 110 133
  77 110 133
 309 112 133
 122 114 133
 146 116 133
 228 116 133
  86 119 133
 354 119 133
 215 123 133
 268 124 133
 117 125 133
 108 126 133
  96 127 133
 239 127 133
 323 128 133
 165 130 133
 293 131 133
  51 132 133
  33 133 133
  44 136 133
  14 139 133
  24 142 133
 327 143 133
 197 144 133
 348 146 133
 185 147 133
 279 147 133
 305 148 133
 319 148 133
 174 149 133
 357 149 133
  80 151 133
 221 154 133
 259 156 133
 357 156 133
 166 157 133
 304 161 133
  26 162 133
 247 164 133
 335 165 133
   1 166 133
 170 166 133
  50 167 133
 159 168 133
 282 169 133
 299 169 133
  69 170 133
  81 170 133
 113 170 133
 144 173 133
  79   3 134
 152   3 134
 200   6 134
 342   7 134
 109   9 134
  58  12 134
 251  12 134
  85  13 134
 183  14 134
 316  14 134
 139  17 134
 171  17 134
 284  19 134
 116  26 134
  19  28 134
  72  28 134
 175  32 134
 356  33 134
 143  34 134
 111  35 134
 347  35 134
 310  36 134
  20  37 134
 119  37 134
 227  37 134
 279  37 134
  76  38 134
 211  38 134
 329  39 134
   9  41 134
 106  42 134
 222  42 134
 298  46 134
 247  49 134
   4  50 134
 100  50 134
 279  50 134
 204  51 134
 219  52 134
  68  54 134
 147  54 134
 245  54 134
 163  55 134
 269  55 134
 257  56 134
 355  56 134
 100  57 134
 134  61 134
  48  64 134
  55  64 134
  98  64 134
 143  65 134
 206  65 134
 315  65 134
  21  66 134
 178  66 134
 156  69 134
 165  69 134
 301  69 134
  93  72 134
 100  72 134
 133  72 134
 327  72 134
 273  73 134
 237  74 134
 206  75 134
  68  77 134
 287  77 134
 186  79 134
 262  81 134
 146  85 134
  73  89 134
  25  90 134
  71  94 134
 228  96 134
 285  96 134
 117  98 134
 219  98 134
 265  98 134
 193 101 134
 322 105 134
  57 107 134
 134 107 134
  65 108 134
 155 108 134
 209 110 134
 300 111 134
 322 112 134
 291 113 134
 168 115 134
  24 116 134
 336 117 134
  10 119 134
  62 119 134
   2 121 134
 142 122 134
 131 123 134
  77 126 134
 315 128 134
 188 130 134
 278 130 134
 285 130 134
 345 131 134
 357 131 134
  94 132 134
 118 133 134
 231 135 134
  87 137 134
 259 137 134
 313 137 134
   3 141 134
 116 141 134
 161 141 134
 141 144 134
   5 149 134
  20 149 134
  53 150 134
  96 150 134
 207 151 134
 329 151 134
 339 151 134
 241 152 134
 118 153 134
 111 154 134
  50 155 134
  89 155 134
 315 155 134
 307 156 134
 196 159 134
 103 161 134
 344 163 134
 217 166 134
  41 168 134
 118 168 134
 237 168 134
 306 169 134
 329 169 134
  29 171 134
 291 171 134
 307   4 135
   9   7 135
 137   7 135
  45   8 135
 295   8 135
 147   9 135
  65  10 135
  35  11 135
  92  13 135
 174  13 135
 122  15 135
  73  19 135
 117  20 135
 212  20 135
 252  20 135
 260  20 135
 303  21 135
  95  22 135
 163  22 135
 192  22 135
 247  24 135
 283  25 135
 299  25 135
 181  26 135
  87  28 135
 144  28 135
 227  28 135
 292  29 135
  36  31 135
 246  31 135
 328  31 135
  84  36 135
 286  36 135
 175  39 135
 337  39 135
  29  40 135
  53  41 135
 136  41 135
 160  41 135
 116  44 135
 290  45 135
  25  46 135
  78  46 135
 316  46 135
  39  47 135
  70  47 135
 174  47 135
 331  49 135
  53  51 135
 108  51 135
 274  52 135
 289  57 135
 350  58 135
  33  60 135
 209  60 135
  87  62 135
   8  63 135
 274  64 135
 327  65 135
 346  66 135
 354  67 135
  43  69 135
 226  69 135
 261  69 135
  36  71 135
 342  72 135
 115  73 135
 249  74 135
 225  75 135
 301  76 135
 165  77 135
  10  78 135
 152  78 135
 174  78 135
 133  79 135
 217  79 135
  32  80 135
  88  80 135
  95  80 135
 282  81 135
 351  81 135
  40  82 135
 248  82 135
 270  83 135
 123  84 135
 324  84 135
 230  85 135
   6  88 135
 118  89 135
 320  89 135
 165  90 135
 128  94 135
 137  94 135
  47  95 135
  89  96 135
 309  96 135
  14  97 135
 200  97 135
 293  98 135
  83 100 135
 248 102 135
 228 103 135
 303 103 135
 115 105 135
  44 106 135
 258 106 135
 341 106 135
 266 107 135
  23 108 135
 190 108 135
  38 110 135
  10 111 135
 151 111 135
 239 113 135
 257 114 135
 219 116 135
  32 117 135
  40 118 135
 279 118 135
 301 120 135
 254 122 135
 124 126 135
 151 126 135
 264 130 135
  57 131 135
  70 133 135
 203 133 135
 340 133 135
 304 135 135
  28 137 135
 179 137 135
 278 138 135
 302 140 135
 211 142 135
 151 143 135
 264 146 135
 192 148 135
 343 148 135
  35 150 135
  13 151 135
  29 151 135
 128 151 135
 288 152 135
 158 154 135
  61 159 135
 268 159 135
  85 160 135
 134 161 135
 191 161 135
 208 161 135
 224 162 135
 186 166 135
 181 168 135
   9 169 135
  35 169 135
  87 169 135
 206 169 135
  19 170 135
 266 170 135
 344 170 135
 197 171 135
 277 171 135
 324 171 135
 207   5 136
  18   6 136
 320   6 136
 182   7 136
 235   7 136
 357   7 136
 161   9 136
 221  10 136
 332  10 136
 104  11 136
 129  11 136
 351  13 136
 305  14 136
 230  15 136
 345  15 136
  81  16 136
  52  17 136
  42  20 136
 199  20 136
 317  21 136
  35  23 136
 232  23 136
  51  24 136
 151  24 136
 126  27 136
 312  28 136
  26  29 136
 217  29 136
 256  29 136
 153  32 136
 190  33 136
  59  36 136
 138  36 136
 321  36 136
 343  38 136
 306  41 136
 209  43 136
   5  44 136
 125  46 136
 170  50 136
 152  51 136
 189  51 136
 211  51 136
 229  51 136
  14  52 136
 299  53 136
 340  53 136
  49  54 136
 324  56 136
 115  60 136
 254  60 136
 246  61 136
 278  61 136
  77  62 136
 181  62 136
 359  65 136
 106  66 136
 190  67 136
 309  67 136
  71  68 136
 137  69 136
  17  70 136
 336  73 136
 188  74 136
  52  78 136
 309  78 136
 102  80 136
 345  82 136
 211  84 136
  10  85 136
 153  86 136
 203  86 136
 189  87 136
  90  88 136
  32  90 136
 179  93 136
 152  94 136
 275  97 136
   7  98 136
  97  98 136
 328  98 136
 237 101 136
  68 104 136
 106 106 136
 222 106 136
 100 107 136
 123 107 136
 278 107 136
 247 108 136
 353 109 136
 198 110 136
 337 111 136
  88 112 136
 177 113 136
  74 114 136
  66 115 136
 187 117 136
 197 117 136
 319 117 136
  54 120 136
 154 120 136
 166 120 136
 287 120 136
 330 121 136
  99 123 136
 175 124 136
  31 125 136
  11 126 136
 139 126 136
 205 127 136
 231 127 136
   2 128 136
 247 128 136
 215 129 136
 125 134 136
 353 134 136
 197 135 136
 214 135 136
  79 136 136
 246 136 136
 333 136 136
 103 138 136
 188 139 136
 291 139 136
  37 141 136
 102 144 136
 238 144 136
 256 144 136
 311 144 136
  85 146 136
  60 151 136
 273 151 136
 136 152 136
 170 152 136
 182 153 136
 227 153 136
 144 154 136
 215 154 136
 285 156 136
 327 156 136
  11 158 136
 141 161 136
 254 161 136
 283 162 136
  53 163 136
  94 164 136
  73 167 136
 152 167 136
  63 170 136
 136 170 136
 245 171 136
 256 172 136
 164   4 137
 242   5 137
 264   5 137
  25   6 137
 287   7 137
 194   8 137
  96  10 137
 155  11 137
 216  12 137
   6  14 137
 203  14 137
 269  14 137
 329  14 137
 287  15 137
 152  18 137
   0  19 137
  66  19 137
 101  19 137
 339  19 137
 183  20 137
 268  22 137
 326  22 137
 354  22 137
 160  27 137
  11  28 137
  44  28 137
 238  32 137
 254  34 137
  67  37 137
  91  37 137
 233  37 137
  45  38 137
 188  38 137
 355  39 137
 183  40 137
 129  42 137
 147  42 137
 353  44 137
 234  45 137
 156  46 137
 219  46 137
 256  47 137
 286  48 137
 114  49 137
 306  49 137
  88  50 137
 227  56 137
  12  57 137
 107  58 137
 198  58 137
 265  58 137
 283  58 137
 191  59 137
 216  60 137
  40  61 137
 123  61 137
 170  63 137
  61  64 137
 264  65 137
 214  69 137
  56  71 137
 122  71 137
 279  73 137
 318  73 137
 108  74 137
  45  78 137
 159  78 137
 327  78 137
  23  79 137
 298  81 137
 241  82 137
  76  84 137
 336  84 137
 291  85 137
 307  85 137
  54  86 137
 141  87 137
 220  87 137
 238  88 137
 197  89 137
 345  89 137
  49  90 137
  63  90 137
 257  90 137
 353  91 137
 277  92 137
 332  92 137
 340  94 137
 166  97 137
 207  97 137
 250  97 137
  29  98 137
 147  99 137
 174  99 137
 284 102 137
  49 103 137
  76 104 137
  91 108 137
 183 108 137
 168 109 137
 115 112 137
 132 112 137
 231 113 137
 109 115 137
 207 115 137
 101 116 137
 271 116 137
  19 118 137
 312 119 137
 247 121 137
 295 121 137
 349 121 137
 181 122 137
 196 123 137
 221 124 137
  18 126 137
  70 126 137
 191 126 137
 304 128 137
  87 131 137
 135 131 137
 149 131 137
 108 132 137
 160 133 137
 224 134 137
 324 134 137
  16 135 137
 319 136 137
  50 137 137
 172 137 137
 265 137 137
   7 138 137
  64 140 137
 122 141 137
 223 141 137
  45 142 137
 112 144 137
 206 144 137
 321 144 137
 159 146 137
 149 148 137
 249 148 137
 231 150 137
 200 151 137
  74 153 137
 299 153 137
  44 155 137
 105 155 137
   3 157 137
  27 157 137
 179 157 137
 348 157 137
 336 159 137
 121 161 137
 158 161 137
 240 161 137
 316 162 137
 311 164 137
 107 169 137
 352 170 137
  49 172 137
 126 172 137
 171 172 137
 178 172 137
 234 172 137
 337 172 137
 109   3 138
 275   4 138
 249   5 138
 350   6 138
 174   7 138
 227   7 138
 257   7 138
 315   8 138
 309  11 138
 208  12 138
  16  15 138
  32  15 138
 143  15 138
 239  16 138
 130  18 138
 166  18 138
 218  20 138
 276  23 138
 334  23 138
 348  23 138
  90  24 138
  60  25 138
 175  26 138
 260  26 138
  77  27 138
 103  27 138
   3  28 138
 192  28 138
 344  28 138
 320  29 138
 272  31 138
 123  32 138
  95  33 138
 161  35 138
 265  35 138
 106  36 138
 150  36 138
 296  37 138
  38  38 138
 247  38 138
 317  39 138
 274  40 138
 242  41 138
 264  41 138
 197  42 138
  17  45 138
 337  45 138
 348  47 138
  32  48 138
 138  48 138
 197  49 138
 314  51 138
 134  52 138
 182  52 138
  80  53 138
 128  54 138
 237  54 138
  44  56 138
  64  56 138
 332  56 138
  23  57 138
 308  57 138
 155  59 138
 222  59 138
 147  60 138
 319  60 138
 233  65 138
  27  66 138
 200  66 138
 243  66 138
 287  67 138
   8  69 138
  86  69 138
 151  70 138
 199  72 138
 209  72 138
   2  73 138
  80  73 138
 242  73 138
 354  73 138
 259  74 138
  72  75 138
 269  75 138
 145  77 138
 232  77 138
 180  78 138
 316  78 138
 139  79 138
  60  81 138
 128  81 138
  18  82 138
 110  82 138
 257  82 138
 358  82 138
 173  84 138
 181  86 138
 103  87 138
 268  88 138
 284  88 138
  19  90 138
 212  91 138
 229  91 138
  99  92 138
  81  93 138
 222  95 138
 320  95 138
 303  96 138
  57  98 138
 351  98 138
 136 100 138
  22 101 138
 126 103 138
 156 103 138
 200 103 138
 292 104 138
 314 104 138
 327 104 138
 211 106 138
  13 107 138
 273 109 138
 141 110 138
   2 112 138
  54 112 138
 328 112 138
 349 112 138
 128 116 138
  46 117 138
 265 118 138
  91 120 138
 124 120 138
  83 121 138
 233 122 138
 260 122 138
 110 123 138
 343 123 138
  40 124 138
 163 124 138
  48 125 138
 327 125 138
  26 127 138
 256 129 138
 270 130 138
  64 133 138
 144 135 138
 133 136 138
 237 136 138
 348 138 138
 342 140 138
  73 141 138
 168 141 138
 274 141 138
  59 142 138
  94 143 138
 130 143 138
 286 143 138
 332 143 138
  21 144 138
 300 147 138
 121 149 138
 351 152 138
 189 153 138
 319 153 138
  68 154 138
  94 154 138
  37 157 138
 126 158 138
 297 158 138
  18 159 138
 172 160 138
 230 161 138
 275 161 138
  77 162 138
 261 162 138
 323 162 138
 294 163 138
 110 164 138
 356 165 138
 224 168 138
 146 170 138
  56 171 138
  94 171 138
 297 172 138
 189 174 138
 122   3 139
 297   4 139
  38   5 139
  85   5 139
   3   6 139
  67   6 139
 131   6 139
 337   6 139
  50   7 139
  78   7 139
 118   7 139
 190  11 139
 115  12 139
 243  12 139
 278  13 139
  23  14 139
 296  14 139
  58  17 139
 108  19 139
  15  21 139
  80  22 139
 238  22 139
 293  24 139
 207  25 139
 135  27 139
 113  28 139
 306  28 139
 169  29 139
  69  30 139
 200  30 139
 334  30 139
 224  31 139
   1  34 139
  22  34 139
 304  34 139
  12  35 139
  78  35 139
 168  35 139
 216  35 139
 199  37 139
 225  40 139
  87  43 139
 259  43 139
  60  45 139
  99  45 139
 143  45 139
 273  46 139
 242  48 139
 252  50 139
  95  51 139
  26  52 139
 165  52 139
 357  53 139
  73  54 139
 294  56 139
  92  59 139
 174  60 139
 347  61 139
 332  63 139
 164  64 139
 292  64 139
 302  65 139
  94  68 139
 160  68 139
 321  68 139
 282  69 139
  49  70 139
  24  72 139
 181  72 139
  33  75 139
 195  76 139
 222  78 139
  81  81 139
  68  82 139
 167  86 139
  39  87 139
 250  89 139
 130  90 139
 112  92 139
 158  94 139
 189  94 139
  41  95 139
 238  95 139
 258  97 139
 269  97 139
 315  97 139
  36  98 139
 108  99 139
   0 100 139
 181 100 139
 188 100 139
 343 102 139
 145 104 139
  31 106 139
 175 106 139
 235 106 139
 300 106 139
 285 109 139
 310 109 139
 161 112 139
 222 112 139
 244 112 139
  81 113 139
 297 113 139
 141 117 139
 204 119 139
  74 120 139
 240 120 139
 307 121 139
  62 124 139
 274 124 139
 285 125 139
 338 125 139
 172 128 139
 294 128 139
  39 130 139
 100 130 139
 183 130 139
 293 134 139
 252 136 139
 194 139 139
  25 140 139
 357 142 139
 217 143 139
 231 143 139
 181 144 139
 353 147 139
 308 148 139
  45 149 139
  81 149 139
 110 149 139
 257 151 139
 334 151 139
 246 152 139
 265 152 139
 198 156 139
 210 157 139
 244 158 139
 114 160 139
 165 160 139
 359 160 139
  46 163 139
  11 165 139
 198 165 139
  28 166 139
 270 167 139
 211 168 139
 260 169 139
 285 169 139
 163 170 139
   5 171 139
 102 171 139
 303 171 139
 312 171 139
 220 172 139
  30   4 140
 342   4 140
  12   5 140
 104   5 140
 140   5 140
 325   5 140
  59   7 140
 168  12 140
  41  13 140
 256  13 140
  89  15 140
 187  16 140
 136  17 140
 224  17 140
 123  20 140
 176  20 140
 308  21 140
  24  22 140
 145  23 140
  51  30 140
  58  30 140
 284  30 140
 208  33 140
 131  34 140
 280  34 140
  30  36 140
 115  36 140
 329  36 140
  74  39 140
 292  40 140
 328  42 140
 104  43 140
 168  43 140
  46  45 140
  73  45 140
 181  45 140
  54  46 140
 324  47 140
 268  50 140
   2  51 140
 283  52 140
 345  52 140
 159  54 140
 177  54 140
 208  54 140
 234  58 140
 137  60 140
 304  60 140
 129  61 140
 206  62 140
  72  63 140
 340  63 140
  32  64 140
 253  65 140
 112  66 140
 271  66 140
 220  68 140
 127  69 140
 143  69 140
 231  70 140
  62  71 140
 329  71 140
 347  72 140
 290  77 140
 116  78 140
   3  80 140
 190  81 140
 204  81 140
  31  84 140
 157  84 140
 275  84 140
 313  85 140
 121  87 140
 298  87 140
 356  87 140
  84  89 140
 136  89 140
  69  90 140
 325  90 140
  13  92 140
 293  92 140
  60  94 140
 123  95 140
  77  98 140
 214  99 140
 334  99 140
  89 101 140
 116 101 140
  15 102 140
  55 103 140
  39 106 140
 254 107 140
  29 111 140
  22 112 140
 213 114 140
 252 115 140
  11 116 140
  95 116 140
 358 116 140
 172 117 140
 117 119 140
 225 120 140
 355 121 140
 214 123 140
 320 124 140
   5 125 140
  92 127 140
 119 127 140
 241 129 140
  78 130 140
 311 130 140
 283 131 140
 114 132 140
 335 132 140
  34 134 140
 208 134 140
 359 135 140
  95 136 140
 309 136 140
 157 137 140
 141 139 140
  86 140 140
  33 143 140
   7 144 140
  52 144 140
 267 144 140
  15 145 140
 138 145 140
 165 145 140
 214 148 140
 282 148 140
 175 149 140
   3 151 140
  54 154 140
 150 155 140
 134 156 140
  65 158 140
 342 159 140
  35 162 140
 187 162 140
  59 163 140
  99 163 140
 330 163 140
 129 166 140
  21 167 140
 248 167 140
  68 168 140
  80 170 140
 319 170 140
  41 171 140
 118 171 140
 240 172 140
 134 175 140
  97   5 141
 199   5 141
 148   7 141
 358  12 141
  75  13 141
 323  13 141
 338  13 141
  67  14 141
 110  14 141
 198  15 141
 251  15 141
 264  15 141
 317  15 141
 158  18 141
   6  20 141
 247  20 141
 210  21 141
 281  21 141
 297  21 141
 196  22 141
 116  23 141
  32  25 141
 227  25 141
 323  25 141
 246  26 141
 185  27 141
  98  29 141
 242  30 141
  41  31 141
 352  31 141
 177  33 141
 342  33 141
 143  34 141
  50  36 141
  20  39 141
   9  41 141
 312  41 141
  64  42 141
 158  42 141
 120  45 141
 206  45 141
 190  47 141
 215  48 141
 299  48 141
 293  49 141
   8  50 141
 335  52 141
 112  53 141
 121  53 141
 146  53 141
  57  54 141
 245  56 141
 354  57 141
 259  58 141
 271  58 141
  99  59 141
   8  60 141
  19  60 141
  52  60 141
  82  60 141
 186  60 141
 313  65 141
 100  67 141
 184  68 141
  41  70 141
 173  70 141
 251  70 141
 300  71 141
  16  74 141
 169  74 141
 295  74 141
 341  74 141
  94  75 141
 102  75 141
 275  75 141
  88  76 141
 209  78 141
 337  78 141
 249  80 141
 284  80 141
 323  80 141
  42  81 141
 266  81 141
  12  82 141
 230  82 141
  91  84 141
 147  84 141
  26  86 141
 332  86 141
   4  90 141
 306  90 141
 195  93 141
 284  94 141
  68  97 141
 229  97 141
 222 101 141
 266 101 141
 162 102 141
 132 103 141
 259 104 141
  64 105 141
  84 106 141
 153 108 141
 339 108 141
  97 109 141
 118 109 141
 190 111 141
 321 111 141
  48 112 141
  60 112 141
 148 112 141
 281 113 141
  38 114 141
 335 114 141
 183 118 141
  30 119 141
 136 119 141
   7 120 141
 149 120 141
 104 123 141
 132 124 141
  54 125 141
 158 126 141
 128 128 141
 210 128 141
 316 128 141
 351 128 141
 228 129 141
 198 130 141
 190 131 141
 277 132 141
   8 133 141
  24 133 141
  52 133 141
  73 133 141
 180 135 141
 301 136 141
 259 137 141
 113 139 141
 152 139 141
 245 140 141
 187 143 141
 326 143 141
 338 143 141
 293 145 141
 316 145 141
  71 146 141
 202 146 141
 154 147 141
  29 148 141
 276 149 141
  98 151 141
 290 151 141
 326 151 141
 341 151 141
  18 153 141
 118 153 141
 164 153 141
 223 154 141
 307 154 141
 254 155 141
  81 156 141
  89 156 141
 315 156 141
 142 157 141
 233 157 141
 218 160 141
 304 160 141
  89 163 141
 153 163 141
 180 163 141
 288 163 141
 134 164 141
 338 166 141
 277 168 141
 325 169 141
 346 169 141
 193 171 141
 153 172 141
 206 172 141
   0 173 141
  14 173 141
  19   3 142
 179   3 142
 316   3 142
 210   5 142
 154   6 142
 220   6 142
 269   6 142
 233   8 142
 282   8 142
  46  10 142
 126  11 142
  93  12 142
 301  12 142
 345  12 142
 147  13 142
 175  13 142
 232  14 142
 354  17 142
  49  18 142
 312  18 142
  39  20 142
 261  21 142
 153  23 142
 140  25 142
  15  27 142
  88  28 142
 289  28 142
 316  31 142
  84  32 142
 183  32 142
 234  33 142
 258  33 142
 251  36 142
 122  37 142
 336  37 142
 206  38 142
   0  40 142
 280  41 142
 303  41 142
 111  43 142
 221  43 142
  34  44 142
  82  45 142
 230  48 142
  43  49 142
 319  49 142
  15  50 142
 262  51 142
 102  53 142
 188  53 142
  33  54 142
 276  54 142
 311  54 142
 215  55 142
 322  57 142
   3  62 142
  45  62 142
  64  62 142
 119  62 142
  17  65 142
 355  65 142
 260  66 142
 134  69 142
 109  70 142
 310  71 142
 158  73 142
 119  74 142
 151  76 142
 239  76 142
 130  77 142
 216  78 142
  50  79 142
 348  82 142
 106  84 142
 198  84 142
 215  87 142
 242  87 142
 261  89 142
 341  90 142
 147  91 142
 165  91 142
 175  91 142
 206  91 142
  92  92 142
  47  93 142
   2  95 142
 244  95 142
  24  97 142
 278  97 142
 101  99 142
 204  99 142
 293  99 142
  95 100 142
 301 100 142
 349 102 142
  44 103 142
 241 103 142
 277 103 142
 196 105 142
 322 105 142
 357 105 142
  72 106 142
 109 106 142
   7 107 142
 103 107 142
 230 108 142
 268 110 142
 307 113 142
 157 117 142
 276 117 142
 343 117 142
  67 120 142
 290 120 142
 299 120 142
  25 121 142
 199 121 142
 252 122 142
 145 125 142
  82 126 142
 248 126 142
  15 128 142
 261 128 142
 346 130 142
 167 131 142
 328 131 142
 219 133 142
 122 135 142
 231 137 142
 201 138 142
 279 140 142
  80 141 142
 103 141 142
 240 143 142
 259 144 142
 127 146 142
 195 146 142
 102 147 142
 225 147 142
  60 148 142
 238 150 142
  23 151 142
  37 151 142
  10 152 142
 271 152 142
 157 155 142
 288 156 142
  50 157 142
 264 158 142
 279 159 142
 103 160 142
 206 160 142
 252 162 142
 226 163 142
 350 164 142
  84 165 142
 122 166 142
 173 166 142
 241 166 142
 182 171 142
 267 171 142
  62 172 142
 142 172 142
  29 173 142
  36 173 142
  76 173 142
 113 173 142
 331   5 143
 261   6 143
 289   6 143
 304   6 143
 246   7 143
  10  10 143
  27  10 143
 138  10 143
 162  12 143
 100  13 143
 213  13 143
 331  13 143
  82  14 143
 272  14 143
 285  16 143
  99  20 143
  65  21 143
 232  21 143
 328  21 143
 338  21 143
 187  22 143
   2  23 143
 272  24 143
 353  24 143
 218  25 143
 255  25 143
 162  26 143
  22  27 143
 124  27 143
  73  28 143
  30  30 143
 152  30 143
 266  30 143
 297  31 143
  65  32 143
 220  33 143
 191  35 143
 138  36 143
 350  36 143
  94  37 143
 230  37 143
 130  40 143
 151  41 143
 345  41 143
 174  43 143
 193  43 143
 248  43 143
  93  44 143
 127  46 143
 150  47 143
 168  49 143
 237  49 143
  66  51 143
 223  51 143
  85  53 143
 139  53 143
 249  53 143
 198  54 143
 111  59 143
 167  59 143
 196  60 143
 227  60 143
 241  60 143
 152  61 143
 144  62 143
 212  62 143
 279  62 143
  78  63 143
 223  64 143
 194  66 143
 238  66 143
  72  69 143
   4  70 143
  36  72 143
  56  74 143
 308  77 143
 329  77 143
  70  78 143
 258  78 143
 166  79 143
 177  80 143
 303  80 143
  97  83 143
 124  83 143
 138  83 143
 185  83 143
  58  85 143
 224  85 143
  50  86 143
  75  87 143
 115  87 143
 347  88 143
 182  91 143
 104  92 143
  29  94 143
 336  94 143
 129  95 143
 251  95 143
 137  96 143
 325  96 143
 309  98 143
 150  99 143
 171  99 143
 288 105 143
 124 106 143
 216 106 143
 170 107 143
 206 107 143
 133 110 143
 165 110 143
 182 110 143
 197 112 143
 262 112 143
  15 113 143
  67 113 143
 239 113 143
  75 114 143
  87 114 143
 229 114 143
 317 114 143
 105 115 143
 259 117 143
 329 117 143
  56 118 143
 190 118 143
 165 119 143
  19 122 143
  97 123 143
 174 124 143
 267 124 143
 298 126 143
 233 127 143
 140 128 143
 153 128 143
   0 129 143
  59 133 143
  46 134 143
 269 134 143
 342 134 143
  88 135 143
 175 137 143
  16 138 143
  42 138 143
 130 138 143
 285 138 143
 316 138 143
 296 141 143
  39 143 143
 346 146 143
  88 147 143
 145 147 143
  67 149 143
 135 149 143
 182 150 143
 210 151 143
 171 153 143
 127 154 143
 358 154 143
 349 155 143
 190 158 143
  10 159 143
  26 159 143
 312 162 143
  73 163 143
 141 163 143
 162 164 143
 215 164 143
 299 164 143
  53 165 143
   6 166 143
  43 166 143
 332 170 143
 256 171 143
 292 171 143
  52 172 143
 230 172 143
  21 173 143
  90 173 143
 201 174 143
 248 174 143
 276 174 143
 341 174 143
 354 174 143
  52   4 144
  71   5 144
 161   5 144
 310   5 144
 112   6 144
 189   6 144
 358   6 144
  83   8 144
 349   8 144
 178   9 144
  34  11 144
  58  12 144
 205  12 144
  18  13 144
 120  13 144
 290  13 144
   6  14 144
  30  18 144
 128  19 144
 170  19 144
  74  20 144
 344  20 144
  57  21 144
  90  21 144
  47  23 144
 107  23 144
 131  28 144
   1  29 144
  10  29 144
 106  30 144
 159  31 144
 195  31 144
 311  33 144
  39  36 144
  57  36 144
 100  36 144
 173  36 144
 268  38 144
 184  39 144
 320  39 144
 286  40 144
  15  41 144
 238  41 144
 138  44 144
 255  44 144
 267  44 144
 276  44 144
 353  44 144
  27  45 144
 340  45 144
 201  47 144
 311  47 144
 286  49 144
  90  50 144
  38  52 144
  76  52 144
  23  54 144
 131  54 144
 327  54 144
 153  55 144
 284  58 144
 291  58 144
  89  61 144
  36  62 144
 317  62 144
 175  65 144
 328  65 144
 204  66 144
 347  66 144
  25  67 144
  88  67 144
 212  69 144
 268  69 144
 122  70 144
 278  70 144
 287  70 144
 202  72 144
 227  72 144
 246  72 144
 319  72 144
 356  72 144
 261  73 144
 142  74 144
 190  75 144
  23  76 144
  80  76 144
 109  77 144
  31  78 144
 353  78 144
 159  80 144
 235  80 144
 297  81 144
 316  81 144
  64  83 144
 280  83 144
  20  86 144
 292  86 144
 155  88 144
 254  88 144
 272  88 144
 232  89 144
 312  90 144
  34  91 144
  54  94 144
 215  94 144
 355  94 144
  81  96 144
 118  96 144
 155  96 144
  18  99 144
  48 100 144
   9 102 144
  32 102 144
  76 103 144
 139 104 144
 331 104 144
 313 106 144
 274 107 144
 296 107 144
 249 108 144
 345 108 144
 204 113 144
 291 113 144
 219 114 144
 120 116 144
 270 118 144
  36 119 144
  84 119 144
  45 120 144
 113 121 144
 179 121 144
 218 121 144
 325 121 144
 236 122 144
 190 125 144
  44 126 144
 334 126 144
  33 127 144
  63 129 144
 105 130 144
 136 132 144
  98 133 144
 161 134 144
 323 134 144
 247 135 144
 187 136 144
 215 136 144
 354 136 144
  69 137 144
   6 138 144
 119 139 144
  54 140 144
 170 140 144
 209 140 144
  63 141 144
 270 141 144
 351 141 144
 308 142 144
 111 144 144
 159 145 144
 253 145 144
  48 146 144
 248 148 144
 189 150 144
 299 152 144
 109 154 144
  31 155 144
 323 155 144
  75 156 144
 179 156 144
 334 156 144
 239 157 144
 271 159 144
 199 161 144
 111 162 144
 259 163 144
 357 163 144
 233 164 144
  96 169 144
 105 169 144
 170 170 144
 298 170 144
 307 170 144
 159 171 144
 216 173 144
 284 174 144
 272   2 145
  62   5 145
 128   6 145
 226   6 145
 252   6 145
 239   7 145
 197   9 145
 185  10 145
 218  11 145
 239  15 145
 299  17 145
  15  18 145
 117  18 145
 144  18 145
 221  19 145
  81  20 145
 204  21 145
 165  22 145
 279  25 145
 306  25 145
 318  26 145
 336  26 145
 203  27 145
  44  28 145
 212  28 145
 301  28 145
 345  28 145
 117  29 145
 330  29 145
 273  31 145
 147  32 145
 241  35 145
 291  35 145
 324  35 145
  76  36 145
 214  36 145
  25  37 145
  84  38 145
 160  38 145
  47  39 145
  68  40 145
 259  40 145
  56  42 145
 334  46 145
 103  47 145
 158  48 145
 348  49 145
  50  51 145
 179  51 145
 256  51 145
 300  54 145
 342  54 145
   1  55 145
  63  55 145
  11  57 145
 174  57 145
 308  58 145
 335  58 145
 265  59 145
 124  60 145
 161  60 145
 299  60 145
 106  61 145
 134  62 145
  59  64 145
  53  66 145
 291  66 145
 335  66 145
  11  67 145
  45  68 145
 163  68 145
 220  73 145
 180  74 145
 196  74 145
  12  76 145
 269  76 145
   5  77 145
  78  82 145
   1  83 145
 245  83 145
  39  84 145
 131  84 145
 174  84 145
   9  85 145
  86  85 145
 194  87 145
 327  87 145
  17  91 145
 223  91 145
 287  91 145
 142  93 145
 269  93 145
 300  93 145
  87  95 145
  10  96 145
 162  96 145
 349  96 145
 192  97 145
 177  98 145
 320  98 145
  65 100 145
 185 100 145
 145 101 145
 112 102 145
 235 103 145
  26 104 145
  90 106 145
 157 106 145
  21 107 145
  52 108 145
 353 110 145
   4 111 145
 140 111 145
  42 112 145
 110 113 145
 125 113 145
 301 115 145
 349 116 145
 314 119 145
 284 120 145
 208 121 145
 337 121 145
  75 124 145
 278 124 145
 307 124 145
  27 128 145
 288 128 145
 203 129 145
 222 129 145
  90 130 145
 256 130 145
 306 130 145
 151 133 145
 236 135 145
  21 136 145
  31 136 145
 144 136 145
 339 138 145
 226 139 145
 331 139 145
   2 143 145
  92 143 145
  76 145 145
 119 146 145
 217 146 145
 304 146 145
 333 147 145
 314 150 145
  43 151 145
  56 151 145
 143 152 145
 202 152 145
  95 154 145
 246 155 145
  17 158 145
  39 158 145
 117 158 145
  60 159 145
 125 159 145
 322 161 145
 148 164 145
  34 166 145
 194 166 145
 281 166 145
 207 167 145
 313 169 145
 135 170 145
 222 171 145
  69 173 145
 128 173 145
 189 173 145
  87   5 146
 170   5 146
 296   5 146
  36   6 146
 102   6 146
 339   6 146
 323   7 146
 276  10 146
  70  12 146
 153  12 146
 311  12 146
 226  13 146
 133  14 146
 193  14 146
 246  14 146
 107  16 146
  25  20 146
 179  20 146
 238  21 146
 292  22 146
  55  26 146
 177  26 146
 225  28 146
 138  29 146
 357  32 146
 305  36 146
 113  37 146
 167  37 146
  34  38 146
 199  39 146
 226  40 146
 213  42 146
 298  42 146
   7  44 146
  76  44 146
   1  46 146
 185  46 146
 327  46 146
 114  50 146
 230  54 146
 205  55 146
  46  56 146
  93  58 146
 350  58 146
 251  60 146
 182  61 146
  27  62 146
 307  64 146
 152  67 146
  96  68 146
 232  68 146
 302  68 146
 146  69 146
 324  69 146
 343  69 146
  81  70 146
  67  71 146
 131  72 146
 336  73 146
  62  74 146
 286  76 146
  44  78 146
 100  78 146
 206  80 146
 254  81 146
 117  82 146
 336  83 146
 264  85 146
 167  86 146
 317  88 146
  96  89 146
 279  89 146
  65  91 146
 110  91 146
  41  92 146
  73  92 146
 261  95 146
 239  96 146
 331  96 146
 209  98 146
 224  98 146
  37  99 146
 126  99 146
 250 101 146
   0 102 146
  57 102 146
 263 103 146
 222 106 146
 302 106 146
 283 109 146
 329 109 146
 243 110 146
  79 111 146
 177 113 146
  96 114 146
   1 116 146
 139 117 146
  50 118 146
 152 118 146
  11 119 146
 227 119 146
 241 120 146
 357 120 146
  64 123 146
 121 123 146
 350 123 146
 109 124 146
 161 124 146
   8 125 146
 169 127 146
  76 131 146
 124 131 146
 296 131 146
 289 135 146
 254 136 146
 194 137 146
 137 139 146
  97 140 146
 162 141 146
  29 142 146
 182 143 146
  23 144 146
 265 145 146
 278 145 146
 286 145 146
 322 145 146
  11 146 146
 171 147 146
 231 147 146
 358 148 146
  84 150 146
 261 151 146
 217 153 146
 281 154 146
  65 155 146
 340 155 146
 295 156 146
 153 158 146
 164 158 146
  46 159 146
 172 160 146
 331 160 146
  94 161 146
 247 163 146
 341 163 146
 185 164 146
  17 165 146
  24 165 146
  68 165 146
 267 165 146
  81 168 146
 320 168 146
 119 169 146
 147 170 146
   3 171 146
 236 172 146
  45 173 146
 167 174 146
  94   5 147
 120   5 147
 203   5 147
 142   6 147
  18   7 147
  48   7 147
 317   8 147
 110  11 147
 168  11 147
 260  11 147
  43  13 147
 252  13 147
 356  13 147
  90  14 147
  65  15 147
 327  15 147
 268  16 147
 306  16 147
 320  16 147
 349  17 147
 152  18 147
 189  18 147
 212  18 147
 280  18 147
   9  21 147
 246  22 147
  97  24 147
 229  24 147
  35  25 147
  64  26 147
  79  27 147
 237  27 147
  93  28 147
 188  28 147
 245  28 147
 172  29 147
 253  29 147
 261  31 147
 280  32 147
 125  33 147
 202  33 147
   8  34 147
  17  34 147
 338  34 147
 106  36 147
 331  36 147
 133  37 147
 144  37 147
 314  40 147
 121  41 147
  42  43 147
 207  43 147
  65  45 147
 117  45 147
 170  45 147
 293  45 147
 245  46 147
  22  47 147
  54  47 147
 133  47 147
 264  48 147
 145  49 147
 305  49 147
 214  50 147
 278  51 147
  97  52 147
 124  52 147
 166  53 147
 316  54 147
  16  55 147
 242  55 147
 271  55 147
  72  56 147
  58  57 147
 115  57 147
 187  57 147
 357  58 147
 257  59 147
 216  60 147
  70  62 147
 101  63 147
 273  63 147
 247  65 147
 114  66 147
 169  66 147
 209  73 147
 298  73 147
  89  74 147
 114  74 147
 172  74 147
  52  76 147
 278  76 147
 344  77 147
 139  78 147
 149  79 147
 325  79 147
  20  80 147
  88  80 147
 213  81 147
 226  81 147
  28  83 147
 203  85 147
 354  85 147
 146  86 147
 304  86 147
 237  87 147
 124  89 147
 186  89 147
  57  90 147
 199  95 147
 231  95 147
 295  95 147
 342  95 147
 283  97 147
 269 100 147
 306 101 147
 339 101 147
 316 102 147
  96 105 147
 176 105 147
 210 105 147
 184 106 147
  68 108 147
  34 109 147
 147 109 147
 310 110 147
 323 110 147
 338 110 147
  29 112 147
 156 112 147
 211 113 147
  21 114 147
 193 114 147
  59 115 147
 171 115 147
 251 115 147
 133 118 147
 127 121 147
 147 121 147
  91 122 147
 258 122 147
 226 125 147
 322 125 147
  52 126 147
  20 128 147
 181 128 147
 215 128 147
 244 128 147
 274 128 147
  40 129 147
 117 130 147
 315 130 147
 356 131 147
 177 132 147
 197 132 147
 112 133 147
 105 136 147
  75 137 147
  84 137 147
 126 140 147
 152 142 147
 235 142 147
 202 143 147
  17 145 147
 339 146 147
 107 147 147
 151 148 147
 273 148 147
 100 150 147
 131 151 147
 225 152 147
  51 153 147
 196 153 147
 255 153 147
 310 154 147
 139 156 147
  84 157 147
 210 157 147
   4 159 147
 133 159 147
  55 161 147
 289 161 147
 303 162 147
 221 163 147
  89 166 147
 336 168 147
 349 168 147
  13 169 147
 202 169 147
 261 170 147
 177 171 147
 344 171 147
 328 172 147
  58 173 147
 150   3 148
 284   4 148
  28   6 148
  77   6 148
 266   6 148
   4   7 148
 211   8 148
 294  10 148
 333  10 148
 283  11 148
  77  13 148
  51  15 148
  97  15 148
  35  17 148
 260  18 148
 253  20 148
 124  21 148
 134  21 148
 357  21 148
 114  22 148
 141  22 148
  71  23 148
 151  24 148
 323  24 148
  17  25 148
 196  25 148
 350  26 148
 286  27 148
 313  28 148
  51  30 148
  87  30 148
  27  32 148
  61  33 148
 232  34 148
 345  34 148
 186  35 148
 248  36 148
 273  37 148
 355  37 148
  90  38 148
 154  38 148
 105  42 148
 234  43 148
  84  44 148
 162  45 148
  33  46 148
 221  46 148
  15  47 148
 192  47 148
 321  47 148
 292  51 148
  30  53 148
 191  53 148
 105  54 148
 144  55 148
 222  55 148
  83  56 148
 137  56 148
  38  58 148
 325  58 148
 200  59 148
 342  60 148
 236  61 148
  82  62 148
  18  63 148
   4  65 148
 198  65 148
 314  65 148
 124  66 148
 358  66 148
  35  67 148
 181  67 148
 189  67 148
 255  68 148
  18  70 148
 104  71 148
 240  71 148
 313  71 148
  31  72 148
 160  72 148
 252  73 148
 153  75 148
 123  76 148
 187  78 148
 266  80 148
  68  81 148
 195  81 148
 108  82 148
 308  82 148
 343  83 148
 157  84 148
 286  84 148
  46  87 148
 102  87 148
 212  87 148
 334  88 148
  27  89 148
  80  89 148
   2  90 148
 131  90 148
 245  90 148
 178  92 148
  24  94 148
 169  94 148
 310  94 148
  93  95 148
  50  96 148
 102  96 148
 256  97 148
 276  98 148
 290  98 148
  79 100 148
 101 102 148
 118 102 148
 160 102 148
 199 102 148
 192 103 148
 347 103 148
 354 104 148
 133 105 148
 230 105 148
 258 105 148
  43 106 148
  10 108 148
  84 108 148
 113 109 148
 270 109 148
 255 110 148
 163 113 148
 233 113 148
 279 113 148
 185 116 148
  72 117 148
 201 117 148
 264 117 148
 289 117 148
 246 118 148
 341 118 148
  29 119 148
  80 121 148
 297 121 148
 101 122 148
 195 122 148
 142 125 148
 135 126 148
 156 126 148
 344 126 148
   3 127 148
 208 127 148
  99 128 148
 266 128 148
 330 128 148
  82 129 148
 129 129 148
 188 129 148
 238 129 148
  14 132 148
  49 132 148
 165 132 148
  35 133 148
 229 133 148
 263 133 148
 347 134 148
   9 135 148
 274 135 148
 304 135 148
  57 136 148
 243 137 148
 321 138 148
  47 139 148
 299 139 148
 312 139 148
 221 141 148
 188 142 148
  69 143 148
 291 143 148
 134 144 148
  60 145 148
 176 145 148
 210 146 148
 351 147 148
  36 148 148
 166 149 148
   6 150 148
 116 150 148
  76 151 148
  18 152 148
 286 152 148
 269 153 148
 184 155 148
 233 155 148
 354 155 148
 104 158 148
 225 159 148
 348 159 148
 238 163 148
 124 165 148
 108 166 148
 180 166 148
 274 166 148
  48 167 148
 139 167 148
 355 167 148
  62 168 148
 246 169 148
  76 170 148
  31 171 148
  25 172 148
 288 172 148
 195 173 148
 271 173 148
 242   3 149
 135   5 149
 220   5 149
 231   5 149
  57   6 149
  11   7 149
 158   7 149
 303   8 149
  26  12 149
 126  12 149
 175  12 149
 232  12 149
 341  13 149
 160  15 149
 202  15 149
  59  17 149
  85  17 149
 335  18 149
 314  19 149
 268  23 149
 104  25 149
 158  25 149
 216  26 149
 263  26 149
  30  27 149
 112  30 149
 166  30 149
 294  30 149
  41  32 149
 223  33 149
  69  34 149
 179  35 149
  50  36 149
  97  38 149
 281  39 149
 175  41 149
 194  41 149
 304  42 149
 342  42 149
 150  44 149
  91  45 149
 228  47 149
  41  49 149
 206  49 149
 354  49 149
 155  52 149
 334  52 149
 286  54 149
 279  58 149
  53  59 149
   7  60 149
 154  60 149
  46  62 149
 208  62 149
 225  63 149
 295  63 149
  65  64 149
 350  64 149
 130  65 149
 281  66 149
 261  67 149
 139  68 149
 221  68 149
  75  70 149
 351  71 149
 232  74 149
 292  74 149
 309  75 149
 331  75 149
 217  76 149
 131  78 149
 168  78 149
 247  78 149
 180  80 149
 275  81 149
  12  82 149
  51  82 149
  59  82 149
 293  82 149
 221  84 149
 321  85 149
 137  86 149
 259  88 149
 116  90 149
 201  90 149
 344  90 149
  11  91 149
 209  92 149
 324  93 149
 148  94 149
   0  96 149
  69  98 149
 132  98 149
  43  99 149
 216  99 149
 168 101 149
  15 102 149
 241 103 149
 126 105 149
 291 105 149
  60 109 149
 103 111 149
 317 111 149
 222 112 149
 305 113 149
  15 116 149
  40 116 149
 331 116 149
 274 117 149
  57 121 149
 169 121 149
 310 121 149
 249 126 149
  68 130 149
 339 130 149
  60 131 149
 282 131 149
 209 134 149
 204 138 149
 282 138 149
 113 140 149
 251 140 149
  40 141 149
 356 141 149
 144 142 149
  82 143 149
 242 143 149
 196 144 149
 124 145 149
 299 147 149
 317 147 149
  30 149 149
 158 149 149
 241 149 149
 329 149 149
  24 151 149
  70 152 149
 124 153 149
 174 154 149
 157 155 149
 191 155 149
 304 156 149
 277 157 149
 204 158 149
 253 158 149
 263 158 149
  29 159 149
  72 160 149
  79 161 149
 316 161 149
  37 162 149
   2 164 149
 154 165 149
 165 165 149
 211 165 149
 297 165 149
 229 167 149
 100 168 149
 293 169 149
 253 170 149
 154 172 149
 304 172 149
 115 173 149
 185 175 149
 163   4 150
 195   4 150
  41   5 150
  67   5 150
 176   5 150
 345   5 150
 352   5 150
 115   7 150
 187   7 150
 101  11 150
   2  12 150
 141  12 150
 182  12 150
 272  13 150
  10  14 150
  17  15 150
 223  16 150
 291  16 150
  75  18 150
 172  18 150
   2  19 150
  42  19 150
 231  19 150
  49  20 150
 198  20 150
 185  21 150
 274  22 150
 298  22 150
 328  22 150
  22  23 150
 122  26 150
 207  26 150
   4  27 150
 149  29 150
  73  30 150
 130  30 150
 306  30 150
 157  32 150
 208  33 150
 216  33 150
 319  35 150
   3  36 150
 287  36 150
 261  37 150
  58  39 150
 240  39 150
  17  40 150
 127  40 150
 140  40 150
 327  40 150
  24  41 150
 269  41 150
 351  41 150
 256  42 150
 249  43 150
 336  43 150
  71  45 150
  98  45 150
 279  45 150
 312  45 150
  60  47 150
 127  47 150
 181  48 150
 270  48 150
  82  49 150
 199  49 150
 343  49 150
   7  50 150
 172  52 150
 251  52 150
 261  52 150
 235  53 150
 120  55 150
 311  56 150
 330  56 150
 131  57 150
 163  57 150
 171  60 150
 287  61 150
 319  61 150
 144  62 150
 337  63 150
  77  64 150
  89  64 150
 266  64 150
  40  65 150
 108  66 150
 331  67 150
  58  68 150
 176  69 150
  52  70 150
   5  72 150
  13  72 150
  94  72 150
 199  72 150
 270  72 150
  45  73 150
 359  73 150
  26  74 150
  73  76 150
 350  77 150
  38  78 150
 240  78 150
  81  79 150
 161  79 150
 259  79 150
  95  80 150
   4  81 150
  33  81 150
 124  83 150
 189  85 150
 152  86 150
 179  86 150
 250  86 150
  67  87 150
 229  88 150
 270  89 150
 350  89 150
 315  92 150
 156  94 150
 108  95 150
 139  95 150
 186  95 150
  19  96 150
  57  96 150
  84  97 150
 354  97 150
 325 100 150
  29 102 150
 140 102 150
 150 102 150
 333 102 150
  51 103 150
 284 104 150
  75 105 150
 276 105 150
 167 108 150
 120 109 150
 199 109 150
 344 110 150
 238 111 150
 265 111 150
  50 112 150
 133 112 150
 294 113 150
 145 114 150
 352 114 150
  85 115 150
  92 116 150
 115 116 150
 207 116 150
 218 116 150
 324 117 150
  66 118 150
 109 118 150
 318 118 150
 181 120 150
 233 120 150
  23 121 150
 215 121 150
  37 122 150
 282 123 150
 332 123 150
  45 124 150
 289 124 150
 356 125 150
 150 128 150
 322 131 150
  95 132 150
 146 133 150
 158 133 150
  26 134 150
 139 134 150
 172 134 150
 221 134 150
  89 135 150
 332 135 150
   3 136 150
 130 136 150
 155 138 150
 260 138 150
 166 139 150
 344 139 150
 272 140 150
 329 142 150
 259 144 150
 307 144 150
  53 146 150
  90 146 150
 250 146 150
 145 149 150
 346 149 150
 205 150 150
 293 150 150
 324 153 150
  90 154 150
 112 154 150
 240 155 150
 317 155 150
  12 157 150
 146 157 150
  98 159 150
 113 161 150
 197 162 150
 327 162 150
 130 163 150
 143 163 150
 284 163 150
 310 163 150
 240 170 150
  38 171 150
 131 171 150
 310 171 150
   9 172 150
  87 172 150
  95 172 150
 209 172 150
 218 172 150
 281 172 150
 318 172 150
 108 173 150
 172 173 150
 228 173 150
 124   3 151
 253   4 151
 326   5 151
  83   6 151
 308   6 151
 148   8 151
 131   9 151
  35  10 151
 238  10 151
 206  11 151
 116  14 151
 215  15 151
 240  18 151
 302  18 151
 105  19 151
 286  19 151
 342  20 151
 167  21 151
  57  22 151
 221  22 151
  83  23 151
  41  25 151
 181  25 151
 339  26 151
  11  27 151
 357  27 151
 320  29 151
  99  30 151
 143  30 151
 194  30 151
  21  32 151
 119  32 151
  81  33 151
  35  34 151
 294  37 151
  30  39 151
  76  39 151
 163  39 151
 215  39 151
  45  40 151
 186  41 151
   2  42 151
 111  42 151
 135  43 151
 299  47 151
  48  48 151
 241  48 151
 107  49 151
   1  51 151
  90  51 151
  21  53 151
  75  53 151
  66  54 151
 180  54 151
 351  54 151
 303  55 151
 210  57 151
 102  58 151
 229  58 151
  29  59 151
  22  60 151
 111  60 151
 302  61 151
  95  63 151
 162  63 151
 205  67 151
 243  67 151
 120  69 151
 215  69 151
 275  69 151
 166  71 151
 320  71 151
 339  71 151
 189  73 151
 223  75 151
 143  76 151
 110  77 151
 319  77 151
 200  79 151
 299  79 151
 231  80 151
 358  82 151
  20  86 151
  89  86 151
 172  86 151
  40  87 151
 282  87 151
  34  88 151
 300  88 151
 219  89 151
 293  89 151
 329  90 151
 161  91 151
 192  93 151
 241  93 151
 266  93 151
  31  96 151
   7  97 151
 121  97 151
 180  99 151
 205  99 151
 297 101 151
  64 102 151
 108 102 151
  22 104 151
 248 104 151
 312 104 151
  37 106 151
   1 107 151
 206 107 151
  93 108 151
 190 108 151
  74 111 151
 357 111 151
   7 114 151
 101 116 151
 157 118 151
 302 118 151
 347 118 151
   6 120 151
 271 122 151
 189 123 151
  14 124 151
  87 124 151
 116 124 151
 254 124 151
  72 125 151
  31 126 151
 304 126 151
 297 127 151
 106 129 151
 200 129 151
 232 129 151
 290 131 151
 311 132 151
 183 134 151
  67 136 151
 118 136 151
  20 138 151
  53 139 151
 101 139 151
 229 139 151
  33 140 151
 214 141 151
  95 143 151
   6 144 151
  47 147 151
 183 148 151
 227 148 151
 218 149 151
 336 149 151
  60 152 151
   0 153 151
  42 154 151
 213 154 151
 166 155 151
 334 156 151
  57 157 151
 120 157 151
 292 158 151
  20 159 151
 181 159 151
  65 160 151
 190 161 151
  10 163 151
  51 163 151
 170 163 151
 260 163 151
 323 166 151
 187 169 151
  69 170 151
 161 170 151
 332 170 151
 124 171 151
  19 172 151
 145 173 151
 355 173 151
  52 174 151
  19   2 152
  33   2 152
 316   2 152
 337   2 152
 358   2 152
 259   3 152
 292   4 152
  90   6 152
 105   6 152
 272   6 152
 249   8 152
  53   9 152
 217   9 152
 322   9 152
  64  10 152
 195  11 152
 265  11 152
 315  12 152
 347  12 152
 165  13 152
 279  13 152
 109  15 152
 154  15 152
 191  15 152
 137  16 152
  24  17 152
 246  17 152
  92  19 152
 128  19 152
  32  20 152
 145  20 152
 209  20 152
 310  22 152
 239  24 152
 255  26 152
 135  27 152
 175  27 152
 228  28 152
 281  28 152
 274  29 152
 329  29 152
 347  29 152
 236  31 152
 250  31 152
 107  32 152
 301  32 152
 266  33 152
 116  37 152
 200  37 152
 223  39 152
 209  40 152
  10  41 152
 288  43 152
 156  44 152
 216  47 152
 138  51 152
 319  51 152
  35  52 152
  56  52 152
 341  54 152
 216  55 152
 247  56 152
  12  57 152
 268  57 152
 177  59 152
 192  59 152
 242  60 152
 186  61 152
 254  62 152
 151  64 152
  29  66 152
 233  66 152
  85  68 152
 292  68 152
 300  70 152
 134  72 152
 147  72 152
  65  73 152
  82  73 152
 261  73 152
 283  73 152
 101  74 152
  59  75 152
  21  76 152
 207  76 152
 338  77 152
 102  81 152
 330  81 152
 314  82 152
 348  82 152
  74  83 152
 141  83 152
 116  84 152
 239  84 152
 165  87 152
 275  87 152
 108  88 152
  52  89 152
  61  89 152
  75  90 152
  99  90 152
  86  91 152
 337  94 152
 226  95 152
 300  95 152
 220  96 152
 236  96 152
 249  96 152
 347  97 152
 262  98 152
  91  99 152
 174 100 152
 233 101 152
 213 103 152
 223 104 152
 321 104 152
 305 105 152
 158 106 152
 330 107 152
 107 108 152
 174 108 152
 181 108 152
 298 108 152
  16 109 152
 246 110 152
 286 111 152
  24 112 152
  44 113 152
 127 114 152
 256 116 152
 122 117 152
 138 119 152
 359 119 152
  50 121 152
 175 121 152
 338 121 152
 240 122 152
 263 122 152
 201 123 152
 164 124 152
 317 124 152
 222 126 152
 350 126 152
 112 128 152
  79 132 152
 122 132 152
 214 132 152
 249 132 152
  41 134 152
 194 134 152
 353 134 152
 235 137 152
 288 137 152
 179 139 152
  63 140 152
  11 141 152
 318 141 152
 339 141 152
  74 142 152
 138 142 152
 279 142 152
 109 143 152
 267 143 152
 234 147 152
 103 148 152
 190 148 152
 278 148 152
  80 149 152
 135 150 152
 258 150 152
 178 151 152
 199 151 152
 248 151 152
  97 152 152
  36 155 152
 284 156 152
 229 157 152
 298 157 152
 342 158 152
 270 159 152
  89 160 152
 247 160 152
  43 161 152
 157 161 152
 354 161 152
 215 162 152
 334 163 152
 204 164 152
 278 164 152
  27 165 152
  20 166 152
 342 166 152
  43 168 152
 196 168 152
   1 172 152
 138 172 152
 340 173 152
  63 174 152
  82 174 152
 204 174 152
 260 174 152
 325 174 152
   5   2 153
  12   2 153
 138   2 153
  97   4 153
 169   4 153
 226   6 153
 279   6 153
  74   8 153
 287   9 153
  19  10 153
 299  10 153
 257  11 153
  45  12 153
 330  12 153
 309  13 153
 355  15 153
 254  16 153
 264  17 153
  65  18 153
 278  19 153
 320  19 153
 348  19 153
  12  21 153
 161  22 153
 293  24 153
  66  25 153
  76  25 153
  90  25 153
  53  27 153
 201  27 153
  62  29 153
 188  31 153
 172  32 153
 243  32 153
  10  33 153
 340  33 153
 356  33 153
 313  35 153
 130  36 153
 168  36 153
 229  36 153
 334  36 153
  66  37 153
 103  37 153
 147  37 153
 308  38 153
  85  40 153
  37  41 153
  52  42 153
 319  42 153
 172  44 153
 263  44 153
 120  45 153
 348  45 153
 146  46 153
 327  46 153
  25  48 153
  67  48 153
 187  48 153
 307  48 153
 287  49 153
  13  50 153
 163  50 153
 224  51 153
 195  52 153
 147  53 153
  47  54 153
 203  56 153
 258  56 153
 293  56 153
 358  56 153
  88  57 153
  59  60 153
 118  60 153
 353  61 153
 138  62 153
 275  62 153
 309  62 153
  13  64 153
 344  65 153
 193  66 153
 250  66 153
  23  67 153
 325  67 153
 306  68 153
 127  71 153
  38  72 153
 115  72 153
 155  72 153
 182  75 153
 173  77 153
 305  77 153
 269  78 153
  15  79 153
  45  79 153
 152  79 153
 253  79 153
 279  79 153
 215  80 153
 130  83 153
 207  83 153
  26  84 153
 338  84 153
 306  85 153
   5  88 153
  14  88 153
 356  88 153
 122  91 153
 173  93 153
 289  93 153
  44  94 153
  71  94 153
 280  94 153
 114  95 153
 307  96 153
  98  97 153
  38 100 153
 194 100 153
 128 101 153
 342 101 153
   4 102 153
  57 102 153
  84 103 153
 269 103 153
  98 104 153
 147 106 153
 138 107 153
  29 108 153
  66 109 153
  55 110 153
 228 111 153
 337 112 153
 311 113 153
 188 114 153
 168 115 153
 196 115 153
 284 117 153
  60 118 153
 225 118 153
 151 120 153
 132 121 153
 207 122 153
  94 123 153
  78 124 153
 123 124 153
 324 124 153
  21 126 153
   8 127 153
  62 127 153
 172 127 153
 183 127 153
 261 128 153
  52 129 153
 271 129 153
  18 131 153
 255 131 153
 102 133 153
 298 134 153
 190 138 153
 350 139 153
 148 140 153
 199 141 153
 296 141 153
  27 142 153
 129 142 153
 162 142 153
  19 144 153
 287 144 153
 117 146 153
 170 146 153
   1 147 153
  40 147 153
  13 149 153
 305 149 153
 272 150 153
 128 151 153
  49 154 153
  80 156 153
 220 156 153
 135 157 153
 310 157 153
 175 160 153
  85 164 153
 234 164 153
 243 164 153
 267 164 153
 349 164 153
 254 165 153
 303 165 153
  77 166 153
 223 166 153
 113 167 153
 177 168 153
 264 170 153
 274 171 153
 235 172 153
 299 173 153
 347 173 153
 247 174 153
 110   2 154
  26   3 154
 331   3 154
 119   5 154
 153   5 154
 206   5 154
 336  10 154
  82  12 154
  89  12 154
  96  12 154
 225  12 154
  31  13 154
 122  13 154
 147  14 154
 295  14 154
 180  16 154
 325  16 154
  99  20 154
 116  20 154
 152  21 154
 191  22 154
 139  23 154
 112  24 154
 246  24 154
  35  27 154
 221  28 154
 289  28 154
  25  29 154
  48  30 154
 161  30 154
  90  32 154
 182  32 154
 136  34 154
 153  35 154
 275  36 154
 178  39 154
  93  40 154
 236  41 154
 199  43 154
 230  43 154
 357  44 154
  30  45 154
 245  45 154
  17  46 154
 208  46 154
 274  46 154
 255  47 154
 334  47 154
  96  49 154
 113  49 154
 294  49 154
 281  51 154
 125  52 154
 132  52 154
 275  53 154
  42  57 154
 156  57 154
 336  57 154
  73  58 154
  82  58 154
 223  58 154
 322  58 154
  35  59 154
 126  59 154
  66  60 154
 199  61 154
  51  62 154
 217  62 154
   5  63 154
 168  63 154
 283  63 154
 102  64 154
 158  66 154
 183  66 154
  46  67 154
  70  68 154
 226  68 154
 243  73 154
  32  75 154
  51  75 154
  89  75 154
 163  75 154
 290  77 154
   7  78 154
 190  80 154
  65  81 154
 223  81 154
 265  82 154
 287  82 154
 198  84 154
 185  87 154
 234  87 154
 148  88 154
 246  88 154
 128  89 154
 195  89 154
 318  89 154
 142  90 154
 212  90 154
 256  90 154
 273  95 154
  13  96 154
  64  96 154
 329  96 154
 153  97 154
 314  97 154
 162  98 154
 287  99 154
 256 100 154
 187 101 154
 114 102 154
 121 103 154
  46 104 154
 350 104 154
 263 105 154
 255 107 154
  81 108 154
 213 110 154
 274 110 154
 116 111 154
 154 111 154
 322 111 154
 180 114 154
 262 114 154
  34 115 154
 236 115 154
 162 116 154
 243 116 154
  80 117 154
 250 117 154
 292 117 154
 145 121 154
 158 125 154
 278 125 154
 139 126 154
 236 126 154
 311 126 154
  42 127 154
 131 127 154
 342 128 154
   2 129 154
  85 129 154
 207 129 154
 333 129 154
  29 131 154
 304 132 154
  73 133 154
 241 133 154
 279 133 154
 318 133 154
  13 134 154
 268 134 154
 327 136 154
  85 138 154
 309 139 154
 172 140 154
 223 140 154
 246 140 154
 207 143 154
 156 144 154
 325 144 154
 348 145 154
  69 146 154
 149 147 154
  63 148 154
  86 148 154
 313 148 154
 264 149 154
 288 151 154
 343 152 154
 353 152 154
  21 153 154
  29 153 154
 150 154 154
  68 155 154
 104 155 154
 255 155 154
 196 156 154
 207 156 154
 236 157 154
 162 158 154
   0 159 154
 104 162 154
  57 163 154
  96 163 154
 119 163 154
 149 163 154
 290 163 154
  33 164 154
 136 164 154
 316 166 154
 285 169 154
  55 170 154
 149 170 154
  28 172 154
 102 173 154
 232   3 155
  45   4 155
 300   4 155
 181   5 155
 160   6 155
 200   6 155
 240   6 155
   3   8 155
 136   8 155
 350   8 155
  10   9 155
 170  11 155
 158  12 155
  71  13 155
 129  13 155
  52  15 155
 233  15 155
   5  17 155
  79  17 155
 200  17 155
 271  17 155
 333  19 155
 123  21 155
 226  21 155
   0  22 155
 260  22 155
 303  24 155
 333  26 155
 351  26 155
 212  27 155
 267  27 155
 314  29 155
   3  31 155
  70  32 155
 326  33 155
  17  34 155
  44  34 155
  56  34 155
 204  34 155
 281  34 155
 347  35 155
 256  36 155
 190  38 155
 249  38 155
 300  38 155
  74  43 155
 101  43 155
  81  44 155
 220  44 155
 341  44 155
 131  45 155
 166  45 155
  38  48 155
 153  48 155
 204  50 155
 230  50 155
 237  50 155
 104  53 155
 314  53 155
 186  54 155
 170  55 155
  95  56 155
   6  57 155
 143  57 155
 235  58 155
 330  61 155
 292  62 155
 211  63 155
 261  63 155
 316  63 155
 133  65 155
   0  66 155
 351  67 155
 200  68 155
 313  69 155
 107  71 155
 211  71 155
 249  72 155
 332  72 155
 345  72 155
 195  73 155
 234  73 155
 326  74 155
 122  75 155
 353  75 155
 134  78 155
 118  79 155
  86  80 155
 108  81 155
 245  81 155
  56  82 155
 159  82 155
 324  82 155
  80  83 155
  94  84 155
  44  85 155
 259  85 155
 345  86 155
 224  88 155
 205  89 155
 135  90 155
 178  90 155
  25  91 155
 341  91 155
 167  94 155
  51  95 155
 357  95 155
 104  96 155
 133  96 155
 210  96 155
  78  97 155
 199  97 155
  24  98 155
 144  98 155
 243  99 155
  12 102 155
 278 102 155
 356 102 155
  70 103 155
 229 104 155
 240 105 155
 338 105 155
 289 107 155
 128 108 155
 219 108 155
   8 109 155
  89 110 155
 204 111 155
 330 113 155
 140 114 155
 270 114 155
  72 115 155
  18 116 155
 212 116 155
 306 116 155
  53 117 155
  29 118 155
  97 118 155
 278 118 155
  42 119 155
 353 119 155
 106 121 155
 193 121 155
 248 123 155
 214 125 155
 194 128 155
 165 131 155
 228 131 155
  59 133 155
 151 133 155
  47 134 155
 111 134 155
 340 134 155
 134 135 155
 201 135 155
 262 135 155
  36 136 155
  94 136 155
 208 136 155
   0 138 155
 254 138 155
  79 140 155
  43 141 155
 121 142 155
 334 143 155
 238 144 155
 194 145 155
 220 145 155
 295 147 155
  33 148 155
 320 148 155
 163 149 155
 113 150 155
 141 150 155
  54 151 155
 157 151 155
   8 152 155
 242 152 155
 328 152 155
 171 153 155
 188 153 155
 125 156 155
 322 156 155
 142 158 155
 318 160 155
 227 162 155
 126 164 155
  70 165 155
   1 166 155
 163 166 155
   8 167 155
  92 167 155
 211 168 155
 250 169 155
 156 171 155
  75 172 155
 193 172 155
  35 173 155
 119 173 155
 284   2 156
  55   4 156
 219   4 156
  78   5 156
 192   5 156
 312   5 156
  39   6 156
 266   6 156
 356   6 156
 342   7 156
 176   8 156
 111   9 156
 103  10 156
  59  12 156
 185  12 156
 247  12 156
  39  14 156
 285  14 156
 210  15 156
 220  15 156
  14  16 156
 305  16 156
  46  19 156
  59  19 156
 170  19 156
 314  19 156
 216  21 156
 233  22 156
  19  23 156
  26  23 156
 184  23 156
  96  25 156
 106  25 156
 146  26 156
 322  26 156
 119  27 156
 129  27 156
  83  28 156
 154  28 156
  76  31 156
 112  31 156
 260  31 156
 211  33 156
 288  34 156
  31  35 156
 123  36 156
  25  37 156
 241  37 156
 322  37 156
 265  38 156
   4  39 156
  62  40 156
 330  40 156
  21  41 156
 138  41 156
 282  41 156
 293  41 156
  44  44 156
 314  44 156
 191  45 156
   4  47 156
  58  48 156
 178  49 156
 323  49 156
  78  50 156
 262  50 156
 346  51 156
 307  54 156
 112  55 156
  18  56 156
 299  56 156
 346  59 156
 107  61 156
 267  62 156
 175  63 156
 299  63 156
 115  64 156
  34  65 156
  75  65 156
  92  65 156
 145  65 156
  59  66 156
 337  66 156
  11  69 156
  54  69 156
 140  69 156
 220  69 156
 267  69 156
  18  70 156
 170  70 156
 287  70 156
  76  74 156
 295  74 156
  96  75 156
 228  75 156
 257  75 156
 310  75 156
   0  76 156
  71  77 156
  27  78 156
 180  80 156
 145  81 156
 169  81 156
  36  82 156
 297  82 156
 155  86 156
 331  87 156
 114  88 156
 267  89 156
  31  90 156
  93  90 156
 312  90 156
  81  92 156
   3  93 156
 349  93 156
 188  94 156
 320  96 156
 217 100 156
  32 101 156
 169 102 156
 163 105 156
 194 106 156
 346 108 156
 314 109 156
  98 110 156
 170 110 156
  38 111 156
 145 111 156
   2 112 156
  62 112 156
 296 112 156
 106 113 156
 354 113 156
  88 116 156
 319 116 156
  12 117 156
 113 118 156
 327 118 156
 342 118 156
  69 120 156
 219 120 156
 299 120 156
 184 121 156
  26 123 156
 291 123 156
  35 124 156
 101 125 156
 285 125 156
 152 127 156
  91 128 156
 179 130 156
 356 130 156
 127 131 156
 220 131 156
 141 133 156
 161 135 156
   6 136 156
 216 138 156
 142 140 156
 185 140 156
 303 140 156
  58 141 156
  50 142 156
 261 142 156
 273 143 156
  91 144 156
 253 144 156
 213 149 156
 224 152 156
 301 153 156
  85 154 156
  93 154 156
 263 155 156
 278 155 156
  15 156 156
 111 156 156
 183 156 156
   6 158 156
  75 158 156
  47 159 156
 306 160 156
 338 160 156
 296 162 156
 182 164 156
 326 164 156
 189 165 156
  48 166 156
  64 166 156
 200 166 156
  15 167 156
 171 168 156
 218 168 156
 310 168 156
 106 169 156
  84 170 156
 292 170 156
  41 172 156
 129 172 156
 184 172 156
 305 172 156
 329 172 156
   7 173 156
 168 173 156
 225 173 156
 317 174 156
 144   3 157
 127   4 157
  64   5 157
 212   5 157
 251   5 157
 324   6 157
  23   7 157
  33   7 157
 151  10 157
 273  11 157
 319  11 157
 239  13 157
 343  14 157
 141  15 157
  87  18 157
 107  18 157
 292  18 157
 339  18 157
  36  19 157
  71  20 157
 251  20 157
 284  20 157
 177  21 157
  54  22 157
   7  24 157
  43  24 157
 167  24 157
 205  24 157
 272  24 157
 343  25 157
  15  27 157
 196  28 157
 253  29 157
 140  30 157
 296  30 157
 102  31 157
 305  31 157
 232  32 157
 218  33 157
  97  34 157
 194  34 157
  38  35 157
 159  35 157
 109  37 157
 354  37 157
  13  39 157
 159  42 157
 124  43 157
 300  45 157
  88  46 157
  51  48 157
 140  48 157
 269  48 157
 354  48 157
 251  50 157
  85  51 157
 244  51 157
  23  52 157
 218  52 157
  30  53 157
 211  53 157
 119  54 157
 160  54 157
  53  56 157
 179  56 157
 252  57 157
 132  58 157
 285  58 157
 150  59 157
  25  60 157
 230  61 157
  17  62 157
  81  64 157
 124  64 157
 241  64 157
 256  67 157
 277  68 157
  99  69 157
  42  70 157
 177  70 157
 186  73 157
 274  73 157
 139  75 157
 202  75 157
 218  75 157
 320  75 157
 343  78 157
 333  79 157
 235  80 157
 317  80 157
 275  81 157
 352  81 157
 310  83 157
   7  84 157
  50  84 157
 213  84 157
 101  85 157
 283  85 157
  63  86 157
  71  86 157
 294  87 157
  37  89 157
 303  89 157
 324  89 157
  57  90 157
 241  90 157
 231  91 157
 156  93 157
 252  93 157
 263  93 157
 295  94 157
  58  97 157
 336  98 157
  86  99 157
 301 100 157
  19 101 157
  50 101 157
 179 101 157
 250 101 157
 294 101 157
 327 101 157
 103 102 157
 139 102 157
 151 102 157
 206 102 157
 309 102 157
 200 104 157
  41 106 157
 110 106 157
 247 106 157
 185 107 157
 302 107 157
  20 108 157
 121 109 157
 236 109 157
 280 109 157
  76 110 157
 132 115 157
 176 117 157
 202 117 157
 230 117 157
 313 119 157
 267 120 157
   4 121 157
 168 121 157
 257 121 157
 334 122 157
  55 124 157
 226 124 157
  12 125 157
  66 125 157
 114 125 157
 243 127 157
  75 128 157
 321 128 157
 292 130 157
 349 130 157
 189 131 157
 284 131 157
  24 133 157
  66 133 157
 117 133 157
 172 133 157
 312 135 157
 333 135 157
 275 136 157
 124 137 157
 107 138 157
 231 138 157
 100 142 157
 356 142 157
   8 143 157
 135 144 157
 179 144 157
 229 145 157
  25 146 157
 245 146 157
 201 147 157
  98 148 157
 333 149 157
 357 149 157
  76 150 157
 270 154 157
  61 155 157
 249 156 157
 350 156 157
 214 157 157
  27 158 157
 168 158 157
  35 159 157
 203 159 157
 329 159 157
 192 160 157
 261 161 157
  21 162 157
 282 162 157
 273 164 157
 143 165 157
 338 167 157
 355 167 157
 133 168 157
 240 168 157
 229 169 157
 279 170 157
 351 171 157
  22 172 157
 207 172 157
  14 173 157
  48 173 157
  68 173 157
 270 173 157
 143 174 157
 163 176 157
 224   1 158
  92   5 158
 274   5 158
  85   6 158
 258   6 158
 291   6 158
 307   8 158
 191  11 158
 203  13 158
 358  13 158
  23  14 158
 350  14 158
 117  15 158
 156  18 158
 193  18 158
 131  20 158
 239  20 158
 326  22 158
 354  22 158
 279  24 158
 240  27 158
 174  29 158
 167  31 158
 247  31 158
 269  34 158
  83  35 158
  51  36 158
 142  37 158
 225  37 158
 339  37 158
  76  38 158
 183  38 158
 166  39 158
 116  40 158
 152  40 158
 173  40 158
 203  40 158
 212  40 158
 256  42 158
 276  42 158
 307  42 158
 107  43 158
  10  45 158
  69  45 158
 182  45 158
 117  47 158
 172  50 158
 198  50 158
  65  51 158
 330  51 158
  10  53 158
 338  53 158
 192  54 158
 353  54 158
  59  55 158
 269  55 158
 241  57 158
 277  59 158
 162  61 158
 189  61 158
 248  61 158
  41  62 158
 205  63 158
 152  67 158
 236  67 158
  28  68 158
 111  68 158
 189  68 158
  88  69 158
  66  70 158
 131  70 158
 303  70 158
   5  72 158
  61  73 158
 150  73 158
 264  74 158
 281  75 158
  17  76 158
  39  77 158
 210  77 158
 302  79 158
  13  82 158
 125  82 158
 202  82 158
 229  82 158
 359  82 158
  21  83 158
 252  83 158
 139  84 158
 189  85 158
 271  85 158
 120  86 158
 168  87 158
  86  88 158
 278  89 158
 219  90 158
  19  91 158
 107  91 158
 201  92 158
 120  94 158
  90  95 158
  39  96 158
 127  96 158
 223  97 158
 230  97 158
 344  98 158
  73  99 158
 270  99 158
  64 103 158
  93 103 158
 133 103 158
 316 103 158
 176 106 158
 324 106 158
 333 107 158
 158 109 158
  48 110 158
  27 111 158
 245 112 158
 253 112 158
 152 115 158
  46 116 158
 124 116 158
 159 120 158
 241 120 158
  85 122 158
 349 122 158
  48 124 158
 200 125 158
 264 125 158
 273 126 158
 298 126 158
 305 126 158
 145 127 158
 256 127 158
 234 130 158
 250 130 158
  38 131 158
  53 134 158
 247 135 158
  19 136 158
 291 136 158
 195 137 158
 238 137 158
  31 138 158
 284 138 158
 323 138 158
  65 139 158
  72 139 158
 157 139 158
  13 140 158
 114 141 158
 167 141 158
 342 141 158
 315 142 158
 282 144 158
 107 145 158
 300 145 158
 128 146 158
 268 146 158
  17 147 158
  57 147 158
  45 148 158
 175 148 158
 122 149 158
 235 151 158
 282 151 158
  40 152 158
 134 152 158
 310 152 158
 294 153 158
 118 156 158
  54 157 158
 156 157 158
 288 157 158
 242 158 158
 232 159 158
 345 159 158
  87 161 158
 110 162 158
 211 162 158
 155 164 158
  41 165 158
 259 167 158
 322 168 158
 122 169 158
  61 171 158
 199 172 158
  91 173 158
 113 173 158
 178 173 158
 257 173 158
 336 173 158
 358 174 158
 165   5 159
  14   6 159
  71   6 159
 115   6 159
  51   7 159
 282   7 159
 229   8 159
 331   8 159
 123   9 159
 142   9 159
  46  10 159
  65  12 159
 164  12 159
 253  12 159
 264  12 159
 298  12 159
 327  13 159
  94  15 159
 135  16 159
 260  16 159
  30  20 159
 147  20 159
 210  21 159
  78  22 159
 309  22 159
  86  24 159
 297  24 159
  63  25 159
 158  25 159
 223  25 159
  50  26 159
  70  26 159
  31  29 159
  57  29 159
 184  29 159
 329  29 159
 339  29 159
 357  29 159
  11  31 159
 125  31 159
 274  31 159
  64  32 159
 147  33 159
 132  35 159
 311  36 159
  47  40 159
 346  40 159
  31  41 159
 248  43 159
 326  43 159
 147  44 159
 226  44 159
 289  44 159
 283  48 159
  44  50 159
   1  51 159
 148  51 159
 290  51 159
  72  52 159
 319  52 159
  37  53 159
 137  53 159
 258  53 159
 225  54 159
 206  56 159
  47  57 159
 101  57 159
   1  58 159
  87  59 159
 219  59 159
 139  60 159
 305  60 159
 340  61 159
  62  62 159
  96  62 159
 321  62 159
  48  64 159
 328  66 159
 291  67 159
 163  68 159
 121  69 159
 321  69 159
  80  71 159
 158  73 159
 104  75 159
 128  75 159
 240  75 159
  47  76 159
  56  76 159
 112  76 159
 193  78 159
 219  82 159
 176  83 159
  31  84 159
 351  87 159
 162  89 159
  12  90 159
  44  91 159
  68  92 159
 147  92 159
 193  92 159
 285  92 159
 309  94 159
 173  96 159
 182  96 159
 237  96 159
 278  96 159
 113  97 159
 259  97 159
   3  99 159
 124 101 159
 157 101 159
 284 102 159
  80 103 159
 213 103 159
 266 103 159
  26 104 159
 223 104 159
  57 105 159
 258 105 159
   2 106 159
 355 107 159
  13 108 159
 230 110 159
 192 111 159
 264 111 159
 340 111 159
 165 112 159
 287 112 159
  56 113 159
 184 113 159
 218 113 159
  23 115 159
 347 115 159
 147 118 159
 139 119 159
  59 120 159
  77 120 159
 120 120 159
 209 120 159
  18 122 159
 130 122 159
 175 123 159
 327 124 159
 358 124 159
 108 127 159
 121 127 159
   6 128 159
  97 128 159
 212 130 159
  82 131 159
 300 133 159
  99 135 159
 346 135 159
 179 136 159
  89 137 159
 147 137 159
 202 141 159
  38 142 159
 211 142 159
 151 144 159
 309 144 159
   3 146 159
  80 146 159
 189 146 159
 340 147 159
 259 148 159
 146 149 159
 347 149 159
  68 150 159
 252 150 159
 105 151 159
 196 151 159
 208 151 159
 100 156 159
 147 156 159
 177 156 159
 131 157 159
 221 159 159
 312 160 159
 356 161 159
  81 163 159
 174 163 159
 249 163 159
  53 164 159
  28 165 159
 344 166 159
  98 168 159
 298 169 159
 216 173 159
 343 173 159
  81 174 159
 238 174 159
 286 174 159
 132   2 160
  99   3 160
 243   3 160
 203   4 160
 186   5 160
 156   7 160
 218   9 160
  78  11 160
  98  11 160
   7  12 160
 175  13 160
 313  13 160
 110  14 160
 226  15 160
 124  16 160
 183  17 160
 277  17 160
 101  18 160
  10  19 160
 300  19 160
 347  20 160
 114  21 160
 190  24 160
 199  24 160
 257  24 160
 290  24 160
 316  25 160
  37  26 160
 286  28 160
  22  29 160
 349  29 160
 205  30 160
  89  34 160
   7  35 160
 294  35 160
 302  35 160
 232  38 160
  70  39 160
 218  39 160
  96  40 160
 129  40 160
 318  40 160
  38  41 160
  57  41 160
 195  41 160
 239  42 160
 336  42 160
 263  43 160
  27  45 160
 233  45 160
  94  46 160
 211  46 160
 157  47 160
 101  48 160
 164  48 160
 296  48 160
 124  49 160
 276  49 160
 308  49 160
  16  50 160
 326  55 160
  79  56 160
 167  57 160
 199  57 160
 313  57 160
  67  58 160
 293  58 160
 333  58 160
 118  60 160
 352  60 160
  10  61 160
 183  62 160
 196  62 160
 156  63 160
 226  64 160
 312  64 160
   4  65 160
  69  65 160
 282  65 160
 346  67 160
 356  67 160
 213  68 160
 250  68 160
 196  69 160
 205  70 160
 244  71 160
 336  71 160
  24  72 160
 117  73 160
 166  75 160
 175  75 160
  87  76 160
 288  78 160
  66  79 160
  81  79 160
 326  79 160
  95  80 160
 150  80 160
 162  80 160
 262  80 160
 132  82 160
 340  82 160
  75  83 160
 242  83 160
 196  85 160
 317  86 160
 336  86 160
 150  87 160
 208  87 160
   4  88 160
 130  88 160
 183  88 160
  98  89 160
 140  91 160
  75  92 160
 214  93 160
 330  93 160
 338  93 160
 301  94 160
   9  95 160
  29  95 160
  97  96 160
 163  96 160
 193  99 160
 351  99 160
 146 104 160
 273 106 160
 139 108 160
 206 108 160
  69 109 160
  84 110 160
 309 110 160
 114 112 160
  94 113 160
 274 113 160
 335 114 160
 260 115 160
  37 116 160
 101 116 160
 281 116 160
 195 118 160
 249 119 160
 304 119 160
  94 120 160
 274 120 160
  40 123 160
 190 123 160
 234 123 160
 341 123 160
 165 125 160
 313 125 160
 182 126 160
 221 126 160
 137 127 160
  31 128 160
 158 128 160
 338 128 160
  18 129 160
 132 130 160
 104 131 160
 205 131 160
 263 131 160
 185 134 160
 257 134 160
  76 135 160
 355 135 160
  44 136 160
 130 137 160
 221 137 160
 269 137 160
  83 139 160
 330 139 160
 349 142 160
 290 143 160
 322 144 160
 158 147 160
 166 147 160
 218 148 160
 275 149 160
 316 149 160
  11 150 160
 183 150 160
  31 151 160
  23 152 160
 324 153 160
 162 154 160
 339 154 160
   0 156 160
  80 156 160
  68 158 160
 300 158 160
 138 159 160
  12 160 160
  93 160 160
 163 161 160
   3 163 160
 101 163 160
  74 164 160
 267 165 160
 302 165 160
 233 166 160
  35 167 160
 150 167 160
 139 168 160
 161 169 160
  53 171 160
 247 171 160
 264 173 160
 108   3 161
 235   3 161
 197   6 161
 299   6 161
 337   6 161
 346   6 161
 180   7 161
 131   9 161
  29  10 161
 209  10 161
 289  11 161
  85  12 161
  54  14 161
 148  14 161
  74  15 161
 215  16 161
 245  16 161
 320  17 161
  19  18 161
  63  18 161
 162  18 161
 269  18 161
   2  19 161
 331  20 161
 141  21 161
 121  22 161
 229  23 161
 246  23 161
 264  23 161
 101  25 161
   2  26 161
 111  26 161
 135  26 161
 216  26 161
  93  28 161
 310  29 161
  44  30 161
 118  31 161
 281  31 161
 322  31 161
 153  32 161
 238  32 161
 200  33 161
 257  34 161
  20  35 161
 189  35 161
 245  36 161
 359  36 161
 103  37 161
  83  41 161
 270  42 161
 353  42 161
   0  43 161
  18  44 161
  77  45 161
 202  46 161
 218  46 161
 344  46 161
 130  47 161
 111  49 161
  91  52 161
 183  52 161
 233  52 161
 107  54 161
 144  55 161
 155  55 161
 125  56 161
 174  57 161
  34  58 161
  74  59 161
 213  60 161
 258  60 161
  54  62 161
 272  62 161
 129  63 161
 103  64 161
 169  64 161
 136  65 161
 262  67 161
 308  68 161
  35  70 161
  50  71 161
 229  71 161
 353  72 161
 144  73 161
 328  73 161
 223  74 161
 314  74 161
  31  75 161
 251  75 161
 347  75 161
 182  76 161
   5  78 161
 105  82 161
  88  83 161
 112  83 161
  41  84 161
 235  86 161
 226  87 161
 258  87 161
 289  88 161
 175  89 161
 343  89 161
  50  90 161
 358  90 161
 271  93 161
  62  94 161
 246  94 161
 135  95 161
 324  95 161
 207  96 161
 316  97 161
 107  98 161
  37 101 161
  44 102 161
 187 102 161
 236 102 161
 118 103 161
 340 103 161
 348 104 161
  87 105 161
 291 105 161
  33 106 161
 100 106 161
 131 108 161
 199 109 161
 319 110 161
 224 111 161
   7 112 161
 301 112 161
 326 113 161
 359 114 161
  67 115 161
  80 115 161
 235 116 161
 294 116 161
 108 118 161
 224 118 161
  32 119 161
 319 121 161
 280 126 161
  24 127 161
  61 127 161
  46 129 161
 197 130 161
   1 131 161
 271 131 161
 327 131 161
  13 132 161
 153 132 161
 278 132 161
 316 132 161
 225 133 161
 165 134 161
 138 136 161
 307 136 161
   3 139 161
 119 139 161
 172 139 161
  25 140 161
 245 140 161
 256 141 161
 193 142 161
 235 143 161
  63 144 161
 222 144 161
  33 145 161
  71 145 161
  87 146 161
  51 147 161
 114 147 161
 241 149 161
 288 149 161
 228 150 161
 140 152 161
   5 153 161
 191 154 161
 331 154 161
 258 155 161
 316 156 161
  40 158 161
 275 158 161
 125 159 161
 198 160 161
 254 160 161
  60 161 161
 116 161 161
 185 161 161
 288 163 161
 205 165 161
 331 165 161
  10 166 161
 194 166 161
 222 166 161
  69 167 161
 127 167 161
 314 167 161
 115 168 161
 180 168 161
   1 169 161
 187 169 161
  27 171 161
 104 173 161
 148 173 161
 310 173 161
 264   2 162
 171   4 162
   2   5 162
 149   5 162
  58   6 162
 315   6 162
 353   6 162
  38   8 162
 105   8 162
 240   9 162
 278  11 162
  14  12 162
 304  12 162
 197  13 162
 337  13 162
  36  14 162
 233  14 162
  43  15 162
 170  16 162
 287  17 162
  50  18 162
  82  18 162
 202  19 162
  92  20 162
 338  22 162
 171  23 162
 128  24 162
  77  28 162
 211  29 162
 107  30 162
 262  30 162
 222  31 162
  70  32 162
 162  32 162
 137  33 162
 179  33 162
 345  33 162
  28  34 162
 329  35 162
  60  36 162
 287  36 162
 252  37 162
 278  37 162
 121  38 162
 301  41 162
 136  42 162
 188  42 162
 170  44 162
 177  46 162
 313  46 162
  37  47 162
  55  47 162
 254  47 162
 333  47 162
 188  49 162
 239  50 162
 265  50 162
 303  52 162
 344  53 162
  21  56 162
 264  57 162
 234  59 162
 110  61 162
  30  62 162
 146  62 162
  22  63 162
 178  65 162
 219  65 162
 296  65 162
  16  66 162
 269  67 162
  93  68 162
  10  71 162
  74  71 162
 257  72 162
 297  72 162
 270  74 162
 307  75 162
 135  76 162
 198  76 162
 294  77 162
  23  78 162
 246  79 162
 118  80 162
 142  80 162
 279  80 162
  53  81 162
 157  83 162
 322  83 162
 300  84 162
 307  86 162
  26  87 162
 249  87 162
  80  89 162
 112  90 162
  34  92 162
 354  94 162
  16  96 162
  23  96 162
 291  96 162
  51  97 162
  81  97 162
 145  97 162
 199  97 162
 253  98 162
  68 100 162
 243 100 162
 331 100 162
 171 101 162
 276 101 162
  13 102 162
 228 102 162
 164 103 162
  74 105 162
  51 106 162
 252 106 162
 171 108 162
 107 109 162
 152 109 162
  40 110 162
 126 111 162
 351 111 162
 177 113 162
 212 113 162
 240 113 162
 205 114 162
  14 115 162
 160 115 162
 171 116 162
  52 117 162
 354 118 162
   8 119 162
 288 119 162
 215 120 162
 154 121 162
  72 122 162
 204 122 162
 102 123 162
 246 124 162
 288 126 162
 353 127 162
  53 128 162
  87 128 162
 172 128 162
  70 129 162
 239 129 162
  59 133 162
 112 133 162
 337 134 162
   8 135 162
  35 135 162
 211 136 162
 297 138 162
  51 139 162
 263 139 162
  95 141 162
 276 141 162
  19 142 162
 183 142 162
 139 143 162
 329 145 162
 296 148 162
  94 149 162
 304 150 162
  62 151 162
 153 151 162
 265 152 162
  49 153 162
  87 153 162
 112 153 162
 203 153 162
 215 153 162
 353 153 162
 169 154 162
 223 154 162
  17 155 162
 281 156 162
 268 159 162
 294 159 162
 323 159 162
 145 161 162
 238 161 162
 335 161 162
  46 163 162
 350 163 162
  18 165 162
 278 165 162
  91 166 162
 108 167 162
 168 167 162
  86 169 162
 273 170 162
  43 171 162
 156 172 162
 291 172 162
  34 173 162
  74 173 162
 132 173 162
 194 173 162
 222 173 162
 319 173 162
 326 173 162
 231 174 162
  87   2 163
  76   4 163
 220   4 163
  20   6 163
 249   7 163
 270   7 163
 322   8 163
  90   9 163
 343  11 163
 138  12 163
 154  12 163
 186  12 163
 355  16 163
 252  17 163
 222  19 163
 313  19 163
  39  21 163
  57  21 163
 153  21 163
 235  21 163
 180  22 163
  16  23 163
  25  23 163
 322  24 163
  10  25 163
 164  25 163
 275  25 163
 303  25 163
 147  26 163
  84  29 163
 228  29 163
 193  30 163
  37  32 163
  52  32 163
 335  32 163
 172  33 163
 113  35 163
 208  36 163
 264  37 163
 158  38 163
 177  39 163
  89  40 163
 110  40 163
   6  41 163
 293  41 163
  64  43 163
  44  44 163
 321  46 163
 143  47 163
 244  47 163
   6  48 163
  84  48 163
 351  48 163
  25  50 163
  50  51 163
 208  51 163
 215  52 163
 249  53 163
 282  53 163
 131  54 163
 273  54 163
   6  55 163
 298  55 163
  14  57 163
  42  58 163
 288  60 163
 345  60 163
  83  62 163
 243  62 163
 253  63 163
 333  64 163
  38  65 163
  60  67 163
 340  67 163
 126  68 163
 185  69 163
 280  70 163
 287  70 163
 107  71 163
 211  73 163
  98  74 163
  70  75 163
 123  76 163
 205  76 163
 235  76 163
 335  77 163
 354  79 163
 268  80 163
 313  80 163
  46  81 163
  60  81 163
 169  81 163
 346  81 163
 210  82 163
 275  84 163
 293  84 163
 329  85 163
  17  86 163
  66  86 163
 265  86 163
  58  87 163
 202  88 163
  91  90 163
 124  90 163
 156  90 163
 168  92 163
 255  92 163
 188  93 163
 224  93 163
 153  95 163
 264  96 163
 219  98 163
  89  99 163
 298  99 163
 306  99 163
  58 100 163
 323 101 163
 358 101 163
   7 104 163
  20 104 163
 112 104 163
 180 104 163
 312 104 163
 304 105 163
 242 107 163
 282 107 163
 329 108 163
  62 109 163
 145 111 163
 137 113 163
 315 114 163
  89 115 163
 269 115 163
 309 116 163
 254 117 163
 341 117 163
 133 118 163
 183 118 163
 331 119 163
  25 121 163
  65 121 163
 115 121 163
 299 122 163
 146 123 163
 268 123 163
 125 124 163
 259 124 163
 229 125 163
 115 128 163
 332 128 163
 346 128 163
 295 129 163
 309 130 163
 126 131 163
 143 131 163
 218 131 163
  93 133 163
  27 134 163
 232 134 163
 285 134 163
 203 136 163
 161 138 163
 104 139 163
 227 140 163
 126 141 163
 337 141 163
  44 142 163
  11 144 163
 102 145 163
 207 145 163
 355 145 163
 133 146 163
 127 150 163
  74 152 163
  56 153 163
 248 153 163
 345 154 163
  29 156 163
 106 157 163
 210 157 163
 306 157 163
  24 159 163
 228 160 163
 132 163 163
 318 163 163
 215 166 163
 254 167 163
 354 170 163
  16 171 163
 203 171 163
 210 171 163
   8 172 163
 348 172 163
  96 173 163
 121 173 163
 173 173 163
 280 173 163
 303 173 163
  62   2 164
 125   4 164
 210   4 164
  46   5 164
 255   5 164
 286   5 164
 308   5 164
   9   6 164
 161   6 164
  67   8 164
 294   8 164
 112   9 164
 119  10 164
 203  10 164
   0  11 164
 104  14 164
 129  14 164
  26  15 164
 295  15 164
 208  16 164
  69  17 164
 282  21 164
  46  22 164
 352  24 164
 252  26 164
 243  28 164
 269  28 164
 295  28 164
 141  29 164
  99  31 164
 316  32 164
  77  35 164
 352  35 164
  13  36 164
 145  37 164
 322  37 164
  51  39 164
 200  39 164
 307  39 164
 227  40 164
 341  40 164
 284  42 164
 102  43 164
 117  43 164
 151  43 164
  72  47 164
 194  47 164
 225  48 164
  62  49 164
  32  50 164
 118  50 164
  97  52 164
 161  52 164
 169  52 164
 176  52 164
 201  52 164
 357  53 164
 114  55 164
  56  56 164
 189  56 164
 318  56 164
 338  56 164
  91  58 164
 150  58 164
 223  58 164
 280  59 164
 205  60 164
 325  60 164
 358  61 164
 301  62 164
 317  63 164
 189  64 164
  77  65 164
 117  65 164
 232  65 164
 239  67 164
 155  68 164
  84  69 164
 148  69 164
 174  69 164
   2  70 164
  43  71 164
  57  72 164
  17  73 164
 320  73 164
 153  75 164
 341  75 164
 188  76 164
 218  76 164
  11  78 164
 229  78 164
 256  80 164
  34  81 164
 180  81 164
   8  84 164
 100  84 164
 217  86 164
 143  87 164
 282  87 164
  39  89 164
 241  89 164
 314  90 164
 104  91 164
 232  91 164
 276  91 164
 295  91 164
 346  95 164
  44  96 164
  72  96 164
 117  96 164
 283  96 164
 130  97 164
 178  97 164
 102 100 164
 140 100 164
 151 102 164
 205 102 164
 261 102 164
 193 105 164
 218 105 164
  94 106 164
 158 106 164
 234 107 164
 336 107 164
 187 108 164
 267 108 164
 118 109 164
 344 109 164
  18 110 164
  30 111 164
 249 111 164
  73 114 164
 189 115 164
 199 115 164
 121 116 164
 229 116 164
  43 117 164
 324 118 164
   2 120 164
 166 120 164
  82 122 164
  89 122 164
 239 122 164
  14 124 164
 197 124 164
  35 125 164
 211 125 164
 253 126 164
  78 127 164
 319 127 164
 188 128 164
 302 129 164
 179 130 164
 246 131 164
  66 133 164
 121 134 164
 193 134 164
 322 135 164
 314 137 164
 152 138 164
 250 138 164
  58 139 164
 111 139 164
  75 140 164
 144 140 164
 282 140 164
 304 141 164
 270 143 164
 170 144 164
 177 144 164
 344 144 164
 119 145 164
 199 145 164
 250 145 164
 262 145 164
  25 147 164
  40 147 164
 281 147 164
 233 148 164
 336 148 164
 310 149 164
 174 151 164
 119 152 164
 238 154 164
 181 155 164
 152 157 164
 245 158 164
  75 159 164
 168 160 164
 191 160 164
 217 160 164
 341 160 164
  35 161 164
 178 161 164
 261 161 164
 158 162 164
 307 164 164
 245 165 164
  58 166 164
 325 166 164
 144 167 164
 340 167 164
  79 168 164
 239 168 164
  64 171 164
 332 172 164
 166 173 164
 139 174 164
 183 174 164
 253 174 164
 279   4 165
  94   5 165
 140   5 165
 227   5 165
 330   5 165
  83   6 165
 191   6 165
 262   7 165
 234   8 165
 168   9 165
 223  11 165
  59  12 165
 179  12 165
 256  12 165
 330  12 165
 272  14 165
  97  15 165
 239  15 165
 263  15 165
   6  16 165
 115  16 165
 192  16 165
 325  16 165
 144  17 165
 304  18 165
 342  18 165
 135  19 165
 109  20 165
 187  20 165
 293  21 165
  33  22 165
  67  23 165
 194  23 165
 208  23 165
  53  25 165
 117  25 165
 329  25 165
 344  25 165
  61  27 165
 186  27 165
 234  27 165
 124  28 165
 156  28 165
   7  30 165
  16  30 165
 131  30 165
   0  31 165
 290  31 165
 305  32 165
 217  33 165
  94  34 165
 126  35 165
 270  35 165
  43  36 165
  66  36 165
  34  37 165
 167  37 165
 236  37 165
  25  39 165
 214  40 165
 258  40 165
 329  41 165
 207  42 165
 276  42 165
 164  43 165
 124  44 165
 183  44 165
  12  45 165
 290  47 165
 339  47 165
 136  48 165
 328  49 165
 151  50 165
  79  51 165
  69  52 165
 195  54 165
 289  54 165
 350  54 165
 228  55 165
 138  56 165
 239  56 165
 182  57 165
 308  57 165
 104  58 165
  63  59 165
 160  59 165
  98  60 165
   5  61 165
 123  61 165
 141  64 165
 351  64 165
  45  65 165
 200  65 165
  28  67 165
  99  67 165
 111  67 165
 324  67 165
 166  68 165
 133  69 165
 302  69 165
 192  71 165
  91  73 165
 161  73 165
 263  73 165
  80  74 165
 276  74 165
 359  75 165
  37  76 165
 302  77 165
 108  78 165
  76  79 165
  18  80 165
 224  81 165
 285  81 165
   1  82 165
  70  82 165
 127  82 165
 203  82 165
 187  83 165
  82  84 165
 136  85 165
 164  85 165
 353  85 165
 118  86 165
 193  88 165
 321  89 165
 303  90 165
 181  92 165
   4  93 165
  56  93 165
 335  96 165
 230  97 165
 213  99 165
  29 100 165
 270 100 165
 127 102 165
 135 103 165
  66 105 165
 297 105 165
  80 106 165
 211 107 165
   0 108 165
  45 108 165
 259 108 165
 165 109 165
 277 110 165
 289 110 165
 102 112 165
  59 114 165
 151 115 165
  97 117 165
 277 117 165
 348 118 165
 177 119 165
  49 122 165
  57 122 165
 139 122 165
 160 122 165
 308 122 165
 108 124 165
  96 125 165
 132 125 165
   8 126 165
 274 127 165
  41 130 165
  99 132 165
 342 132 165
  51 133 165
  85 133 165
 170 133 165
 291 133 165
  19 134 165
 350 134 165
 239 135 165
 188 138 165
 217 139 165
  66 140 165
  88 140 165
 358 140 165
 240 142 165
 311 142 165
  56 145 165
 214 145 165
 318 145 165
   6 147 165
  77 147 165
 192 147 165
  17 148 165
 325 149 165
 163 150 165
 270 150 165
 101 151 165
 359 151 165
  36 152 165
 146 152 165
 134 153 165
 293 153 165
  43 154 165
 197 154 165
 286 154 165
  11 155 165
  94 155 165
 232 156 165
  63 157 165
  85 158 165
   4 159 165
  50 159 165
 203 159 165
 122 163 165
  96 164 165
 356 164 165
 294 165 165
 174 166 165
 284 166 165
 228 167 165
 261 168 165
  49 172 165
 268 172 165
  58 173 165
 111 173 165
   0 174 165
  23 174 165
  84 174 165
 244 174 165
 339 174 165
 179   2 166
  26   5 166
 133   5 166
  53   7 166
  74   9 166
 214  10 166
 349  10 166
 284  11 166
  47  12 166
 160  12 166
 246  12 166
 310  12 166
 317  12 166
  13  17 166
 229  17 166
 349  17 166
 122  18 166
  77  19 166
 158  19 166
 258  19 166
 214  20 166
 102  21 166
  87  22 166
 358  22 166
 309  24 166
 202  25 166
 220  25 166
  40  27 166
 176  27 166
 337  27 166
  30  28 166
 276  31 166
 148  32 166
 299  34 166
  84  35 166
 185  36 166
 312  36 166
 193  38 166
  73  39 166
 347  39 166
 243  40 166
 141  41 166
 221  41 166
 250  42 166
  32  43 166
  95  43 166
 266  43 166
 236  44 166
 306  45 166
  89  46 166
 298  46 166
 356  46 166
 273  47 166
  19  49 166
 106  49 166
  43  50 166
 259  51 166
 311  51 166
 322  52 166
  27  56 166
  48  56 166
 255  56 166
 329  56 166
 247  58 166
 170  59 166
 217  59 166
  70  60 166
 132  60 166
 263  62 166
 211  64 166
 277  64 166
 309  64 166
  52  66 166
  66  66 166
 291  66 166
 225  67 166
 246  68 166
  22  69 166
 331  69 166
 346  70 166
  64  73 166
 113  74 166
 128  74 166
 140  74 166
 171  74 166
 240  74 166
  49  75 166
 147  77 166
 329  78 166
  89  79 166
 194  80 166
  28  82 166
 236  82 166
 335  83 166
 148  84 166
 175  84 166
  94  85 166
  51  86 166
 347  87 166
  45  88 166
 211  88 166
  72  89 166
  12  90 166
 133  90 166
 337  90 166
 162  91 166
  66  92 166
  86  92 166
  97  92 166
 310  94 166
 110  95 166
 238  95 166
  38  97 166
 159  97 166
  95  98 166
 248  99 166
 342  99 166
 198 102 166
 287 102 166
 317 102 166
 352 102 166
  26 105 166
  56 105 166
 225 106 166
 323 107 166
 203 108 166
 181 110 166
 217 112 166
 296 112 166
 284 113 166
  24 114 166
 111 114 166
 263 115 166
 143 116 166
 246 116 166
  19 119 166
  37 119 166
 220 119 166
 337 121 166
 283 122 166
 293 123 166
  43 124 166
 357 124 166
 325 125 166
 120 126 166
 152 126 166
 224 127 166
 203 128 166
 265 128 166
 161 129 166
 259 130 166
 137 131 166
 357 132 166
 253 133 166
 331 134 166
  79 135 166
 132 135 166
 266 135 166
 274 135 166
 177 136 166
  14 137 166
  32 139 166
 347 139 166
 289 140 166
  82 142 166
 158 143 166
 150 144 166
 299 144 166
 108 145 166
  67 147 166
 185 148 166
 221 148 166
 257 148 166
 208 151 166
 317 152 166
 300 153 166
  68 154 166
 158 155 166
 128 156 166
 327 156 166
 312 157 166
 351 158 166
 101 159 166
 300 161 166
  69 162 166
 111 162 166
 138 162 166
  82 163 166
 151 163 166
  29 164 166
 209 164 166
 272 164 166
  41 165 166
 184 165 166
 198 165 166
   4 166 166
 346 166 166
  52 167 166
 103 168 166
 126 171 166
 216 172 166
 297 172 166
 236 173 166
 286 173 166
 201   2 167
  33   5 167
 155   5 167
 241   5 167
 302   5 167
  15   7 167
 146   9 167
  81  12 167
  20  13 167
  31  13 167
  88  14 167
 174  15 167
 166  17 167
 334  18 167
 245  19 167
 129  20 167
 276  20 167
 267  21 167
  96  23 167
 288  24 167
 316  25 167
 108  26 167
 258  26 167
  21  27 167
 281  27 167
  47  28 167
  73  29 167
 350  29 167
 325  30 167
  57  31 167
 249  31 167
 203  32 167
 241  33 167
 105  34 167
 118  34 167
 226  34 167
 341  34 167
 282  36 167
 133  37 167
 334  37 167
   0  39 167
  57  39 167
  19  40 167
  80  41 167
 130  43 167
 157  43 167
  50  45 167
 199  45 167
 112  46 167
 213  46 167
 230  46 167
 282  47 167
 220  50 167
 124  51 167
 142  52 167
  85  55 167
 268  55 167
  36  56 167
  75  56 167
 210  57 167
 295  59 167
 177  60 167
 194  61 167
  12  62 167
  89  63 167
 258  67 167
 206  69 167
 217  69 167
 180  70 167
 314  70 167
 119  71 167
 199  71 167
 253  73 167
  28  74 167
 247  75 167
 286  75 167
 318  78 167
 102  79 167
 159  79 167
 262  79 167
 308  81 167
 243  82 167
 250  82 167
 107  85 167
 230  85 167
 223  87 167
 261  89 167
  22  90 167
 270  90 167
 328  90 167
  29  91 167
 173  91 167
 247  91 167
 288  91 167
 140  92 167
 199  92 167
 218  92 167
 147  93 167
 206  93 167
 123  95 167
 319  95 167
 359  96 167
  10  97 167
  62  97 167
 167  97 167
 277  97 167
 327  97 167
 185  98 167
  49 101 167
  84 101 167
 121 103 167
  35 104 167
 146 104 167
 174 105 167
 103 106 167
  12 108 167
  87 108 167
 309 109 167
 316 109 167
  36 111 167
  52 111 167
 131 111 167
 193 111 167
  78 112 167
 156 112 167
 255 112 167
 334 112 167
 356 112 167
 234 113 167
   4 114 167
 303 115 167
 127 116 167
  84 117 167
 209 117 167
  69 118 167
  76 120 167
 314 120 167
 189 121 167
 172 122 167
 233 122 167
 181 125 167
 217 125 167
  20 126 167
  29 126 167
  64 126 167
 167 126 167
 103 128 167
   3 129 167
 234 129 167
 281 129 167
 314 129 167
 210 131 167
 149 132 167
 156 133 167
  72 134 167
 299 134 167
 223 135 167
   4 136 167
  40 136 167
 116 136 167
 166 137 167
  98 138 167
 198 139 167
 258 139 167
 208 140 167
 233 140 167
 327 140 167
  30 145 167
 227 146 167
 287 146 167
 350 146 167
  48 147 167
 139 148 167
 244 148 167
  84 149 167
 276 149 167
  23 152 167
 334 153 167
 254 154 167
 141 155 167
 261 155 167
 115 157 167
 272 157 167
 222 158 167
  57 159 167
  17 160 167
 251 160 167
 279 160 167
  11 162 167
 234 163 167
  63 164 167
 164 164 167
 313 164 167
 334 165 167
  23 166 167
 191 166 167
 118 167 167
 136 168 167
 157 168 167
  35 169 167
 320 169 167
  70 170 167
 150 170 167
 307 170 167
 314 171 167
  90 172 167
 188 172 167
 198 172 167
 259 174 167
 119   4 168
 273   4 168
  40   5 168
 104   5 168
 336   5 168
 343   5 168
 357   5 168
 174   6 168
 185   6 168
  61   7 168
 197   7 168
   4   8 168
  99  10 168
  37  11 168
 299  11 168
 109  13 168
 134  13 168
  54  14 168
 200  14 168
 278  14 168
 150  15 168
 219  15 168
  61  18 168
 181  18 168
 318  19 168
  20  20 168
 299  20 168
   4  21 168
 141  22 168
 149  22 168
 226  22 168
 240  23 168
 168  24 168
  81  25 168
 135  25 168
 214  27 168
  91  28 168
 162  29 168
 210  32 168
 256  32 168
  25  33 168
 140  34 168
 155  34 168
 197  34 168
   6  36 168
 290  37 168
 173  40 168
 318  40 168
  40  41 168
  68  42 168
 312  43 168
  25  45 168
 344  45 168
 170  47 168
 249  48 168
 180  49 168
   2  50 168
  56  50 168
 334  50 168
  10  51 168
 242  51 168
  92  53 168
 233  53 168
 277  53 168
  18  55 168
 109  56 168
 144  59 168
 335  60 168
  24  61 168
  55  61 168
 155  61 168
 237  61 168
  33  62 168
 270  62 168
 342  63 168
 104  64 168
 183  64 168
 284  64 168
 357  66 168
   6  67 168
 160  67 168
  73  68 168
  34  69 168
 267  69 168
 231  71 168
 353  71 168
 308  72 168
 223  73 168
 292  73 168
   5  75 168
  43  77 168
  56  77 168
 183  77 168
 210  77 168
 271  77 168
 347  77 168
 133  79 168
 297  79 168
  64  80 168
 121  80 168
 340  80 168
 153  81 168
 325  82 168
  40  83 168
 316  84 168
  76  85 168
  88  86 168
 183  87 168
 359  87 168
 353  91 168
  79  92 168
  50  93 168
 193  94 168
 259  95 168
 300  95 168
  19  96 168
 224  98 168
  77  99 168
 292  99 168
  71 101 168
 108 101 168
 236 101 168
 255 101 168
 337 102 168
 243 103 168
 167 104 168
 276 104 168
 330 104 168
 347 105 168
  72 108 168
 140 108 168
 171 111 168
 224 112 168
 272 112 168
 327 113 168
 163 114 168
  11 115 168
  48 116 168
 291 116 168
 240 117 168
  30 118 168
 103 118 168
 195 118 168
 259 119 168
 272 119 168
 344 122 168
  71 125 168
 193 127 168
 336 127 168
 350 127 168
  56 128 168
  90 128 168
 110 130 168
  33 132 168
 185 132 168
 199 132 168
 306 134 168
 105 135 168
  47 137 168
 338 137 168
  25 138 168
 138 139 168
 245 139 168
 320 140 168
 131 141 168
  94 144 168
 125 145 168
 165 145 168
 114 149 168
 342 149 168
 107 151 168
  30 152 168
   5 153 168
  79 153 168
 190 153 168
 226 153 168
 172 156 168
 357 156 168
 122 157 168
  39 158 168
 291 159 168
 319 159 168
  90 163 168
 128 164 168
 220 165 168
 266 165 168
 250 168 168
 278 168 168
  11 169 168
 180 169 168
 290 169 168
  29 171 168
 225 172 168
  41 173 168
  77 173 168
 144 173 168
 274 173 168
 101 174 168
 231   2 169
 248   4 169
 266   4 169
 217   5 169
 313   5 169
 320   5 169
  89   6 169
 206   7 169
 128   8 169
 290   9 169
  11  11 169
 229  11 169
 267  11 169
 340  11 169
 355  11 169
 141  12 169
  65  13 169
  43  16 169
 289  16 169
  36  18 169
 310  18 169
  50  19 169
  27  20 169
 252  20 169
  72  22 169
  12  23 169
 102  27 169
 299  27 169
 265  29 169
  66  30 169
 182  30 169
 310  30 169
 332  30 169
 169  31 169
 231  31 169
 189  32 169
 176  33 169
  48  35 169
  90  37 169
  99  37 169
 112  38 169
 150  38 169
 161  38 169
 180  39 169
 231  39 169
 297  40 169
 353  40 169
 106  41 169
 188  42 169
   5  44 169
 147  44 169
 324  44 169
  76  45 169
 256  45 169
 206  47 169
  37  48 169
 100  48 169
 162  48 169
 187  49 169
 130  50 169
 295  51 169
 303  51 169
 342  52 169
 156  53 169
  64  54 169
 119  55 169
 164  56 169
 284  56 169
   0  57 169
 200  57 169
 301  57 169
 314  57 169
 347  58 169
 115  60 169
  80  61 169
 227  61 169
 321  61 169
  40  62 169
 329  63 169
 128  64 169
 250  64 169
 149  65 169
 170  65 169
 122  66 169
 297  66 169
 337  67 169
  16  68 169
  94  68 169
 138  68 169
 104  71 169
  11  73 169
 336  74 169
  22  75 169
 166  77 169
  95  78 169
  83  79 169
 279  79 169
 114  80 169
 140  80 169
 217  80 169
 291  81 169
  12  83 169
 268  83 169
  57  84 169
 169  84 169
 303  84 169
 199  85 169
  34  86 169
 297  86 169
 124  87 169
 277  87 169
   6  88 169
 254  88 169
 309  88 169
 113  89 169
 153  89 169
 236  89 169
 343  91 169
 266  94 169
 103  95 169
 134  96 169
 152  98 169
 174  98 169
  55  99 169
   5 100 169
 309 100 169
 265 101 169
  15 102 169
  43 102 169
  91 102 169
 301 102 169
 230 103 169
 115 104 169
 183 104 169
 250 105 169
   5 107 169
 110 108 169
 239 108 169
  65 110 169
 123 110 169
 340 110 169
  94 111 169
 348 112 169
 117 113 169
 320 115 169
 136 116 169
  91 118 169
 203 118 169
 298 118 169
 354 118 169
  62 119 169
 226 119 169
 252 119 169
 111 120 169
 118 120 169
 149 120 169
   9 121 169
 329 121 169
 246 122 169
 302 124 169
 144 125 169
  83 127 169
 126 127 169
 240 127 169
 288 127 169
  13 129 169
 174 129 169
  25 131 169
 323 131 169
 229 132 169
  60 134 169
 126 134 169
 143 134 169
  91 135 169
 280 135 169
 295 138 169
 183 139 169
 173 140 169
   9 141 169
 265 141 169
 274 141 169
 353 141 169
  19 142 169
  38 142 169
 115 142 169
 193 142 169
 253 142 169
 334 142 169
  61 143 169
  71 143 169
 203 144 169
 144 145 169
 307 145 169
   0 146 169
 237 146 169
 294 147 169
 330 147 169
  12 149 169
 155 149 169
 178 149 169
 198 149 169
  55 150 169
  62 150 169
  91 150 169
 264 150 169
 214 151 169
 306 152 169
 349 152 169
 164 156 169
 342 156 169
  27 158 169
 185 158 169
 195 159 169
 238 159 169
 145 161 169
  46 162 169
 326 162 169
  75 164 169
 256 165 169
  17 167 169
 204 167 169
 300 167 169
 352 167 169
 112 168 169
  95 169 169
 169 169 169
 327 171 169
 343 171 169
   5 172 169
 132 172 169
 208 173 169
  17 174 169
  57   1 170
  20   4 170
  66   4 170
 294   4 170
 349   4 170
  77   5 170
 111   5 170
 164   5 170
 257   8 170
 327   8 170
  25  10 170
 115  11 170
 122  11 170
 190  11 170
 240  11 170
 251  11 170
 184  13 170
 210  13 170
  72  14 170
 235  16 170
  82  18 170
 206  18 170
 196  19 170
 114  20 170
 328  20 170
 173  21 170
 346  21 170
 233  22 170
  57  23 170
 121  23 170
 157  24 170
 190  24 170
 323  24 170
 247  25 170
 273  25 170
 128  26 170
 355  26 170
   2  27 170
 197  27 170
 114  28 170
  36  30 170
  12  31 170
  79  31 170
 319  31 170
 356  33 170
  19  34 170
 263  35 170
 275  36 170
 325  36 170
 247  37 170
 304  37 170
 203  38 170
  13  39 170
 123  39 170
 269  39 170
 287  42 170
 136  43 170
 334  43 170
  62  44 170
 120  45 170
  83  47 170
 263  47 170
 318  47 170
 351  47 170
 196  50 170
  29  51 170
  49  51 170
 213  52 170
 148  53 170
 172  54 170
  42  55 170
  99  55 170
   7  56 170
 186  56 170
 262  56 170
 126  57 170
 354  59 170
  47  61 170
  18  62 170
 204  63 170
 220  64 170
 304  65 170
  60  66 170
 193  67 170
 236  67 170
 319  67 170
  80  68 170
 274  68 170
  48  69 170
  87  69 170
 281  69 170
 145  70 170
 187  70 170
 153  71 170
 325  72 170
  70  73 170
 299  73 170
 195  75 170
 176  77 170
 202  77 170
 354  78 170
  22  83 170
 208  83 170
 258  83 170
 159  85 170
 284  85 170
 100  87 170
 167  90 170
  60  91 170
 229  91 170
  39  92 170
  92  93 170
 281  93 170
 212  94 170
  26  96 170
 349  96 170
  33  98 170
 142  98 170
 201  98 170
 208  99 170
 218  99 170
 191 100 170
 322 101 170
 158 102 170
 358 102 170
  61 103 170
 282 103 170
 214 104 170
 131 105 170
 152 105 170
  21 106 170
 292 106 170
 197 107 170
 263 107 170
 300 109 170
 147 110 170
 246 110 170
  42 111 170
 187 111 170
 208 111 170
  17 113 170
 178 114 170
 309 115 170
  55 117 170
 155 118 170
 266 120 170
 320 122 170
   2 123 170
 278 123 170
 207 124 170
  38 125 170
 256 125 170
  48 127 170
 115 127 170
 250 128 170
 296 128 170
 308 128 170
 330 128 170
 343 128 170
  76 130 170
 271 130 170
 216 131 170
 248 134 170
 287 134 170
  54 137 170
 149 138 170
 222 141 170
 281 143 170
 101 144 170
 314 146 170
 120 148 170
 132 148 170
 250 148 170
 171 149 170
  40 150 170
  72 150 170
 282 150 170
 232 151 170
  47 153 170
 241 153 170
  98 154 170
 151 154 170
 204 154 170
 248 154 170
  89 156 170
 106 157 170
 211 157 170
 304 158 170
 133 159 170
 332 159 170
 155 160 170
 228 160 170
 285 160 170
 245 161 170
 171 162 170
 339 162 170
 106 164 170
 241 166 170
 359 168 170
  59 169 170
  82 169 170
 163 171 170
 335 171 170
 118 173 170
 175 173 170
 350 173 170
  65 174 170
 156 174 170
 209   2 171
  10   3 171
  46   3 171
 145   3 171
 192   3 171
 285   3 171
 137   4 171
 223   4 171
 279   7 171
 151   8 171
 307   8 171
 273  10 171
  93  12 171
 167  12 171
 322  12 171
 333  12 171
   1  14 171
 156  14 171
 103  15 171
 259  15 171
 295  15 171
 304  15 171
 270  17 171
 339  17 171
 354  17 171
  97  18 171
 283  18 171
  91  20 171
  42  22 171
 262  22 171
 183  24 171
 304  24 171
 340  24 171
 207  26 171
 145  27 171
 152  28 171
 224  28 171
 237  28 171
 293  28 171
  97  30 171
 121  30 171
 286  30 171
 344  30 171
  86  31 171
 134  31 171
 128  33 171
 220  33 171
  31  34 171
  72  34 171
  62  35 171
 214  37 171
 254  38 171
 340  39 171
  28  40 171
  85  40 171
 225  40 171
 238  40 171
 167  41 171
 280  41 171
  55  44 171
 218  44 171
  15  46 171
  44  46 171
 153  47 171
 225  47 171
  68  48 171
 288  49 171
 270  50 171
 326  51 171
 113  52 171
 203  52 171
 136  53 171
 225  54 171
 248  54 171
 179  55 171
  58  56 171
 242  57 171
 274  58 171
  92  59 171
 137  60 171
 290  60 171
  66  61 171
 255  61 171
 163  62 171
  98  63 171
 110  63 171
 313  63 171
 243  64 171
 348  65 171
  40  69 171
  55  70 171
 110  70 171
 212  70 171
 131  71 171
 167  71 171
 342  72 171
 359  72 171
 259  73 171
  77  74 171
  34  75 171
 124  75 171
 236  75 171
 189  77 171
 228  77 171
 312  77 171
   1  79 171
  49  80 171
  72  80 171
 348  83 171
 130  84 171
 190  84 171
 331  84 171
  68  85 171
 139  86 171
 215  86 171
  82  87 171
 242  87 171
  16  89 171
 178  90 171
 316  90 171
 294  91 171
 187  92 171
 323  92 171
  71  93 171
 128  93 171
 333  93 171
 242  94 171
 252  94 171
 116  95 171
  45  96 171
  85  96 171
 314  97 171
 272  98 171
 100 100 171
  77 105 171
  97 106 171
 270 106 171
  31 107 171
 353 107 171
 162 108 171
 229 109 171
 280 109 171
  57 110 171
  83 111 171
 105 112 171
  72 114 171
 214 115 171
 280 116 171
 339 116 171
 169 117 171
  23 118 171
  41 118 171
 184 118 171
  15 120 171
 162 120 171
 287 120 171
  97 121 171
 130 121 171
 199 123 171
 137 124 171
 156 125 171
 229 125 171
 187 126 171
  96 128 171
 132 130 171
  67 131 171
 166 131 171
   8 132 171
 191 133 171
 205 133 171
 353 133 171
 312 134 171
 235 135 171
 261 135 171
 344 135 171
  84 136 171
 212 137 171
 359 137 171
 159 138 171
  76 139 171
 121 139 171
 302 139 171
 342 142 171
  51 143 171
  87 143 171
 216 143 171
 188 145 171
  25 146 171
 270 146 171
 321 146 171
 355 149 171
 289 152 171
  18 153 171
 313 153 171
 322 153 171
 296 154 171
 178 156 171
  72 157 171
 266 158 171
  79 159 171
 257 159 171
  95 160 171
   1 161 171
  33 161 171
 347 161 171
  53 162 171
 119 162 171
 178 163 171
 214 164 171
 308 165 171
 141 166 171
 231 167 171
  45 168 171
 107 171 171
 263 171 171
  52 172 171
 246 172 171
 303 173 171
 231 174 171
 253 174 171
 280 174 171
 319 174 171
 357 174 171
  28   3 172
 330   3 172
  83   4 172
  97   4 172
 179   5 172
  56   8 172
 159   8 172
 234   8 172
  44   9 172
 221  10 172
 346  10 172
 177  11 172
 314  11 172
 128  14 172
  16  15 172
 246  15 172
   8  16 172
 225  16 172
 138  17 172
 145  17 172
 162  18 172
 217  20 172
  66  21 172
 107  21 172
 293  21 172
  33  23 172
  50  25 172
  25  26 172
  42  29 172
 244  30 172
 108  31 172
 279  31 172
  53  32 172
 350  34 172
  41  36 172
 144  38 172
 196  39 172
 209  41 172
  35  42 172
  92  43 172
 245  43 172
 303  43 172
 359  43 172
 177  44 172
 274  44 172
 293  45 172
 108  47 172
 142  47 172
 235  47 172
 309  47 172
  22  49 172
  75  51 172
 254  51 172
 357  51 172
 348  52 172
 319  54 172
  70  55 172
 192  55 172
 308  55 172
 332  55 172
 219  56 172
 339  57 172
  29  58 172
 232  58 172
 214  60 172
  74  61 172
   1  63 172
 176  64 172
 198  64 172
  28  65 172
 262  65 172
 116  67 172
 288  68 172
 174  70 172
 248  70 172
 242  72 172
  98  73 172
 160  73 172
 318  73 172
  61  74 172
 116  74 172
 218  74 172
 266  74 172
  88  76 172
 108  76 172
 144  76 172
 305  76 172
  16  77 172
 252  77 172
  27  79 172
 246  79 172
 285  79 172
 223  81 172
 233  82 172
  92  83 172
 179  83 172
 145  84 172
 118  85 172
 338  85 172
  28  86 172
  47  86 172
 205  88 172
 265  88 172
 195  89 172
 106  90 172
 302  90 172
 222  91 172
   2  92 172
 159  92 172
  11  93 172
 235  95 172
 287  96 172
 340  96 172
 180  97 172
 163  98 172
 122  99 172
 136 102 172
 204 104 172
 223 104 172
 314 104 172
  52 105 172
 190 106 172
 256 107 172
 326 107 172
 179 108 172
 219 109 172
 287 109 172
   0 110 172
  26 111 172
 202 112 172
 260 113 172
 267 113 172
  33 114 172
 231 116 172
 332 116 172
  79 117 172
 123 117 172
 347 118 172
 142 119 172
 176 120 172
 306 120 172
 212 121 172
 237 121 172
  51 122 172
  86 122 172
 220 122 172
  58 123 172
 106 123 172
 313 124 172
 354 124 172
  24 125 172
 263 125 172
 150 128 172
 180 129 172
 222 129 172
  19 130 172
  43 130 172
 121 130 172
 359 130 172
 241 133 172
 328 135 172
  17 136 172
  30 136 172
 111 136 172
 269 136 172
  65 138 172
 227 138 172
 240 140 172
 286 140 172
 310 140 172
  44 141 172
 106 141 172
 154 143 172
 179 143 172
 231 144 172
 259 144 172
  80 145 172
 209 145 172
   6 146 172
 301 146 172
 161 148 172
 336 148 172
 126 151 172
 143 151 172
 184 151 172
 220 151 172
 257 151 172
 273 153 172
 329 153 172
 136 154 172
  11 155 172
  59 155 172
  65 159 172
 201 159 172
 218 159 172
 314 160 172
 354 160 172
  22 161 172
 275 161 172
 297 161 172
  85 164 172
   7 165 172
  69 165 172
 100 165 172
 160 165 172
 195 165 172
 282 165 172
 321 165 172
  38 166 172
 151 166 172
 124 167 172
 186 167 172
 272 167 172
 218 170 172
  22 171 172
 192 171 172
 238 171 172
 138 173 172
 184 173 172
 294 173 172
  34 174 172
 125 174 172
 310 174 172
   1   4 173
  36   6 173
 244   7 173
 300   7 173
  71   8 173
 213   8 173
  31  10 173
 201  10 173
 285  10 173
  78  11 173
  85  11 173
  23  16 173
 119  16 173
 189  17 173
  76  19 173
 241  19 173
 126  20 173
 334  21 173
 278  22 173
 314  22 173
 201  23 173
  18  24 173
  85  24 173
 256  24 173
 163  25 173
   8  26 173
 177  26 173
  70  27 173
  59  29 173
 252  29 173
 158  31 173
 271  31 173
 303  31 173
 338  31 173
   2  33 173
 206  33 173
 115  34 173
 165  34 173
 296  34 173
 314  34 173
 185  35 173
 331  35 173
 285  36 173
  78  37 173
 137  37 173
 131  39 173
 156  39 173
  47  40 173
 347  40 173
  22  41 173
  72  41 173
 260  41 173
 101  43 173
 114  44 173
 127  44 173
 340  46 173
  89  49 173
 279  49 173
 104  52 173
  35  53 173
  82  53 173
  13  55 173
  51  57 173
 207  58 173
 325  58 173
 104  59 173
 149  59 173
 169  59 173
  85  60 173
 281  60 173
 190  61 173
 298  61 173
   8  62 173
 143  63 173
 226  66 173
 325  66 173
  22  67 173
  66  68 173
 254  68 173
 332  68 173
 203  69 173
 311  69 173
 349  72 173
 137  74 173
 274  74 173
 331  75 173
 154  77 173
   9  78 173
 162  80 173
 320  80 173
 100  81 173
 274  81 173
 109  83 173
 310  83 173
 355  84 173
 248  86 173
 324  86 173
  54  88 173
 272  88 173
 134  90 173
 348  90 173
  33  91 173
 144  91 173
 308  94 173
  65  95 173
 356  95 173
 110  96 173
 228  97 173
  39  98 173
 296  98 173
 247  99 173
 329  99 173
  22 100 173
 259 100 173
 170 101 173
  67 102 173
  10 103 173
  86 103 173
 342 103 173
 143 104 173
  38 105 173
 306 105 173
 335 106 173
  46 107 173
 136 109 173
 319 109 173
  10 110 173
 312 110 173
 153 111 173
 252 112 173
 294 112 173
 128 113 173
 195 113 173
 237 113 173
  99 114 173
 112 114 173
   6 116 173
  66 116 173
 244 116 173
 190 117 173
 315 117 173
 359 117 173
  72 121 173
 294 121 173
 336 122 173
  30 123 173
  66 123 173
 168 123 173
 271 124 173
 277 129 173
 105 130 173
 302 130 173
 317 130 173
  53 131 173
 159 131 173
 255 132 173
 335 132 173
  38 134 173
  99 134 173
 172 134 173
 197 136 173
 321 136 173
 132 137 173
  95 139 173
 204 139 173
 166 140 173
  32 143 173
 136 143 173
  14 144 173
  66 146 173
  97 148 173
 149 148 173
  34 150 173
 193 150 173
  83 152 173
 112 153 173
   1 154 173
 158 154 173
 336 155 173
 280 156 173
  43 157 173
 127 158 173
 112 160 173
  14 162 173
  60 163 173
 207 163 173
 224 164 173
 290 164 173
  28 165 173
 133 165 173
 331 165 173
 315 167 173
 346 167 173
 200 170 173
 286 171 173
  72 172 173
 148 172 173
  87 173 173
 269 174 173
 169   4 174
 261   4 174
 122   5 174
 131   5 174
 339   5 174
  15   7 174
 106   7 174
   7   8 174
 142   8 174
  63   9 174
 136  10 174
  50  12 174
  39  13 174
  59  14 174
 111  15 174
  30  17 174
 176  17 174
  54  18 174
 152  18 174
 321  18 174
   0  20 174
 133  21 174
 211  21 174
 287  23 174
  96  24 174
 228  24 174
 139  25 174
 170  26 174
 329  26 174
 349  26 174
 217  27 174
 193  30 174
 260  30 174
 324  30 174
  92  33 174
 148  33 174
 102  34 174
 226  34 174
 235  34 174
   9  35 174
 172  35 174
  56  38 174
 320  38 174
 310  39 174
 328  41 174
   9  42 174
 183  43 174
 202  43 174
 192  44 174
 267  44 174
  30  46 174
 166  47 174
   4  48 174
 299  48 174
 331  48 174
  59  49 174
  96  49 174
 173  49 174
 244  49 174
 119  50 174
 183  50 174
 220  50 174
 126  51 174
 230  51 174
 160  52 174
 142  54 174
 292  54 174
  21  55 174
 267  55 174
 131  56 174
 155  57 174
 121  59 174
  36  60 174
 183  60 174
 248  60 174
 307  61 174
 132  63 174
 338  63 174
  52  64 174
 154  64 174
 268  64 174
  44  65 174
  90  65 174
 354  65 174
 182  67 174
   4  69 174
  12  69 174
  27  72 174
  45  73 174
 180  73 174
 208  74 174
  52  75 174
 290  75 174
  40  77 174
 130  77 174
 171  78 174
 338  78 174
 261  79 174
  58  80 174
  78  80 174
 198  80 174
 212  80 174
 240  80 174
 300  80 174
  34  81 174
 124  81 174
 151  83 174
   7  84 174
 290  85 174
  39  86 174
  62  86 174
 173  86 174
  74  87 174
  22  89 174
  88  89 174
  95  89 174
 259  89 174
 121  91 174
 151  93 174
 172  93 174
  77  94 174
 204  94 174
 276  94 174
  52  95 174
 195  96 174
  59  97 174
 303  98 174
  73  99 174
  94  99 174
 129  99 174
 148  99 174
 240 100 174
  29 101 174
 348 101 174
 106 103 174
 235 104 174
 120 105 174
  16 107 174
 168 107 174
  90 109 174
  51 112 174
 275 112 174
 143 113 174
 353 113 174
 160 114 174
 303 114 174
 324 114 174
 222 115 174
  87 116 174
 256 118 174
 122 123 174
  79 124 174
 193 124 174
 326 124 174
 346 124 174
   8 125 174
 284 125 174
 244 126 174
 235 127 174
 211 128 174
  61 129 174
  87 129 174
 141 129 174
 198 129 174
  31 130 174
 291 131 174
 153 134 174
 138 135 174
 179 135 174
 220 135 174
 275 135 174
 186 136 174
   5 137 174
 144 139 174
 349 139 174
  23 140 174
 248 140 174
 127 141 174
 317 141 174
 326 141 174
 293 142 174
 198 143 174
  57 144 174
 172 144 174
 112 145 174
 276 145 174
 225 146 174
 243 146 174
 347 146 174
  47 147 174
 105 148 174
 208 151 174
  24 152 174
 167 152 174
 343 152 174
  66 153 174
 119 153 174
 229 155 174
 236 155 174
  52 156 174
 189 156 174
 142 157 174
 101 159 174
 149 159 174
 251 159 174
 322 159 174
 165 161 174
 234 161 174
 262 163 174
  92 165 174
 249 165 174
 116 167 174
 174 167 174
 338 167 174
 211 169 174
  14 170 174
 257 170 174
  99 171 174
 113 174 174
 168 174 174
 340 174 174
  89   3 175
 185   5 175
 253   5 175
 269   5 175
 290   5 175
 316   5 175
 323   5 175
 228   6 175
 353   6 175
 116   7 175
 194   8 175
  98  10 175
 264  10 175
 148  12 175
 278  12 175
 231  13 175
 328  13 175
 216  14 175
 309  14 175
  67  15 175
 197  15 175
 253  15 175
 344  16 175
  46  17 175
 169  17 175
 264  17 175
 300  18 175
 248  21 175
 269  22 175
 148  23 175
 194  23 175
 116  24 175
  77  26 175
 309  26 175
  16  30 175
 212  31 175
  23  32 175
 141  32 175
 199  33 175
 242  36 175
 108  37 175
 355  38 175
 219  39 175
 291  39 175
  64  40 175
 119  40 175
 150  41 175
 233  41 175
 251  42 175
  81  43 175
 316  43 175
 159  45 175
 284  45 175
  50  46 175
 213  46 175
 133  47 175
 258  47 175
 148  48 175
  40  49 175
 208  50 175
 313  52 175
 237  53 175
 285  53 175
 198  54 175
 302  54 175
   2  55 175
 110  56 175
 258  57 175
 316  59 175
 238  60 175
 345  60 175
  60  61 175
 331  61 175
 210  64 175
 232  64 175
 275  64 175
 125  65 175
 293  65 175
  34  66 175
 103  66 175
  73  67 175
 160  67 175
 217  67 175
 149  68 175
 300  68 175
 192  71 175
 231  71 175
  82  72 175
  92  72 175
 224  72 175
  20  73 175
 283  73 175
  67  76 175
 345  77 175
 183  79 175
 327  80 175
  85  81 175
 136  81 175
  15  83 175
 254  84 175
 228  85 175
 165  86 175
 185  86 175
 280  86 175
 211  89 175
 286  90 175
 101  93 175
  18  94 175
 217  94 175
 263  95 175
 319  95 175
 137  96 175
   6  97 175
 186  97 175
 156  98 175
 213  99 175
  80 100 175
 268 101 175
 277 101 175
 113 102 175
 177 102 175
 198 102 175
 286 102 175
   3 103 175
 299 104 175
 210 105 175
 245 105 175
 127 106 175
 157 106 175
  63 107 175
  72 107 175
 347 108 175
 174 111 175
 342 112 175
  45 115 175
  59 115 175
 285 115 175
 149 116 175
 207 116 175
 134 118 175
 200 118 175
 273 118 175
  36 120 175
 115 120 175
 249 121 175
  45 122 175
  92 122 175
 182 123 175
 174 126 175
 204 127 175
  71 128 175
 111 128 175
  81 131 175
 127 131 175
 264 131 175
 347 131 175
 283 132 175
 116 133 175
 297 134 175
  47 135 175
  71 135 175
  58 136 175
 338 138 175
 255 139 175
 356 141 175
 118 143 175
  74 144 175
 265 144 175
  39 145 175
 285 146 175
 309 147 175
  89 148 175
 201 149 175
 317 150 175
 175 151 175
 267 151 175
  76 152 175
 301 152 175
 352 153 175
  93 154 175
 214 154 175
 308 154 175
  30 155 175
 261 156 175
 172 157 175
 243 157 175
 288 157 175
   6 159 175
 342 159 175
 182 160 175
 303 162 175
  48 164 175
  78 164 175
 355 166 175
  55 167 175
 296 167 175
  64 169 175
 278 169 175
   3 170 175
 157 170 175
 227 170 175
 323 171 175
  28 172 175
  40 172 175
  79 172 175
 330 172 175
  47 173 175
   9 174 175
  57 174 175
 154   5 176
 204   5 176
 218   5 176
  22   6 176
 295  10 176
 359  10 176
 171  11 176
 207  11 176
 337  11 176
 351  12 176
 163  13 176
 238  13 176
 290  14 176
  90  15 176
 182  15 176
  13  19 176
  37  19 176
 102  19 176
 234  19 176
 350  19 176
  60  21 176
 158  21 176
 187  23 176
 298  24 176
 123  25 176
 240  25 176
 103  26 176
 110  26 176
 358  26 176
  37  27 176
 131  27 176
 275  27 176
 282  27 176
 318  27 176
  30  28 176
 183  29 176
  48  30 176
  65  30 176
 354  31 176
  82  32 176
 290  32 176
 178  33 176
  36  34 176
 123  34 176
 248  34 176
 266  34 176
 343  35 176
 191  36 176
 278  36 176
  16  37 176
  97  38 176
 301  38 176
   2  39 176
 162  39 176
 272  39 176
 335  40 176
  40  41 176
 172  42 176
 352  44 176
 323  45 176
 346  47 176
  11  49 176
 190  50 176
 337  51 176
  46  52 176
  65  52 176
 274  52 176
  27  53 176
 353  54 176
  88  55 176
  77  56 176
  95  56 176
 174  56 176
  42  58 176
 224  58 176
 201  60 176
  14  61 176
  24  61 176
 115  61 176
  79  63 176
 167  65 176
 138  66 176
 282  66 176
 239  67 176
 344  67 176
  59  69 176
 121  70 176
 338  70 176
 199  73 176
 296  73 176
 355  73 176
 165  75 176
 113  78 176
 279  78 176
 268  79 176
  21  80 176
 205  80 176
 218  83 176
 343  83 176
 316  84 176
   1  86 176
 237  86 176
 297  86 176
 305  86 176
 127  87 176
 157  87 176
 113  88 176
 330  88 176
 311  89 176
 337  90 176
  44  91 176
 245  91 176
 165  93 176
 269  93 176
  28  94 176
 345  95 176
 335  97 176
  13  98 176
 253  99 176
  47 100 176
 310 100 176
 355 101 176
 319 102 176
  57 103 176
 184 103 176
 228 103 176
  24 106 176
 149 106 176
  81 107 176
 266 107 176
 101 108 176
 111 108 176
 184 110 176
 331 110 176
  37 111 176
 117 111 176
  21 112 176
  77 112 176
  14 115 176
  28 116 176
 180 116 176
 105 117 176
 264 117 176
 157 120 176
 227 120 176
 300 120 176
  20 121 176
 147 122 176
 359 123 176
 101 124 176
  15 125 176
 129 125 176
 162 125 176
 305 125 176
 217 126 176
 258 127 176
 340 127 176
  37 128 176
 228 129 176
 311 129 176
 323 130 176
  12 131 176
 249 131 176
  24 132 176
  93 132 176
 307 134 176
  89 137 176
  12 138 176
  80 138 176
 281 138 176
 192 139 176
 233 139 176
 184 142 176
 333 142 176
 142 145 176
 253 145 176
  20 146 176
 236 146 176
   0 147 176
 214 147 176
 329 147 176
  11 149 176
 137 149 176
 292 149 176
  54 150 176
 248 151 176
 197 155 176
  37 156 176
 222 156 176
  17 157 176
 206 157 176
 270 157 176
  83 158 176
 329 159 176
 136 160 176
 158 160 176
 212 160 176
 189 163 176
 241 163 176
 145 164 176
 200 164 176
 109 165 176
  19 166 176
 165 168 176
 181 168 176
 267 168 176
 129 169 176
 304 169 176
 353 172 176
  93 173 176
 206 173 176
 178 174 176
 222 174 176
  77   4 177
  41   5 177
  48   5 177
 147   5 177
 162   5 177
 239   5 177
 281   5 177
 309   5 177
 345   5 177
 175   6 177
 127   9 177
 188  11 177
 319  11 177
  12  12 177
  19  12 177
  26  12 177
 271  12 177
 302  12 177
  73  13 177
 105  13 177
 141  14 177
  82  15 177
 124  15 177
 133  15 177
 204  17 177
 315  17 177
 274  18 177
 221  19 177
   6  20 177
 327  20 177
 339  20 177
  22  21 177
  71  21 177
 180  22 177
  90  23 177
  44  24 177
  54  24 177
 263  25 177
 154  26 177
 336  26 177
 343  26 177
 234  27 177
 203  28 177
  74  32 177
 308  33 177
 132  34 177
 154  34 177
 255  34 177
  29  36 177
  69  36 177
  87  37 177
 210  37 177
 141  41 177
 240  42 177
 225  43 177
  17  44 177
  69  45 177
  76  47 177
 198  47 177
 358  47 177
 305  48 177
 112  49 177
 250  49 177
 154  51 177
  53  52 177
 323  52 177
 166  53 177
 214  53 177
 344  53 177
 244  55 177
 187  56 177
 137  57 177
 161  58 177
  68  59 177
 287  60 177
 357  60 177
 257  64 177
  96  65 177
 194  65 177
 319  65 177
 110  66 177
 246  66 177
  49  69 177
 264  69 177
 128  71 177
 143  71 177
 155  71 177
 170  71 177
 306  71 177
 322  71 177
 106  72 177
 186  73 177
 253  73 177
  73  74 177
 246  74 177
 313  74 177
   2  75 177
 149  75 177
 234  77 177
  95  78 177
 192  78 177
  46  79 177
 105  79 177
 352  79 177
 143  80 177
 294  80 177
  52  82 177
  70  82 177
 334  82 177
 193  85 177
 102  86 177
 200  86 177
  12  89 177
  68  89 177
  80  89 177
 139  89 177
 353  89 177
 252  90 177
  59  91 177
 181  91 177
 190  91 177
 231  91 177
 239  93 177
 292  93 177
 299  93 177
 326  93 177
  88  95 177
 282  95 177
 118  97 177
 223  98 177
 205 100 177
 162 102 177
 191 102 177
 218 104 177
  94 105 177
 292 105 177
 273 106 177
 282 107 177
 196 108 177
 203 108 177
 356 108 177
 224 109 177
 232 109 177
 240 109 177
  30 110 177
 215 110 177
 166 113 177
 309 114 177
  93 115 177
 336 115 177
 172 117 177
 216 117 177
  52 118 177
 280 119 177
 320 119 177
 329 119 177
 342 119 177
 352 119 177
 241 120 177
 289 122 177
 140 123 177
 153 125 177
 332 125 177
  54 126 177
 296 126 177
 135 128 177
 189 128 177
 353 128 177
   3 129 177
 168 129 177
 270 129 177
 147 131 177
 208 133 177
 164 134 177
 356 134 177
 315 135 177
 104 136 177
 122 136 177
 289 137 177
  34 138 177
 215 138 177
 262 138 177
 150 139 177
 175 139 177
  52 140 177
 157 140 177
 271 140 177
 305 140 177
 100 141 177
 221 141 177
 163 144 177
 339 145 177
  28 146 177
 124 146 177
 131 146 177
 156 147 177
 187 148 177
  61 149 177
 280 150 177
  42 151 177
 324 151 177
 101 152 177
 130 153 177
 147 153 177
 254 154 177
 107 155 177
 315 156 177
 295 157 177
 358 158 177
  70 159 177
 117 159 177
 349 159 177
  26 160 177
 228 161 177
 283 161 177
 310 161 177
 336 161 177
  40 162 177
 123 162 177
 256 163 177
  33 164 177
 218 164 177
 138 167 177
 234 167 177
  84 168 177
 244 169 177
 311 170 177
 121 171 177
 251 171 177
 188 172 177
 105 173 177
 143 173 177
 196 173 177
 299 173 177
 346 173 177
  19 174 177
 134 174 177
 215 174 177
 234 174 177
 262 174 177
  55   5 178
  29   6 178
  67   6 178
 329   6 178
  83   7 178
  92   9 178
 248   9 178
 258   9 178
 224  10 178
 156  11 178
   5  13 178
 283  16 178
 356  16 178
  96  17 178
 258  19 178
 306  19 178
 142  21 178
 165  21 178
  81  22 178
 173  22 178
 222  26 178
 292  26 178
 246  27 178
   4  28 178
 145  28 178
  95  29 178
 162  29 178
 116  30 178
 332  31 178
  42  32 178
  56  32 178
 219  32 178
 326  35 178
  50  36 178
 203  38 178
 125  40 178
 178  40 178
 105  42 178
 341  42 178
  55  43 178
 277  43 178
 296  43 178
  87  44 178
  24  45 178
  35  45 178
 122  46 178
 290  46 178
 178  47 178
 101  48 178
 139  48 178
 264  48 178
  17  51 178
  72  52 178
 330  53 178
 148  54 178
 180  54 178
 204  54 178
   8  55 178
  59  55 178
 117  55 178
 125  56 178
 251  56 178
 279  56 178
 310  57 178
 194  58 178
 272  58 178
 336  58 178
 217  59 178
 264  59 178
 294  59 178
  48  60 178
 100  60 178
 178  61 178
   4  63 178
 187  64 178
 222  64 178
 312  64 178
  85  66 178
  17  67 178
 175  67 178
 359  67 178
  40  68 178
 271  69 178
 211  70 178
 329  71 178
  33  72 178
   9  73 178
 119  76 178
 176  76 178
 215  76 178
 222  78 178
 307  78 178
 249  80 178
  27  82 178
 284  82 178
 260  84 178
 121  85 178
  33  86 178
 147  86 178
 267  86 178
 222  88 178
  50  89 178
 320  89 178
   5  91 178
 108  92 178
  37  93 178
 129  93 178
 143  95 178
 177  96 178
   0  97 178
 233  98 178
  34  99 178
 100  99 178
 325 100 178
  18 102 178
  41 102 178
 139 102 178
 331 103 178
 257 104 178
 133 105 178
 251 107 178
 315 107 178
 323 107 178
   3 109 178
  55 109 178
 304 109 178
 260 110 178
  68 111 178
 124 111 178
 289 111 178
 132 112 178
 190 112 178
 246 112 178
 234 116 178
  73 117 178
  82 117 178
 120 117 178
 127 117 178
 186 118 178
 194 119 178
   5 120 178
 312 120 178
  60 121 178
 109 122 178
 207 122 178
 266 123 178
 276 124 178
 317 125 178
  27 126 178
 117 126 178
  45 128 178
 240 129 178
  66 131 178
 182 131 178
 234 132 178
 329 132 178
 201 134 178
 342 134 178
 226 135 178
 243 135 178
  41 138 178
 113 138 178
  63 140 178
 298 140 178
   2 141 178
 208 141 178
 344 141 178
  85 142 178
 312 142 178
  92 143 178
 322 144 178
 352 145 178
 178 146 178
 194 146 178
 259 147 178
 271 147 178
  70 148 178
  80 148 178
 230 148 178
   5 151 178
 240 151 178
 334 151 178
 181 152 178
 162 153 178
 154 155 178
  62 156 178
  90 159 178
  56 160 178
  96 162 178
 176 162 178
 318 162 178
  65 163 178
 272 163 178
   1 164 178
  10 164 178
 153 164 178
 325 164 178
  72 166 178
 102 167 178
 287 167 178
  34 171 178
 273 172 178
 290 173 178
 317 173 178
  68 174 178
 152 174 178
 282 174 178
 359 174 178
  11   5 179
 111   5 179
 210   5 179
 302   5 179
   3   6 179
 137   6 179
 275   7 179
 233   8 179
  35   9 179
 181   9 179
  43  11 179
  55  12 179
 114  12 179
 244  14 179
 192  16 179
 211  16 179
 333  16 179
 147  17 179
 227  17 179
 117  18 179
 108  19 179
 294  19 179
  29  21 179
 199  21 179
 207  23 179
 215  23 179
 253  23 179
  11  25 179
  24  27 179
 304  27 179
 269  28 179
  87  29 179
 228  29 179
 169  30 179
 298  30 179
 348  30 179
 107  31 179
 239  31 179
 283  33 179
 317  33 179
  62  35 179
 231  35 179
 113  36 179
 145  36 179
  22  37 179
 168  37 179
 261  37 179
 349  37 179
 185  38 179
  75  39 179
 134  40 179
 196  40 179
 246  40 179
 285  40 179
 307  42 179
  94  43 179
 208  43 179
 218  44 179
  62  45 179
 231  46 179
 271  46 179
 238  48 179
 318  48 179
  82  49 179
  92  50 179
 225  50 179
 295  51 179
 132  52 179
 256  52 179
  33  55 179
 104  55 179
 232  55 179
  83  58 179
 210  58 179
 321  58 179
 143  59 179
 301  59 179
 350  59 179
 152  60 179
  30  61 179
  91  61 179
 326  63 179
  64  65 179
 205  65 179
 350  66 179
  25  67 179
 288  67 179
 115  70 179
  98  71 179
 135  71 179
 278  71 179
 239  73 179
  56  74 179
  87  74 179
 260  74 179
  15  76 179
 159  76 179
  62  77 179
  81  77 179
 319  77 179
  10  81 179
  39  81 179
 129  81 179
 166  81 179
  90  83 179
 176  83 179
 243  84 179
 274  84 179
 133  87 179
 170  89 179
 343  89 179
 205  90 179
 197  92 179
 306  92 179
  94  93 179
 157  93 179
 258  93 179
  72  94 179
 313  95 179
 351  95 179
  23  97 179
 170  97 179
 244  97 179
  64  98 179
 107  99 179
 124  99 179
 262 100 179
 341 100 179
  70 102 179
 171 104 179
   8 105 179
  49 106 179
 338 106 179
 142 108 179
  43 109 179
 297 109 179
  86 111 179
 156 111 179
 270 112 179
 318 113 179
   8 114 179
 139 114 179
 254 114 179
 347 114 179
 358 114 179
 294 116 179
  99 117 179
 163 119 179
  67 120 179
 177 121 179
 221 121 179
  85 123 179
 233 123 179
 199 124 179
 252 126 179
  76 127 179
  96 127 179
 102 130 179
  18 131 179
 156 131 179
 174 132 179
 194 132 179
 258 133 179
 132 134 179
 324 136 179
  18 138 179
  27 138 179
 137 139 179
  70 140 179
 239 140 179
 107 142 179
   9 143 179
 247 144 179
 148 145 179
 301 146 179
 169 147 179
 116 148 179
 220 148 179
  17 151 179
 347 151 179
 286 152 179
  48 153 179
  86 153 179
 275 154 179
  11 155 179
 123 155 179
  77 158 179
 129 160 179
 194 160 179
 265 160 179
 247 161 179
 169 163 179
 344 164 179
 209 165 179
  25 167 179
 194 167 179
 261 167 179
 333 167 179
  44 168 179
 171 170 179
  52 172 179
 162 173 179
 191   4 180
 198   4 180
  97   5 180
 104   5 180
 264   5 180
 336   5 180
 121   8 180
 287   8 180
 201  10 180
 313  10 180
 343  11 180
  62  12 180
 176  14 180
  32  15 180
  51  18 180
  65  19 180
 128  20 180
 320  21 180
 279  22 180
 312  22 180
 135  23 180
 352  24 180
 325  26 180
  60  27 180
  70  27 180
 177  27 180
 191  27 180
 258  28 180
 137  30 180
   9  32 180
   0  33 180
 338  33 180
 224  36 180
 294  36 180
   8  39 180
 313  39 180
 155  40 180
 255  40 180
  46  41 180
 112  43 180
 330  43 180
 164  44 180
 188  44 180
   4  45 180
 129  45 180
 170  47 180
 281  48 180
 311  48 180
  19  57 180
 131  59 180
 167  59 180
  55  60 180
  74  61 180
  38  62 180
 121  62 180
 228  62 180
 341  62 180
 158  63 180
 251  63 180
  10  65 180
 304  65 180
 333  65 180
  77  69 180
 227  69 180
  67  71 180
 219  71 180
 205  72 180
 346  72 180
  25  74 180
  42  74 180
 287  75 180
 301  75 180
 334  75 180
 228  76 180
 273  76 180
 153  80 180
 358  80 180
 187  81 180
  76  82 180
 210  82 180
 231  82 180
  58  83 180
 110  83 180
 322  83 180
 349  84 180
  19  85 180
  45  85 180
  96  86 180
  25  88 180
 277  90 180
 118  91 180
 211  94 180
  80  95 180
  55  96 180
 150  96 180
 274  96 180
 133  98 180
 288  98 180
 296  98 180
  85 100 180
 302 101 180
 153 102 180
 238 102 180
  77 103 180
 118 103 180
 350 103 180
  29 104 180
 106 106 180
 179 106 180
 162 108 180
  14 109 180
 209 110 180
  61 111 180
 278 112 180
 109 113 180
 200 113 180
 228 114 180
  34 116 180
  41 117 180
 259 119 180
  12 120 180
 169 122 180
 337 122 180
  33 123 180
 124 127 180
 282 127 180
 222 128 180
 289 128 180
 213 130 180
 301 130 180
  51 131 180
  58 131 180
 276 131 180
 336 131 180
  33 132 180
  86 132 180
 109 132 180
 140 132 180
   7 134 180
  76 134 180
 267 135 180
 349 135 180
 251 136 180
  95 137 180
 169 138 180
 198 140 180
 228 141 180
  46 142 180
 277 142 180
 288 143 180
  34 144 180
 203 145 180
  97 147 180
 108 149 180
  32 151 180
 311 151 180
 356 151 180
 192 152 180
 141 153 180
 234 153 180
 340 153 180
 113 154 180
 168 155 180
 186 156 180
 303 156 180
 321 156 180
 217 158 180
  45 159 180
 237 159 180
 104 160 180
 290 161 180
 298 163 180
 118 165 180
 160 165 180
 224 166 180
  60 167 180
  90 167 180
 350 167 180
 148 169 180
 202 169 180
 111 170 180
 339 170 180
  74 172 180
  83 174 180
 240 174 180
  18   4 181
  61   4 181
 168   4 181
 224   4 181
 245   4 181
 294   4 181
 351   4 181
 319   5 181
 143   9 181
 215   9 181
  78  10 181
 150  10 181
 325  11 181
  87  12 181
 253  12 181
 263  13 181
 168  14 181
 159  16 181
  17  17 181
  41  17 181
  77  17 181
 185  18 181
 239  18 181
 249  18 181
 268  18 181
  86  19 181
 153  19 181
 345  19 181
   0  21 181
 286  21 181
  99  22 181
 231  22 181
  35  23 181
 113  23 181
  18  25 181
  79  28 181
 126  28 181
 211  28 181
 312  29 181
  34  30 181
 197  30 181
 251  30 181
 277  31 181
  18  32 181
 100  32 181
 206  33 181
  92  34 181
 271  34 181
 160  35 181
 174  35 181
  81  37 181
 120  37 181
 216  37 181
 237  37 181
  34  38 181
 321  38 181
 267  40 181
 357  40 181
 147  42 181
  41  46 181
 244  46 181
 336  46 181
  29  48 181
  48  48 181
 204  48 181
 145  49 181
 159  49 181
 350  49 181
 185  50 181
  23  51 181
 287  51 181
   0  52 181
 194  52 181
 269  52 181
  39  53 181
  98  53 181
 220  54 181
 305  54 181
 315  54 181
 238  57 181
 112  58 181
 106  61 181
 244  61 181
 277  62 181
 235  63 181
 269  63 181
 147  64 181
 213  64 181
 297  64 181
  45  65 181
 128  65 181
 181  66 181
  54  67 181
 199  67 181
  91  68 181
 163  68 181
 190  69 181
 315  69 181
   4  70 181
 125  76 181
 139  76 181
 326  76 181
 341  77 181
  32  78 181
 198  78 181
 255  78 181
 313  80 181
 299  82 181
   4  83 181
  83  83 181
 138  83 181
 159  83 181
  65  84 181
 290  84 181
 215  87 181
 284  88 181
  86  89 181
 152  89 181
 162  89 181
 359  90 181
 264  91 181
 332  92 181
 225  93 181
  10  94 181
  47  94 181
 339  94 181
 250  95 181
 183  96 181
 192  96 181
 217  97 181
 199  98 181
  92  99 181
 280 100 181
 145 101 181
 211 101 181
 248 102 181
   0 103 181
  62 104 181
 308 104 181
  36 105 181
 187 106 181
 344 108 181
  74 109 181
  96 110 181
 148 111 181
 171 111 181
 326 112 181
  48 113 181
 220 113 181
 301 114 181
  19 116 181
  88 117 181
 145 117 181
 152 117 181
 210 117 181
 287 117 181
 246 118 181
  25 119 181
 306 119 181
  47 120 181
 132 120 181
 271 120 181
 347 121 181
 213 123 181
 324 123 181
  40 124 181
 185 124 181
 245 125 181
   8 126 181
  63 126 181
 145 126 181
 263 128 181
 345 128 181
  40 131 181
 294 133 181
 187 134 181
 219 134 181
 284 135 181
 145 137 181
 180 137 181
 332 137 181
 127 138 181
  77 141 181
 120 141 181
 257 141 181
  57 142 181
 189 142 181
  23 143 181
  16 144 181
  51 147 181
 265 147 181
 317 147 181
 209 148 181
  24 150 181
 199 151 181
 296 151 181
 225 152 181
  57 153 181
  67 153 181
 260 153 181
  96 154 181
 175 154 181
 245 154 181
 267 154 181
 329 154 181
 210 155 181
 281 156 181
   4 157 181
  31 158 181
 149 158 181
 200 158 181
  20 160 181
 141 160 181
 111 161 181
  85 162 181
  51 163 181
 182 163 181
 278 163 181
 305 164 181
 133 165 181
 125 167 181
  15 168 181
 293 168 181
 320 168 181
   6 169 181
  96 170 181
 327 170 181
 229 172 181
 257 172 181
 306 173 181
  12 174 181
  26 174 181
  61 174 181
 183 174 181
  33   2 182
 119   2 182
 126   2 182
 154   2 182
 184   2 182
 204   2 182
 232   2 182
 253   2 182
 358   2 182
  73   6 182
 131   7 182
  24   8 182
  50   9 182
 355   9 182
 108  10 182
 162  10 182
 193  10 182
 239  10 182
 280  10 182
 298  10 182
 306  10 182
  99  11 182
 136  12 182
 219  14 182
 232  14 182
  10  16 182
  24  16 182
  58  17 182
 300  17 182
 122  22 182
 331  22 182
 147  23 182
 160  23 182
 272  23 182
  49  24 182
 106  25 182
 183  25 182
  40  27 182
 286  28 182
 151  29 182
 186  31 182
 264  31 182
  27  32 182
 245  33 182
 303  33 182
 127  35 182
 139  36 182
 107  37 182
 332  37 182
  57  38 182
 100  39 182
  15  40 182
  27  40 182
  65  40 182
 301  41 182
 261  43 182
 347  43 182
  79  44 182
  11  46 182
 152  46 182
 253  46 182
 107  47 182
 213  47 182
 325  47 182
  57  48 182
 117  48 182
 300  48 182
  67  49 182
 342  49 182
 174  52 182
 247  52 182
 262  53 182
 140  54 182
  46  55 182
 156  55 182
  27  56 182
  65  56 182
 199  56 182
 256  58 182
  12  59 182
 183  59 182
 137  62 182
 115  64 182
 262  64 182
 170  65 182
  33  66 182
 101  66 182
 153  67 182
 140  68 182
 242  68 182
 255  68 182
 234  70 182
 293  70 182
 249  71 182
 353  71 182
 181  73 182
 266  73 182
  49  74 182
 110  74 182
 103  75 182
 168  75 182
 132  76 182
  69  77 182
 242  78 182
 263  79 182
 100  81 182
 116  81 182
 203  82 182
 329  82 182
 224  83 182
 307  84 182
 338  84 182
 182  85 182
 251  85 182
  39  87 182
  72  87 182
 313  87 182
 234  88 182
 295  88 182
 326  88 182
 125  89 182
 176  89 182
 242  90 182
  16  91 182
  31  91 182
  64  91 182
 100  91 182
 136  92 182
 113  95 182
 319  95 182
 162  96 182
 267  97 182
  50 100 182
 227 100 182
 314 101 182
 270 103 182
 127 104 182
 285 104 182
  89 105 182
 199 105 182
  20 107 182
 228 107 182
 114 108 182
 352 110 182
 236 111 182
 334 111 182
  25 112 182
  80 112 182
 181 112 182
 264 114 182
 341 114 182
  55 115 182
 115 115 182
 202 119 182
  94 120 182
 104 120 182
 357 120 182
  77 121 182
 297 121 182
  18 123 182
 157 123 182
 227 123 182
 192 124 182
   1 125 182
  70 125 182
 309 125 182
  90 126 182
 174 126 182
 164 127 182
 204 127 182
 314 130 182
 119 131 182
   0 132 182
 151 134 182
  46 135 182
 159 136 182
 211 136 182
 303 136 182
 310 136 182
 318 138 182
 339 139 182
 354 139 182
 153 142 182
 327 142 182
 214 143 182
 234 143 182
 307 144 182
  65 145 182
 136 145 182
 333 145 182
 358 145 182
  40 146 182
 282 146 182
  87 147 182
 252 148 182
 127 149 182
  75 150 182
 151 150 182
  38 153 182
 134 155 182
 352 156 182
 345 157 182
 160 158 182
 252 158 182
 224 159 182
 259 160 182
 331 161 182
 355 162 182
 232 163 182
  77 164 182
 313 164 182
 239 165 182
 252 165 182
  37 166 182
 188 166 182
 215 167 182
  67 168 182
 177 168 182
 155 169 182
 356 169 182
 278 170 182
 208 171 182
 266 171 182
 129 172 182
 138 172 182
 220 172 182
  39 173 182
 117 173 182
 247 173 182
 333 173 182
  46 174 182
  90 174 182
 351 174 182
 174 175 182
   5   0 183
  13   0 183
  26   0 183
  40   0 183
  47   0 183
  54   0 183
 133   0 183
 140   0 183
 147   0 183
 161   0 183
 212   0 183
 219   0 183
 239   0 183
 260   0 183
 268   0 183
 275   0 183
 282   0 183
 289   0 183
 309   0 183
 323   0 183
 330   0 183
 344   0 183
 174   1 183
  90   4 183
 173   8 183
 269   8 183
  14  10 183
 207  10 183
 332  10 183
  68  11 183
 126  12 183
 349  12 183
   0  13 183
 274  13 183
 290  13 183
  93  14 183
 318  14 183
 103  16 183
 201  16 183
 309  16 183
 339  16 183
 140  17 183
 327  17 183
 352  18 183
 177  20 183
  92  21 183
 223  21 183
 262  21 183
 244  22 183
   6  23 183
  75  23 183
 338  23 183
 168  24 183
 237  24 183
 296  24 183
 318  27 183
 357  27 183
  54  28 183
  46  30 183
 323  32 183
  67  33 183
 353  33 183
 192  34 183
 344  34 183
 288  35 183
  40  36 183
 279  37 183
  89  40 183
 229  40 183
 172  41 183
 201  42 183
  71  43 183
 139  43 183
 181  43 183
 194  45 183
  19  46 183
  76  50 183
 124  50 183
 275  50 183
  87  52 183
 335  53 183
 163  54 183
 325  54 183
 354  54 183
 346  55 183
 226  56 183
 291  56 183
   4  57 183
 284  57 183
 330  58 183
 173  59 183
 190  60 183
 315  61 183
  22  62 183
 355  62 183
  80  63 183
 283  64 183
 321  67 183
 120  68 183
 338  68 183
  60  69 183
  13  70 183
  20  70 183
  83  70 183
 146  71 183
 309  71 183
 174  72 183
  93  74 183
 152  74 183
 359  74 183
  76  75 183
 188  75 183
 210  75 183
   6  76 183
 280  76 183
 293  77 183
 349  77 183
  20  78 183
 145  78 183
  53  79 183
 217  80 183
 193  82 183
 269  82 183
  12  86 183
 106  88 183
 113  88 183
 142  88 183
 188  88 183
  55  89 183
 270  89 183
 349  90 183
 289  92 183
 236  95 183
  40  96 183
 205  96 183
 327  96 183
 345  96 183
 308  97 183
   5  98 183
  15  98 183
  29  98 183
 256  98 183
 334  98 183
 355  99 183
 175 100 183
 166 101 183
 159 102 183
 321 102 183
  97 103 183
 221 103 183
  55 104 183
 295 104 183
 206 105 183
 327 105 183
 215 106 183
 243 106 183
 262 106 183
 276 106 183
 121 108 183
 136 108 183
 193 108 183
 310 110 183
  38 111 183
 284 111 183
 102 112 183
 161 114 183
   3 116 183
 175 116 183
 240 116 183
  62 117 183
 322 117 183
 331 117 183
 277 118 183
 123 120 183
 139 120 183
 252 120 183
  53 122 183
 114 122 183
 239 123 183
 352 125 183
 107 126 183
 130 126 183
 269 126 183
 329 127 183
  23 128 183
 231 128 183
  81 129 183
 321 129 183
 247 131 183
 168 132 183
  13 133 183
  70 133 183
  63 134 183
 238 134 183
 231 135 183
  54 136 183
 101 136 183
  82 137 183
  89 137 183
 204 137 183
 273 137 183
 245 139 183
 163 141 183
 267 141 183
 174 142 183
 294 142 183
 113 143 183
 143 143 183
 182 143 183
 348 143 183
 241 145 183
 103 146 183
 342 146 183
 159 147 183
  11 148 183
 324 148 183
 185 150 183
 215 150 183
 103 154 183
 291 155 183
 309 157 183
 338 159 183
  13 160 183
 206 160 183
  61 161 183
  70 162 183
  30 165 183
 143 166 183
 165 168 183
 300 169 183
 105 170 183
 285 171 183
 191 172 183
 295 174 183
 322 174 183
 146 175 183
 167 175 183
 198 175 183
 111   0 184
 299   0 184
 316   0 184
  82   4 184
  42   6 184
 115   7 184
   7   8 184
 156   8 184
 186   8 184
 227   9 184
  30  10 184
  38  12 184
 119  13 184
 111  16 184
  70  17 184
 256  17 184
 133  18 184
 207  18 184
 195  19 184
 304  22 184
 202  24 184
  65  25 184
  85  25 184
 140  25 184
 344  25 184
  29  26 184
 218  26 184
 118  27 184
  92  28 184
 132  28 184
 333  28 184
 111  29 184
 158  29 184
 223  30 184
 233  30 184
 293  30 184
 143  31 184
  74  32 184
 166  33 184
 180  33 184
 256  33 184
 153  35 184
 200  35 184
 309  35 184
 250  37 184
 209  38 184
 338  39 184
 273  40 184
 221  41 184
 290  41 184
  52  42 184
 123  42 184
 235  43 184
 317  43 184
  98  45 184
  85  46 184
 294  46 184
 356  46 184
  35  48 184
 134  48 184
 220  48 184
   6  50 184
 233  50 184
  13  52 184
 111  52 184
 150  52 184
 209  52 184
  52  53 184
 298  54 184
  80  55 184
  72  56 184
  92  56 184
 120  56 184
 214  56 184
 205  58 184
 308  59 184
  97  60 184
 220  60 184
  61  61 184
  68  62 184
 196  62 184
 347  62 184
  87  63 184
 290  63 184
   1  64 184
 109  66 184
  72  67 184
 328  67 184
 274  68 184
 300  69 184
  38  70 184
 285  70 184
  30  72 184
 195  72 184
 117  74 184
 236  76 184
  44  79 184
  88  79 184
 173  79 184
 123  82 184
 344  82 184
 238  83 184
 279  83 184
  29  84 184
 149  84 184
 168  85 184
 355  85 184
 198  86 184
 258  86 184
 208  87 184
  79  88 184
 302  88 184
 220  90 184
 167  92 184
  89  94 184
 281  94 184
 105  95 184
 122  95 184
 301  95 184
  68  96 184
  75  97 184
 140  97 184
 111 101 184
  44 102 184
  82 105 184
 253 105 184
  68 106 184
 301 107 184
 318 108 184
   0 109 184
  31 109 184
 129 110 184
 248 110 184
 292 110 184
 257 111 184
  68 114 184
 187 114 184
 194 115 184
 314 115 184
 167 116 184
 232 118 184
 181 119 184
 264 121 184
 290 122 184
 315 122 184
  99 124 184
 257 124 184
 151 125 184
  47 126 184
 137 127 184
 295 127 184
 180 128 184
 197 128 184
 254 130 184
  94 131 184
 126 132 184
  27 133 184
 114 135 184
 261 136 184
  35 137 184
 193 137 184
 224 137 184
   2 138 184
  29 142 184
 130 143 184
 221 143 184
   5 145 184
 121 147 184
 274 147 184
 176 148 184
 290 148 184
 165 149 184
 351 149 184
  45 150 184
 303 150 184
   2 151 184
  82 151 184
 316 153 184
  90 155 184
  25 156 184
  51 156 184
  73 156 184
 118 156 184
 180 157 184
 230 157 184
 272 157 184
 297 157 184
  39 160 184
  94 160 184
 123 160 184
 166 160 184
 173 160 184
 154 161 184
 284 161 184
 323 161 184
   4 163 184
 268 163 184
  99 164 184
 197 164 184
 245 167 184
  54 168 184
  82 168 184
 272 168 184
  21 169 184
 345 169 184
 235 170 184
 312 171 184
  32 173 184
   2 174 184
 214 174 184
  18 175 184
  55 175 184
 109 175 184
 123 175 184
 158 175 184
 273 175 184
 193   0 185
 337   0 185
  69   2 185
  56   6 185
 257   6 185
 311   6 185
 327   6 185
 341   6 185
 249   8 185
 180  12 185
  45  13 185
  53  14 185
  82  14 185
 146  14 185
 213  14 185
 283  15 185
 164  18 185
 216  20 185
  13  21 185
  23  22 185
 189  22 185
 250  24 185
  11  28 185
 307  28 185
   3  29 185
 172  29 185
 241  29 185
  59  32 185
  83  32 185
 122  32 185
 215  32 185
  51  34 185
 115  34 185
  12  35 185
 133  35 185
   3  36 185
 242  39 185
 326  39 185
 161  40 185
 116  41 185
 283  42 185
 310  43 185
 268  45 185
 227  47 185
 331  48 185
 258  49 185
 199  50 185
 240  50 185
  61  52 185
 180  52 185
 129  54 185
 277  56 185
  35  57 185
 145  57 185
 250  57 185
 266  57 185
 232  58 185
 339  58 185
  42  60 185
  49  60 185
 125  60 185
 162  61 185
 324  61 185
 176  65 185
 224  65 185
 208  66 185
 133  67 185
 214  69 185
 126  70 185
 158  70 185
 261  70 185
 223  73 185
 316  74 185
 162  75 185
  59  76 185
 203  76 185
  38  77 185
 248  77 185
 305  77 185
  12  78 185
 180  79 185
 106  80 185
 285  80 185
 319  80 185
  94  81 185
 132  82 185
  50  85 185
 228  87 185
 319  87 185
   5  88 185
  92  88 185
 131  89 185
 182  91 185
  22  92 185
 147  92 185
 200  92 185
 154  94 185
  60  96 185
 129  96 185
 242  99 185
  21 100 185
 187 100 185
 194 101 185
 233 101 185
 104 102 185
 339 102 185
  10 103 185
 149 105 185
  46 108 185
 155 108 185
 268 109 185
   7 110 185
  89 111 185
 142 111 185
 205 112 185
 214 113 185
 273 113 185
  12 114 185
 134 115 185
  74 116 185
 349 116 185
 224 117 185
  37 119 185
  83 119 185
 217 119 185
  30 120 185
 341 120 185
   7 121 185
 283 121 185
 208 122 185
 302 124 185
 276 125 185
 218 126 185
  30 127 185
 338 127 185
  55 128 185
 158 129 185
 146 131 185
 208 131 185
 307 131 185
 354 131 185
 326 133 185
 341 133 185
  20 134 185
 135 134 185
 279 134 185
 174 135 185
 289 136 185
 107 138 185
   9 139 185
  41 139 185
  67 139 185
 282 140 185
 251 141 185
  93 142 185
 208 142 185
 301 142 185
 313 142 185
  72 143 185
  82 144 185
 194 144 185
 227 146 185
 258 146 185
  58 147 185
  19 149 185
  93 149 185
 145 149 185
 336 150 185
 238 151 185
 204 152 185
 156 153 185
 220 154 185
 128 155 185
 195 155 185
 109 156 185
  80 158 185
 189 159 185
 242 159 185
 213 160 185
 348 162 185
  44 164 185
 335 165 185
 113 166 185
 258 166 185
  67 174 185
  78 174 185
  97 175 185
 339 175 185
 133 176 185
 224 176 185
 252 176 185
 261 176 185
 280 176 185
 301 176 185
 205 177 185
 233 177 185
 289 177 185
  20   0 186
  60   0 186
  76   0 186
  97   0 186
 104   0 186
 167   0 186
 226   0 186
 247   0 186
 350   0 186
 179   4 186
 304   4 186
 136   5 186
 278   5 186
 285   5 186
   1   6 186
 147   6 186
 200   6 186
 212   6 186
 219   6 186
 235   6 186
  64   7 186
  95   7 186
 263   8 186
  20  12 186
 243  13 186
 153  14 186
 173  14 186
 188  14 186
 267  14 186
  63  15 186
 224  15 186
 295  16 186
 333  16 186
   4  17 186
  29  17 186
 126  18 186
 277  18 186
  37  19 186
  47  19 186
 314  19 186
 117  20 186
  54  21 186
 290  22 186
 323  22 186
 154  23 186
 282  23 186
 209  24 186
 257  25 186
 266  25 186
 100  26 186
 194  26 186
 275  27 186
 350  27 186
 300  28 186
  22  29 186
 339  30 186
 105  32 186
 316  33 186
  32  34 186
  96  35 186
 297  35 186
  19  36 186
 262  36 186
 145  37 186
 185  37 186
  76  38 186
 349  38 186
 191  40 186
  43  41 186
 130  41 186
   5  42 186
  32  42 186
  60  42 186
 104  42 186
 248  44 186
  25  45 186
 167  45 186
 208  45 186
 175  46 186
  92  48 186
 305  49 186
 314  49 186
  43  50 186
 102  50 186
 190  50 186
 283  50 186
 169  51 186
 320  51 186
  19  54 186
 104  56 186
 135  56 186
 243  56 186
 151  59 186
 300  60 186
  28  61 186
  16  62 186
   8  63 186
 142  63 186
 240  63 186
 254  63 186
 185  64 186
 247  64 186
 231  65 186
 310  65 186
  49  67 186
 267  67 186
  96  68 186
 344  68 186
 167  70 186
  44  72 186
  54  72 186
 332  72 186
  65  73 186
 323  73 186
 230  74 186
 254  74 186
 271  74 186
 338  74 186
  82  76 186
  26  78 186
 156  78 186
   1  80 186
  64  80 186
 334  80 186
  72  81 186
 245  83 186
  22  84 186
  61  87 186
 156  87 186
 332  87 186
  44  88 186
 119  88 186
 341  88 186
 248  90 186
 308  90 186
 193  91 186
 213  91 186
  36  92 186
 254  92 186
 275  92 186
 314  92 186
 355  92 186
 230  93 186
   1  94 186
 173  94 186
  52  95 186
  96  95 186
 262  95 186
 294  95 186
  82  97 186
 222  97 186
 274  99 186
  35 100 186
 349 100 186
 133 101 186
 290 101 186
 121 102 186
 180 103 186
  26 104 186
 141 104 186
 170 105 186
 333 105 186
 354 105 186
  59 108 186
 108 108 186
 175 109 186
 222 109 186
 339 109 186
  52 110 186
 230 112 186
  43 114 186
 121 114 186
  96 115 186
 107 115 186
 296 115 186
 305 115 186
 356 115 186
 156 118 186
 189 120 186
  66 121 186
 146 121 186
 162 121 186
 197 121 186
 334 122 186
  13 125 186
 119 125 186
 169 125 186
  75 126 186
 285 127 186
  37 128 186
 187 128 186
 225 128 186
 112 129 186
   5 130 186
 101 130 186
 272 131 186
 215 132 186
 299 132 186
 333 132 186
 199 134 186
 141 136 186
  75 137 186
 346 137 186
 217 138 186
 149 139 186
 323 139 186
  48 140 186
 201 143 186
  33 147 186
 247 147 186
 310 148 186
  69 149 186
 111 149 186
 133 150 186
 279 151 186
  62 152 186
 255 152 186
 343 152 186
 170 153 186
 285 153 186
   8 154 186
 323 154 186
  18 156 186
 139 156 186
 263 156 186
 333 156 186
 357 157 186
 303 159 186
 132 160 186
  55 161 186
 106 162 186
 219 162 186
  24 163 186
 292 163 186
  17 164 186
 226 164 186
  88 165 186
  10 166 186
 137 166 186
 149 166 186
 203 166 186
 210 166 186
 120 167 186
 171 167 186
  73 168 186
 183 168 186
 306 168 186
  60 170 186
 328 175 186
   8 176 186
  85 176 186
 179 176 186
 242 176 186
 316 176 186
 346 176 186
 140 177 186
 186 177 186
 308 177 186
 355 177 186
  27 178 186
  40 178 186
  49 178 186
 103 178 186
 151 178 186
 267 178 186
  61 179 186
 117 179 186
 218 179 186
  87   0 187
  29   4 187
  50   4 187
  36   5 187
 122   5 187
 162   5 187
 242   5 187
 354   5 187
 106   6 187
 292   6 187
 168   7 187
  86   8 187
 317   8 187
  74  10 187
 140  10 187
 132  11 187
 302  12 187
 343  12 187
 196  13 187
 251  14 187
 236  15 187
  88  16 187
  97  17 187
 347  17 187
 182  18 187
 229  19 187
 357  19 187
 106  20 187
  80  21 187
 128  24 187
  59  25 187
 178  25 187
  35  26 187
 228  26 187
  71  27 187
 327  27 187
 204  30 187
 281  30 187
 269  31 187
 329  33 187
  89  34 187
 227  34 187
 275  34 187
 171  36 187
 233  36 187
 356  37 187
  69  38 187
  83  39 187
 177  39 187
 215  40 187
 255  40 187
 150  41 187
 343  42 187
  66  45 187
 144  45 187
 186  45 187
 277  45 187
 157  46 187
 350  46 187
 338  48 187
 251  50 187
  27  51 187
 290  51 187
 194  55 187
 359  55 187
  56  57 187
 168  58 187
  76  60 187
 109  60 187
 271  61 187
 333  62 187
 202  64 187
  56  65 187
 149  66 187
 191  66 187
 295  66 187
 351  66 187
  25  68 187
  78  68 187
 114  69 187
 357  69 187
   7  70 187
  89  70 187
 102  70 187
 185  71 187
 279  71 187
 137  72 187
 243  72 187
 289  74 187
 216  75 187
 298  75 187
 344  76 187
 259  78 187
 328  78 187
 354  78 187
 138  79 187
 275  79 187
 208  80 187
 164  81 187
 186  81 187
 231  81 187
 294  82 187
 311  82 187
  35  83 187
 112  83 187
 264  84 187
  85  85 187
 101  85 187
 174  85 187
 137  86 187
 287  86 187
  68  89 187
 238  89 187
 161  92 187
 323  92 187
 336  93 187
 210  98 187
 249  98 187
 147  99 187
 284  99 187
  88 100 187
 201 100 187
  64 101 187
 264 101 187
 300 101 187
   3 103 187
  74 103 187
  16 105 187
 238 105 187
 312 105 187
 162 106 187
 281 107 187
 347 107 187
  98 108 187
 184 108 187
  77 109 187
 198 110 187
 324 110 187
  18 111 187
 150 113 187
 251 115 187
  22 116 187
 127 116 187
 260 116 187
  49 117 187
  90 119 187
 244 120 187
 309 120 187
 326 120 187
  43 121 187
 109 121 187
  59 122 187
 134 122 187
 346 124 187
  85 125 187
 248 125 187
  65 128 187
 237 128 187
 260 129 187
  43 131 187
  87 131 187
  50 133 187
 317 133 187
 163 134 187
 181 134 187
 120 135 187
 155 135 187
 187 137 187
  59 138 187
 168 138 187
 335 138 187
  24 139 187
 236 139 187
  16 140 187
 124 140 187
 100 142 187
 187 144 187
 319 145 187
 154 146 187
 268 146 187
 296 147 187
  26 148 187
 329 149 187
  51 150 187
 191 150 187
  99 151 187
 231 151 187
  31 154 187
 149 154 187
 248 154 187
  44 156 187
  67 156 187
 278 158 187
 314 159 187
  33 160 187
 144 160 187
 248 161 187
 160 163 187
 178 163 187
  65 164 187
 127 165 187
 317 165 187
 327 165 187
 358 165 187
 280 166 187
  94 168 187
 351 168 187
  48 169 187
  27 170 187
 196 170 187
 291 170 187
  14 171 187
 193 177 187
  72 178 187
  91 178 187
 127 179 187
 162 179 187
 170 179 187
 333 179 187
   0   0 188
 117   0 188
 128   0 188
 152   0 188
 186   0 188
 199   0 188
 206   0 188
 234   0 188
 255   0 188
   9   2 188
 271   3 188
  15   5 188
 333   5 188
 191   6 188
 347   6 188
 323  11 188
  10  12 188
 102  12 188
 160  12 188
 203  12 188
 311  12 188
 354  12 188
  76  16 188
 143  20 188
 170  20 188
 240  20 188
 136  22 188
 334  22 188
  42  24 188
 163  24 188
  17  25 188
 145  26 188
 313  26 188
  50  27 188
 185  27 188
  78  28 188
 137  30 188
 247  30 188
 261  30 188
  39  31 188
 149  31 188
 128  32 188
 196  32 188
 159  34 188
 220  35 188
  63  36 188
 303  36 188
  25  37 188
 110  38 188
 268  38 188
 320  38 188
 137  39 188
 332  40 188
  12  41 188
  93  41 188
 197  41 188
 298  41 188
 304  43 188
 322  44 188
  75  45 188
 110  45 188
 119  46 188
  49  47 188
   1  48 188
 128  48 188
  70  50 188
 139  50 188
 162  50 188
 214  50 188
 264  50 188
 344  51 188
 223  52 188
 270  52 188
 116  53 188
 350  53 188
   8  55 188
 185  55 188
 256  55 188
  85  56 188
 313  56 188
 158  57 188
 178  58 188
 319  58 188
 294  59 188
 352  59 188
 116  60 188
 210  60 188
 260  60 188
 280  61 188
  34  63 188
 101  63 188
 156  64 188
 317  65 188
  42  66 188
  64  66 188
 237  69 188
 305  70 188
  16  73 188
  72  73 188
 178  73 188
 107  74 188
 130  74 188
  97  75 188
 122  75 188
  49  77 188
 192  77 188
 222  79 188
 198  80 188
 252  81 188
   7  82 188
  16  82 188
  56  82 188
  78  82 188
 301  82 188
 144  83 188
 349  83 188
 213  84 188
 325  85 188
 126  86 188
 274  86 188
  13  90 188
  28  90 188
  74  91 188
 109  91 188
 139  92 188
  45  94 188
 116  94 188
 187  94 188
 269  95 188
   9  96 188
 165  97 188
 179  97 188
 315  98 188
 154 100 188
 216 100 188
 325 100 188
  50 103 188
 226 103 188
 306 103 188
  39 105 188
  92 105 188
 114 105 188
 211 105 188
  83 111 188
 166 111 188
 240 111 188
 113 112 188
 330 112 188
  34 113 188
 179 114 188
 279 114 188
 287 114 188
  58 115 188
 267 115 188
 336 115 188
 101 119 188
 272 119 188
   0 120 188
 175 121 188
  24 122 188
 235 122 188
 126 123 188
 320 124 188
  93 125 188
 202 125 188
 212 126 188
  19 127 188
 312 127 188
 359 127 188
 174 129 188
 131 130 188
 243 130 188
 348 130 188
 192 132 188
 250 134 188
 266 134 188
 358 135 188
  95 136 188
 306 137 188
 296 138 188
 229 139 188
 135 140 188
 159 140 188
 257 140 188
 276 140 188
 352 141 188
 288 142 188
 340 142 188
   0 143 188
  54 143 188
 107 144 188
 117 144 188
 170 144 188
  43 145 188
 139 145 188
 216 145 188
  76 147 188
 209 148 188
 181 149 188
 198 149 188
 262 150 188
 356 150 188
 117 151 188
 124 151 188
 270 152 188
 162 154 188
 176 154 188
 211 154 188
 349 154 188
 185 155 188
 236 157 188
  99 158 188
 200 158 188
 256 158 188
  86 159 188
 343 159 188
 113 160 188
 235 164 188
 298 164 188
 191 165 188
 341 166 188
  34 167 188
 264 167 188
 220 168 188
 250 168 188
   4 169 188
  40 169 188
 101 169 188
 230 169 188
 131 170 188
 160 170 188
 321 170 188
 143 171 188
 153 171 188
 335 171 188
 114 172 188
 257 172 188
  14 179 188
  33 179 188
 199 179 188
 211 179 188
 295 179 188
 322 179 188
  43   0 189
 143   0 189
 215   0 189
 263   0 189
 326   0 189
 229   5 189
  22   6 189
 298   7 189
 273   9 189
 111  10 189
 281  10 189
 337  10 189
  58  11 189
 123  11 189
 231  11 189
  26  12 189
 218  12 189
 258  12 189
  15  16 189
 288  16 189
 306  17 189
 260  18 189
 271  18 189
 200  19 189
  66  20 189
 247  20 189
 299  20 189
 341  20 189
  89  22 189
   2  23 189
 122  23 189
 111  24 189
 222  24 189
 235  26 189
 288  28 189
 355  30 189
 210  31 189
 345  31 189
   7  32 189
 189  32 189
  45  33 189
 291  34 189
 282  36 189
  55  37 189
 120  37 189
 204  37 189
  37  38 189
 312  38 189
 226  41 189
  19  42 189
 261  42 189
 239  44 189
 202  45 189
 287  45 189
  39  46 189
  56  47 189
  10  48 189
  81  48 189
 298  48 189
 326  50 189
 146  51 189
 204  51 189
  33  52 189
  96  52 189
 332  53 189
  47  54 189
 229  54 189
 236  54 189
  65  55 189
 304  55 189
  24  57 189
 200  57 189
 287  57 189
 345  58 189
   3  60 189
  91  61 189
 130  61 189
 216  62 189
 121  64 189
 169  64 189
 339  64 189
 286  65 189
 143  69 189
 220  69 189
 250  69 189
 199  70 189
 206  71 189
 312  71 189
 150  72 189
  34  73 189
 265  73 189
 350  73 189
 171  74 189
 113  76 189
 240  78 189
 150  79 189
 191  85 189
 203  85 189
   0  86 189
 180  86 189
 219  86 189
 280  88 189
 295  88 189
  82  91 189
 102  91 189
 206  91 189
 224  91 189
 346  91 189
 329  93 189
  17  95 189
 239  95 189
  31  96 189
 196  96 189
 305  96 189
 341  97 189
 101  98 189
 108  98 189
 258 100 189
  57 101 189
 127 101 189
 245 104 189
 270 104 189
 190 105 189
 133 107 189
 204 107 189
 259 107 189
 288 107 189
 296 107 189
 124 108 189
  25 110 189
  65 110 189
 313 111 189
 352 111 189
 158 112 189
 191 112 189
   2 113 189
 343 113 189
 172 115 189
 209 115 189
 319 115 189
 139 116 189
 201 116 189
  15 118 189
 115 118 189
 300 119 189
  77 120 189
 228 120 189
 352 120 189
 140 123 189
 182 123 189
 294 123 189
  51 124 189
 156 124 189
 267 124 189
 163 127 189
 326 127 189
 140 130 189
 290 130 189
  11 131 189
  59 131 189
  78 131 189
 230 131 189
  32 132 189
 106 133 189
 221 133 189
  66 134 189
 284 135 189
 209 136 189
 243 137 189
 329 137 189
  85 138 189
 112 139 189
 176 140 189
  36 141 189
 264 141 189
  63 143 189
  10 144 189
  88 144 189
 306 144 189
 163 145 189
 237 145 189
 280 145 189
 346 145 189
 222 148 189
  13 150 189
  38 150 189
  87 151 189
 105 152 189
 291 152 189
  78 153 189
 299 153 189
 306 153 189
  56 154 189
 225 155 189
   3 158 189
 327 158 189
 288 159 189
   9 160 189
  49 160 189
  74 160 189
 308 162 189
 273 163 189
  79 164 189
 241 166 189
 108 168 189
 176 170 189
 206 171 189
 275 171 189
 297 171 189
 166 172 189
 268 172 189
 285 174 189
  21 178 189
   1 179 189
  79 179 189
 110 179 189
 228 179 189
 247 179 189
 256 179 189
 274 179 189
 135   0 190
 159   0 190
 173   0 190
 277   0 190
 284   0 190
 291   0 190
 308   0 190
 319   0 190
 342   0 190
  65   1 190
  81   1 190
  92   3 190
 100   4 190
  70   6 190
 129   6 190
 153   6 190
 174   7 190
 183   7 190
  44   8 190
  80   8 190
   4  10 190
  50  10 190
  33  11 190
 330  11 190
 166  13 190
 209  13 190
  40  14 190
 116  14 190
 317  14 190
 136  15 190
 326  17 190
  21  18 190
 157  18 190
 191  18 190
 150  19 190
 212  19 190
   9  20 190
 351  21 190
  30  22 190
  96  23 190
 308  23 190
 214  25 190
 200  26 190
 295  26 190
 168  27 190
 319  27 190
  64  28 190
  85  28 190
 155  28 190
  28  29 190
 115  29 190
  55  30 190
  94  30 190
 254  30 190
  14  31 190
 176  31 190
 309  32 190
 323  32 190
 239  33 190
 335  34 190
 101  36 190
 165  36 190
 246  37 190
 156  40 190
   0  41 190
 232  43 190
  87  44 190
 219  44 190
 134  45 190
 180  47 190
 244  48 190
  17  49 190
 107  51 190
 153  51 190
 277  51 190
 174  52 190
  75  53 190
 123  53 190
  39  54 190
 217  55 190
 141  56 190
  14  57 190
 326  57 190
  70  59 190
 223  59 190
 189  60 190
 235  61 190
 306  61 190
  82  62 190
 137  62 190
  21  64 190
 327  64 190
  12  66 190
 162  66 190
 257  67 190
 227  69 190
   1  73 190
  22  74 190
 283  75 190
  88  76 190
 144  76 190
 102  79 190
 268  79 190
  41  80 190
 125  80 190
 118  81 190
 170  81 190
 339  81 190
 151  86 190
 255  86 190
 315  86 190
  39  87 190
 165  87 190
  53  88 190
  96  89 190
 267  89 190
 260  90 190
 301  91 190
  58  92 190
 123  92 190
 285  92 190
  64  94 190
  24  96 190
 279  96 190
  71  97 190
 356  97 190
 332  99 190
 173 100 190
  80 103 190
 277 103 190
 318 103 190
 343 103 190
  31 105 190
 219 105 190
 231 106 190
 145 107 190
 251 107 190
 303 109 190
 103 111 190
  71 112 190
 218 114 190
 245 114 190
 234 115 190
   8 116 190
  28 116 190
 185 116 190
 254 120 190
 288 120 190
 221 121 190
 278 121 190
 260 122 190
  33 123 190
  70 124 190
 192 124 190
 104 125 190
 147 126 190
 306 126 190
 254 127 190
  25 128 190
 279 128 190
 122 129 190
 152 130 190
   4 136 190
 130 137 190
 271 137 190
 312 138 190
  30 139 190
 195 139 190
 222 140 190
 331 143 190
  20 144 190
 146 144 190
 127 145 190
 253 146 190
   3 148 190
 315 150 190
 243 151 190
  93 154 190
 121 157 190
 154 157 190
  23 158 190
  61 158 190
 169 159 190
 206 159 190
 267 159 190
 320 159 190
 230 160 190
 336 160 190
 352 160 190
 184 162 190
  58 165 190
 286 166 190
  66 170 190
  84 170 190
 213 170 190
  54 171 190
 123 171 190
 187 171 190
 356 171 190
 237 172 190
 343 172 190
  44 174 190
 146 176 190
  55 178 190
 156 179 190
 237 179 190
 340 179 190
  25   0 191
  33   0 191
  54   0 191
 109   0 191
 240   0 191
 298   0 191
 221   1 191
 248   4 191
 313   4 191
 205   6 191
 254   6 191
 306   8 191
 238   9 191
  91  10 191
 145  11 191
 247  11 191
  67  13 191
 178  14 191
  51  17 191
  59  17 191
 219  18 191
 281  19 191
 319  20 191
  72  21 191
 253  21 191
 265  21 191
 274  23 191
 344  25 191
 242  26 191
 104  27 191
 132  27 191
 332  28 191
 123  29 191
 224  30 191
   1  31 191
  72  32 191
 143  32 191
 182  33 191
  78  34 191
 211  37 191
 341  37 191
  48  38 191
 126  38 191
 276  39 191
 292  40 191
 171  42 191
  99  43 191
 162  43 191
 315  43 191
 337  43 191
 192  45 191
 271  45 191
  30  46 191
 255  46 191
 309  47 191
 355  47 191
  62  49 191
 132  52 191
 209  54 191
 247  54 191
 338  54 191
  99  57 191
  60  60 191
 146  60 191
 249  60 191
 266  60 191
  46  61 191
 195  62 191
 181  63 191
 356  63 191
 346  64 191
  72  65 191
 110  65 191
 274  65 191
   4  66 191
 243  66 191
 126  67 191
 174  67 191
 300  67 191
  84  68 191
 321  69 191
  58  70 191
 336  70 191
  50  71 191
 192  71 191
 327  71 191
 212  72 191
 156  73 191
  10  74 191
  78  74 191
 234  75 191
 318  76 191
 182  77 191
 308  77 191
  68  78 191
  30  79 191
 290  79 191
  90  82 191
 157  82 191
 279  82 191
  47  83 191
 355  83 191
 226  84 191
 235  84 191
  65  85 191
 132  85 191
 306  85 191
  19  88 191
 197  88 191
 244  88 191
  89  89 191
   7  90 191
 145  90 191
 171  90 191
 130  92 191
 151  93 191
 217  93 191
 246  94 191
  39  95 191
  91  95 191
 135  97 191
 142  97 191
 227  97 191
 295  99 191
  43 100 191
 184 100 191
  12 101 191
 160 101 191
  22 103 191
  68 104 191
 102 104 191
 197 104 191
 328 105 191
 152 106 191
 358 106 191
   6 107 191
  12 109 191
  43 109 191
 265 109 191
 273 109 191
 138 110 191
  92 111 191
 225 112 191
  39 116 191
  86 116 191
  64 117 191
 132 117 191
 145 117 191
 161 117 191
 194 117 191
 346 118 191
 121 119 191
 151 119 191
 167 120 191
 212 120 191
 314 121 191
 339 122 191
   5 123 191
 114 125 191
 299 126 191
 353 126 191
 333 127 191
 341 128 191
  97 129 191
 206 129 191
  72 130 191
 168 130 191
 198 130 191
 115 132 191
  17 133 191
 256 133 191
 323 133 191
  38 134 191
 145 134 191
 235 134 191
 352 134 191
  44 136 191
  54 136 191
 341 136 191
 202 137 191
  70 139 191
  78 140 191
 248 140 191
 318 140 191
 153 141 191
 182 141 191
 212 141 191
 205 144 191
  94 145 191
 230 145 191
 324 146 191
  82 147 191
 175 147 191
 336 147 191
 285 148 191
 142 150 191
 157 150 191
 167 150 191
  21 151 191
  72 152 191
 217 153 191
 338 153 191
 111 154 191
 131 154 191
 192 155 191
  38 157 191
 295 159 191
  16 160 191
 137 160 191
  92 161 191
  42 162 191
 260 162 191
 214 163 191
  28 164 191
  98 164 191
 117 164 191
 153 164 191
 197 164 191
 145 165 191
 165 165 191
 332 166 191
  20 167 191
 311 167 191
  76 171 191
 137 171 191
 244 171 191
  90 172 191
 224 172 191
 303 172 191
 315 172 191
  31 173 191
 105 174 191
 217 175 191
  65 177 191
 350 177 191
  97 178 191
 122 178 191
 135 178 191
 182 179 191
 301 179 191
 312 179 191
 180   0 192
 192   0 192
 332   0 192
 353   0 192
   3   4 192
  58   5 192
 139   5 192
 322   5 192
 116   6 192
 197   6 192
 215   6 192
 261   6 192
 223   7 192
 287   7 192
 267   8 192
  16  10 192
 188  11 192
 292  11 192
 348  11 192
  83  13 192
 128  14 192
 276  14 192
 106  15 192
  93  16 192
 336  16 192
 121  17 192
 293  19 192
 131  20 192
 233  20 192
 175  21 192
 183  22 192
 194  23 192
  23  24 192
 356  24 192
 140  25 192
  10  26 192
 207  26 192
 280  26 192
 268  27 192
 303  28 192
 217  30 192
 231  31 192
  20  32 192
 108  32 192
 133  34 192
 264  34 192
 350  34 192
 152  35 192
 257  35 192
  31  37 192
 192  37 192
 326  37 192
   7  38 192
 143  39 192
  73  40 192
 181  40 192
 352  40 192
  64  41 192
 114  41 192
 250  42 192
 282  42 192
 211  44 192
 328  44 192
 151  45 192
 346  45 192
 226  47 192
 197  49 192
 233  49 192
 317  49 192
  23  50 192
  88  50 192
   4  52 192
  53  53 192
 166  53 192
 283  53 192
 294  53 192
 355  54 192
  30  58 192
 275  58 192
 105  59 192
 229  60 192
  53  61 192
 314  61 192
  95  65 192
 206  65 192
  30  67 192
 264  67 192
 133  68 192
 290  69 192
 118  70 192
  67  71 192
 343  71 192
  40  72 192
 163  72 192
 273  72 192
 258  73 192
 246  75 192
  60  76 192
 202  76 192
 227  76 192
 134  77 192
 333  77 192
   4  78 192
  23  80 192
 108  80 192
 323  80 192
  72  84 192
 331  84 192
 343  86 192
 113  87 192
 336  88 192
 158  89 192
 185  89 192
 320  89 192
 230  90 192
 352  90 192
 177  92 192
 310  92 192
 291  93 192
 253  95 192
   3  96 192
  78  96 192
  50  97 192
 205  97 192
 347  97 192
 119  98 192
 233  99 192
  95 100 192
 337 102 192
 351 102 192
 138 103 192
 166 103 192
 109 104 192
  61 105 192
  86 105 192
 176 105 192
  53 107 192
 118 108 192
 319 109 192
 335 109 192
 213 110 192
 255 112 192
  48 113 192
 293 113 192
  77 114 192
 308 115 192
 325 115 192
  53 118 192
  95 118 192
 239 118 192
 331 118 192
 205 120 192
  39 124 192
  63 124 192
  81 124 192
 241 124 192
  45 126 192
 227 126 192
 273 126 192
 217 127 192
 180 129 192
 158 131 192
 186 131 192
 302 132 192
 309 132 192
  91 133 192
 295 133 192
  26 134 192
 125 134 192
 172 135 192
  10 137 192
 100 137 192
 106 139 192
 301 140 192
 293 143 192
  31 145 192
 191 145 192
 273 145 192
 312 145 192
  48 146 192
  68 146 192
 101 146 192
 133 146 192
 353 146 192
  57 147 192
 149 149 192
 203 151 192
 236 151 192
 276 151 192
 331 153 192
 253 154 192
 359 154 192
 282 155 192
 311 156 192
 244 157 192
  81 158 192
 105 158 192
 179 158 192
 220 159 192
  68 160 192
 126 160 192
 252 162 192
 279 162 192
   3 164 192
 172 164 192
 323 164 192
 207 165 192
 347 165 192
  13 167 192
 200 171 192
 326 171 192
   7 173 192
 251 173 192
 262 173 192
  17 174 192
  37 175 192
 279 175 192
 291 175 192
 331 175 192
 174 176 192
 205 177 192
  85 179 192
 222 179 192
 264 179 192
  14   0 193
  71   0 193
 122   0 193
 165   0 193
 228   0 193
  38   3 193
 147   3 193
  86   4 193
 159   6 193
 278   6 193
 342   6 193
  10   7 193
  29   7 193
  64   7 193
 356   7 193
  98  10 193
 151  12 193
 299  12 193
 172  13 193
 225  13 193
 358  13 193
 239  15 193
   4  16 193
  27  17 193
  44  18 193
  85  19 193
 163  19 193
 206  19 193
  36  20 193
 102  21 193
 330  21 193
  54  22 193
 286  22 193
  61  23 193
  78  23 193
  47  24 193
 258  24 193
 150  25 193
  38  27 193
 161  29 193
 274  30 193
 201  32 193
 297  32 193
 315  33 193
  85  34 193
  91  36 193
 225  36 193
  16  38 193
 238  39 193
  80  40 193
 106  41 193
  25  42 193
  52  42 193
 127  44 193
   5  45 193
  45  45 193
  69  46 193
 293  46 193
 102  48 193
 113  48 193
 186  49 193
 260  49 193
 191  53 193
 310  53 193
  81  54 193
 265  54 193
 111  55 193
  90  56 193
 127  57 193
 153  57 193
 171  58 193
 241  58 193
 299  58 193
 162  59 193
 332  59 193
  38  60 193
 255  61 193
 321  62 193
 151  64 193
 186  66 193
 280  66 193
 102  67 193
 233  67 193
 309  67 193
 111  71 193
  94  72 193
 295  73 193
 221  74 193
 302  74 193
 355  74 193
  14  78 193
  53  78 193
  82  78 193
 165  78 193
 213  78 193
 262  78 193
 346  78 193
 296  80 193
 176  81 193
 139  82 193
 243  82 193
  96  83 193
 285  84 193
  12  85 193
  31  85 193
  81  85 193
 121  86 193
 212  89 193
  44  90 193
 273  91 193
 164  93 193
 192  93 193
 263  95 193
 322  95 193
 157  96 193
 272  98 193
 287  99 193
 309  99 193
 240 100 193
 149 101 193
 210 101 193
  74 106 193
 309 106 193
 237 108 193
 181 109 193
 282 110 193
 109 111 193
 128 111 193
  20 113 193
 356 114 193
  70 118 193
 106 118 193
 248 119 193
  20 120 193
 198 121 193
  88 122 193
  12 123 193
 130 124 193
  56 125 193
 285 126 193
 248 128 193
 316 128 193
   6 129 193
  85 129 193
 263 129 193
  50 130 193
 334 133 193
 215 134 193
 277 134 193
 136 135 193
 261 136 193
 118 137 193
 163 137 193
 289 137 193
  20 138 193
 189 139 193
 346 139 193
 140 140 193
 357 140 193
 122 142 193
 198 144 193
 259 144 193
 111 145 193
 243 145 193
 265 146 193
 299 147 193
 213 149 193
 185 150 193
 347 150 193
  62 151 193
   7 152 193
  27 152 193
  43 152 193
  50 153 193
 265 153 193
 320 153 193
 145 155 193
  31 157 193
 163 158 193
 302 158 193
  55 160 193
  85 164 193
 131 164 193
 224 164 193
 104 165 193
 302 165 193
 355 165 193
  46 166 193
  72 166 193
 292 166 193
 182 168 193
 148 170 193
 193 170 193
  24 171 193
  60 171 193
 349 171 193
 231 173 193
 128 174 193
 117 175 193
 308 175 193
 320 175 193
  49 177 193
 167 177 193
 189 177 193
 356 178 193
   9 179 193
  26 179 193
  48   0 194
  97   0 194
 202   0 194
 209   0 194
 258   0 194
 268   0 194
 234   3 194
 303   3 194
  76   4 194
 336   4 194
 169   5 194
 105   6 194
 328   6 194
 122   7 194
 133   9 194
 316   9 194
  22  11 194
  73  11 194
 200  11 194
 253  12 194
 262  13 194
 270  13 194
 311  15 194
 141  17 194
 111  18 194
 346  18 194
 227  19 194
  15  21 194
 303  21 194
 116  22 194
 337  23 194
  91  26 194
 248  26 194
 188  27 194
 349  28 194
 195  29 194
  49  30 194
 283  31 194
 340  31 194
 170  32 194
  59  33 194
  66  33 194
  40  34 194
 116  34 194
 176  37 194
 217  37 194
 232  37 194
 287  37 194
 306  37 194
 299  38 194
 199  39 194
 266  40 194
  40  41 194
 205  41 194
 120  42 194
 187  42 194
  93  44 194
 301  44 194
  14  45 194
 144  45 194
 175  46 194
  77  47 194
 332  48 194
 120  49 194
 159  49 194
 303  50 194
 349  50 194
  11  52 194
 253  52 194
 179  53 194
 321  53 194
 118  56 194
 135  57 194
  19  58 194
   8  59 194
 204  59 194
 290  60 194
  65  63 194
 116  63 194
 220  64 194
 141  65 194
 212  66 194
 332  66 194
  37  67 194
  45  67 194
  78  67 194
 350  68 194
  16  69 194
 179  70 194
 139  72 194
 240  72 194
 104  73 194
 124  73 194
 196  75 194
 277  76 194
  46  77 194
 188  77 194
 252  77 194
  36  78 194
 206  80 194
 219  81 194
 312  81 194
 195  82 194
 272  82 194
  59  83 194
 147  83 194
   5  84 194
 250  84 194
 264  84 194
 102  85 194
 300  85 194
 291  86 194
 136  89 194
 238  89 194
  25  90 194
   0  91 194
  33  91 194
  69  91 194
 106  92 194
 201  92 194
  12  93 194
 339  93 194
 112  94 194
  85  95 194
 170  96 194
 221  97 194
  18  99 194
  65  99 194
 301  99 194
  28 100 194
 190 100 194
 248 100 194
   6 101 194
  36 101 194
 265 101 194
 131 103 194
 224 106 194
 158 107 194
 346 107 194
  35 108 194
 169 108 194
 244 109 194
  98 110 194
 196 110 194
  57 111 194
 205 111 194
 150 112 194
 121 113 194
 299 114 194
 260 115 194
 270 115 194
 176 116 194
 277 116 194
 284 116 194
 339 116 194
  33 117 194
   2 118 194
  44 119 194
 188 120 194
 320 120 194
 232 121 194
 304 121 194
  27 122 194
  99 122 194
 178 122 194
 161 123 194
 171 124 194
 347 124 194
 136 126 194
 234 127 194
 108 128 194
  66 129 194
 358 130 194
 241 132 194
 269 132 194
 225 134 194
  60 135 194
 179 136 194
  92 139 194
 238 139 194
 254 139 194
 281 139 194
 324 139 194
 168 141 194
   3 142 194
  40 142 194
 158 144 194
  14 145 194
 117 148 194
 305 149 194
 228 151 194
 178 152 194
  99 153 194
 353 153 194
  14 154 194
 198 156 194
  88 157 194
 345 157 194
 115 158 194
 273 158 194
 236 160 194
 190 161 194
 314 161 194
  34 163 194
 245 163 194
 340 163 194
 268 164 194
 159 165 194
 230 166 194
 255 167 194
 274 167 194
 112 169 194
  96 170 194
 338 170 194
   1 172 194
 156 172 194
 141 175 194
 271 175 194
  71 176 194
 196 177 194
 243 177 194
 151 178 194
  41 179 194
 283 179 194
 325 179 194
 115   0 195
 129   0 195
 154   0 195
 186   0 195
 347   0 195
 359   0 195
  19   3 195
 273   3 195
 293   4 195
  51   5 195
 179   6 195
  39   9 195
 163  10 195
  54  11 195
 139  11 195
 322  11 195
 214  12 195
 193  13 195
 233  13 195
 282  13 195
 342  13 195
  11  15 195
  76  16 195
  99  16 195
 183  16 195
 245  17 195
 169  20 195
 125  21 195
 313  21 195
 238  22 195
   5  23 195
 157  23 195
 323  23 195
  67  24 195
 219  24 195
 291  25 195
  32  26 195
 177  26 195
 229  26 195
  17  27 195
  98  27 195
 262  28 195
 312  28 195
 237  29 195
 127  32 195
 207  33 195
 244  33 195
  25  34 195
 251  34 195
 356  34 195
 187  35 195
   2  36 195
 138  36 195
 159  36 195
 320  36 195
 332  38 195
 259  40 195
 243  42 195
  58  43 195
 321  43 195
 166  46 195
 276  46 195
  35  47 195
 284  47 195
 340  47 195
 137  48 195
 203  48 195
 215  48 195
  49  49 195
 239  49 195
  28  52 195
  70  52 195
 221  52 195
 148  53 195
 272  53 195
  59  54 195
  44  55 195
 197  55 195
 343  55 195
 184  56 195
 349  57 195
   0  58 195
  75  58 195
 212  58 195
 281  59 195
 177  60 195
 338  61 195
  87  63 195
 295  64 195
  25  65 195
  57  65 195
 157  65 195
 199  65 195
 249  66 195
 168  67 195
 315  68 195
   8  69 195
  89  69 195
 146  70 195
 284  70 195
  27  73 195
  72  73 195
 150  75 195
 116  76 195
 173  76 195
 231  80 195
 350  82 195
 182  83 195
 127  88 195
 221  88 195
 326  89 195
  76  91 195
 280  91 195
  99  92 195
 315  94 195
 332  94 195
 182  95 195
  59  96 195
 125  96 195
 105  99 195
 326  99 195
 255 100 195
 357 101 195
  47 103 195
 123 103 195
 203 103 195
 215 104 195
 281 104 195
 290 104 195
  17 106 195
 299 106 195
  25 107 195
  80 108 195
 188 108 195
   7 112 195
 143 112 195
 231 112 195
 349 112 195
  13 114 195
 114 114 195
 314 114 195
 156 115 195
 225 118 195
 137 119 195
 293 119 195
 126 120 195
 111 121 195
 265 121 195
 146 122 195
  75 123 195
 325 123 195
 152 124 195
 120 125 195
  92 126 195
 211 126 195
 292 126 195
  16 127 195
  30 127 195
 193 128 195
 143 129 195
 174 129 195
 328 130 195
 345 131 195
 131 132 195
 286 132 195
 209 133 195
  75 134 195
 249 134 195
 317 134 195
 150 135 195
  83 136 195
 230 137 195
  65 138 195
 307 138 195
  48 139 195
 218 139 195
 335 139 195
  25 141 195
  55 141 195
 131 141 195
  85 142 195
 225 143 195
  74 145 195
 319 145 195
 342 145 195
  87 148 195
 248 148 195
 329 148 195
  35 149 195
 124 149 195
 290 149 195
 136 151 195
 259 151 195
 171 153 195
 295 153 195
  66 155 195
 209 155 195
  75 156 195
 186 156 195
 288 156 195
 325 156 195
 149 159 195
 331 159 195
  62 162 195
   9 163 195
 140 164 195
 178 164 195
 122 166 195
 238 166 195
 317 166 195
  39 167 195
  52 167 195
 217 167 195
 281 167 195
 169 170 195
 286 171 195
  80 174 195
 162 174 195
 297 174 195
 211 175 195
 256 175 195
 110 176 195
  91 177 195
 336 177 195
  59 179 195
 102 179 195
 232 179 195
   8   0 196
  61   0 196
 104   0 196
 138   0 196
 216   0 196
 245   0 196
 280   0 196
 287   0 196
 311   0 196
 325   0 196
 189   5 196
 350   5 196
 209   7 196
 243   7 196
 110   9 196
  45  11 196
 333  11 196
  62  13 196
 305  13 196
  33  14 196
 156  14 196
 352  14 196
 287  16 196
  68  17 196
 201  17 196
 256  17 196
 147  18 196
 188  19 196
 271  19 196
 214  21 196
 135  23 196
  83  25 196
 109  25 196
  72  27 196
 119  27 196
 328  27 196
 148  31 196
   9  32 196
 101  32 196
  52  35 196
 272  36 196
 345  38 196
 165  39 196
 312  39 196
  86  41 196
 133  42 196
 222  42 196
 357  42 196
 157  43 196
 108  46 196
 247  47 196
 266  47 196
  83  48 196
 359  48 196
  96  49 196
 129  49 196
  40  50 196
 228  52 196
 289  52 196
 104  53 196
 141  53 196
 327  54 196
 234  55 196
 258  55 196
  64  57 196
 305  58 196
  94  60 196
 261  61 196
 270  61 196
  13  62 196
 100  62 196
 129  62 196
 122  64 196
 239  64 196
   0  65 196
 226  65 196
 192  66 196
 341  66 196
 269  68 196
 254  69 196
 202  70 196
 185  72 196
 322  73 196
 130  74 196
 338  74 196
 268  75 196
 287  75 196
 328  75 196
  96  77 196
 157  77 196
  75  78 196
 238  79 196
 358  79 196
 121  80 196
 128  81 196
 336  81 196
  18  83 196
  39  83 196
 167  83 196
 257  83 196
 318  83 196
  51  84 196
 210  84 196
 154  86 196
 175  87 196
  60  89 196
 347  89 196
  93  90 196
 251  90 196
 304  90 196
  50  91 196
 119  92 196
 297  92 196
 140  93 196
 242  93 196
 211  95 196
 353  95 196
 147  96 196
 282  97 196
 197  98 196
  73  99 196
  89 100 196
 317 100 196
 114 101 196
 155 102 196
 274 103 196
 143 104 196
 258 105 196
  91 106 196
 340 106 196
  65 108 196
 134 108 196
   1 109 196
 325 109 196
 250 110 196
  85 111 196
 218 111 196
  28 112 196
 163 112 196
 102 114 196
 170 114 196
 183 114 196
 199 115 196
 209 115 196
  60 116 196
  81 118 196
 217 118 196
 353 120 196
 256 122 196
 334 122 196
  50 123 196
 280 123 196
 309 124 196
 202 125 196
 164 128 196
  22 129 196
  36 129 196
 222 129 196
 101 130 196
  42 131 196
  56 131 196
 202 132 196
 109 134 196
 195 134 196
  31 135 196
 156 137 196
 296 138 196
 266 139 196
 208 140 196
 351 141 196
 174 142 196
 285 143 196
  63 145 196
 142 145 196
 183 145 196
   7 146 196
 234 146 196
  20 147 196
 163 147 196
 208 147 196
 219 148 196
 359 148 196
  95 149 196
 105 149 196
 192 150 196
  56 153 196
 158 154 196
 240 154 196
  20 156 196
 231 156 196
   2 158 196
  45 158 196
 132 158 196
 214 158 196
 257 158 196
 264 159 196
 355 159 196
  25 160 196
  97 160 196
 202 160 196
  78 163 196
  90 166 196
  66 167 196
 188 168 196
 248 168 196
 261 168 196
  30 169 196
 133 169 196
 208 170 196
 102 171 196
  42 172 196
 180 174 196
 343 175 196
  21 177 196
   2 178 196
  32 178 196
 130 179 196
 249 179 196
  28   0 197
  82   0 197
  91   0 197
 174   0 197
 252   0 197
 318   0 197
 196   1 197
  70   6 197
  93   6 197
 228   6 197
 128   7 197
 150   7 197
 250   7 197
 310   7 197
   4   8 197
  80   8 197
 116  11 197
  88  12 197
 132  15 197
 219  15 197
 326  15 197
  21  17 197
 264  18 197
 298  18 197
 278  19 197
 355  19 197
  90  20 197
  28  22 197
 200  24 197
 307  25 197
 144  26 197
 170  26 197
 297  26 197
  55  27 197
 359  27 197
 213  28 197
 137  29 197
 182  29 197
 335  29 197
  77  30 197
 155  30 197
 221  31 197
  33  32 197
 304  32 197
  71  35 197
  45  36 197
 110  36 197
 121  36 197
 279  37 197
 293  37 197
  96  38 197
 148  38 197
  35  39 197
 338  39 197
  10  41 197
  20  41 197
 193  41 197
 229  43 197
 181  45 197
  63  46 197
 312  46 197
  19  48 197
 208  51 197
 171  52 197
 334  53 197
 161  54 197
 278  54 197
 315  54 197
  34  55 197
  50  57 197
 247  57 197
  84  58 197
 222  58 197
 143  59 197
 189  59 197
 109  61 197
 353  61 197
  32  62 197
  43  62 197
 136  63 197
 326  63 197
 303  65 197
  61  69 197
 216  70 197
  21  71 197
  53  71 197
  82  71 197
 228  71 197
   1  72 197
 208  72 197
  34  73 197
 308  73 197
 314  75 197
  65  76 197
  88  76 197
   9  77 197
 143  77 197
 102  79 197
 303  79 197
  27  81 197
  68  81 197
 112  82 197
 327  82 197
  87  83 197
 189  83 197
 200  84 197
 277  85 197
 355  86 197
 311  87 197
 268  88 197
 259  89 197
  83  90 197
  18  91 197
 227  94 197
 132  95 197
  24  96 197
  42  96 197
 175  98 197
 341  98 197
 163  99 197
  80 100 197
 333 100 197
  54 102 197
 180 102 197
  98 103 197
 230 103 197
  11 104 197
 104 106 197
 267 106 197
  41 107 197
 314 107 197
 276 110 197
  70 111 197
 289 111 197
 305 111 197
  44 112 197
 330 112 197
 238 113 197
  90 114 197
 190 114 197
 244 115 197
  38 119 197
 118 119 197
   7 120 197
 343 120 197
 272 121 197
 298 122 197
   0 124 197
 183 125 197
 302 127 197
 337 127 197
 125 128 197
 258 128 197
 352 129 197
  10 132 197
 168 133 197
   2 134 197
  15 136 197
 185 136 197
  37 137 197
 112 139 197
 273 139 197
 313 140 197
  97 141 197
 194 141 197
 149 142 197
 278 145 197
  42 147 197
  79 148 197
 199 149 197
 270 149 197
 313 149 197
 130 150 197
 153 150 197
 281 150 197
 335 150 197
 111 151 197
 341 152 197
 222 153 197
 307 154 197
 121 156 197
 139 156 197
 249 157 197
 174 158 197
 109 159 197
 292 160 197
 155 161 197
 167 161 197
 307 161 197
  16 163 197
 327 165 197
 199 167 197
 306 168 197
 143 169 197
 332 169 197
  16 170 197
 222 170 197
 267 170 197
 356 170 197
 175 171 197
 241 171 197
 123 172 197
  54 173 197
  87 173 197
  65 174 197
 225 175 197
 314 175 197
 216 178 197
 145 179 197
 275 179 197
  35   0 198
  42   0 198
 160   0 198
 223   0 198
 299   0 198
 341   0 198
 262   3 198
 142   4 198
 203   5 198
 218   6 198
  34   7 198
 282   7 198
 298   7 198
  14   8 198
 183  10 198
  27  12 198
 168  12 198
 122  13 198
 176  14 198
 294  14 198
  39  16 198
  49  16 198
 319  17 198
  81  18 198
 194  20 198
  41  22 198
  96  22 198
 207  23 198
 244  23 198
 347  23 198
 163  24 198
 272  25 198
 127  26 198
 253  27 198
  23  28 198
  43  28 198
 318  28 198
  92  31 198
 267  31 198
 290  31 198
 228  32 198
  16  33 198
 196  34 198
 327  34 198
  80  35 198
 212  35 198
 129  37 198
 103  38 198
 253  39 198
 140  41 198
 171  41 198
  75  42 198
 349  42 198
  29  44 198
 236  44 198
 197  45 198
 254  46 198
 325  47 198
   8  48 198
  55  49 198
 296  49 198
  15  55 198
 295  56 198
  25  58 198
 318  59 198
 166  60 198
 310  61 198
 233  62 198
 147  63 198
 182  63 198
  51  64 198
  70  64 198
 276  64 198
 285  64 198
 174  66 198
 162  67 198
 108  68 198
 261  68 198
 235  71 198
 276  71 198
 246  72 198
  43  73 198
 167  73 198
 345  73 198
 109  76 198
 258  76 198
 179  77 198
 292  78 198
 136  79 198
 225  79 198
 161  81 198
 342  82 198
  76  84 198
 233  85 198
 116  86 198
 244  86 198
   8  88 198
 161  88 198
 192  88 198
 332  88 198
  40  89 198
 147  89 198
 168  89 198
 181  89 198
 286  90 198
 207  91 198
 154  93 198
 234  94 198
   6  95 198
 268  95 198
 307  95 198
  34  96 198
 295  99 198
 137 100 198
 347 100 198
 305 102 198
 241 104 198
 321 104 198
 194 105 198
 352 106 198
 115 107 198
 148 107 198
 125 108 198
 175 108 198
  51 110 198
 225 111 198
 137 113 198
  74 115 198
 253 115 198
  15 119 198
  65 119 198
 287 120 198
 167 121 198
 193 121 198
 238 121 198
 104 123 198
 220 123 198
 244 123 198
  84 125 198
 114 126 198
 156 128 198
  72 129 198
 275 129 198
 322 129 198
  94 131 198
 117 131 198
 306 131 198
 235 132 198
 292 132 198
 142 135 198
 330 136 198
 123 137 198
 342 137 198
  77 139 198
 201 139 198
 244 139 198
  70 140 198
  31 142 198
 104 142 198
 117 142 198
 136 143 198
 302 143 198
 327 143 198
 254 145 198
  51 147 198
  26 148 198
 169 148 198
  67 149 198
 146 149 198
  82 153 198
  37 154 198
 315 155 198
 279 157 198
  51 159 198
 224 159 198
 337 159 198
 348 161 198
 195 162 198
 298 162 198
 116 163 198
 184 163 198
 108 166 198
  23 167 198
  81 168 198
 153 168 198
 163 168 198
 344 168 198
   8 169 198
 295 169 198
  73 170 198
 321 170 198
 136 174 198
 202 175 198
 303 175 198
 350 175 198
 262 176 198
  14 177 198
  97 177 198
 171 178 198
 184 178 198
 289 178 198
  75 179 198
  82 179 198
 118 179 198
 156 179 198
  55   0 199
  67   0 199
  75   0 199
 238   0 199
 331   0 199
 109   2 199
 119   3 199
 165   3 199
  45   5 199
  23   6 199
  58   6 199
 100   6 199
 267   6 199
 320   6 199
 235   7 199
 339   7 199
 156   8 199
 256   8 199
 274   8 199
 288   9 199
 103  11 199
 144  12 199
  17  13 199
  94  13 199
 207  14 199
  56  16 199
 106  16 199
 161  16 199
 335  16 199
 236  17 199
 307  18 199
   2  19 199
 340  19 199
  61  20 199
 152  20 199
 178  20 199
 283  22 199
  50  23 199
 104  23 199
  10  24 199
  61  28 199
 277  28 199
   4  30 199
 163  31 199
 345  31 199
 352  31 199
 175  32 199
 257  32 199
 238  34 199
 310  34 199
  62  36 199
 181  36 199
 114  40 199
   3  41 199
  48  41 199
 214  41 199
 283  41 199
 272  42 199
 296  42 199
 306  42 199
 124  43 199
 151  43 199
 102  45 199
 261  45 199
 116  46 199
  89  48 199
 189  48 199
 153  49 199
 345  49 199
 353  51 199
  76  52 199
 123  52 199
  22  53 199
 114  53 199
 133  53 199
 242  53 199
   6  55 199
 155  59 199
 198  60 199
 252  60 199
 207  62 199
 215  62 199
  19  63 199
  77  63 199
  95  67 199
 115  68 199
 126  68 199
 290  68 199
 152  69 199
 328  69 199
 335  69 199
 354  69 199
 100  70 199
 296  70 199
 194  71 199
 299  75 199
  56  76 199
 217  76 199
 350  76 199
  22  77 199
 200  77 199
 281  78 199
 244  79 199
 151  80 199
  13  81 199
 268  81 199
  33  82 199
  46  82 199
 295  83 199
 307  83 199
  93  84 199
 141  84 199
 216  85 199
 133  86 199
 106  87 199
 320  88 199
 197  91 199
  65  94 199
 218  94 199
 290  94 199
  54  95 199
 188  95 199
 253  95 199
 260  95 199
 275  95 199
  13  97 199
  95  97 199
 237  99 199
 222 101 199
  61 102 199
 168 102 199
  31 103 199
 186 103 199
 208 104 199
 249 104 199
 260 110 199
 342 111 199
 295 112 199
  36 113 199
 265 113 199
 281 113 199
 108 114 199
 127 114 199
 320 114 199
  22 115 199
  54 115 199
 335 115 199
 146 116 199
 308 116 199
  95 117 199
 160 118 199
 131 121 199
 209 121 199
 315 121 199
  22 122 199
  57 122 199
  70 122 199
 140 123 199
 227 123 199
  41 124 199
 250 125 199
   8 126 199
  62 126 199
 266 126 199
 282 128 199
 313 128 199
 187 129 199
 215 129 199
 229 129 199
 137 130 199
 148 130 199
  87 131 199
 178 132 199
  26 133 199
  47 133 199
 261 133 199
 338 133 199
 355 134 199
 280 135 199
 320 138 199
   7 139 199
 161 140 199
  18 141 199
 249 142 199
 125 143 199
 291 143 199
 356 143 199
 214 144 199
 262 145 199
 240 146 199
 176 147 199
 347 147 199
 322 149 199
  11 150 199
  72 152 199
 301 152 199
  30 153 199
 182 153 199
 203 153 199
 274 153 199
 164 154 199
 194 155 199
  93 156 199
 103 156 199
   9 157 199
  60 157 199
  69 159 199
 242 159 199
 319 159 199
  31 160 199
  84 160 199
 125 160 199
  39 161 199
 208 161 199
 283 161 199
 102 163 199
 273 163 199
   2 164 199
 128 165 199
 352 165 199
 116 170 199
 231 170 199
 275 171 199
  35 172 199
  48 172 199
 252 172 199
 190 173 199
 325 174 199
 331 176 199
 238 178 199
  46 179 199
 163 179 199
 206 179 199
 267 179 199
 307 179 199
 318 179 199
  14   0 200
 149   0 200
 180   0 200
 231   0 200
 354   0 200
   2   3 200
  86   5 200
 305   5 200
 135   6 200
 174   6 200
 196   7 200
 355   7 200
 345   9 200
 189  11 200
 225  12 200
 244  12 200
 313  12 200
 358  12 200
 277  13 200
 250  14 200
 229  16 200
 137  17 200
 114  18 200
  72  20 200
 120  20 200
 222  20 200
 328  20 200
 141  21 200
 251  21 200
 290  21 200
 266  23 200
 333  23 200
 225  25 200
 234  25 200
 114  26 200
  88  27 200
 191  27 200
 285  28 200
 202  29 200
 107  31 200
 298  32 200
 142  33 200
 202  36 200
  28  37 200
 221  37 200
 245  37 200
 264  38 200
  55  39 200
 188  39 200
  66  40 200
 317  40 200
 207  43 200
 289  43 200
 332  43 200
  39  44 200
 162  45 200
  69  47 200
 223  47 200
 318  47 200
 271  49 200
 306  49 200
 182  51 200
 193  52 200
 216  52 200
   0  53 200
 264  53 200
  91  54 200
  98  54 200
 175  56 200
  39  57 200
 126  57 200
  56  58 200
  69  58 200
 228  58 200
 116  59 200
 334  59 200
 344  59 200
 299  60 200
   6  62 200
 245  64 200
 347  64 200
 319  65 200
  34  67 200
 311  67 200
 138  68 200
  13  69 200
  76  70 200
 119  72 200
 176  72 200
 210  77 200
  81  78 200
 185  78 200
   3  80 200
 251  80 200
 173  82 200
 285  82 200
  56  85 200
 123  85 200
 226  85 200
  99  86 200
   1  87 200
  24  87 200
  68  87 200
  30  89 200
 338  89 200
 110  91 200
 172  93 200
 323  93 200
   0  94 200
  72  94 200
  88  94 200
 103  94 200
 246  96 200
 120  97 200
  47  98 200
 110  98 200
 203  98 200
 312  98 200
 127 100 200
 150 100 200
 285 101 200
   1 102 200
  20 102 200
  39 102 200
  74 104 200
  84 104 200
 335 105 200
 161 106 200
 200 107 200
 234 107 200
 154 108 200
 212 108 200
  13 109 200
  20 109 200
  95 109 200
 355 111 200
 178 113 200
   2 114 200
 232 116 200
  29 117 200
  47 117 200
 325 117 200
 349 117 200
 152 118 200
 203 118 200
 174 120 200
 181 120 200
  32 122 200
 344 126 200
  78 130 200
 244 131 200
  64 132 200
 218 134 200
 254 134 200
 102 135 200
 311 135 200
  52 136 200
  89 137 200
 134 137 200
 223 137 200
 286 137 200
 170 138 200
  60 139 200
 234 139 200
  43 140 200
 188 141 200
 336 143 200
  90 144 200
 308 145 200
 228 146 200
 295 147 200
 119 150 200
 352 150 200
   3 151 200
 212 151 200
  44 152 200
  89 152 200
 254 152 200
 263 152 200
 286 152 200
 329 153 200
 147 155 200
 161 161 200
 232 161 200
 135 162 200
 145 162 200
 217 162 200
 251 162 200
 258 163 200
  44 164 200
  56 164 200
  72 164 200
 312 164 200
 171 165 200
 287 165 200
 338 166 200
  95 167 200
  60 168 200
 214 171 200
 109 172 200
 281 173 200
 128 174 200
  27 175 200
 151 175 200
 358 175 200
   8 176 200
  38 177 200
 193 178 200
  54 179 200
  67 179 200
 139 179 200
 295 179 200
  21   0 201
  97   0 201
 126   0 201
 133   0 201
 189   0 201
 209   0 201
 272   0 201
 292   0 201
 257   1 201
 332   6 201
  64   7 201
  75   7 201
  50   8 201
 325   9 201
 261  11 201
   7  12 201
  67  12 201
 199  12 201
 301  12 201
 150  13 201
 268  13 201
 213  15 201
 347  15 201
   9  18 201
 258  21 201
  17  22 201
  34  22 201
 183  23 201
 315  23 201
  77  24 201
 341  27 201
 132  28 201
 246  28 201
  29  29 201
  67  29 201
  48  30 201
 323  30 201
 120  31 201
  39  34 201
 168  34 201
 336  34 201
  21  35 201
  86  35 201
 156  35 201
 358  36 201
 135  37 201
 230  37 201
 161  38 201
 327  40 201
  81  42 201
 176  43 201
 341  43 201
  14  44 201
  96  44 201
 144  45 201
 242  45 201
 134  46 201
  45  48 201
 168  48 201
 278  48 201
  31  49 201
 109  50 201
 200  50 201
 284  50 201
 146  51 201
 233  51 201
 256  51 201
  62  52 201
  82  53 201
 310  53 201
 149  56 201
 269  56 201
 105  57 201
 137  57 201
 284  57 201
 359  61 201
  60  62 201
  83  64 201
  90  64 201
 221  64 201
 256  64 201
 187  65 201
  27  67 201
  41  68 201
  66  70 201
 223  70 201
 143  71 201
 265  72 201
   6  73 201
 156  73 201
  48  75 201
 124  75 201
 332  76 201
 323  77 201
 169  78 201
 193  78 201
 234  78 201
 262  80 201
 315  80 201
 353  81 201
 205  85 201
 300  86 201
  14  88 201
  47  88 201
 126  91 201
 351  91 201
 161  94 201
  79  95 201
 301  95 201
 329  95 201
  68 101 201
 215 101 201
 262 101 201
 131 104 201
 278 104 201
 297 104 201
 327 104 201
 110 105 201
  47 106 201
 309 106 201
 169 108 201
  59 109 201
 243 109 201
  80 111 201
 204 111 201
 117 112 201
 271 114 201
 214 115 201
 300 115 201
 258 117 201
  99 121 201
 123 121 201
 262 121 201
 329 121 201
 292 122 201
  78 123 201
 320 124 201
 197 125 201
  46 127 201
 132 127 201
 169 127 201
 331 127 201
 106 128 201
 206 128 201
   1 129 201
  16 130 201
 160 132 201
 268 132 201
 298 132 201
 191 133 201
 147 137 201
 301 137 201
 348 137 201
 179 138 201
  82 141 201
 154 143 201
  36 144 201
 203 144 201
 269 144 201
 109 145 201
  58 146 201
 100 148 201
 188 148 201
 245 149 201
 139 150 201
 231 151 201
  17 152 201
  51 153 201
 292 154 201
 356 154 201
 345 155 201
 115 157 201
 269 159 201
 179 160 201
 325 160 201
 243 165 201
 138 167 201
 204 168 201
 315 169 201
 168 173 201
 338 173 201
  92 174 201
 245 174 201
 232 176 201
 113 177 201
 254 178 201
 105 179 201
 177 179 201
 344 179 201
 201   0 202
 283   0 202
 347   0 202
 247   2 202
 313   2 202
 154   3 202
 214   3 202
  30   4 202
 224   5 202
 113   7 202
 123   7 202
  39   9 202
 139  10 202
 161  10 202
 129  11 202
  81  12 202
 283  15 202
  30  16 202
  87  17 202
 169  17 202
 127  18 202
 241  19 202
 157  22 202
 301  22 202
 356  23 202
 212  24 202
  37  27 202
  97  27 202
 148  27 202
 218  27 202
  12  29 202
 208  31 202
  54  32 202
 150  33 202
 316  34 202
 275  35 202
  10  36 202
  92  37 202
 302  37 202
 348  37 202
  59  43 202
 354  43 202
  23  44 202
 249  44 202
 333  49 202
  12  51 202
 249  51 202
  49  52 202
 321  52 202
 224  53 202
 339  53 202
 165  55 202
 186  55 202
 204  55 202
 329  56 202
 242  59 202
 274  59 202
 290  60 202
 160  62 202
 170  63 202
 265  63 202
 104  64 202
 200  65 202
 209  67 202
 304  69 202
 341  69 202
 131  70 202
 282  70 202
  87  71 202
 241  71 202
 320  71 202
 252  72 202
  29  73 202
  16  74 202
  93  74 202
 104  74 202
  70  75 202
 148  75 202
  37  76 202
 130  77 202
 274  77 202
 339  77 202
 117  79 202
  41  80 202
  63  81 202
 179  83 202
 196  83 202
 331  83 202
  82  84 202
 273  84 202
 239  85 202
 254  85 202
 346  85 202
 264  87 202
 280  88 202
 137  90 202
 186  90 202
 312  91 202
 116  92 202
 212  92 202
 344  92 202
 143  94 202
  20  95 202
 180  96 202
 337  96 202
  28  97 202
 193  97 202
 229  98 202
 353  98 202
 269 100 202
 103 101 202
 142 101 202
 158 101 202
   7 103 202
  91 103 202
 255 104 202
 290 104 202
 121 105 202
 224 106 202
 271 107 202
  33 108 202
 141 108 202
 188 108 202
 301 108 202
  65 111 202
 101 111 202
 315 111 202
 348 111 202
 158 113 202
 195 113 202
  85 114 202
   8 115 202
 167 115 202
 221 116 202
 138 118 202
  88 119 202
 110 119 202
 188 119 202
 277 119 202
 339 119 202
 356 119 202
 215 122 202
 303 122 202
 146 123 202
  91 124 202
 153 124 202
 161 124 202
 176 126 202
  25 127 202
 239 127 202
  33 128 202
  53 128 202
 288 129 202
  38 131 202
 199 131 202
 209 133 202
 129 134 202
  69 135 202
 118 136 202
 108 137 202
  28 138 202
 211 139 202
 257 139 202
  12 141 202
  48 143 202
  73 144 202
 165 144 202
 220 144 202
 315 144 202
 342 144 202
   1 145 202
 130 145 202
 195 145 202
 158 148 202
 125 152 202
 218 152 202
 171 153 202
 237 153 202
  23 154 202
 131 154 202
 336 154 202
 154 155 202
 187 155 202
  76 156 202
 303 158 202
  14 159 202
 359 159 202
  21 161 202
 190 161 202
  89 162 202
 332 163 202
 225 164 202
  33 165 202
 302 165 202
 264 166 202
 148 167 202
 179 167 202
 185 169 202
  99 171 202
 288 171 202
 158 172 202
  19 173 202
  77 173 202
  61 178 202
 220 179 202
 282 179 202
  49   0 203
  61   0 203
 104   0 203
 115   0 203
 140   0 203
 171   0 203
 321   0 203
   8   4 203
 182   5 203
 294   6 203
 207   7 203
  90   8 203
 240   8 203
 308  10 203
  44  13 203
 329  13 203
  22  14 203
 182  15 203
 192  15 203
  98  16 203
 200  18 203
 352  18 203
 272  19 203
 322  20 203
 231  21 203
  24  22 203
 131  22 203
 172  22 203
 277  22 203
  65  23 203
   3  24 203
  55  24 203
  84  24 203
 109  24 203
 294  24 203
 176  26 203
 141  27 203
 197  27 203
 239  27 203
 304  27 203
 158  28 203
 263  30 203
 331  30 203
  73  31 203
 101  31 203
 185  31 203
 251  32 203
 112  33 203
 126  33 203
 217  34 203
 285  34 203
  75  37 203
 258  37 203
 120  39 203
 107  40 203
 196  40 203
 235  40 203
 278  40 203
  34  42 203
   7  44 203
 218  44 203
 300  45 203
 266  46 203
 359  46 203
  75  47 203
 127  47 203
 210  47 203
 292  47 203
 177  49 203
  37  51 203
 158  51 203
 299  52 203
  30  56 203
 210  56 203
 236  56 203
 258  57 203
 314  57 203
 351  57 203
  18  58 203
  75  58 203
 193  58 203
  44  59 203
 179  59 203
  98  60 203
 130  60 203
 305  60 203
 120  62 203
 142  62 203
 337  63 203
  11  64 203
 151  64 203
 228  64 203
 236  65 203
 193  66 203
 270  66 203
   0  67 203
  54  67 203
 249  67 203
 163  71 203
 201  71 203
 182  72 203
 313  72 203
 230  73 203
 286  74 203
 356  74 203
 305  75 203
  76  76 203
  97  78 203
 157  79 203
 105  80 203
 220  80 203
  52  81 203
 213  81 203
   7  83 203
  20  83 203
 324  83 203
 185  84 203
 146  85 203
 166  85 203
 289  85 203
 153  86 203
  87  87 203
  60  88 203
 229  89 203
 247  89 203
 306  89 203
  35  91 203
 272  91 203
 202  92 203
 239  92 203
  41  93 203
 281  94 203
 223  95 203
  59  96 203
 134  97 203
 166  97 203
 318  99 203
 341 101 203
  14 102 203
 174 102 203
  54 105 203
 180 105 203
 345 105 203
  26 109 203
 134 109 203
  74 110 203
 249 110 203
 328 110 203
  41 114 203
 286 114 203
 238 116 203
 248 117 203
   2 121 203
  51 121 203
 282 122 203
  16 123 203
 233 123 203
 309 123 203
 255 126 203
 296 126 203
 350 126 203
 100 127 203
 221 127 203
 122 128 203
  58 131 203
 317 131 203
   6 132 203
 325 132 203
 344 132 203
  20 134 203
  81 134 203
 230 134 203
 248 134 203
 274 134 203
  96 135 203
 165 135 203
 292 137 203
 359 137 203
 195 138 203
 334 138 203
 264 139 203
 325 139 203
 276 140 203
 239 141 203
  65 142 203
 141 142 203
 351 142 203
 172 143 203
 281 143 203
  22 144 203
  96 144 203
 182 145 203
  83 147 203
 115 147 203
 208 147 203
 328 147 203
 273 148 203
  39 149 203
  62 150 203
 316 150 203
 308 151 203
 108 152 203
  66 154 203
 247 155 203
 257 156 203
 297 157 203
 310 157 203
 199 158 203
  97 159 203
 237 163 203
  50 164 203
  78 164 203
 120 164 203
   7 165 203
 278 165 203
  14 166 203
 196 166 203
 211 166 203
  66 168 203
  85 169 203
 123 169 203
 270 169 203
 237 170 203
 308 170 203
 348 170 203
  42 171 203
 225 171 203
 141 172 203
 298 172 203
 207 173 203
 273 177 203
  31 178 203
 131 178 203
 212 178 203
 313 178 203
   1 179 203
  20 179 203
 351 179 203
  38   0 204
  80   0 204
  91   0 204
 264   0 204
 302   0 204
 336   0 204
 161   2 204
 194   2 204
  70   3 204
 276   3 204
  15   5 204
 286   5 204
 105   6 204
 146   6 204
 230   6 204
 251   6 204
 168   8 204
 217   9 204
  54  11 204
 175  11 204
 116  12 204
 339  12 204
 290  13 204
 318  13 204
  72  14 204
 219  15 204
 255  15 204
 295  16 204
  45  19 204
 206  19 204
 311  19 204
 147  20 204
 190  22 204
 348  25 204
 165  26 204
 258  27 204
 270  28 204
  19  29 204
 228  29 204
 310  29 204
 357  30 204
  82  31 204
 293  31 204
 191  33 204
  44  36 204
 176  36 204
 323  36 204
 341  36 204
 209  37 204
 100  38 204
 143  38 204
 294  38 204
 168  40 204
 311  41 204
 202  42 204
  86  44 204
 155  44 204
 257  44 204
  52  45 204
 184  45 204
 229  46 204
 120  47 204
 103  49 204
 138  49 204
  57  50 204
 349  50 204
  68  53 204
  85  57 204
 217  57 204
 111  58 204
 322  58 204
  50  60 204
  33  61 204
  24  62 204
 279  63 204
 325  63 204
  65  64 204
 110  65 204
 352  65 204
  72  66 204
 177  66 204
 295  66 204
  47  68 204
 215  68 204
  59  70 204
 274  70 204
 170  71 204
 259  71 204
 111  72 204
 206  74 204
 137  75 204
 292  75 204
 346  75 204
 268  76 204
 240  78 204
  30  79 204
 141  79 204
  74  83 204
 110  83 204
 129  84 204
 160  84 204
 337  84 204
 357  84 204
  42  86 204
 220  87 204
 171  88 204
  93  89 204
 293  89 204
 178  90 204
 193  90 204
 257  90 204
   6  91 204
  51  91 204
  98  92 204
 151  93 204
 265  93 204
 295  95 204
   9  96 204
 305  98 204
  35  99 204
  82  99 204
 208  99 204
 197 101 204
 241 101 204
 355 104 204
 218 105 204
  40 107 204
 282 107 204
   1 109 204
 338 109 204
 112 110 204
 126 110 204
 147 110 204
 228 110 204
 255 111 204
  15 114 204
  58 116 204
  68 116 204
 120 116 204
 132 116 204
  75 117 204
 196 119 204
 226 119 204
   9 121 204
 268 121 204
 114 123 204
 204 123 204
 246 124 204
  71 126 204
 183 126 204
 272 126 204
 338 126 204
 356 127 204
 261 128 204
  92 130 204
 113 130 204
 142 130 204
 152 131 204
 331 133 204
  42 135 204
 202 136 204
 154 137 204
  34 139 204
 122 140 204
 305 140 204
 147 143 204
  28 145 204
  15 146 204
 256 146 204
 286 146 204
 300 148 204
 149 149 204
 198 150 204
 279 151 204
 178 152 204
 224 153 204
 142 154 204
 320 154 204
  83 155 204
  38 156 204
  55 156 204
 206 156 204
  45 157 204
 264 157 204
 349 158 204
 106 159 204
 172 159 204
 213 159 204
 339 160 204
  62 161 204
 155 161 204
 110 163 204
  26 164 204
 165 164 204
 293 164 204
 344 165 204
 325 166 204
 356 166 204
 252 167 204
 131 168 204
  53 170 204
 257 170 204
 329 170 204
   5 172 204
  70 172 204
 197 172 204
 262 173 204
 320 173 204
 174 174 204
  83 176 204
 121 176 204
 145 176 204
 100 177 204
 159 178 204
 187 178 204
 199 178 204
 248 178 204
 301 178 204
 326 178 204
 334 179 204
   0   0 205
  27   0 205
 221   0 205
 241   0 205
 328   0 205
 340   4 205
 350   4 205
  81   6 205
  97   6 205
 201   6 205
  34   7 205
 269   7 205
 315   7 205
  20   8 205
 187   8 205
 275  10 205
 233  11 205
 106  12 205
  60  13 205
   1  14 205
 122  14 205
 142  15 205
 155  15 205
 164  15 205
  15  16 205
  36  16 205
 109  17 205
  53  18 205
 247  19 205
 264  19 205
  91  20 205
 286  20 205
 342  20 205
 121  24 205
  46  25 205
 252  25 205
 328  25 205
 280  27 205
 318  27 205
  61  31 205
   5  32 205
  32  33 205
 198  33 205
 241  33 205
  65  35 205
 269  35 205
  15  38 205
 129  38 205
 182  38 205
 150  39 205
 286  40 205
  45  42 205
 225  42 205
  68  43 205
 112  43 205
 348  43 205
 315  45 205
 326  46 205
 192  47 205
  26  48 205
  91  49 205
 243  50 205
   5  51 205
  18  51 205
 130  52 205
 119  54 205
 290  54 205
 171  55 205
 251  56 205
   7  57 205
  93  57 205
 135  63 205
 315  63 205
 124  66 205
 330  66 205
 155  68 205
  23  73 205
 188  73 205
 216  74 205
  60  76 205
 164  77 205
 175  77 205
 247  78 205
 297  78 205
 309  79 205
 227  80 205
 122  81 205
 280  81 205
  34  84 205
 317  85 205
 115  86 205
 209  88 205
  75  89 205
 321  90 205
 328  90 205
 357  91 205
  67  95 205
 287  95 205
  90  97 205
 125  97 205
 155  97 205
 250  97 205
 257  97 205
  52  98 205
  99  98 205
 185  98 205
 114  99 205
 234 100 205
 275 100 205
 324 100 205
  23 104 205
 209 106 205
 263 106 205
   8 109 205
 237 109 205
 322 109 205
 293 110 205
  48 111 205
 174 111 205
 306 112 205
 152 113 205
 209 113 205
  94 114 205
 105 114 205
 182 114 205
 331 115 205
  24 116 205
  34 116 205
 317 116 205
 170 119 205
  42 120 205
  61 121 205
 345 121 205
  65 125 205
  83 125 205
 190 125 205
 138 126 205
 310 129 205
 226 130 205
 281 131 205
 184 132 205
 172 133 205
 239 133 205
  11 135 205
  74 137 205
 318 137 205
  55 138 205
 186 138 205
 217 139 205
 251 139 205
 340 139 205
 227 141 205
 295 142 205
 244 144 205
  52 146 205
 123 146 205
   7 147 205
 263 147 205
  76 148 205
 334 148 205
 344 149 205
  31 150 205
 165 150 205
  94 151 205
   9 153 205
 282 156 205
  30 157 205
 228 157 205
 134 158 205
 287 159 205
 274 160 205
  70 161 205
 141 161 205
 317 162 205
  39 165 205
 218 166 205
 156 167 205
 113 168 205
  27 170 205
  13 173 205
  58 173 205
  46 175 205
 291 175 205
 267 176 205
  72 179 205
 152 179 205
 166 179 205
 226 179 205
 240 179 205
  55   0 206
 121   0 206
 177   0 206
 309   0 206
 129   4 206
   1   6 206
 258   6 206
 300   7 206
 155   8 206
 351  10 206
 210  11 206
 133  13 206
 246  13 206
 237  15 206
 225  16 206
 302  16 206
  64  17 206
 332  17 206
  76  18 206
 101  20 206
 116  21 206
 137  22 206
  10  23 206
 224  23 206
  29  24 206
  71  25 206
  92  26 206
 204  26 206
 181  28 206
 134  31 206
 349  31 206
 233  32 206
 161  33 206
 224  36 206
 308  36 206
 331  36 206
  24  37 206
  53  38 206
 251  38 206
   0  39 206
 242  39 206
 136  41 206
 335  42 206
 236  46 206
 272  46 206
 305  47 206
 220  49 206
  79  50 206
 113  51 206
 151  51 206
 274  52 206
  42  53 206
 267  53 206
 280  54 206
 304  54 206
 142  55 206
 228  55 206
 343  56 206
 358  56 206
  59  57 206
 153  57 206
 296  59 206
 198  60 206
 184  61 206
 261  61 206
 345  62 206
  79  63 206
 206  63 206
  38  64 206
 164  64 206
  17  65 206
 242  65 206
  93  66 206
 288  66 206
  85  67 206
   5  69 206
  98  69 206
 334  70 206
  11  72 206
  35  72 206
   0  77 206
  84  77 206
 152  77 206
 260  77 206
 350  79 206
  14  80 206
  89  80 206
 207  80 206
  68  82 206
 269  82 206
 135  85 206
 200  85 206
 350  87 206
  26  88 206
 122  88 206
  17  90 206
 105  90 206
 340  90 206
 233  92 206
 109  94 206
 216  94 206
 314  95 206
  74  96 206
 347  96 206
   0  97 206
  44  97 206
 172  97 206
 331  99 206
  61 102 206
 128 102 206
 136 102 206
 147 102 206
  70 104 206
 164 104 206
 249 104 206
 105 105 206
  81 106 206
  95 106 206
 314 106 206
 194 108 206
 201 109 206
 275 109 206
 164 111 206
 219 111 206
  54 112 206
 264 112 206
 342 113 206
 352 113 206
 294 116 206
 310 116 206
 144 117 206
 159 118 206
 253 119 206
 322 119 206
 211 120 206
 241 120 206
  27 121 206
 333 122 206
 128 123 206
 287 124 206
 324 125 206
  20 126 206
 165 126 206
 214 128 206
 302 128 206
  75 130 206
 127 130 206
  27 131 206
 105 133 206
  49 134 206
 135 134 206
 262 134 206
 353 134 206
  63 135 206
 285 135 206
  86 136 206
 112 139 206
  90 140 206
 159 140 206
 103 142 206
 311 142 206
 189 143 206
 232 144 206
 356 144 206
  89 147 206
 134 147 206
 175 147 206
 214 147 206
 236 148 206
 104 149 206
 290 150 206
 113 154 206
 241 155 206
 326 155 206
 120 157 206
 164 157 206
 126 159 206
 250 159 206
 330 159 206
   4 160 206
 148 160 206
 183 161 206
 203 163 206
 310 163 206
  99 164 206
 175 164 206
 230 165 206
 283 167 206
 245 168 206
  91 169 206
 336 169 206
 105 170 206
 166 170 206
 189 171 206
 359 171 206
 218 173 206
 181 175 206
 341 175 206
 308 176 206
  51 178 206
  93 178 206
  14 179 206
 146   0 207
 212   0 207
 228   0 207
 295   0 207
  43   2 207
  63   4 207
 135   5 207
  47   6 207
 322   6 207
 329   6 207
  72   8 207
 194   8 207
  27   9 207
  10  11 207
 281  11 207
 202  12 207
  85  13 207
  92  13 207
 262  13 207
 186  17 207
 212  19 207
  20  20 207
  37  22 207
  80  22 207
 152  22 207
 162  22 207
 217  22 207
 236  22 207
 335  22 207
 267  24 207
 245  26 207
 287  26 207
 126  27 207
 338  27 207
 111  28 207
 170  28 207
  39  30 207
  51  30 207
 213  30 207
 143  31 207
  93  32 207
 299  32 207
 117  34 207
 204  35 207
  82  37 207
 354  37 207
 191  39 207
  29  40 207
 162  40 207
 213  40 207
  93  41 207
 298  41 207
 264  42 207
 172  43 207
  17  44 207
  38  44 207
 100  44 207
 279  45 207
 146  46 207
 163  46 207
 205  46 207
 287  46 207
 339  46 207
 319  49 207
 197  50 207
 259  50 207
 184  51 207
 327  52 207
 162  53 207
 105  54 207
 334  54 207
  24  55 207
 269  59 207
 221  60 207
 309  62 207
 144  66 207
 222  66 207
 301  66 207
  30  68 207
 136  69 207
 309  69 207
 148  70 207
 195  70 207
 226  70 207
 354  70 207
  74  71 207
  67  72 207
 117  72 207
 125  72 207
 236  72 207
 324  72 207
  51  73 207
  42  74 207
 279  75 207
 196  76 207
 316  76 207
 335  76 207
 327  77 207
 181  78 207
 233  81 207
 252  81 207
 287  81 207
 302  81 207
  99  82 207
  56  83 207
 261  83 207
 191  84 207
 244  85 207
 301  88 207
  64  90 207
  81  90 207
 147  90 207
 160  90 207
 132  93 207
 276  93 207
  25  95 207
 204  96 207
 299  98 207
 265  99 207
 224 100 207
 281 101 207
 288 101 207
   3 102 207
 189 102 207
 308 102 207
 118 103 207
 335 103 207
 153 104 207
 300 104 207
  16 106 207
  87 107 207
  62 108 207
 120 110 207
 139 113 207
 278 114 207
   1 115 207
 126 116 207
  81 118 207
  98 118 207
 300 118 207
 151 120 207
 176 120 207
 183 120 207
 259 120 207
 103 121 207
  35 122 207
 120 123 207
  45 125 207
 107 125 207
   3 126 207
 195 128 207
 234 128 207
 249 128 207
 254 132 207
 338 132 207
  33 133 207
 145 134 207
 303 134 207
 311 135 207
 177 136 207
   4 138 207
  22 138 207
 207 138 207
 269 140 207
 346 140 207
  42 141 207
  78 141 207
  59 143 207
 320 144 207
  68 146 207
 250 146 207
  45 148 207
 222 148 207
 190 149 207
   0 150 207
  20 150 207
 350 151 207
 203 152 207
 271 154 207
 182 155 207
 192 155 207
  88 157 207
  19 158 207
 355 158 207
 219 159 207
 258 162 207
  83 165 207
  19 167 207
 297 167 207
 318 168 207
 136 170 207
  33 171 207
 231 171 207
 274 171 207
 117 172 207
 282 174 207
 350 174 207
 108 175 207
  37 176 207
 127 176 207
 235 176 207
  26 177 207
 137 178 207
   7 179 207
  65 179 207
 205 179 207
 256 179 207
   7   0 208
  14   0 208
  21   0 208
  97   0 208
 109   0 208
 153   0 208
 184   0 208
 235   0 208
 250   0 208
 257   0 208
 270   0 208
 316   0 208
 166   3 208
 282   3 208
 112   5 208
 223   8 208
 334   9 208
 148  10 208
 100  11 208
 180  12 208
 310  13 208
 324  13 208
 344  13 208
  28  15 208
 172  17 208
 195  17 208
   4  18 208
 281  18 208
 317  19 208
 177  20 208
 355  20 208
 305  21 208
 196  23 208
  60  24 208
 104  25 208
  15  27 208
 153  28 208
 221  30 208
 322  30 208
 343  30 208
  23  31 208
 174  32 208
 280  33 208
 106  35 208
 263  35 208
  71  36 208
   7  37 208
  38  37 208
 317  38 208
 345  38 208
 272  39 208
  59  40 208
 324  41 208
  75  42 208
 251  45 208
 214  48 208
  63  49 208
 296  49 208
  31  50 208
 355  50 208
 206  52 208
 311  52 208
  51  53 208
 189  54 208
 246  54 208
  72  55 208
 134  55 208
  80  56 208
 177  56 208
  13  57 208
 123  57 208
 238  59 208
 285  60 208
 335  60 208
 104  61 208
 157  61 208
 253  61 208
 275  61 208
   0  62 208
  60  63 208
 190  63 208
 213  63 208
 172  64 208
 115  66 208
 264  66 208
 319  66 208
 254  67 208
 181  68 208
 280  68 208
 346  68 208
 104  70 208
  18  71 208
 244  71 208
 267  71 208
  91  73 208
  26  77 208
   6  79 208
 188  79 208
  44  80 208
 168  80 208
 145  81 208
 343  81 208
 216  84 208
 311  84 208
 328  84 208
  48  85 208
 274  86 208
  12  87 208
 226  87 208
 252  88 208
 140  89 208
 184  89 208
 284  89 208
  87  92 208
 197  92 208
 308  92 208
 333  92 208
 165  93 208
 243  93 208
  31  96 208
  14  97 208
 143  98 208
 217 100 208
 350 101 208
  37 103 208
  46 103 208
  29 104 208
 258 104 208
 227 105 208
 140 106 208
 171 107 208
 289 107 208
 182 108 208
 349 108 208
  30 110 208
 243 110 208
  21 111 208
  88 113 208
  64 114 208
 231 114 208
 113 115 208
 190 115 208
 202 115 208
 269 115 208
 218 118 208
 353 119 208
 279 120 208
  90 121 208
 135 121 208
 230 121 208
  54 123 208
 315 123 208
  11 125 208
 155 125 208
 171 127 208
 206 127 208
 278 127 208
 345 127 208
 291 128 208
  86 129 208
 158 130 208
 117 132 208
 218 132 208
 269 132 208
 295 132 208
 243 136 208
 128 137 208
 224 137 208
  15 138 208
  98 138 208
 138 139 208
 166 139 208
 329 140 208
 197 141 208
 111 146 208
 270 146 208
 141 147 208
 155 147 208
 127 149 208
 305 149 208
  54 151 208
  79 152 208
 158 152 208
 252 152 208
 215 153 208
 295 153 208
  71 154 208
  61 155 208
 338 155 208
  13 156 208
 102 156 208
 306 156 208
 234 157 208
  49 159 208
  77 160 208
  33 161 208
  92 161 208
 193 161 208
 242 161 208
 266 161 208
  55 162 208
  12 163 208
 129 164 208
 350 165 208
  63 166 208
 144 167 208
 184 167 208
 267 167 208
 206 168 208
 303 168 208
  76 170 208
 149 170 208
 212 171 208
  64 173 208
 246 174 208
 296 177 208
 193 178 208
 356 178 208
 112 179 208
 317 179 208
  33   0 209
  75   0 209
  85   0 209
 191   0 209
 199   0 209
 346   0 209
  88   5 209
 216   5 209
 242   5 209
  55   6 209
 121   6 209
 177   6 209
 309   6 209
 141   7 209
 289   7 209
  38   9 209
 160  10 209
 128  11 209
  48  12 209
 252  13 209
 269  13 209
 355  13 209
 274  16 209
  69  19 209
 126  19 209
 133  19 209
 325  19 209
 348  19 209
 257  20 209
 294  21 209
 142  24 209
 274  24 209
  86  25 209
 309  25 209
 358  25 209
 297  26 209
 188  27 209
   3  28 209
  78  29 209
 260  30 209
 248  31 209
 328  31 209
 288  32 209
  99  34 209
 123  35 209
 235  37 209
 110  39 209
 122  42 209
 197  42 209
  10  43 209
 141  43 209
 128  44 209
 178  44 209
 244  44 209
 353  44 209
  47  46 209
 344  49 209
 170  50 209
  11  51 209
  95  51 209
 225  51 209
 236  52 209
  35  54 209
 213  55 209
 317  56 209
 146  58 209
  87  60 209
 114  60 209
 230  60 209
  45  61 209
  71  62 209
  52  63 209
 206  69 209
 291  70 209
 159  71 209
 211  72 209
 302  73 209
  79  74 209
 253  74 209
  96  76 209
 106  76 209
 129  76 209
 222  77 209
  35  78 209
 118  78 209
 202  78 209
 133  80 209
 158  81 209
 105  83 209
 173  83 209
  80  84 209
  92  84 209
 238  84 209
 292  84 209
 179  85 209
   5  86 209
  36  88 209
  57  89 209
 128  89 209
 262  89 209
 211  92 209
 120  95 209
 322  95 209
 340  96 209
 178  97 209
  57  99 209
  77 100 209
 103 100 209
 179 103 209
 269 103 209
 342 103 209
 236 104 209
 111 105 209
 328 107 209
  73 108 209
 157 108 209
 131 109 209
 301 110 209
  41 111 209
 250 112 209
  10 113 209
 167 115 209
 288 115 209
  18 119 209
  70 119 209
 340 120 209
 359 122 209
 221 123 209
 144 124 209
  94 125 209
 241 126 209
 266 126 209
  58 127 209
 178 127 209
 333 128 209
 351 128 209
  97 130 209
  40 132 209
   1 133 209
 163 133 209
 198 133 209
 326 134 209
 232 135 209
  69 136 209
 121 136 209
 276 136 209
 149 138 209
 288 139 209
  28 140 209
  49 140 209
 257 141 209
 279 141 209
 211 142 209
  35 143 209
 300 143 209
  83 144 209
 169 144 209
 118 145 209
 201 145 209
 340 147 209
 182 148 209
 312 148 209
 324 148 209
  36 151 209
 229 151 209
 258 153 209
 315 153 209
 147 154 209
 171 154 209
 344 158 209
 298 159 209
 278 162 209
 224 163 209
 333 163 209
 105 164 209
  43 167 209
  71 167 209
 161 168 209
 289 168 209
  49 169 209
 311 169 209
  96 171 209
 172 171 209
  82 172 209
  20 173 209
 253 174 209
 325 174 209
 223 175 209
  88 176 209
 331 176 209
 275 178 209
  57 179 209
 172 179 209
 285 179 209
 160   0 210
 206   0 210
 277   0 210
 339   0 210
 355   0 210
 102   2 210
 171   5 210
   6   7 210
 248   7 210
  66   8 210
 231   8 210
 341   8 210
 294  10 210
  76  11 210
 113  11 210
  56  12 210
 170  12 210
 215  12 210
  20  13 210
 299  13 210
 117  15 210
 150  15 210
 205  16 210
 231  16 210
 159  17 210
  58  18 210
  48  19 210
  96  19 210
 242  22 210
  24  23 210
  51  24 210
 229  24 210
 210  26 210
 132  27 210
  31  28 210
 198  28 210
 159  29 210
 313  29 210
  66  30 210
 275  30 210
  56  32 210
  16  33 210
 305  33 210
 179  34 210
 187  34 210
 136  35 210
 146  35 210
 292  36 210
  46  37 210
 155  37 210
  87  39 210
 219  41 210
  64  42 210
 304  42 210
   2  44 210
  22  46 210
 156  46 210
  85  47 210
 106  47 210
 133  47 210
 266  47 210
  70  49 210
 287  52 210
 261  55 210
  98  56 210
 350  57 210
 165  58 210
 327  58 210
  27  59 210
 204  59 210
 305  59 210
  36  60 210
 127  61 210
 353  62 210
   6  63 210
  12  64 210
 339  64 210
 326  65 210
 233  66 210
  62  68 210
 174  69 210
 166  71 210
 359  72 210
 140  73 210
 272  73 210
 312  73 210
 295  74 210
  56  75 210
 341  76 210
  63  79 210
 213  79 210
 320  79 210
 354  81 210
  19  82 210
 150  83 210
 335  83 210
  71  85 210
 111  85 210
 359  85 210
 205  86 210
  96  89 210
 154  89 210
 116  90 210
  41  91 210
 172  91 210
 189  91 210
 294  91 210
 352  91 210
 227  93 210
   6  94 210
  50  95 210
  97  95 210
 236  95 210
 138  96 210
 245  98 210
  68  99 210
  85  99 210
 196  99 210
 211  99 210
 160 100 210
 200 103 210
   8 104 210
 320 105 210
  51 106 210
 356 106 210
 215 107 210
  99 108 210
 146 108 210
 188 109 210
 335 109 210
 258 111 210
  77 112 210
 225 112 210
 327 114 210
 336 115 210
  47 116 210
 195 117 210
 238 117 210
 207 118 210
 117 119 210
 304 121 210
  74 123 210
 187 123 210
  39 125 210
 308 125 210
  25 127 210
 112 127 210
 133 128 210
 317 128 210
  66 129 210
  13 130 210
 188 133 210
  79 134 210
 343 134 210
 109 135 210
 181 139 210
 354 139 210
 335 141 210
   7 142 210
 153 142 210
  13 145 210
  96 145 210
 289 145 210
 282 146 210
  27 148 210
 241 149 210
 119 151 210
   5 152 210
  98 152 210
 209 152 210
  47 153 210
 131 153 210
 265 153 210
 332 153 210
 139 154 210
 277 154 210
  26 155 210
 319 157 210
 175 158 210
  40 159 210
 114 159 210
 158 159 210
 200 159 210
 209 160 210
 290 161 210
 323 161 210
 136 162 210
 358 162 210
 118 163 210
 251 164 210
   5 165 210
 195 167 210
  56 168 210
 260 168 210
 342 168 210
 238 169 210
  10 170 210
 124 171 210
 153 174 210
 160 175 210
 201 175 210
 263 175 210
 303 175 210
   3 176 210
 185 177 210
 212 178 210
  41 179 210
 101 179 210
 119 179 210
 143 179 210
 343 179 210
  49   0 211
 128   0 211
 263   0 211
 289   0 211
 301   0 211
 322   0 211
 331   0 211
  25   3 211
 207   6 211
 264   6 211
 356   6 211
  16   7 211
  93   7 211
 199   9 211
 188  10 211
 317  12 211
  40  14 211
 140  14 211
  12  15 211
 104  15 211
 220  15 211
 241  16 211
 337  16 211
 288  17 211
  32  18 211
  86  18 211
 250  20 211
 111  22 211
 262  22 211
 181  23 211
 118  24 211
 167  24 211
  97  25 211
   8  30 211
 230  30 211
  44  31 211
  87  31 211
 353  32 211
 336  33 211
 165  34 211
 209  36 211
  19  38 211
 227  38 211
 256  38 211
 168  39 211
 280  39 211
 116  40 211
 330  41 211
 185  42 211
  32  43 211
 310  43 211
 230  44 211
 258  44 211
  79  45 211
 333  47 211
 120  49 211
 281  49 211
   3  50 211
  88  52 211
 157  52 211
 253  52 211
 300  52 211
 199  54 211
  56  55 211
  64  56 211
 292  56 211
 182  58 211
 137  59 211
 246  60 211
 150  62 211
 297  63 211
  26  66 211
 130  66 211
  80  67 211
 201  67 211
  40  68 211
 331  68 211
  88  69 211
 190  69 211
 152  72 211
 219  72 211
   6  73 211
 230  74 211
 178  75 211
 246  76 211
 284  76 211
  71  77 211
 224  82 211
  26  83 211
 123  83 211
 281  84 211
 321  85 211
 346  85 211
  31  86 211
  21  91 211
  72  91 211
 267  91 211
 254  93 211
 358  93 211
 284  95 211
 153  96 211
 110  98 211
 327  98 211
  19  99 211
 126  99 211
 167  99 211
 254 100 211
 314 100 211
  93 103 211
 275 104 211
 282 106 211
  57 107 211
 126 107 211
 206 107 211
 308 108 211
   0 110 211
 104 111 211
 313 111 211
 319 112 211
  34 113 211
 149 113 211
 159 113 211
 175 113 211
  57 114 211
 133 114 211
 347 115 211
  26 117 211
  12 118 211
 248 119 211
 272 119 211
 328 120 211
  84 121 211
 292 121 211
 162 122 211
 198 122 211
 261 124 211
 123 126 211
 327 127 211
 148 128 211
 225 128 211
  48 129 211
 284 129 211
 357 129 211
 209 131 211
 140 132 211
  56 134 211
 318 134 211
 297 137 211
 191 138 211
 248 138 211
 236 139 211
 264 139 211
  55 141 211
 131 141 211
 307 141 211
 317 141 211
 107 143 211
 228 143 211
 240 143 211
  20 144 211
  64 144 211
 219 144 211
 347 145 211
  73 147 211
  85 152 211
 166 152 211
 246 152 211
 109 153 211
 284 153 211
 354 153 211
  64 159 211
  27 161 211
 166 161 211
 235 163 211
 213 164 211
 110 167 211
 324 167 211
  30 168 211
 313 174 211
 133 176 211
  71 177 211
 229 177 211
 269 177 211
  31 178 211
 336 178 211
  77 179 211
  39   0 212
  61   0 212
  68   0 212
 118   0 212
 135   0 212
 223   0 212
 141   1 212
  78   4 212
 106   6 212
 183   6 212
 255   6 212
 348   6 212
  32   7 212
 275   7 212
  68  13 212
   1  15 212
  80  15 212
 191  15 212
 301  19 212
 342  19 212
 223  20 212
  13  21 212
 207  21 212
  73  22 212
 329  22 212
  40  24 212
 283  25 212
 349  25 212
 147  26 212
 121  29 212
 240  29 212
 267  29 212
 112  32 212
 202  32 212
  33  33 212
 253  33 212
 130  34 212
 315  34 212
   0  35 212
  78  35 212
 268  36 212
 341  36 212
 241  37 212
  99  40 212
 349  40 212
 293  42 212
 318  43 212
 202  44 212
 190  45 212
 210  45 212
  41  46 212
  53  46 212
 221  46 212
 274  47 212
 112  48 212
 149  48 212
 141  49 212
 324  49 212
 178  50 212
 244  50 212
 349  51 212
  20  53 212
  45  53 212
 111  55 212
 268  55 212
   4  56 212
 274  56 212
 218  57 212
 171  59 212
  20  60 212
 320  60 212
  77  62 212
  96  63 212
 279  63 212
 107  64 212
 140  64 212
 260  64 212
 287  64 212
 312  64 212
 159  65 212
 217  65 212
 120  67 212
 239  67 212
  54  68 212
  14  69 212
  46  69 212
 340  70 212
  32  71 212
 349  71 212
 260  72 212
  21  74 212
 332  74 212
 238  75 212
 112  76 212
  12  77 212
 263  77 212
 142  78 212
 274  78 212
  87  79 212
 307  81 212
 266  82 212
 162  84 212
 196  84 212
  64  85 212
 137  86 212
 248  86 212
  51  88 212
 305  89 212
 218  90 212
 329  90 212
  14  91 212
 314  92 212
 104  93 212
  64  95 212
 271  95 212
 191  96 212
 296  96 212
  35  98 212
 304  98 212
  25 100 212
 333 100 212
 295 103 212
 246 104 212
  67 106 212
 166 106 212
 115 108 212
 221 108 212
 238 109 212
 343 109 212
 267 110 212
 295 110 212
 283 112 212
  92 115 212
 181 115 212
 107 116 212
 141 116 212
 214 116 212
  40 118 212
 256 118 212
  60 120 212
  50 121 212
 169 121 212
 284 122 212
 273 125 212
 340 126 212
  32 127 212
 103 130 212
 244 130 212
 310 130 212
 181 131 212
  89 132 212
 259 132 212
 169 133 212
 333 134 212
 349 135 212
  92 137 212
 218 138 212
  72 140 212
 142 141 212
 359 141 212
 161 145 212
 265 145 212
 146 148 212
 274 148 212
 293 149 212
 194 150 212
 221 153 212
 198 154 212
 123 155 212
  55 156 212
 152 156 212
 186 156 212
   7 157 212
  73 158 212
 248 158 212
 285 159 212
 309 159 212
  83 160 212
 143 161 212
 348 161 212
  20 162 212
  97 162 212
 125 162 212
 178 163 212
 150 164 212
 156 166 212
 169 166 212
 202 166 212
 337 166 212
  89 167 212
 227 167 212
 280 167 212
 272 168 212
 188 169 212
 218 169 212
 352 169 212
 131 170 212
 102 171 212
 178 171 212
 243 171 212
 292 172 212
 141 173 212
  12 175 212
  49 175 212
 165 177 212
  20 179 212
 178 179 212
 237 179 212
 350 179 212
 178   0 213
 215   0 213
 240   0 213
 308   0 213
 148   1 213
 230   1 213
 152   5 213
 315   6 213
 332   6 213
 283   7 213
 125   8 213
 134   8 213
 238  11 213
  95  12 213
 349  12 213
 258  13 213
 284  13 213
 331  14 213
  23  17 213
 310  18 213
 164  19 213
 106  20 213
 139  21 213
   5  22 213
 319  22 213
  64  25 213
 173  25 213
 334  25 213
 254  26 213
 303  26 213
 342  26 213
 216  27 213
 105  29 213
  72  30 213
 222  34 213
 193  35 213
 322  35 213
  56  38 213
  25  39 213
 139  39 213
 148  40 213
 175  41 213
 285  41 213
  70  42 213
 341  43 213
 236  45 213
 167  46 213
 194  49 213
 126  50 213
 307  51 213
 316  51 213
 337  51 213
  78  52 213
 229  53 213
 130  54 213
 341  55 213
 191  57 213
  66  61 213
 209  61 213
 196  62 213
 269  64 213
 248  65 213
 305  65 213
 226  66 213
 357  67 213
  68  68 213
  99  68 213
 110  69 213
 319  71 213
 194  73 213
 200  74 213
  47  75 213
 124  75 213
 184  76 213
 352  76 213
 156  77 213
  81  78 213
 100  78 213
 207  79 213
 298  79 213
  39  80 213
 191  81 213
 231  84 213
 257  85 213
  86  86 213
 211  86 213
 339  86 213
 167  87 213
 241  87 213
 144  90 213
 178  91 213
  78  92 213
 279  92 213
 202  93 213
  44  95 213
 345  97 213
 229  98 213
 261  99 213
 359  99 213
 145 101 213
 221 101 213
 134 103 213
  41 104 213
  79 105 213
  13 106 213
  85 106 213
  19 108 213
  26 109 213
 194 109 213
 274 111 213
   5 112 213
  69 114 213
  82 114 213
 125 114 213
 302 115 213
 312 118 213
 320 118 213
   5 119 213
 227 119 213
  31 121 213
 110 121 213
 154 121 213
 348 121 213
 100 123 213
 176 123 213
 213 123 213
 238 123 213
 297 123 213
  19 124 213
  64 124 213
   6 125 213
 203 125 213
 252 126 213
  77 127 213
 300 128 213
 153 130 213
 230 130 213
  18 132 213
 274 132 213
 288 133 213
   6 134 213
  24 134 213
  34 135 213
 156 135 213
 213 135 213
  42 136 213
  63 136 213
 201 136 213
 114 137 213
 173 137 213
  81 139 213
 102 139 213
 160 139 213
 324 140 213
 341 141 213
 124 142 213
  43 143 213
 250 143 213
 192 144 213
 174 145 213
 133 146 213
 258 146 213
 205 147 213
 301 148 213
 330 148 213
 352 148 213
  65 150 213
  42 151 213
  92 152 213
 234 152 213
  18 153 213
 343 153 213
 225 157 213
 258 159 213
 271 160 213
 330 160 213
 187 162 213
 301 162 213
 313 163 213
  38 166 213
 254 168 213
 118 169 213
 358 170 213
  60 171 213
  39 173 213
 195 173 213
 207 175 213
 110 176 213
  93 177 213
 281 177 213
  63 178 213
 247 178 213
 125 179 213
 291 179 213
   3   0 214
  10   0 214
  17   0 214
  90   0 214
 166   0 214
 247   0 214
 254   0 214
 283   0 214
 295   0 214
 194   2 214
 271   2 214
  53   3 214
 324   5 214
 158   6 214
  43   7 214
  83   7 214
 301   7 214
   0   9 214
 165   9 214
 211   9 214
   9  10 214
 267  10 214
 305  11 214
 176  12 214
 202  13 214
 181  15 214
 122  16 214
 131  16 214
 247  16 214
 153  18 214
 269  18 214
 276  19 214
 193  20 214
 199  21 214
  35  22 214
  79  23 214
 235  23 214
  57  24 214
 129  24 214
 155  24 214
  18  25 214
  27  26 214
 289  26 214
 183  28 214
 192  28 214
 138  29 214
  50  31 214
  97  31 214
 277  34 214
 298  34 214
  10  35 214
 329  35 214
  64  36 214
  40  38 214
  93  39 214
 246  39 214
 301  39 214
 158  40 214
 105  41 214
 272  42 214
  13  45 214
 295  47 214
  58  48 214
 100  49 214
 260  49 214
  28  50 214
 211  51 214
 356  52 214
  13  54 214
 104  54 214
 162  54 214
  92  56 214
 237  56 214
 119  57 214
 255  57 214
 332  59 214
  40  62 214
 175  63 214
 346  63 214
 182  64 214
 165  66 214
 146  69 214
 133  70 214
 280  71 214
 307  72 214
 168  75 214
 289  78 214
 148  79 214
 254  79 214
  50  80 214
  57  80 214
 314  80 214
 331  81 214
  13  83 214
 117  83 214
  42  85 214
 299  85 214
 287  86 214
 102  88 214
 123  89 214
 198  89 214
  90  90 214
 321  91 214
  31  92 214
 130  92 214
  58  93 214
 160  94 214
 183  95 214
 220  95 214
  82  96 214
 241  96 214
  91  97 214
 206  97 214
 289  97 214
   8  98 214
 351  98 214
 173  99 214
  51 100 214
 115 100 214
 153 102 214
 184 102 214
 233 102 214
 190 103 214
 213 103 214
 306 103 214
 264 104 214
  34 105 214
 174 105 214
 351 105 214
 254 106 214
 140 109 214
  90 110 214
 231 110 214
 209 111 214
 245 111 214
 119 112 214
 187 116 214
  97 117 214
 266 117 214
 356 117 214
 221 118 214
 133 120 214
 334 121 214
 120 122 214
 232 122 214
 140 123 214
  88 124 214
 191 125 214
  43 127 214
 163 128 214
 127 129 214
 195 129 214
 115 130 214
 237 131 214
 266 131 214
  50 134 214
 131 134 214
 303 137 214
 226 138 214
 205 140 214
 273 141 214
 184 142 214
 115 143 214
  91 144 214
 310 145 214
   1 146 214
  57 146 214
 232 146 214
 317 147 214
  33 148 214
  78 149 214
 138 149 214
 152 149 214
 104 150 214
 177 150 214
 184 151 214
 304 153 214
 239 155 214
  34 156 214
 296 156 214
 358 156 214
  93 158 214
 133 158 214
  46 159 214
 265 159 214
  11 161 214
  49 164 214
  76 166 214
  82 167 214
 317 167 214
  21 168 214
 300 169 214
 329 169 214
 232 170 214
 344 172 214
 148 173 214
 258 174 214
 319 174 214
  84 175 214
 218 176 214
 306 178 214
 326 178 214
 154 179 214
  97   0 215
 201   1 215
 343   1 215
  72   3 215
  61   6 215
 118   6 215
 219   7 215
  25   9 215
 110   9 215
 225   9 215
  52  10 215
  35  11 215
  87  12 215
 323  12 215
  61  13 215
 146  13 215
 229  13 215
 294  15 215
  44  16 215
  72  16 215
 353  16 215
  53  17 215
 214  17 215
 260  18 215
  90  20 215
 356  22 215
 312  23 215
  46  25 215
 277  25 215
 223  26 215
 247  27 215
 321  27 215
  82  28 215
 294  29 215
 175  30 215
 154  31 215
 162  31 215
 125  32 215
 233  33 215
 215  34 215
 309  34 215
 262  36 215
  82  38 215
 202  38 215
  49  39 215
 130  40 215
   0  41 215
   7  43 215
 119  43 215
 250  43 215
 324  43 215
 162  44 215
  94  47 215
  64  50 215
  34  51 215
 171  52 215
 183  52 215
  71  53 215
 151  53 215
 327  53 215
 247  54 215
 282  54 215
  38  55 215
  50  55 215
 143  57 215
 286  58 215
  84  59 215
 295  59 215
  57  60 215
 224  61 215
  46  63 215
  87  64 215
  32  65 215
 188  65 215
   7  67 215
 210  67 215
 253  67 215
 290  68 215
  74  69 215
 271  69 215
 296  69 215
  91  72 215
 225  73 215
 324  73 215
  38  74 215
 134  76 215
  25  77 215
 359  77 215
 344  78 215
   5  79 215
  93  79 215
 105  80 215
 176  81 215
 219  81 215
 239  81 215
 278  81 215
 183  83 215
 131  84 215
 155  84 215
 351  86 215
   5  89 215
 233  89 215
 111  91 215
 341  91 215
 149  92 215
 249  92 215
 260  92 215
 136  93 215
  15  97 215
 320  98 215
  74 100 215
 100 100 215
 273 100 215
  63 102 215
 337 103 215
 104 104 215
 161 104 215
 288 104 215
 325 104 215
  45 108 215
 329 109 215
  50 111 215
 199 111 215
 354 111 215
 166 112 215
  63 113 215
 253 113 215
 153 115 215
  18 116 215
  74 117 215
 280 119 215
 182 124 215
 355 124 215
 322 125 215
 218 126 215
 347 128 215
 330 130 215
 253 132 215
 358 134 215
 293 135 215
 312 135 215
 244 136 215
 338 136 215
 138 138 215
 259 138 215
  26 139 215
  12 140 215
 148 141 215
 282 141 215
 330 141 215
  30 143 215
 213 145 215
  50 147 215
 126 147 215
  14 149 215
 116 149 215
 337 149 215
 217 150 215
 161 151 215
 321 151 215
  70 154 215
 204 154 215
 255 154 215
 143 155 215
 324 156 215
 111 157 215
 214 158 215
 278 159 215
  58 160 215
 230 160 215
 194 161 215
 241 161 215
 103 162 215
  66 163 215
 292 164 215
 128 166 215
 138 168 215
 266 168 215
   6 169 215
  68 169 215
  94 169 215
 206 169 215
 162 170 215
 306 170 215
 337 172 215
  28 174 215
 276 174 215
 117 176 215
 171 177 215
 357 177 215
  53 178 215
 298 178 215
   5 179 215
 196 179 215
 223 179 215
  31   0 216
 105   0 216
 112   0 216
 184   0 216
 209   0 216
 314   0 216
 350   0 216
 233   5 216
 141   7 216
 173   7 216
 294   7 216
 245   8 216
 193   9 216
 338   9 216
  18  10 216
 101  12 216
 343  12 216
 113  14 216
 232  18 216
  98  20 216
 145  21 216
 123  22 216
 113  25 216
 201  26 216
 263  26 216
   5  28 216
 327  28 216
 358  28 216
  92  29 216
 209  29 216
 350  30 216
  19  31 216
  29  31 216
 142  32 216
 184  34 216
 284  34 216
 115  35 216
  31  39 216
 234  39 216
 222  40 216
 335  41 216
 353  42 216
  85  43 216
 180  43 216
 109  44 216
 305  44 216
  74  45 216
 139  45 216
  19  46 216
  46  47 216
 241  47 216
 225  48 216
 344  48 216
  86  49 216
 203  49 216
 266  50 216
 216  53 216
 136  55 216
 319  55 216
 203  56 216
 309  56 216
 358  57 216
  15  59 216
  30  59 216
  73  59 216
 105  60 216
 123  60 216
   5  61 216
 155  61 216
 239  61 216
 341  61 216
 324  62 216
 128  63 216
  21  65 216
 351  65 216
 315  67 216
  59  69 216
 103  71 216
 215  71 216
  79  72 216
 176  72 216
 245  72 216
 119  73 216
 252  74 216
  65  75 216
 232  77 216
 325  79 216
  73  80 216
 170  80 216
 111  82 216
  81  84 216
  19  85 216
 269  85 216
 316  85 216
  58  86 216
  67  88 216
 357  88 216
 273  89 216
 291  89 216
  26  90 216
 157  90 216
 169  92 216
 332  93 216
 213  96 216
 141  97 216
 280 100 216
  57 101 216
 121 101 216
 129 101 216
 198 101 216
 243 101 216
   5 106 216
 313 106 216
 109 109 216
 147 110 216
 289 110 216
 337 110 216
 261 112 216
  12 113 216
 296 115 216
 308 115 216
 342 115 216
 200 117 216
 128 118 216
  45 119 216
 147 123 216
 267 123 216
  13 124 216
  53 124 216
 244 124 216
 312 124 216
  70 125 216
 290 126 216
 109 128 216
 206 129 216
  95 130 216
  80 131 216
 220 132 216
  70 133 216
 146 133 216
 185 133 216
 280 134 216
 322 135 216
  98 136 216
  52 139 216
  18 141 216
  85 142 216
 292 142 216
 102 145 216
 243 145 216
   6 148 216
 283 148 216
 267 149 216
  25 151 216
  80 154 216
 169 154 216
 349 155 216
 172 159 216
 207 159 216
  37 160 216
 116 160 216
 161 160 216
 336 160 216
   1 162 216
 218 162 216
 250 162 216
 351 164 216
  14 167 216
  52 168 216
 172 169 216
 284 169 216
 237 172 216
 106 173 216
 267 174 216
  76 175 216
 188 175 216
  17 176 216
  43 176 216
 347 176 216
  98 179 216
 135 179 216
  23   0 217
  44   0 217
  83   0 217
 158   0 217
 172   0 217
 260   0 217
 337   0 217
 357   0 217
 130   1 217
 261   6 217
 187   8 217
  73   9 217
 276  11 217
 208  16 217
 137  17 217
 186  17 217
 221  17 217
 334  17 217
  28  18 217
  64  18 217
 285  18 217
 170  19 217
 253  19 217
 296  20 217
 241  23 217
  68  27 217
 133  27 217
  38  29 217
 228  29 217
  57  30 217
 305  31 217
 343  31 217
 249  32 217
 107  33 217
  74  34 217
 257  34 217
 167  35 217
 146  36 217
 172  38 217
 195  39 217
 314  39 217
 207  40 217
 215  41 217
 264  41 217
 151  43 217
 133  44 217
 186  44 217
 288  44 217
 255  45 217
 279  46 217
   6  51 217
 116  51 217
 188  54 217
 262  58 217
 164  59 217
 112  60 217
 301  60 217
 146  61 217
 135  63 217
 202  63 217
 332  65 217
 262  67 217
 152  69 217
 233  69 217
 300  72 217
 343  72 217
  17  73 217
 163  73 217
 273  74 217
 205  75 217
 311  75 217
 216  77 217
  30  79 217
 126  79 217
 347  82 217
 336  83 217
 206  85 217
 223  85 217
  47  87 217
 186  87 217
 192  89 217
 214  89 217
 300  91 217
 308  91 217
  37  93 217
 236  93 217
  50  94 217
  69  94 217
 115  94 217
 251  97 217
 313  97 217
  22  98 217
  29 101 217
 300 103 217
 206 104 217
 216 108 217
 226 108 217
 133 109 217
 177 109 217
  57 110 217
  96 110 217
 183 110 217
 280 110 217
 317 110 217
  31 112 217
  37 113 217
 112 114 217
 234 114 217
 169 116 217
 328 116 217
  87 117 217
 175 117 217
 209 117 217
 245 117 217
 288 117 217
 192 118 217
 160 120 217
 259 120 217
  78 121 217
 306 123 217
  94 124 217
  24 125 217
  37 125 217
   0 126 217
 279 126 217
  57 128 217
 169 128 217
  14 130 217
 139 130 217
  62 131 217
 174 131 217
 303 131 217
 120 132 217
 198 133 217
 124 136 217
 268 137 217
 234 138 217
 166 139 217
 350 139 217
  67 141 217
  74 143 217
 198 143 217
 169 144 217
 298 145 217
 225 146 217
 252 147 217
  59 151 217
 288 151 217
 275 152 217
 128 153 217
 310 153 217
 192 155 217
  28 156 217
 101 157 217
  18 159 217
 154 159 217
 288 161 217
 136 162 217
 199 163 217
 343 163 217
  29 164 217
 107 165 217
 180 166 217
 260 167 217
 145 168 217
 155 171 217
 183 171 217
 247 172 217
  70 174 217
 213 174 217
 287 176 217
  33 179 217
 148 179 217
 160 179 217
 338 179 217
 138   0 218
 220   0 218
 289   0 218
 301   0 218
 321   0 218
 277   1 218
  35   3 218
 240   5 218
  97   6 218
 201   7 218
 252   7 218
 356   7 218
 129   9 218
 317   9 218
 152  13 218
  39  14 218
 308  14 218
  10  15 218
  19  16 218
 160  16 218
 240  16 218
 325  17 218
  77  18 218
 345  18 218
 109  22 218
 301  23 218
 101  24 218
 161  25 218
 270  25 218
 315  27 218
 337  27 218
  11  29 218
 270  32 218
 100  34 218
  21  36 218
 351  36 218
  66  40 218
 240  40 218
  57  42 218
  41  43 218
 313  46 218
  25  47 218
 336  47 218
 354  48 218
 297  51 218
 158  52 218
 271  52 218
 176  54 218
 233  54 218
 196  56 218
 221  56 218
  23  57 218
  97  57 218
 273  59 218
 247  60 218
 311  61 218
 231  62 218
  97  65 218
 115  65 218
 280  65 218
  14  66 218
  50  66 218
 192  68 218
   0  69 218
  36  69 218
 140  69 218
 240  69 218
 336  69 218
 158  70 218
  25  71 218
 352  71 218
 112  73 218
 182  73 218
 263  73 218
 140  76 218
 264  79 218
 196  80 218
 293  80 218
  66  81 218
 245  81 218
 141  82 218
  96  83 218
  34  84 218
 149  84 218
 282  84 218
 227  89 218
 245  89 218
  11  90 218
 265  94 218
  98  95 218
 358  95 218
 194  96 218
 151  98 218
  84 100 218
   1 102 218
 344 102 218
  91 103 218
 250 104 218
  74 106 218
 271 107 218
 126 109 218
 305 109 218
  80 110 218
 161 110 218
 218 114 218
 103 117 218
 146 117 218
 347 117 218
  23 118 218
 118 118 218
  63 119 218
 253 119 218
 338 123 218
 104 124 218
  30 126 218
 341 128 218
  46 131 218
  86 132 218
 210 132 218
 350 132 218
 108 135 218
 190 136 218
  37 137 218
   7 138 218
 177 138 218
 220 139 218
  58 140 218
 155 140 218
 210 141 218
 356 141 218
 110 142 218
 306 142 218
  97 143 218
 335 144 218
  21 147 218
 344 147 218
  39 148 218
  88 151 218
 109 151 218
 226 152 218
 149 156 218
 183 157 218
 314 157 218
  86 159 218
  73 161 218
 122 161 218
 324 162 218
 234 163 218
  92 164 218
 280 164 218
 222 165 218
  42 167 218
 296 167 218
 114 168 218
 226 170 218
  99 171 218
 126 173 218
 313 174 218
  61 175 218
 132 175 218
  88 177 218
 202 179 218
 229 179 218
 251 179 218
 259 179 218
 320 179 218
 331 179 218
  51   0 219
  59   0 219
  67   0 219
 118   0 219
 151   0 219
 190   0 219
 227   0 219
 329   0 219
  11   4 219
  89   5 219
 163   6 219
 209   6 219
 306   6 219
  48   8 219
 122   8 219
 286   8 219
 332   9 219
   3  11 219
 268  14 219
 194  15 219
  86  18 219
  56  20 219
 176  20 219
 288  22 219
 347  23 219
 149  24 219
 257  25 219
 189  26 219
 123  28 219
 240  30 219
  45  31 219
  85  31 219
 193  32 219
  60  34 219
 128  35 219
 293  35 219
 334  35 219
 359  35 219
  91  36 219
 324  36 219
 343  38 219
 296  40 219
 100  41 219
 277  41 219
  34  43 219
 171  45 219
 196  45 219
 124  46 219
 155  46 219
 327  46 219
 232  47 219
 112  48 219
 143  48 219
  78  49 219
 245  50 219
 289  50 219
 304  51 219
 127  52 219
 254  52 219
  46  53 219
  57  53 219
 337  54 219
  64  56 219
  80  57 219
 349  57 219
 288  62 219
  67  66 219
  89  68 219
 204  68 219
 171  69 219
 222  69 219
 127  70 219
  52  71 219
   6  73 219
 283  73 219
 318  74 219
  43  75 219
 189  76 219
 302  77 219
 162  80 219
   9  81 219
 256  82 219
 201  83 219
 305  83 219
 325  85 219
  74  86 219
  87  88 219
 164  88 219
 257  88 219
  97  89 219
 177  89 219
 328  90 219
 126  91 219
 282  91 219
 205  92 219
 345  93 219
  41  96 219
 227  96 219
 271  96 219
 335  97 219
 161  98 219
 169  98 219
 295  99 219
 180 101 219
  45 102 219
  14 103 219
 141 103 219
 260 103 219
  67 104 219
 191 107 219
 154 108 219
  21 109 219
 102 111 219
 322 112 219
 139 114 219
   2 115 219
  42 115 219
 272 115 219
 239 116 219
 182 117 219
 226 117 219
  52 118 219
 299 119 219
  10 120 219
 320 121 219
 136 122 219
 329 122 219
 200 123 219
 227 123 219
 273 123 219
 152 125 219
 234 125 219
 186 126 219
 159 127 219
 296 127 219
 247 128 219
   5 129 219
 260 129 219
 310 131 219
  20 133 219
  32 133 219
 231 133 219
 332 134 219
 132 138 219
 252 138 219
  43 139 219
 314 139 219
 141 141 219
 192 141 219
 238 142 219
 179 143 219
 323 143 219
 275 144 219
 158 145 219
 261 145 219
 147 147 219
 183 147 219
 201 147 219
 190 149 219
 349 149 219
  52 151 219
  67 151 219
  95 151 219
 301 151 219
 119 152 219
 237 152 219
 357 152 219
  43 153 219
 293 153 219
   6 154 219
 244 154 219
  13 155 219
 260 155 219
 333 156 219
 299 159 219
 268 161 219
 305 161 219
 316 162 219
 257 163 219
  60 164 219
 153 166 219
  35 167 219
 202 167 219
 326 167 219
 335 167 219
 354 168 219
 121 169 219
  12 174 219
  50 175 219
 294 175 219
 142 177 219
 239 177 219
 278 178 219
  21 179 219
 106 179 219
 175 179 219
 269 179 219
   6   0 220
 178   0 220
 250   0 220
 269   0 220
 313   6 220
 349   6 220
 151   7 220
 179   7 220
  66   8 220
  79   9 220
 265   9 220
  28  11 220
  56  11 220
 134  11 220
 219  12 220
 253  13 220
 105  14 220
 168  14 220
 119  16 220
 202  16 220
 279  16 220
 316  16 220
  47  18 220
   2  19 220
 226  19 220
  11  21 220
  31  22 220
  38  22 220
 208  22 220
 334  23 220
 184  24 220
 307  24 220
 216  25 220
  75  26 220
 168  27 220
 116  28 220
 279  28 220
 290  28 220
 202  31 220
 136  33 220
 220  33 220
 156  34 220
  12  36 220
 119  37 220
 272  37 220
  26  38 220
  77  38 220
 228  39 220
 249  39 220
 304  39 220
  13  42 220
  92  43 220
   2  44 220
 215  47 220
 318  48 220
  97  49 220
  12  51 220
 346  52 220
 259  54 220
 209  56 220
 179  58 220
 322  58 220
  37  60 220
 188  60 220
 213  60 220
 168  62 220
 359  62 220
 251  63 220
 217  64 220
  80  65 220
 120  67 220
  96  72 220
 290  73 220
  60  74 220
  81  76 220
 104  76 220
 335  76 220
 226  77 220
 238  77 220
  87  78 220
 120  78 220
  17  79 220
  45  80 220
 358  82 220
 118  86 220
  23  87 220
 339  87 220
  61  89 220
 106  89 220
 134  90 220
  77  91 220
 293  93 220
 179  94 220
 351  94 220
 106  96 220
 217  98 220
 325  98 220
 236  99 220
 285 101 220
 110 102 220
 134 102 220
 171 103 220
 350 103 220
 266 105 220
 122 106 220
 199 106 220
 236 106 220
  29 107 220
 210 107 220
 242 107 220
 351 109 220
  86 111 220
 357 113 220
  71 114 220
  93 118 220
 217 121 220
 349 122 220
  66 123 220
 121 124 220
 128 124 220
 286 124 220
  81 125 220
 133 130 220
 321 130 220
 161 132 220
 286 133 220
 151 134 220
  92 137 220
 287 140 220
 343 140 220
 122 143 220
 133 144 220
  33 145 220
 315 145 220
  78 146 220
 327 147 220
 212 150 220
 135 152 220
 165 152 220
 268 154 220
 198 155 220
 250 155 220
 228 157 220
  52 158 220
 129 161 220
 165 162 220
 175 162 220
   6 163 220
  21 163 220
 188 163 220
 211 164 220
 243 164 220
 273 164 220
  78 167 220
  84 168 220
 191 168 220
 343 169 220
 358 172 220
   5 174 220
 194 174 220
 305 175 220
  80 177 220
 219 178 220
  75   0 221
 125   0 221
 144   0 221
 197   0 221
 234   0 221
 295   0 221
 344   3 221
  25   4 221
 106   4 221
 281   4 221
  16   6 221
  38   7 221
 299   7 221
 114   8 221
 214   8 221
 325   8 221
 143  10 221
 227  10 221
  95  13 221
 302  14 221
 143  17 221
 271  18 221
  69  19 221
 355  19 221
 130  20 221
  21  21 221
  93  21 221
 327  22 221
 235  24 221
 155  25 221
 175  27 221
  53  28 221
 318  31 221
 179  33 221
 213  33 221
  37  35 221
 161  36 221
 109  37 221
 139  38 221
 285  38 221
  51  40 221
  83  40 221
 165  44 221
  68  45 221
 175  48 221
 188  48 221
 104  49 221
  39  50 221
 207  50 221
 281  50 221
  31  51 221
  89  51 221
 134  51 221
 146  52 221
 359  52 221
  17  53 221
 164  53 221
 119  55 221
 330  55 221
 104  56 221
  70  57 221
  89  58 221
 280  58 221
  47  59 221
 266  60 221
   9  62 221
 294  63 221
 304  63 221
 328  63 221
  60  64 221
 149  64 221
 105  65 221
 179  65 221
 257  65 221
 345  65 221
 271  66 221
  43  68 221
  72  68 221
 309  68 221
 134  69 221
 328  72 221
  73  74 221
 256  75 221
 149  76 221
 210  76 221
 156  77 221
 354  77 221
 274  79 221
 131  80 221
 180  80 221
 107  81 221
  57  82 221
 314  82 221
 215  83 221
 235  85 221
 152  88 221
 263  89 221
 317  89 221
  34  90 221
 141  90 221
  14  94 221
  63  94 221
 320  94 221
 245  95 221
  79  96 221
 208  96 221
 307  97 221
  53  98 221
 118  99 221
 186 102 221
  97 103 221
  37 104 221
 151 104 221
 223 104 221
 331 105 221
  51 106 221
 294 109 221
 250 110 221
 257 111 221
 341 111 221
 201 112 221
 283 113 221
 190 114 221
 126 115 221
 154 117 221
 312 117 221
  30 118 221
 168 122 221
 194 122 221
 208 123 221
  43 125 221
 254 127 221
 218 129 221
 239 129 221
 272 130 221
 103 131 221
 225 131 221
 264 132 221
 344 132 221
 356 133 221
  74 134 221
 141 134 221
  51 135 221
 202 135 221
 275 135 221
 296 135 221
  24 136 221
 247 136 221
 301 138 221
 117 140 221
  29 141 221
  13 142 221
  47 144 221
 268 144 221
  86 146 221
 103 149 221
 175 151 221
 157 152 221
 218 152 221
 329 152 221
  75 154 221
 279 154 221
 140 155 221
  34 156 221
 342 157 221
 107 158 221
 358 158 221
  44 159 221
  80 159 221
 350 160 221
 141 163 221
  98 164 221
  11 165 221
 308 165 221
  49 166 221
  64 167 221
 166 168 221
 289 168 221
  22 169 221
 234 169 221
 253 171 221
 262 171 221
 273 171 221
 174 172 221
 209 172 221
  40 174 221
  31 175 221
 157 175 221
 328 175 221
 113 178 221
 182 178 221
  93 179 221
 244 179 221
 349 179 221
  97   0 222
 163   0 222
 204   0 222
 169   6 222
 241  10 222
 189  11 222
 233  11 222
 290  11 222
 181  12 222
 339  12 222
  84  13 222
 352  14 222
 125  17 222
 258  18 222
 230  22 222
 246  22 222
 201  23 222
 276  24 222
  84  25 222
   2  26 222
  22  27 222
 249  27 222
 353  27 222
 108  28 222
 263  29 222
  67  33 222
 281  33 222
 205  35 222
 225  35 222
   5  36 222
 185  36 222
 263  36 222
 147  40 222
 254  41 222
 121  42 222
 350  42 222
 202  45 222
 265  45 222
  59  46 222
 239  46 222
 221  48 222
  72  49 222
 309  53 222
 151  54 222
 227  55 222
 111  56 222
 245  56 222
 137  57 222
 199  59 222
  26  60 222
 128  60 222
 337  60 222
 157  62 222
 319  66 222
 197  69 222
 228  69 222
  13  72 222
 248  72 222
  29  73 222
 171  75 222
 345  75 222
  36  77 222
  93  80 222
  51  81 222
 172  81 222
 229  81 222
 279  81 222
  70  83 222
 295  84 222
   1  86 222
   7  88 222
  42  88 222
  49  90 222
 218  90 222
  89  93 222
 186  93 222
 286  94 222
  20  95 222
 126  97 222
 257  98 222
  26  99 222
 197  99 222
 275  99 222
  64 100 222
 312 102 222
   8 103 222
 102 105 222
 317 105 222
 324 105 222
 337 106 222
 113 108 222
 173 108 222
  14 109 222
  67 110 222
 308 112 222
 164 113 222
 263 113 222
  49 114 222
  19 116 222
  75 117 222
  58 118 222
 111 119 222
 264 119 222
   4 120 222
 247 120 222
 174 123 222
 182 123 222
 355 123 222
 142 124 222
  15 125 222
  98 125 222
 112 125 222
  72 126 222
 308 126 222
  53 127 222
 331 127 222
 189 131 222
 178 132 222
 115 133 222
 168 133 222
  65 135 222
 240 135 222
   3 136 222
  79 136 222
 324 136 222
  85 138 222
 335 138 222
 206 139 222
 224 141 222
 256 141 222
  60 144 222
  69 144 222
 231 144 222
   4 145 222
 289 145 222
 245 146 222
  15 147 222
 207 148 222
  20 153 222
  59 157 222
  95 157 222
 203 157 222
 284 157 222
 112 160 222
 250 165 222
 283 167 222
  70 168 222
 108 169 222
  27 171 222
  89 171 222
 139 171 222
 346 173 222
 201 174 222
 319 174 222
  72 177 222
  54 178 222
  64 178 222
 165 178 222
  14 179 222
 119 179 222
 212 179 222
   0   0 223
  86   0 223
 241   0 223
 256   0 223
 263   0 223
 313   0 223
 340   0 223
 133   1 223
 322   4 223
 272   7 223
  17  12 223
  69  12 223
 246  12 223
 157  13 223
 344  14 223
 113  15 223
 148  19 223
 319  20 223
  49  23 223
 134  23 223
  96  25 223
  61  27 223
 296  28 223
 310  28 223
  29  29 223
 100  29 223
 326  29 223
 341  30 223
  34  31 223
 234  31 223
 331  31 223
 300  32 223
 241  35 223
  44  37 223
 194  37 223
 310  39 223
 317  39 223
 336  39 223
 212  40 223
 326  40 223
 131  41 223
 342  44 223
  85  45 223
 258  45 223
 296  46 223
 182  47 223
 270  47 223
 331  48 223
  24  52 223
 192  52 223
 320  53 223
 238  54 223
 290  55 223
  56  59 223
 122  59 223
 142  61 223
 353  62 223
 237  64 223
  28  65 223
 190  65 223
 109  68 223
  83  69 223
 209  69 223
 281  69 223
 273  71 223
 146  72 223
 297  72 223
 116  75 223
 193  78 223
 288  80 223
  21  82 223
 136  82 223
 184  83 223
 248  83 223
 333  83 223
 346  86 223
 159  87 223
 123  88 223
 172  88 223
 202  88 223
 239  88 223
 270  88 223
 277  89 223
 304  89 223
 143  95 223
 157  95 223
   5  96 223
  34  97 223
  91  98 223
 162 103 223
 277 104 223
  79 105 223
 302 106 223
 143 107 223
 229 108 223
  39 109 223
  60 110 223
 178 111 223
  92 112 223
 134 112 223
 212 112 223
 145 113 223
 328 113 223
 295 115 223
 343 116 223
 284 119 223
  35 120 223
 303 121 223
 267 124 223
 292 124 223
  87 126 223
  20 127 223
 199 129 223
 126 131 223
  58 134 223
 313 134 223
 216 137 223
 102 138 223
 169 139 223
 146 142 223
 350 142 223
 172 144 223
 357 145 223
 126 146 223
 279 146 223
 300 146 223
 308 146 223
 338 148 223
 151 149 223
 233 149 223
 317 150 223
 194 151 223
  31 152 223
 182 153 223
 124 154 223
 306 154 223
 320 155 223
  66 157 223
 220 157 223
 209 158 223
 294 158 223
 157 159 223
 233 159 223
  37 160 223
 149 161 223
 182 162 223
 333 162 223
 132 165 223
 318 166 223
 300 168 223
 217 170 223
 238 172 223
 149 173 223
 226 177 223
 298 177 223
 337 177 223
  43 178 223
 100 178 223
 264 178 223
 126 179 223
 283 179 223
 308 179 223
 356 179 223
  33   0 224
  40   0 224
 156   0 224
 184   0 224
 211   0 224
  46   1 224
 222   1 224
  61   3 224
   1   7 224
 197   9 224
   8  10 224
  42  10 224
  51  10 224
 203  10 224
 312  12 224
  59  14 224
 331  14 224
  30  15 224
 173  15 224
 212  15 224
 293  15 224
 218  18 224
 181  19 224
 195  19 224
 263  20 224
 163  21 224
 294  21 224
  73  22 224
 342  22 224
  13  25 224
 139  25 224
 221  26 224
 143  29 224
 256  30 224
  74  32 224
 126  32 224
 117  33 224
 147  33 224
  19  35 224
 168  35 224
  29  41 224
 153  41 224
 232  41 224
 289  41 224
  19  42 224
 112  42 224
 356  43 224
  53  45 224
 278  46 224
 301  48 224
   7  49 224
  78  54 224
 156  56 224
 168  56 224
 263  56 224
   6  58 224
 229  60 224
  16  61 224
  93  61 224
  39  64 224
 172  64 224
 244  64 224
 161  65 224
 339  65 224
 264  67 224
 358  68 224
  93  69 224
   3  70 224
 181  70 224
  56  72 224
 235  72 224
 164  73 224
 309  74 224
 217  75 224
 264  75 224
  65  76 224
 126  77 224
 200  78 224
 328  78 224
 266  80 224
  39  81 224
  80  82 224
  99  83 224
 113  84 224
  29  86 224
  84  86 224
 195  87 224
 351  88 224
 332  91 224
 113  93 224
 224  93 224
 252  94 224
 150  95 224
 133  96 224
 231  97 224
 265  97 224
  72  98 224
 300  98 224
 339  98 224
 210 101 224
 356 102 224
 289 103 224
   0 106 224
  84 107 224
 280 108 224
 185 111 224
  30 112 224
 121 112 224
 235 112 224
 333 115 224
 101 116 224
 203 117 224
  81 118 224
 242 118 224
 318 118 224
 163 120 224
 233 120 224
 254 121 224
 324 122 224
 343 123 224
  37 125 224
 147 126 224
  26 128 224
 210 128 224
  43 131 224
  11 134 224
 264 138 224
 279 138 224
 159 139 224
 186 139 224
 106 141 224
  54 143 224
 195 143 224
  93 144 224
 115 147 224
 255 148 224
 260 150 224
 342 151 224
  89 153 224
 350 154 224
 103 155 224
 173 158 224
   3 160 224
 239 160 224
 263 161 224
 117 163 224
 342 163 224
 158 165 224
 103 166 224
 198 166 224
  54 168 224
 225 168 224
 181 170 224
 115 171 224
 275 176 224
   6 179 224
 136 179 224
 254 179 224
  11   0 225
  23   0 225
  54   0 225
 103   0 225
 113   0 225
 169   0 225
 288   0 225
 301   0 225
 332   0 225
 351   0 225
  69   1 225
  78   3 225
 147   3 225
 190   3 225
 227   3 225
 137   4 225
 262   7 225
  92   8 225
 155   8 225
 124   9 225
 280  10 225
 102  11 225
  22  14 225
 163  14 225
   8  17 225
 189  18 225
 284  19 225
 303  19 225
  60  20 225
  82  20 225
 116  22 225
 209  26 225
 193  27 225
 163  28 225
  87  32 225
 271  32 225
 345  33 225
 353  33 225
  52  34 225
  99  36 225
 246  37 225
 172  40 225
 197  41 225
 101  43 225
 159  43 225
 138  44 225
 246  45 225
 309  47 225
 119  49 225
 287  49 225
 343  50 225
 354  51 225
  43  52 225
 200  52 225
 221  54 225
 254  55 225
 273  56 225
 300  56 225
  82  58 225
 311  59 225
 208  61 225
 316  62 225
  71  63 225
 130  65 225
  53  67 225
 219  67 225
 141  68 225
 114  70 225
 287  70 225
 322  70 225
  19  72 225
 189  72 225
 341  72 225
 302  74 225
   4  77 225
 312  78 225
 321  78 225
  29  79 225
 148  82 225
 302  83 225
 257  84 225
  60  85 225
 287  87 225
 101  88 225
 311  89 225
  70  90 225
 209  90 225
 242  92 225
 174  93 225
 337  93 225
 359  93 225
 101  95 225
 193  95 225
  49  96 225
 178  99 225
 345  99 225
 219 102 225
 242 102 225
 248 103 225
 137 104 225
  26 105 225
 194 107 225
   8 109 225
 154 111 225
 219 111 225
 351 114 225
  12 116 225
 194 116 225
  65 117 225
 223 117 225
 276 117 225
 135 118 225
  50 122 225
 225 122 225
   8 125 225
  59 127 225
 153 127 225
 235 127 225
 314 127 225
 279 128 225
  90 130 225
 353 130 225
 157 131 225
 256 131 225
 292 131 225
 136 132 225
  35 133 225
 145 136 225
 181 136 225
 232 136 225
 318 136 225
 329 138 225
  39 140 225
  23 142 225
 217 143 225
  75 144 225
 335 144 225
  41 145 225
 137 145 225
 271 147 225
   7 149 225
 292 149 225
  60 150 225
  47 152 225
 168 154 225
 273 155 225
 129 156 225
  22 158 225
 309 158 225
 328 158 225
  12 159 225
 258 159 225
  74 160 225
  87 161 225
 194 161 225
  26 162 225
  46 163 225
 297 163 225
 351 165 225
  14 168 225
 172 168 225
   4 169 225
 146 169 225
 310 169 225
 356 169 225
 123 170 225
 335 172 225
  94 173 225
 244 173 225
 189 174 225
 290 178 225
  24 179 225
  83 179 225
 150 179 225
 171 179 225
 193 179 225
 203 179 225
 321 179 225
 120   0 226
 247   0 226
 272   0 226
 280   0 226
 319   0 226
  90   3 226
 305   3 226
 175   5 226
 289   6 226
 255   7 226
 332   7 226
 352   7 226
 309   8 226
  80  11 226
 137  11 226
 208  12 226
 319  12 226
 107  15 226
 253  16 226
  41  17 226
 225  17 226
 275  19 226
 333  19 226
 242  20 226
 309  20 226
 153  21 226
 349  21 226
  43  22 226
 173  22 226
 124  23 226
 286  24 226
 321  25 226
 180  26 226
 186  27 226
   4  30 226
  15  30 226
 155  30 226
 224  30 226
 111  31 226
 287  32 226
  61  33 226
  79  34 226
 131  34 226
  91  35 226
 303  36 226
 273  39 226
   7  40 226
  36  40 226
  67  41 226
 218  41 226
 177  42 226
  44  43 226
 317  45 226
 144  47 226
 233  47 226
 113  48 226
 127  49 226
  60  51 226
 211  51 226
  52  52 226
  93  52 226
 182  53 226
  33  54 226
  64  55 226
 345  56 226
 333  57 226
 183  59 226
 113  60 226
 103  61 226
 290  61 226
 281  62 226
 254  63 226
 298  64 226
 256  70 226
 100  71 226
 201  71 226
 243  71 226
  44  72 226
 222  77 226
 349  77 226
 241  79 226
   8  80 226
 155  82 226
 139  86 226
 189  86 226
 325  86 226
  90  87 226
 165  87 226
  13  89 226
 128  90 226
  59  93 226
 296  93 226
 163  95 226
 313  95 226
  41  96 226
 323  96 226
 269 100 226
  19 101 226
  57 101 226
  75 102 226
 169 102 226
 203 102 226
 112 103 226
 181 103 226
  48 104 226
  92 104 226
 130 104 226
 256 104 226
 120 105 226
 346 105 226
 289 110 226
 316 111 226
 270 112 226
  44 113 226
 359 114 226
 301 115 226
 108 116 226
 120 119 226
 126 120 226
  85 121 226
 138 122 226
  68 124 226
 104 125 226
 186 125 226
 347 126 226
 245 127 226
 166 128 226
  75 129 226
 300 129 226
 111 131 226
  94 133 226
  17 135 226
 126 137 226
 193 138 226
  68 139 226
 135 140 226
 241 140 226
 111 143 226
  30 145 226
  82 145 226
 160 145 226
 203 146 226
 224 147 226
 145 149 226
 248 149 226
  97 150 226
 163 150 226
  83 152 226
 117 152 226
 358 152 226
 143 157 226
 251 157 226
 224 160 226
 275 160 226
  94 163 226
  77 165 226
 213 165 226
 277 165 226
  37 166 226
 205 166 226
 135 169 226
 161 169 226
  79 170 226
 258 170 226
 267 170 226
 329 170 226
  62 173 226
 283 173 226
 162 175 226
  34 177 226
 106 178 226
  76 179 226
 128   0 227
 199   1 227
 234   3 227
 340   6 227
  31   8 227
 148   9 227
 264  12 227
 272  13 227
   0  14 227
 235  14 227
  91  15 227
  33  19 227
 359  22 227
 108  23 227
  89  24 227
 255  24 227
  51  27 227
 202  27 227
 241  28 227
 213  29 227
  41  30 227
 190  35 227
 258  35 227
 227  38 227
  62  39 227
 206  39 227
  79  41 227
 328  44 227
  91  45 227
 251  47 227
  19  48 227
 150  49 227
 165  49 227
 100  52 227
 130  53 227
 325  56 227
  12  58 227
 191  58 227
  50  60 227
  66  60 227
 276  60 227
 348  60 227
  85  62 227
 201  62 227
  20  64 227
 331  65 227
 123  66 227
  75  68 227
 352  68 227
 153  69 227
 174  69 227
  39  70 227
  62  72 227
  85  73 227
 157  73 227
  24  74 227
 122  74 227
  75  75 227
 208  75 227
  48  76 227
 274  76 227
  89  77 227
 135  77 227
 180  77 227
 256  78 227
 164  79 227
 355  79 227
  14  81 227
 340  81 227
 224  82 227
 232  83 227
  53  84 227
  21  88 227
 233  89 227
 292  90 227
  29  92 227
   9  98 227
 104  99 227
 328  99 227
 236 101 227
 154 104 227
 210 107 227
 327 107 227
  55 109 227
 101 110 227
 261 110 227
 160 112 227
 241 112 227
  74 113 227
 252 113 227
 185 117 227
 171 118 227
  21 119 227
 209 119 227
 336 119 227
 288 122 227
 275 124 227
 194 125 227
 176 126 227
 326 127 227
 216 128 227
 122 129 227
 224 129 227
 250 129 227
 334 129 227
 304 132 227
  28 133 227
  48 133 227
 359 133 227
 226 134 227
 260 134 227
  99 135 227
 344 135 227
 271 137 227
 306 137 227
 291 138 227
  50 139 227
 347 139 227
 248 140 227
 295 141 227
 319 142 227
 177 145 227
 328 145 227
 182 147 227
 283 148 227
 350 148 227
 239 149 227
  66 151 227
  40 152 227
 188 152 227
 209 152 227
 135 157 227
 289 157 227
 189 159 227
  53 162 227
  65 163 227
 241 165 227
 325 166 227
 231 168 227
 253 168 227
  18 171 227
  44 171 227
  21 175 227
  50 176 227
 181 176 227
 221 176 227
 347 177 227
 248 178 227
 303 178 227
 230 179 227
  17   0 228
 217   0 228
 250   4 228
  25   5 228
  69   7 228
 181   7 228
  15   8 228
  38   8 228
 118   8 228
 294   9 228
 344   9 228
  56  11 228
 186  11 228
 128  12 228
 219  12 228
 300  12 228
  71  15 228
 138  17 228
  14  18 228
  22  20 228
 235  21 228
 266  23 228
 336  23 228
  72  28 228
 336  30 228
 320  32 228
 295  33 228
 312  33 228
  28  34 228
 163  34 228
 325  34 228
 140  36 228
 355  38 228
 109  39 228
 264  41 228
 338  42 228
 188  43 228
  70  45 228
 209  46 228
  79  48 228
 265  48 228
  31  49 228
 176  49 228
   1  50 228
 237  50 228
 155  51 228
 135  55 228
 241  56 228
   1  57 228
 140  57 228
 161  58 228
 172  58 228
 223  59 228
  34  60 228
 265  60 228
 213  63 228
 149  64 228
 231  64 228
 136  66 228
 303  67 228
 104  74 228
 290  74 228
 172  77 228
 110  78 228
 279  78 228
 294  78 228
 209  81 228
  46  84 228
 119  84 228
 178  85 228
 265  86 228
 358  86 228
  77  89 228
 144  90 228
  93  91 228
 220  91 228
 248  92 228
 201  93 228
 261  95 228
 278  95 228
 282  98 228
 151 100 228
 304 100 228
  85 101 228
  40 103 228
 189 103 228
 308 104 228
  32 105 228
 271 105 228
 314 105 228
  66 106 228
 170 108 228
 349 109 228
 296 110 228
  33 115 228
   4 117 228
  46 118 228
 150 119 228
  92 120 228
 113 120 228
 215 120 228
 260 120 228
 308 120 228
  56 122 228
 204 129 228
  81 130 228
 286 130 228
   8 131 228
  67 131 228
 337 134 228
 175 136 228
 204 136 228
 153 139 228
 283 140 228
 310 140 228
   3 141 228
  16 142 228
  56 147 228
  15 150 228
 228 150 228
 301 150 228
  72 152 228
 326 153 228
 152 154 228
 215 155 228
 108 156 228
 341 157 228
 178 159 228
 314 160 228
 349 160 228
  31 164 228
 110 164 228
 304 169 228
  85 171 228
 342 171 228
 290 172 228
 314 172 228
 100 173 228
  68 174 228
 126 174 228
   4 175 228
 211 175 228
 270 175 228
 114 177 228
 143 177 228
 131 178 228
 315 178 228
   3   0 229
 161   0 229
 206   0 229
 325   0 229
 106   3 229
 168   6 229
 110   7 229
  48   8 229
 354  12 229
 169  14 229
 152  15 229
 323  15 229
  99  18 229
 201  21 229
 313  23 229
  67  24 229
 100  24 229
  59  26 229
  81  26 229
 128  26 229
  23  27 229
 268  28 229
 245  31 229
 216  33 229
 339  34 229
   4  36 229
 119  36 229
 146  38 229
  52  40 229
 122  40 229
 279  40 229
  13  41 229
 166  41 229
 294  41 229
 346  41 229
 127  43 229
 302  43 229
 225  46 229
  26  47 229
 196  47 229
 282  47 229
  12  49 229
 270  50 229
 292  50 229
 317  51 229
 308  53 229
 248  56 229
  42  58 229
 197  59 229
 118  62 229
 324  63 229
 238  66 229
   9  67 229
 267  69 229
 332  71 229
 193  74 229
 269  74 229
 142  76 229
 333  77 229
 248  78 229
  35  79 229
  74  82 229
  66  84 229
 280  84 229
 320  84 229
 309  85 229
 107  87 229
 155  88 229
 346  89 229
  36  91 229
 119  91 229
   5  92 229
  81  92 229
 180  92 229
 188  93 229
 212  93 229
  95  96 229
 128  96 229
 145  96 229
 352  96 229
  16  97 229
  67  97 229
 287 100 229
 224 103 229
 336 104 229
 141 106 229
  19 107 229
  95 108 229
 203 108 229
 226 108 229
 144 110 229
 231 110 229
 129 111 229
  83 112 229
  20 113 229
 147 114 229
 324 116 229
 178 117 229
 270 118 229
 159 119 229
  98 122 229
 243 122 229
 298 123 229
  33 124 229
  24 125 229
 318 129 229
 193 132 229
 166 134 229
  82 136 229
 214 136 229
 238 136 229
 120 137 229
  99 142 229
   8 143 229
 126 143 229
 210 145 229
 261 145 229
 310 147 229
  34 148 229
 127 149 229
  21 151 229
 336 152 229
 268 154 229
 284 154 229
 238 156 229
   0 157 229
 155 158 229
  61 160 229
 167 160 229
 291 162 229
 267 163 229
 318 163 229
 121 164 229
 144 164 229
 250 164 229
 153 166 229
 179 166 229
 281 168 229
 196 172 229
 204 173 229
 169 175 229
 355 175 229
 259 178 229
 327 178 229
  70 179 229
  59   0 230
  84   0 230
  97   0 230
 134   0 230
 144   0 230
 153   0 230
 263   0 230
 312   0 230
 340   0 230
 240   3 230
 219   5 230
 281   5 230
 207   6 230
 315   8 230
 193  10 230
  86  11 230
 196  14 230
 283  14 230
 117  15 230
  55  18 230
 143  19 230
 298  20 230
 159  21 230
 226  22 230
   4  24 230
 277  24 230
 144  25 230
 351  25 230
 174  27 230
 234  28 230
 278  30 230
  98  32 230
 203  32 230
 177  33 230
 185  33 230
 252  34 230
 156  35 230
  44  36 230
  32  37 230
 103  37 230
 235  37 230
 327  39 230
 310  41 230
 109  46 230
 351  47 230
 336  50 230
 301  51 230
  82  52 230
 215  53 230
 112  54 230
 320  55 230
  19  57 230
 101  57 230
  56  60 230
 146  60 230
 176  61 230
   3  62 230
 249  62 230
 182  66 230
 282  67 230
 315  67 230
  33  68 230
  57  68 230
 187  68 230
 221  70 230
  11  72 230
 236  74 230
 130  76 230
 305  76 230
 147  78 230
  94  79 230
  24  80 230
 197  82 230
 214  83 230
 331  85 230
 343  85 230
 171  86 230
 199  87 230
 240  88 230
 271  88 230
 256  90 230
 169  94 230
 319  94 230
 300  95 230
 120  97 230
 109 100 230
   1 101 230
 263 101 230
 160 104 230
   6 106 230
 113 108 230
 285 108 230
 339 108 230
  69 110 230
 214 110 230
 247 112 230
  56 114 230
 318 115 230
 201 116 230
 232 116 230
 286 117 230
 329 118 230
 252 119 230
 342 119 230
 350 119 230
 235 121 230
   6 122 230
  76 122 230
 354 123 230
 161 124 230
 131 125 230
  42 127 230
 148 128 230
  60 131 230
 151 133 230
 267 133 230
  40 135 230
 113 135 230
 276 138 230
  29 139 230
  73 140 230
  90 141 230
 225 141 230
 257 142 230
 156 143 230
 142 144 230
  50 145 230
 171 145 230
 197 146 230
 298 146 230
 266 147 230
 320 147 230
 103 149 230
 200 153 230
 247 155 230
  52 156 230
  85 156 230
 306 156 230
  41 158 230
  93 158 230
   6 160 230
 200 160 230
  15 161 230
 228 162 230
  21 163 230
 135 163 230
  98 165 230
 168 166 230
 300 166 230
 337 166 230
 186 167 230
 111 170 230
  29 172 230
 154 172 230
 240 172 230
 155 178 230
 295 178 230
   9 179 230
  41 179 230
  54 179 230
  88 179 230
 241 179 230
 275 179 230
  34   0 231
  41   0 231
  48   0 231
  66   0 231
 182   0 231
 190   0 231
 231   0 231
 291   0 231
 298   0 231
 348   0 231
 355   0 231
   7   3 231
 274   3 231
 328   4 231
  97   7 231
   8   9 231
 226  11 231
 247  12 231
 332  12 231
 345  14 231
  47  15 231
  63  16 231
 174  16 231
 130  17 231
 210  17 231
 291  17 231
 256  18 231
 263  18 231
 247  19 231
 120  21 231
 213  21 231
 304  21 231
 194  22 231
 327  22 231
  35  23 231
 163  24 231
  13  25 231
  91  28 231
 133  28 231
 118  29 231
 303  30 231
 353  30 231
 241  40 231
 259  40 231
  88  41 231
 250  42 231
   0  45 231
  54  45 231
 134  45 231
  60  46 231
 171  48 231
 189  48 231
  41  49 231
  71  50 231
  88  53 231
 120  53 231
 339  54 231
 260  57 231
 229  59 231
  92  60 231
 297  60 231
  76  62 231
 352  62 231
  26  63 231
 162  63 231
 106  64 231
 204  65 231
  95  67 231
 165  67 231
 253  68 231
   0  71 231
 323  72 231
  67  73 231
 343  73 231
 228  74 231
 315  74 231
  15  75 231
  40  81 231
 101  82 231
 129  85 231
 248  86 231
 285  86 231
 302  86 231
   3  87 231
  56  87 231
  26  89 231
 334  89 231
 110  91 231
 226  91 231
  64  92 231
 135  95 231
  53  96 231
  84  96 231
 335  97 231
 202  98 231
 252  99 231
 355 100 231
  29 101 231
 125 105 231
 242 105 231
  12 107 231
  50 107 231
 277 107 231
 180 108 231
 190 108 231
 196 109 231
 308 114 231
 133 116 231
 296 116 231
  66 119 231
 223 120 231
 119 124 231
 141 124 231
 314 124 231
 269 125 231
 260 126 231
 107 129 231
 185 130 231
  14 131 231
 355 131 231
  23 132 231
 139 132 231
 235 132 231
 325 133 231
 140 139 231
 358 139 231
 195 141 231
 166 142 231
 339 143 231
 119 144 231
 348 144 231
  63 146 231
 354 150 231
  79 151 231
 131 152 231
  32 156 231
 163 156 231
 219 158 231
 119 159 231
 206 161 231
  75 162 231
 332 164 231
  42 165 231
 127 165 231
 217 166 231
 356 166 231
  51 169 231
 190 170 231
 142 172 231
 219 172 231
 175 176 231
 227 176 231
 341 178 231
 100 179 231
 333 179 231
  23   0 232
  77   0 232
 123   0 232
 167   0 232
 305   0 232
 268   2 232
  83   7 232
 143   7 232
 242   8 232
  24  11 232
  30  13 232
  98  13 232
 159  14 232
 110  15 232
 275  15 232
 314  15 232
  76  18 232
 184  20 232
  80  21 232
 220  21 232
 345  21 232
  45  23 232
 318  24 232
 110  26 232
 168  26 232
 288  26 232
 149  27 232
 291  30 232
  24  32 232
 225  32 232
  64  33 232
  12  34 232
  71  34 232
 195  34 232
  51  35 232
  80  36 232
 183  41 232
 317  41 232
 155  42 232
 220  42 232
 205  44 232
  99  46 232
 231  46 232
 140  47 232
 330  47 232
 259  49 232
 286  50 232
 180  51 232
 207  53 232
 158  54 232
 220  55 232
 273  55 232
 349  55 232
 187  56 232
  72  57 232
 291  57 232
 127  59 232
 308  59 232
 337  62 232
  43  63 232
 130  63 232
 277  64 232
 310  65 232
 341  66 232
  46  67 232
 194  67 232
 215  67 232
 260  68 232
  82  70 232
 115  70 232
 140  70 232
 286  70 232
 128  71 232
 168  71 232
 205  71 232
 351  73 232
 243  74 232
  56  75 232
   1  77 232
 116  77 232
  84  78 232
 156  78 232
 260  79 232
 190  82 232
 295  83 232
 164  84 232
 136  85 232
  15  90 232
  45  90 232
 310  90 232
 161  93 232
 274  93 232
 347  94 232
 100  97 232
 233  98 232
 179  99 232
 212  99 232
 323  99 232
 136 101 232
 296 104 232
  43 106 232
 106 109 232
  31 111 232
 114 114 232
 169 114 232
  86 116 232
 194 117 232
 204 120 232
  14 122 232
 184 122 232
 103 123 232
 168 124 232
 277 127 232
  55 128 232
 211 128 232
  92 131 232
 295 131 232
 130 132 232
  71 133 232
 249 134 232
 221 135 232
 298 135 232
 331 135 232
 254 137 232
 183 138 232
  45 139 232
  60 139 232
  82 142 232
 237 143 232
 229 144 232
 216 145 232
 278 148 232
 109 150 232
 176 150 232
 184 150 232
   9 151 232
 146 151 232
 232 153 232
  25 154 232
 255 154 232
 114 156 232
 260 157 232
 327 158 232
 281 162 232
 296 163 232
  83 164 232
 260 164 232
 272 164 232
   5 167 232
  64 168 232
 308 171 232
 259 172 232
 323 175 232
  32 176 232
  80 179 232
 118 179 232
 195 179 232
 282 179 232
 197   0 233
 257   0 233
 318   0 233
 125   5 233
 135   5 233
 152   7 233
  64   8 233
 307   9 233
  18  10 233
  41  10 233
 210  10 233
 257  10 233
 231  13 233
 337  15 233
   7  16 233
 356  16 233
 179  18 233
 329  27 233
  47  28 233
 261  30 233
   3  31 233
 209  32 233
 307  33 233
 134  34 233
 269  34 233
 275  38 233
  95  40 233
  21  41 233
  35  41 233
   6  50 233
  63  50 233
 144  50 233
  15  52 233
 240  52 233
  32  53 233
 195  55 233
  81  64 233
 154  64 233
 110  67 233
 296  67 233
  25  70 233
  49  71 233
  34  74 233
  72  75 233
 177  76 233
 183  77 233
 270  79 233
  17  81 233
 226  83 233
  85  84 233
 236  85 233
  73  88 233
 314  93 233
  25  96 233
  46  96 233
  73  96 233
 194  96 233
 241  96 233
 170  99 233
 217 101 233
 256 102 233
  87 104 233
 267 104 233
 325 104 233
  58 105 233
 303 105 233
  78 106 233
 165 109 233
 344 109 233
 358 109 233
  97 112 233
 265 112 233
 218 113 233
  76 114 233
 121 114 233
  38 116 233
 280 117 233
 332 122 233
  39 123 233
  51 123 233
 253 124 233
 174 125 233
  90 126 233
 224 126 233
 285 126 233
 345 128 233
 310 133 233
 317 135 233
 208 137 233
  24 138 233
 336 139 233
 188 140 233
  30 144 233
 243 145 233
 287 145 233
  91 146 233
 273 146 233
  72 147 233
  98 148 233
 247 148 233
 325 149 233
   0 151 233
 137 153 233
  61 154 233
 188 155 233
 293 155 233
 311 157 233
  67 159 233
  98 159 233
 237 162 233
 352 162 233
  49 164 233
 209 165 233
  25 166 233
 103 166 233
 173 167 233
 136 168 233
 321 169 233
  11 170 233
  54 173 233
  78 174 233
  62 176 233
  17 177 233
 162 177 233
 290 177 233
 108 178 233
 125 179 233
 186 179 233
 203 179 233
 306 179 233
 357 179 233
 113   0 234
 175   0 234
 237   0 234
  53   1 234
 356   5 234
  75   8 234
  89  17 234
  67  19 234
 234  19 234
  29  20 234
 186  25 234
  86  26 234
 246  26 234
 253  26 234
 194  28 234
  35  29 234
 334  29 234
 153  30 234
 317  31 234
 344  34 234
 166  35 234
 230  36 234
 353  36 234
 290  37 234
 113  38 234
 215  38 234
 176  39 234
  83  40 234
 115  45 234
 278  45 234
 158  46 234
 249  49 234
 234  50 234
 172  53 234
 147  54 234
 326  56 234
 239  60 234
  21  61 234
  10  62 234
 272  62 234
 329  62 234
 357  63 234
  67  67 234
 227  69 234
 299  71 234
  96  72 234
 173  73 234
 211  76 234
 285  77 234
 324  77 234
  46  81 234
 351  81 234
 326  82 234
 106  83 234
 122  84 234
 146  84 234
  93  85 234
 181  85 234
 218  85 234
 206  86 234
 150  88 234
 265  89 234
 293  91 234
 284  93 234
 153  94 234
 227  96 234
 292  99 234
  36 101 234
  75 101 234
 103 101 234
 151 103 234
 312 103 234
 330 106 234
 243 110 234
 254 110 234
 350 111 234
 156 112 234
  12 113 234
   2 114 234
 139 117 234
  61 118 234
  21 121 234
 309 122 234
  85 123 234
 207 124 234
 293 124 234
 194 125 234
 341 125 234
 124 126 234
 234 127 234
 244 127 234
   2 130 234
  99 132 234
 157 132 234
 174 132 234
 348 132 234
 108 134 234
 285 135 234
 271 137 234
 112 141 234
  13 142 234
 131 142 234
 317 143 234
 305 144 234
  44 146 234
 292 147 234
  19 148 234
 155 149 234
 349 149 234
  51 150 234
 218 150 234
 161 151 234
 302 153 234
 339 154 234
 346 160 234
 243 163 234
 251 168 234
 285 169 234
  73 170 234
 226 171 234
 270 172 234
 147 173 234
  39 175 234
 250 176 234
 349 176 234
  95 177 234
 180 177 234
 231 179 234
  15   0 235
 106   0 235
 209   0 235
 216   0 235
 282   0 235
 322   5 235
 333   5 235
  57   6 235
 181   6 235
 113   7 235
 222   7 235
 289   7 235
 295   8 235
 157   9 235
 172   9 235
 265  10 235
 300  10 235
 124  12 235
 201  13 235
 321  14 235
 140  15 235
 102  18 235
  14  19 235
 284  19 235
 276  20 235
 239  21 235
  20  23 235
 105  24 235
  56  25 235
 126  25 235
 219  28 235
 342  29 235
  60  30 235
 111  31 235
 123  34 235
 139  36 235
  72  39 235
 196  39 235
 331  40 235
 359  40 235
 296  42 235
 342  42 235
   7  43 235
 123  43 235
 200  43 235
  26  44 235
 166  44 235
 303  45 235
 320  45 235
 269  48 235
 307  49 235
 102  50 235
  45  51 235
  50  53 235
 125  54 235
 356  54 235
  62  58 235
 105  58 235
 265  58 235
 246  60 235
 139  65 235
 153  71 235
 255  77 235
   6  79 235
  57  80 235
 314  80 235
 341  80 235
  71  82 235
 117  82 235
  24  85 235
 190  88 235
 252  89 235
  94  91 235
 355  91 235
   7  93 235
 117  95 235
 126  95 235
 187  97 235
  12  98 235
 162  98 235
 142 101 235
 230 106 235
  63 107 235
  91 107 235
  25 109 235
 205 109 235
 334 109 235
 151 110 235
 233 111 235
 131 112 235
 182 112 235
 278 112 235
 106 115 235
  50 116 235
 268 116 235
  31 117 235
 154 120 235
 322 120 235
   0 122 235
  70 124 235
 156 125 235
   7 132 235
  35 132 235
 163 133 235
 262 134 235
 176 137 235
  55 138 235
   6 140 235
 212 140 235
 149 143 235
 256 147 235
 200 148 235
 207 150 235
 275 156 235
  37 157 235
 173 158 235
 321 158 235
 150 159 235
 193 159 235
 154 162 235
 162 162 235
  36 165 235
 110 165 235
 182 166 235
 307 166 235
 119 168 235
 197 168 235
  90 170 235
 128 170 235
 161 170 235
 341 170 235
 331 173 235
 275 174 235
 134 176 235
 210 178 235
  22 179 235
 148 179 235
 167 179 235
  29   0 236
  92   0 236
 245   0 236
 343   0 236
  98   2 236
  33   5 236
  40   5 236
 198   5 236
 284   5 236
 347   5 236
 187   7 236
 271  11 236
 310  13 236
  42  15 236
  54  15 236
 145  20 236
 357  21 236
 262  23 236
 205  24 236
 310  25 236
  95  29 236
 176  30 236
 248  36 236
 152  37 236
 238  37 236
  42  40 236
  62  40 236
 142  40 236
 127  46 236
 225  46 236
 348  46 236
  81  48 236
 282  48 236
  86  50 236
  26  51 236
 214  51 236
 320  52 236
 164  53 236
 289  53 236
  91  55 236
 114  55 236
 182  55 236
  53  57 236
 255  57 236
  33  58 236
 150  58 236
 223  58 236
 198  59 236
 211  60 236
  96  61 236
  38  62 236
  63  64 236
 186  65 236
 222  66 236
 318  67 236
  10  69 236
 278  69 236
 197  70 236
 241  70 236
 144  72 236
  28  74 236
 251  74 236
 303  74 236
 337  74 236
  39  76 236
 204  77 236
 277  78 236
 306  78 236
 161  80 236
  10  82 236
 231  84 236
  62  85 236
 173  87 236
  35  88 236
 325  89 236
 338  90 236
  38  92 236
 180  92 236
 269  92 236
 343  92 236
 208  96 236
  57  97 236
 195 101 236
 275 104 236
 316 108 236
 140 109 236
 210 111 236
 292 112 236
 189 113 236
 257 114 236
 219 118 236
 303 121 236
 110 122 236
  77 124 236
 324 125 236
  31 126 236
  62 126 236
 333 127 236
  20 129 236
 197 129 236
  47 132 236
  80 133 236
 123 133 236
 202 134 236
 243 134 236
 146 137 236
 225 138 236
 350 138 236
 126 140 236
  36 144 236
 174 145 236
 338 148 236
 228 150 236
 126 152 236
  81 154 236
  18 155 236
 236 155 236
 269 155 236
 108 156 236
 144 158 236
   0 159 236
 339 161 236
  58 162 236
 224 162 236
  89 163 236
   1 165 236
 316 168 236
  46 176 236
 240 176 236
 260 177 236
 298 178 236
 312 179 236
   6   0 237
 134   0 237
 144   0 237
 151   0 237
 263   0 237
 311   0 237
 251   1 237
  15   7 237
  70   7 237
 251  10 237
  85  11 237
 133  12 237
 116  13 237
 352  14 237
 193  15 237
 220  15 237
 326  16 237
 161  17 237
 170  17 237
 298  18 237
 340  18 237
 151  21 237
 289  21 237
 305  23 237
   3  24 237
  72  25 237
  78  27 237
 277  30 237
  19  31 237
 266  31 237
  39  32 237
 284  33 237
 161  34 237
 318  36 237
  16  40 237
  55  40 237
 100  41 237
 188  41 237
 260  42 237
 267  42 237
  46  43 237
  74  44 237
   9  53 237
 136  54 237
 296  56 237
 305  57 237
 173  58 237
 137  60 237
   1  66 237
  74  66 237
 123  66 237
 252  66 237
  21  67 237
 336  67 237
 348  67 237
 161  69 237
 233  70 237
 268  71 237
  84  73 237
 101  73 237
 108  74 237
 217  76 237
 132  77 237
 288  81 237
 168  85 237
 244  85 237
 354  85 237
 261  86 237
 199  87 237
 303  88 237
 106  89 237
 136  90 237
 330  91 237
 219  92 237
 139  94 237
 359  94 237
 302  96 237
  67  97 237
 249  98 237
  17 100 237
  26 101 237
 345 102 237
 115 103 237
 124 103 237
 225 104 237
  39 105 237
 175 106 237
 288 108 237
  48 111 237
 301 112 237
 320 113 237
 174 114 237
 244 115 237
  98 117 237
 354 117 237
  13 118 237
 120 120 237
 233 120 237
 140 122 237
 268 123 237
 187 124 237
 144 125 237
 219 125 237
 257 126 237
 273 126 237
 309 128 237
 144 132 237
  85 135 237
 279 135 237
 233 137 237
  70 138 237
  89 138 237
 288 139 237
 330 140 237
 197 144 237
 267 146 237
 332 147 237
 318 148 237
  58 149 237
  75 150 237
 101 151 237
  90 152 237
  31 154 237
 307 154 237
 129 156 237
 182 156 237
 208 156 237
 281 157 237
 136 159 237
 254 159 237
  46 160 237
 217 162 237
 301 165 237
  19 166 237
  70 166 237
 327 168 237
 233 170 237
 348 170 237
 290 171 237
 105 175 237
  56 177 237
   7 178 237
  88 178 237
 114 178 237
  69 179 237
  67   0 238
  85   0 238
 126   0 238
 160   0 238
 222   0 238
 276   0 238
 332   0 238
 169   1 238
   4   9 238
 103   9 238
  77  12 238
 236  12 238
 212  13 238
 186  15 238
 255  16 238
 330  19 238
  44  20 238
 244  22 238
 192  24 238
  30  25 238
 134  25 238
 209  27 238
  10  28 238
 225  28 238
 105  30 238
  87  31 238
 228  32 238
 297  35 238
 184  36 238
  93  37 238
 253  38 238
 209  39 238
 335  43 238
 214  44 238
 355  49 238
 338  51 238
 191  54 238
 338  58 238
 233  60 238
 318  60 238
 308  62 238
 266  63 238
  51  65 238
 177  65 238
 293  65 238
  84  66 238
 325  70 238
 125  71 238
 201  73 238
  88  76 238
 133  83 238
 315  86 238
 211  87 238
  28  88 238
  84  89 238
  47  91 238
 112  92 238
 277  93 238
  85  95 238
  51  96 238
 284 101 238
 264 102 238
 106 104 238
 128 106 238
  45 107 238
 199 108 238
  71 109 238
  92 112 238
  81 113 238
 335 114 238
 342 115 238
 246 120 238
 282 124 238
  97 126 238
 116 130 238
 300 131 238
  64 134 238
 185 134 238
 322 134 238
 102 135 238
  50 136 238
 251 137 238
 164 138 238
 356 139 238
 302 140 238
 190 143 238
 240 143 238
 116 144 238
  16 145 238
 355 148 238
 121 150 238
 246 153 238
 286 159 238
 328 160 238
 197 162 238
 264 165 238
   8 167 238
  27 169 238
 202 169 238
 220 172 238
 205 173 238
 356 175 238
 139 177 238
 174 178 238
  77 179 238
 276 179 238
 321 179 238
  58   0 239
 182   0 239
 232   0 239
 321   0 239
 357   0 239
 267   3 239
  46   5 239
 235   6 239
 242  13 239
 273  15 239
  22  16 239
  58  17 239
 176  18 239
 122  19 239
 223  19 239
 296  26 239
 314  27 239
 149  29 239
 117  30 239
 139  30 239
 329  30 239
 351  31 239
  27  34 239
 358  35 239
   9  36 239
 112  43 239
 154  45 239
  62  46 239
 232  47 239
 240  48 239
  72  52 239
 284  52 239
  16  54 239
   1  55 239
  75  58 239
 116  59 239
 164  59 239
 203  60 239
 346  62 239
  43  63 239
  53  70 239
 187  70 239
 351  71 239
   1  73 239
  59  73 239
  21  75 239
 241  78 239
 143  79 239
 156  79 239
 188  81 239
 292  84 239
  17  85 239
  70  88 239
 246  90 239
 173  93 239
 223  95 239
 315  95 239
  95  96 239
 257  96 239
   6  99 239
 327 100 239
 189 101 239
 240 101 239
 304 101 239
 357 102 239
 169 103 239
  82 104 239
 160 105 239
   8 112 239
  28 112 239
 112 114 239
 163 115 239
 212 115 239
  58 116 239
 259 118 239
 132 120 239
 172 122 239
 178 123 239
 162 124 239
  45 125 239
 352 125 239
 226 131 239
 313 134 239
  37 137 239
 266 137 239
 102 142 239
 167 142 239
 184 142 239
 278 143 239
  71 144 239
 309 145 239
   5 146 239
 152 146 239
  47 148 239
 223 149 239
 297 153 239
 320 153 239
  23 156 239
 190 156 239
  56 157 239
 352 158 239
  68 161 239
 259 161 239
  83 163 239
 117 163 239
 170 166 239
 176 167 239
 242 168 239
  34 172 239
 131 173 239
  16 175 239
 186 175 239
  65 176 239
 294 176 239
 245 177 239
 305 177 239
 253 178 239
 156 179 239
 189 179 239
 220 179 239
 266 179 239
 330 179 239
 116   0 240
 189   0 240
 197   0 240
 293   0 240
 300   0 240
 208   5 240
  97   8 240
  19   9 240
 148   9 240
 318  12 240
  69  14 240
 109  14 240
 285  14 240
  30  15 240
 204  15 240
 135  16 240
 261  17 240
  90  20 240
 352  20 240
 340  24 240
 159  25 240
 198  26 240
 173  27 240
 248  29 240
  47  30 240
  55  30 240
 180  32 240
 235  34 240
 311  36 240
 125  37 240
 328  38 240
 166  39 240
 284  39 240
 104  43 240
 317  43 240
 195  44 240
 133  45 240
 178  47 240
 204  49 240
  32  50 240
 112  50 240
 245  51 240
  63  52 240
 254  52 240
 130  54 240
 220  55 240
 154  60 240
 104  63 240
 279  63 240
 169  67 240
 213  67 240
 285  67 240
 297  68 240
 131  72 240
 176  73 240
  72  74 240
 315  75 240
  32  76 240
 223  76 240
 112  77 240
 231  78 240
 328  78 240
 350  79 240
 336  80 240
 280  81 240
 162  85 240
 235  89 240
 151  90 240
 156  96 240
 344  97 240
  72  98 240
 100  99 240
 318  99 240
  33 101 240
 333 101 240
 256 104 240
 268 105 240
   6 106 240
 146 109 240
 241 109 240
 327 112 240
 353 112 240
 306 113 240
 201 116 240
  42 121 240
  89 121 240
  15 122 240
  59 122 240
 290 123 240
   3 124 240
 294 126 240
 342 127 240
 221 129 240
  14 130 240
  29 133 240
 208 133 240
  21 134 240
 158 134 240
 328 136 240
 339 136 240
 346 136 240
 134 137 240
 254 141 240
  26 142 240
 294 142 240
  90 143 240
 136 143 240
 144 144 240
 215 144 240
 344 148 240
 258 150 240
 164 151 240
 202 151 240
 171 153 240
  13 154 240
 103 155 240
 297 160 240
 109 161 240
 234 162 240
 126 165 240
 312 165 240
  97 166 240
 155 166 240
 340 166 240
 142 167 240
 186 167 240
 269 167 240
 284 167 240
  43 169 240
  56 169 240
 213 171 240
 100 174 240
 110 176 240
 120 178 240
   0 179 240
 344 179 240
  34   0 241
  41   0 241
 206   0 241
 257   0 241
 285   0 241
 338   0 241
 348   0 241
 174   2 241
 135   5 241
 302   5 241
 310   6 241
 153  14 241
   5  15 241
  84  17 241
  99  18 241
  66  24 241
 125  29 241
 211  31 241
 199  32 241
  77  33 241
 338  34 241
  87  37 241
 301  37 241
  29  39 241
 274  40 241
  33  42 241
  94  42 241
 144  43 241
 222  43 241
 170  45 241
 308  45 241
  54  46 241
 298  46 241
 122  47 241
 271  49 241
 183  50 241
  41  52 241
 331  52 241
  87  54 241
  97  55 241
 146  57 241
  18  59 241
 260  63 241
 142  67 241
  15  68 241
 262  72 241
 213  74 241
  64  75 241
 269  76 241
 151  77 241
  40  80 241
  47  81 241
  98  81 241
 181  81 241
   1  83 241
 196  83 241
 269  83 241
 206  86 241
 297  86 241
   9  87 241
 122  87 241
 217  87 241
  19  90 241
 165  93 241
 182  95 241
 235  96 241
 293  97 241
 201  99 241
  58 101 241
 145 101 241
 137 102 241
 210 102 241
 349 104 241
  59 107 241
 187 109 241
  16 110 241
 224 110 241
 272 111 241
 228 113 241
 314 114 241
 156 115 241
 278 115 241
  70 116 241
 128 117 241
 283 117 241
  33 118 241
 210 123 241
 248 124 241
 102 127 241
 234 129 241
 130 130 241
  61 131 241
 118 134 241
 205 142 241
  55 146 241
 283 148 241
 155 150 241
 178 153 241
 227 155 241
  35 156 241
 325 157 241
  41 159 241
  80 159 241
 164 165 241
 338 177 241
  40 178 241
 145 179 241
 163 179 241
 228 179 241
  15   0 242
  73   0 242
  95   0 242
  79   1 242
 358   5 242
 125   6 242
  57   7 242
 335   9 242
 220  10 242
 256  10 242
 344  10 242
 170  12 242
 324  13 242
 116  19 242
  13  20 242
 274  20 242
  49  21 242
 184  22 242
 226  22 242
 238  22 242
 106  23 242
 164  27 242
 257  27 242
 274  27 242
  70  31 242
 110  31 242
   0  39 242
 258  39 242
 349  39 242
  11  40 242
 325  48 242
 145  49 242
 276  51 242
 315  51 242
 260  53 242
 228  56 242
 345  56 242
  29  59 242
 190  60 242
 242  60 242
  99  61 242
 328  61 242
 206  63 242
 117  64 242
 246  64 242
  33  65 242
 307  68 242
 313  69 242
 253  75 242
  14  76 242
  77  76 242
  94  76 242
 115  81 242
 257  83 242
 340  83 242
  78  86 242
 309  86 242
  63  87 242
  99  87 242
 348  87 242
 131  90 242
  31  93 242
 189  95 242
 281  96 242
 222 102 242
 107 111 242
 294 113 242
 148 114 242
 117 115 242
  83 117 242
 188 118 242
 325 120 242
 332 122 242
 340 122 242
 199 124 242
  91 126 242
 152 127 242
 112 128 242
  76 129 242
 249 130 242
 179 132 242
 275 134 242
  43 137 242
   2 138 242
 236 139 242
 223 143 242
  77 144 242
 316 144 242
 241 148 242
   7 150 242
 115 150 242
  95 153 242
 346 153 242
  63 156 242
 310 156 242
 211 158 242
 245 159 242
 139 161 242
   0 162 242
 227 162 242
  90 165 242
 198 167 242
  13 168 242
 248 168 242
 332 168 242
 317 170 242
  25 176 242
 318 176 242
  84 177 242
 195 179 242
 282 179 242
  22   0 243
 109   0 243
 147   0 243
 165   0 243
 245   0 243
 327   0 243
 274   6 243
  47  10 243
 226  11 243
 312  11 243
 161  12 243
 177  12 243
  80  14 243
  35  16 243
 296  16 243
 195  17 243
 288  17 243
 142  20 243
 309  24 243
 330  24 243
  17  25 243
 289  28 243
 295  32 243
  60  35 243
 216  36 243
 271  36 243
 243  39 243
  16  43 243
  43  43 243
 201  44 243
  84  46 243
 346  48 243
 159  50 243
 357  52 243
  10  55 243
 304  55 243
  53  57 243
  62  59 243
 131  59 243
  67  61 243
 168  61 243
 154  66 243
 224  68 243
 331  68 243
  42  71 243
 168  74 243
 294  77 243
 176  79 243
 232  83 243
  54  88 243
 145  88 243
 256  91 243
 267  91 243
 359  91 243
 273  92 243
 120  95 243
 133  95 243
  79  97 243
  39 101 243
 104 101 243
 296 101 243
 119 104 243
  42 105 243
 306 106 243
 175 109 243
 245 111 243
 255 111 243
  43 114 243
 316 119 243
 266 122 243
 300 126 243
 139 127 243
 268 128 243
   4 129 243
 312 129 243
 167 131 243
 196 133 243
  78 134 243
 199 137 243
 351 137 243
 176 142 243
  64 143 243
 272 143 243
  95 144 243
  81 147 243
  26 148 243
 192 149 243
 293 149 243
 143 151 243
 124 152 243
 273 152 243
 218 158 243
  26 159 243
 124 161 243
 332 161 243
 151 163 243
 278 163 243
 351 164 243
   4 166 243
 258 167 243
 296 167 243
  65 169 243
  78 172 243
  93 175 243
 299 177 243
  51 179 243
 130 179 243
 211 179 243
 260 179 243
  88   0 244
 122   0 244
 217   0 244
   7   2 244
 247   5 244
 194   8 244
 186   9 244
 130  15 244
   8  18 244
  58  22 244
 249  22 244
  39  23 244
 322  23 244
 146  27 244
 350  27 244
 191  28 244
 260  31 244
  82  34 244
 162  35 244
 144  37 244
 189  37 244
 222  37 244
 237  38 244
 291  42 244
 207  52 244
 184  55 244
 295  55 244
 274  59 244
  87  60 244
 136  62 244
 358  62 244
   7  64 244
 251  66 244
 347  66 244
 107  67 244
 194  67 244
 290  70 244
 142  73 244
  85  74 244
 195  78 244
  52  82 244
 120  83 244
 326  85 244
 317  87 244
 180  90 244
 338  91 244
  22  93 244
 326  96 244
 206 100 244
 344 103 244
  90 104 244
 214 104 244
  22 110 244
 101 110 244
 177 114 244
   1 115 244
  75 117 244
 230 117 244
  26 118 244
  50 125 244
 357 125 244
 190 126 244
  57 129 244
  37 130 244
  92 132 244
 153 133 244
 171 134 244
 318 134 244
  14 136 244
 332 138 244
 213 140 244
  47 143 244
 113 144 244
 257 144 244
 304 144 244
   0 146 244
 330 147 244
 336 151 244
 204 155 244
  49 157 244
 182 165 244
 231 170 244
 108 171 244
 275 172 244
 116 176 244
  10 177 244
 180 177 244
  32 178 244
 152 178 244
 202 179 244
 234 179 244
  47   0 245
 101   0 245
 154   0 245
 224   0 245
 272   0 245
 283   7 245
  28  10 245
 345  15 245
 208  16 245
 350  17 245
 234  20 245
 157  22 245
 212  22 245
 100  23 245
  28  28 245
 331  31 245
 133  33 245
 114  35 245
 119  39 245
 342  40 245
  65  41 245
 177  43 245
 245  45 245
 223  48 245
  22  50 245
 125  50 245
 287  52 245
  80  56 245
  46  57 245
 211  64 245
 340  66 245
 270  69 245
   7  71 245
 230  73 245
 159  74 245
  28  75 245
 243  79 245
 307  80 245
 214  83 245
 250  84 245
  81  89 245
 103  89 245
 220  90 245
  11  91 245
  37  93 245
  87  95 245
 168  96 245
 194  98 245
 285  98 245
 238  99 245
  53 100 245
 242 102 245
  18 103 245
   3 104 245
 130 104 245
 170 105 245
 325 106 245
  65 107 245
 351 108 245
  70 110 245
 139 111 245
 266 111 245
 217 112 245
 198 113 245
 138 119 245
 217 121 245
 230 124 245
 146 127 245
  70 128 245
 275 128 245
 117 129 245
 215 130 245
 237 132 245
 301 132 245
 252 133 245
 285 135 245
  20 140 245
 138 146 245
 162 148 245
 245 150 245
  62 151 245
 304 151 245
 256 156 245
  67 158 245
 179 158 245
 314 158 245
 271 160 245
  31 165 245
  50 166 245
  74 169 245
 287 169 245
 163 173 245
 331 175 245
  47 176 245
 126 176 245
 142 176 245
 350 177 245
  15 179 245
 185 179 245
 289 179 245
 355 179 245
  28   0 246
 135   0 246
 180   0 246
 232   0 246
 262   0 246
 296   0 246
 311   0 246
 333   0 246
 356   0 246
 110   5 246
  62   8 246
   3  12 246
 231  12 246
  73  13 246
  94  13 246
 138  16 246
 269  16 246
 179  21 246
 255  23 246
 314  25 246
  22  26 246
 236  29 246
   1  30 246
 104  30 246
 156  30 246
  43  31 246
  56  33 246
 176  33 246
 317  34 246
 201  37 246
   6  39 246
  39  41 246
  98  43 246
 160  43 246
 259  44 246
  77  45 246
  67  46 246
 116  49 246
 325  54 246
 160  55 246
  25  57 246
 239  57 246
 313  58 246
 283  62 246
 303  62 246
 182  63 246
  26  67 246
  75  67 246
 216  67 246
  97  68 246
 118  69 246
 136  69 246
  54  71 246
 322  71 246
 355  71 246
 279  72 246
 301  78 246
 144  79 246
 169  79 246
  29  81 246
 202  83 246
 155  84 246
  69  87 246
 352  89 246
 280  91 246
 106  93 246
 257  96 246
  66  97 246
 156  99 246
 337 100 246
 302 101 246
 312 106 246
 281 108 246
 192 109 246
  50 113 246
 126 114 246
  90 115 246
 109 117 246
 243 119 246
 296 119 246
 347 120 246
  29 126 246
 107 127 246
 346 128 246
 329 130 246
 225 135 246
 187 136 246
 129 140 246
 287 140 246
 351 143 246
 157 144 246
 237 144 246
  20 147 246
  49 148 246
 288 148 246
  31 149 246
  85 149 246
 197 152 246
 166 155 246
 264 155 246
 103 158 246
 290 159 246
 146 160 246
 347 161 246
 111 162 246
 217 165 246
 315 165 246
 225 169 246
 346 174 246
 246 175 246
 255 176 246
  77 179 246
 172 179 246
  60   0 247
 173   0 247
 189   0 247
 209   0 247
 303   0 247
 318   0 247
 341   0 247
 155   6 247
 342   6 247
  70   7 247
 117  10 247
 316  13 247
 203  14 247
 124  15 247
 283  16 247
 302  17 247
  78  21 247
 283  27 247
 216  29 247
  34  33 247
 336  33 247
 287  35 247
 306  38 247
 191  41 247
 317  41 247
 273  44 247
  47  47 247
 138  48 247
 203  48 247
   5  49 247
 104  49 247
 339  49 247
 215  50 247
 230  50 247
 268  55 247
  54  62 247
 191  64 247
  87  66 247
  65  68 247
 123  71 247
 196  71 247
  12  73 247
 107  73 247
 236  74 247
 344  75 247
  71  77 247
 285  80 247
  36  81 247
  93  82 247
 128  82 247
 241  87 247
 190  88 247
 300  92 247
   3  93 247
 151  94 247
 261 101 247
  85 103 247
 161 108 247
 315 110 247
 343 110 247
  26 112 247
 283 113 247
 209 114 247
  10 116 247
 324 116 247
 163 117 247
 253 118 247
 286 123 247
 125 127 247
 163 128 247
  12 129 247
 258 134 247
 127 135 247
 343 138 247
 265 142 247
 107 143 247
 322 143 247
 187 145 247
 225 147 247
   2 150 247
 213 152 247
  89 154 247
 133 157 247
 171 157 247
  14 160 247
 242 166 247
 205 167 247
  35 168 247
 172 170 247
 153 171 247
 112 173 247
   3 177 247
 322 177 247
 307 178 247
  59 179 247
  95 179 247
  53   0 248
 142   0 248
 283   0 248
 159   9 248
  11  10 248
  33  11 248
 247  11 248
 171  14 248
 192  15 248
  94  20 248
 173  20 248
  13  24 248
  80  29 248
 266  31 248
 252  33 248
  94  34 248
  62  38 248
 154  38 248
 355  42 248
 265  45 248
 283  45 248
 320  45 248
 176  50 248
  35  53 248
 231  56 248
 124  57 248
 175  58 248
 245  60 248
 322  63 248
 263  66 248
 356  77 248
 213  78 248
 267  78 248
 181  79 248
 320  79 248
 277  80 248
  38  86 248
 131  86 248
 215  88 248
 229  90 248
  54  93 248
  41  95 248
 313  96 248
 186 100 248
 114 104 248
 154 107 248
 241 110 248
 270 113 248
  34 115 248
 331 116 248
  96 120 248
 177 120 248
 184 124 248
 206 126 248
  62 130 248
  50 131 248
 146 133 248
  70 134 248
 106 135 248
  37 136 248
  82 137 248
 202 139 248
 353 148 248
 235 152 248
   4 155 248
  34 155 248
 306 155 248
 244 157 248
 122 158 248
  95 159 248
 137 160 248
 193 162 248
 324 164 248
 272 165 248
 141 171 248
  89 174 248
 339 174 248
 273 179 248
   2   0 249
  93   0 249
 197   0 249
 238   0 249
 144   5 249
 261   7 249
 270   7 249
 238  11 249
 217  12 249
  51  14 249
 339  15 249
  41  17 249
  74  18 249
 137  23 249
 187  27 249
 357  27 249
 116  28 249
 301  30 249
 221  33 249
  25  36 249
 140  36 249
 339  37 249
 195  48 249
 149  49 249
 304  49 249
  15  52 249
  76  52 249
 351  52 249
 105  55 249
 151  56 249
 114  57 249
 337  58 249
 162  59 249
  46  63 249
  35  64 249
 171  68 249
 157  70 249
 300  73 249
  60  79 249
  82  81 249
 257  82 249
 102  84 249
 142  88 249
 328  88 249
 357  90 249
 286  91 249
 113  93 249
 129  95 249
 201  96 249
  14  97 249
 230 102 249
  91 108 249
 229 113 249
  52 117 249
  68 117 249
 312 119 249
  12 121 249
 300 121 249
 253 125 249
  35 126 249
  84 126 249
 313 131 249
  96 133 249
 179 135 249
 278 136 249
 114 152 249
  64 155 249
 160 155 249
 286 156 249
 338 158 249
 266 159 249
  70 161 249
   4 162 249
  76 162 249
  47 163 249
  19 164 249
 197 165 249
 302 165 249
  81 167 249
 246 169 249
 218 170 249
 303 171 249
 268 175 249
 287 175 249
 119 178 249
  36 179 249
 225 179 249
  34   0 250
  82   0 250
 108   0 250
 324   0 250
 218   2 250
 115   6 250
 297  11 250
 326  11 250
 121  12 250
  14  14 250
  35  16 250
 159  16 250
 328  16 250
 273  18 250
 219  19 250
  60  23 250
 197  25 250
 125  26 250
 277  27 250
 245  28 250
  90  30 250
 300  38 250
  90  44 250
 101  46 250
  28  48 250
   6  54 250
 281  54 250
 257  58 250
 351  59 250
 201  60 250
 299  60 250
 146  67 250
 129  71 250
 226  71 250
 329  76 250
  50  80 250
 172  82 250
 188  84 250
 341  84 250
 297  87 250
 141  96 250
  77  97 250
 216  98 250
 226  99 250
  57 101 250
 267 101 250
  26 102 250
  38 105 250
 357 106 250
 123 107 250
 250 107 250
   9 108 250
 135 110 250
 288 114 250
  60 116 250
 199 117 250
 146 120 250
 223 126 250
 327 126 250
 269 129 250
 307 130 250
  16 131 250
 354 132 250
 148 140 250
 165 141 250
 332 141 250
 153 142 250
 214 142 250
 308 143 250
 130 145 250
  79 146 250
  52 151 250
 224 154 250
 188 156 250
 159 172 250
  17 173 250
 205 173 250
  53 174 250
 132 174 250
  22 176 250
 191 177 250
 316 177 250
 101 179 250
   9   0 251
  94   6 251
  55  18 251
 344  19 251
 351  20 251
 304  21 251
 142  25 251
 290  25 251
  16  27 251
 176  28 251
 232  28 251
 150  32 251
  13  37 251
 253  38 251
 229  39 251
 169  43 251
 335  47 251
  70  48 251
 250  48 251
 223  51 251
 295  52 251
  85  55 251
 136  55 251
 319  56 251
 188  61 251
  14  66 251
 209  69 251
 252  69 251
  95  74 251
  15  76 251
  24  81 251
 267  84 251
 109  86 251
  91  89 251
 177  89 251
 339  93 251
 250  95 251
 303  95 251
 150 101 251
 341 101 251
 110 102 251
 205 102 251
 187 105 251
  82 111 251
 159 115 251
 356 115 251
 169 117 251
 118 118 251
 103 119 251
 272 119 251
 241 125 251
 337 126 251
 198 128 251
  32 135 251
  63 135 251
  17 137 251
  50 137 251
 120 137 251
 294 137 251
 281 141 251
  66 144 251
 327 152 251
 239 154 251
  38 157 251
 294 161 251
 340 164 251
  99 170 251
 359 173 251
  67 176 251
 180 178 251
 248 178 251
  29 179 251
 159 179 251
 218 179 251
  16   0 252
  68   0 252
 155   0 252
 203   0 252
 253   0 252
 293   0 252
 312   2 252
 207   6 252
 263  19 252
 357  21 252
 112  26 252
 324  26 252
  76  27 252
 205  28 252
 354  36 252
 120  37 252
 242  37 252
  50  40 252
 178  41 252
  41  42 252
 122  42 252
  64  44 252
 190  47 252
 309  59 252
 208  60 252
  61  63 252
 278  63 252
  82  65 252
 320  70 252
 215  71 252
  85  72 252
 160  73 252
 170  75 252
 230  75 252
 238  77 252
 255  78 252
  17  81 252
  68  84 252
 275  87 252
  71  96 252
 178 100 252
 321 100 252
 310 104 252
 268 107 252
 297 111 252
 142 115 252
 186 116 252
  38 117 252
 219 117 252
 233 126 252
 350 127 252
 257 128 252
 118 129 252
 241 132 252
 186 134 252
   1 136 252
  97 138 252
 318 140 252
 195 141 252
  35 143 252
 259 144 252
 204 146 252
 345 146 252
 261 150 252
 149 152 252
 129 156 252
 273 158 252
 165 159 252
 283 165 252
 183 167 252
 122 169 252
 148 171 252
  84 173 252
 307 173 252
 347 176 252
  44 177 252
 232 178 252
 257 178 252
  23   0 253
  40   0 253
  47   0 253
  75   0 253
 114   0 253
 127   0 253
 137   0 253
 163   0 253
 178   0 253
 185   0 253
 232   0 253
 244   0 253
 260   0 253
 300   0 253
 330   0 253
 350   0 253
  86   2 253
 190   2 253
 355   2 253
 132  12 253
 182  16 253
 103  22 253
 166  23 253
 222  25 253
 329  29 253
  65  31 253
  36  34 253
 190  37 253
 280  40 253
 259  46 253
 205  49 253
  52  50 253
 124  52 253
 271  55 253
 233  59 253
  12  60 253
 121  64 253
 288  65 253
 350  66 253
 314  67 253
  46  69 253
 135  71 253
 146  73 253
 333  78 253
 287  81 253
  30  89 253
 168  92 253
 294  96 253
 357  96 253
 241  97 253
  29 105 253
  97 108 253
  14 109 253
 325 111 253
 214 129 253
 131 138 253
  19 142 253
 221 143 253
  97 147 253
 182 147 253
 320 148 253
 288 149 253
  22 150 253
 358 150 253
 217 154 253
 106 155 253
 263 155 253
 153 157 253
 357 158 253
 111 164 253
  12 166 253
  61 174 253
 168 176 253
 205 179 253
 330 179 253
  56   0 254
 170   0 254
 272   0 254
 286   0 254
 341   0 254
  17  17 254
  92  17 254
 248  17 254
 278  19 254
  38  25 254
  28  28 254
 311  32 254
 277  33 254
 160  35 254
 332  35 254
 157  45 254
 240  46 254
 348  50 254
 101  52 254
  39  56 254
  73  59 254
   2  63 254
  23  63 254
  97  66 254
 324  73 254
 101  74 254
 356  80 254
 244  82 254
  61  83 254
 209  84 254
 129  85 254
 213  87 254
 113  88 254
 194  89 254
 312  92 254
 149  93 254
  94  95 254
 122  98 254
 281 100 254
  47 102 254
 218 102 254
 323 105 254
 340 108 254
  72 109 254
  52 111 254
 217 112 254
 345 113 254
 237 116 254
  22 118 254
 190 120 254
 159 121 254
 170 124 254
 291 125 254
  88 127 254
 241 139 254
 107 145 254
 299 145 254
 335 150 254
  30 156 254
 228 157 254
  57 158 254
 238 161 254
  35 167 254
 327 171 254
 313 174 254
 294 176 254
   6 178 254
  73 178 254
 241 178 254
 134 179 254
 279 179 254
 225   0 255
 279   0 255
 317   3 255
 194  14 255
 314  20 255
 232  21 255
  93  23 255
 107  25 255
  52  26 255
 145  28 255
 210  31 255
 294  35 255
 104  39 255
 219  44 255
   0  45 255
 313  49 255
 168  56 255
 138  59 255
 248  62 255
 189  69 255
 277  70 255
 298  78 255
  56  80 255
 147  80 255
   0  83 255
  41  84 255
  26  85 255
 222  88 255
 264  92 255
 174  97 255
 254 108 255
  63 109 255
 285 111 255
 111 116 255
  82 117 255
  10 119 255
  69 119 255
 321 121 255
 302 122 255
 134 128 255
  74 131 255
 276 131 255
 259 135 255
  55 138 255
  87 142 255
 171 144 255
  75 145 255
 205 154 255
 139 156 255
 305 157 255
 316 158 255
 179 160 255
 221 170 255
 128 173 255
 108 176 255
 198 176 255
  87 177 255
 149 178 255
   3   0 256
  29   0 256
  94   0 256
 104   0 256
 149   0 256
 238   0 256
 306   0 256
 209  10 256
  72  11 256
 145  14 256
   2  22 256
  26  22 256
 252  23 256
 266  23 256
 187  27 256
 118  31 256
 342  32 256
  82  40 256
 145  41 256
 310  43 256
 290  46 256
 200  47 256
 119  50 256
 337  50 256
 181  51 256
 157  52 256
 224  56 256
 241  60 256
 180  61 256
 205  68 256
 121  70 256
 191  74 256
 176  75 256
 341  80 256
  67  91 256
 142  92 256
  10  93 256
 159 106 256
 138 110 256
 236 110 256
 259 110 256
 125 115 256
 349 118 256
  23 126 256
 157 131 256
 320 131 256
 142 133 256
 168 135 256
 358 144 256
 278 148 256
  83 155 256
  10 156 256
  52 156 256
 247 160 256
  61 164 256
 201 165 256
  26 166 256
 166 167 256
 274 167 256
 339 179 256
  62   0 257
 120   0 257
   9   3 257
 167  15 257
  20  20 257
  68  22 257
 280  23 257
 255  40 257
  71  41 257
  93  44 257
   6  46 257
  13  47 257
 267  48 257
  26  51 257
 161  55 257
  48  59 257
 268  63 257
  54  66 257
 289  70 257
 245  74 257
 264  74 257
 106  75 257
 309  77 257
 352  78 257
 117  91 257
 239  93 257
 156  99 257
 190  99 257
  12 104 257
 190 108 257
 276 111 257
 199 117 257
 199 124 257
 308 124 257
  50 127 257
  39 130 257
 341 132 257
  56 144 257
 134 147 257
 196 149 257
 111 156 257
 293 159 257
 217 162 257
 330 162 257
  77 168 257
 183 172 257
 257 173 257
  34 179 257
  93 179 257
 132   0 258
 199   0 258
 249   0 258
  67   4 258
 322   4 258
 337   9 258
 301  11 258
 341  13 258
 152  14 258
 123  16 258
 214  16 258
 243  16 258
  80  19 258
 253  29 258
 236  33 258
 355  38 258
 139  40 258
 118  42 258
 337  43 258
 316  55 258
  35  65 258
 336  66 258
  82  68 258
  19  72 258
  91  77 258
 308  85 258
 329  86 258
  40  91 258
 104  92 258
 206  99 258
 308 101 258
  38 106 258
 291 111 258
 225 114 258
 262 115 258
  39 119 258
 114 119 258
 100 120 258
  13 122 258
 357 125 258
 205 128 258
 126 129 258
 330 132 258
 216 135 258
 231 137 258
 260 140 258
 272 141 258
 169 152 258
 326 154 258
 129 159 258
  97 160 258
 145 161 258
 347 164 258
   5 167 258
 332 172 258
 240 173 258
  53 178 258
 269 178 258
  19 179 258
  19   0 259
  51   0 259
 111   0 259
 175   0 259
 188   0 259
 212   0 259
 267   0 259
 292   0 259
 114  12 259
 324  15 259
 336  25 259
 293  26 259
 177  27 259
 197  27 259
  34  33 259
  45  38 259
 305  42 259
  82  46 259
 228  61 259
  80  63 259
 139  64 259
 224  72 259
 293  73 259
 193  85 259
 259  91 259
   4  93 259
  83  93 259
 343  96 259
 110 104 259
 237 121 259
  52 132 259
 113 132 259
  77 134 259
 285 135 259
 302 136 259
 248 141 259
   6 151 259
  22 158 259
 309 159 259
  51 168 259
 253 170 259
 106 172 259
 221 176 259
 171 177 259
 115 179 259
  35   0 260
  44   0 260
  78   0 260
 234   9 260
  40  17 260
 177  17 260
 136  18 260
 345  23 260
  81  25 260
 208  28 260
 212  40 260
 267  41 260
  52  43 260
 282  43 260
 210  49 260
 167  69 260
  44  70 260
 148  73 260
 166  79 260
 103  84 260
 294  86 260
 173  88 260
 282  90 260
 232  92 260
 351  96 260
 327  98 260
  51 101 260
  98 104 260
 173 110 260
 154 116 260
 178 130 260
 161 135 260
 311 135 260
 350 138 260
 183 145 260
 340 158 260
 152 161 260
 297 161 260
  85 166 260
 216 169 260
  17 170 260
 265 171 260
 188 173 260
  30 175 260
 348 175 260
 296 178 260
 159 179 260
 225 179 260
 144   0 261
 274   0 261
 285   0 261
 299   0 261
 332   0 261
  81  36 261
 132  41 261
 230  45 261
 290  51 261
 171  57 261
 346  62 261
  92  64 261
 240  73 261
  78  84 261
  20  87 261
  49  89 261
  32  91 261
 128  99 261
  78 114 261
 276 118 261
 256 127 261
  29 135 261
  86 139 261
 121 141 261
 232 142 261
 312 173 261
 196 174 261
  65 175 261
  25   0 262
  85   0 262
 160   0 262
 196  21 262
  43  31 262
 177  33 262
 150  39 262
 313  43 262
 257  44 262
 121  45 262
 143  54 262
 209  57 262
 223  60 262
 329  60 262
 252  92 262
 337  96 262
 265  97 262
 146 105 262
  63 107 262
 336 117 262
 157 120 262
 111 128 262
 278 129 262
  13 134 262
 293 135 262
  83 150 262
 135 166 262
 107 177 262
  87 179 262
 145 179 262
  65   0 263
  92   0 263
 181   0 263
 254   0 263
 306   0 263
 350   0 263
   0  14 263
 113  22 263
   5  34 263
 113  36 263
 286  45 263
  39  49 263
  10  53 263
   1  54 263
 122  60 263
 146  69 263
 253  83 263
 309  90 263
 200  92 263
 204  96 263
 319 100 263
 228 102 263
 215 103 263
   3 110 263
  67 131 263
 202 139 263
  33 142 263
 207 148 263
 117 155 263
 255 162 263
 280 162 263
  29 164 263
 217 174 263
 277 175 263
 156 176 263
 316 177 263
 201 178 263
 285 179 263
  99   0 264
 121   0 264
 169   0 264
 226   0 264
 261   0 264
 314   0 264
 321   0 264
 343   0 264
 264  26 264
  74  37 264
 197  44 264
  22  58 264
  62  69 264
 129  78 264
 228  78 264
  19  82 264
 254 114 264
  90 127 264
 213 135 264
 344 135 264
 152 136 264
   8 161 264
  47 163 264
 343 171 264
  73 173 264
 135 173 264
  81 177 264
 233 177 264
   0   0 265
 128   0 265
 198   0 265
 205   0 265
 233   0 265
 247   0 265
  23   8 265
 271   9 265
  36  12 265
 347  33 265
 100  41 265
 287  62 265
 189  66 265
 192  80 265
 145  87 265
  48 109 265
 275 113 265
  69 117 265
 195 117 265
  14 127 265
 250 151 265
 151 167 265
  48 174 265
   4 177 265
 253 179 265
   7   0 266
  59   0 266
 268   0 266
 322  14 266
  20  49 266
  30  64 266
 258  67 266
 105  71 266
 290  85 266
 158 106 266
   5 121 266
 274 149 266
 210 152 266
 139 156 266
 305 165 266
 104 174 266
 105   0 267
 154   0 267
 213   0 267
 296   0 267
 183  38 267
 126  67 267
  71  94 267
 343 102 267
  56 148 267
  97 155 267
 298 160 267
  66 171 267
  54 175 267
  76   0 268
  98  18 268
 278  77 268
  53  94 268
 288 107 268
 303   0 269
 242  43 269
  61  75 269
 326  87 269
 182 162 269
 211 172 269
 301  29 271
 179  64 271
  92  79 271
 354  17 272
 176  22 272
 126  34 272
 229  43 272
 355  51 272
  37  53 272
  69  53 272
  73  57 272
 131  57 272
 247  66 272
 250  72 272
 188  73 272
 323  14 273
 185  31 273
 311  39 273
  32  49 273
  90  52 273
 333  56 273
   2  65 273
 223  68 273
 300  77 273
  93  85 273
 120  88 273
 295 105 273
  10  48 274
 308  50 274
  94  57 274
 298  67 274
 142  82 274
 164  85 274
  18  93 274
 352 104 274
  47 118 274
  87  29 275
 261  39 275
  44  58 275
 243  64 275
 217  65 275
 160  73 275
  91 103 275
 235 105 275
 165 112 275
 237 117 275
  23 124 275
 113 125 275
  11  26 276
 128  38 276
  85  51 276
 213  53 276
 201  54 276
  11  64 276
 348  64 276
 122  80 276
 295  99 276
 226 101 276
 279 105 276
  11 107 276
  50 107 276
 339 107 276
 314 108 276
 238 109 276
 189 110 276
  15 111 276
  73 111 276
 106 112 276
 258 113 276
  19 115 276
 135 120 276
 311 121 276
 161 126 276
 286 128 276
 357 143 276
 157  18 277
  58  28 277
 310  32 277
 153  39 277
 193  47 277
 268  49 277
 279  54 277
 169 101 277
 212 105 277
 249 112 277
 327 112 277
  58 115 277
 216 118 277
 289 118 277
 110 119 277
 143 121 277
 189 121 277
 340 122 277
 238 141 277
  41 149 277
 128  19 278
  37  26 278
 175  26 278
 355  30 278
 343  31 278
 175  33 278
 239  36 278
  59  37 278
  90  37 278
  71  38 278
 147  38 278
 118  39 278
 188  39 278
   0  43 278
 280  46 278
 110  62 278
 147  66 278
  77  69 278
 149  94 278
  89 123 278
  70 130 278
 327 142 278
 150 143 278
 123  17 279
 335  19 279
 265  25 279
 339  26 279
  51  28 279
 206  28 279
 190  29 279
 215  34 279
 277  34 279
  23  46 279
 345  47 279
  70  51 279
 124  55 279
 240  55 279
 292  56 279
 324  56 279
  28  63 279
 306  64 279
 223  65 279
  92  70 279
  57  74 279
 187  74 279
 323  76 279
 111  78 279
  53  87 279
  18  88 279
 198  95 279
 338 114 279
 123 125 279
 258 131 279
 268 131 279
  47 132 279
 190 133 279
  14 138 279
  85 138 279
 139 142 279
 326 150 279
 281  23 280
  32  24 280
 231  30 280
 306  55 280
  22  61 280
 135  62 280
  52  63 280
 356  64 280
 274  65 280
 156  66 280
 288  67 280
 317  70 280
 231  71 280
  80  73 280
 205  73 280
 238  74 280
 247  75 280
 331  76 280
  21  77 280
 344  82 280
 168  84 280
 291  85 280
 120  88 280
  77  91 280
 324  92 280
 273  93 280
  43 119 280
 182 122 280
 299 128 280
 211 132 280
 348 134 280
 139 135 280
 231 135 280
  31 137 280
 105 137 280
 352 138 280
 211 140 280
 279 140 280
  92 142 280
 315 142 280
  62 144 280
 304 144 280
 171 145 280
 213 145 280
  67 150 280
 223 150 280
 183 154 280
 311   7 281
 154  15 281
  23  26 281
 254  27 281
  72  30 281
 237  32 281
 185  60 281
 205  66 281
 169  67 281
 155  74 281
  44  81 281
 249  81 281
  88  89 281
 343  90 281
 193  91 281
 258  93 281
 248  95 281
  17  96 281
 135  99 281
 123 101 281
  47 102 281
 151 108 281
  77 114 281
  22 121 281
 192 138 281
 297 139 281
 157 142 281
 115 143 281
 122 146 281
 341 155 281
 154 156 281
 110  10 282
 169  10 282
 212  12 282
 241  14 282
 138  15 282
  52  21 282
 309  21 282
 109  23 282
  66  25 282
 218  25 282
 135  27 282
 306  31 282
  90  49 282
 151  53 282
 311  82 282
 129  88 282
 358  89 282
  92  92 282
 107  93 282
 214  93 282
 174 101 282
 301 102 282
 274 107 282
 302 109 282
 348 110 282
 258 116 282
 321 122 282
  57 128 282
 270 140 282
  53 142 282
  15 143 282
 143 144 282
 239 145 282
 317 147 282
 355 152 282
  99 153 282
  71 157 282
   3 161 282
   7  13 283
  15  14 283
 177  14 283
 326  17 283
  16  24 283
 274  24 283
  86  27 283
 295  28 283
 184  29 283
 165  32 283
 141  34 283
 106  39 283
 210  44 283
 123  45 283
 141  48 283
  27  49 283
 257  50 283
   2  51 283
 211  54 283
  51  55 283
 358  81 283
 182  84 283
 275  85 283
  32  87 283
  67  91 283
 243  93 283
  41  94 283
 204  95 283
 288 100 283
 218 102 283
 320 102 283
  23 106 283
 221 106 283
 205 108 283
 247 110 283
 177 112 283
 155 113 283
 139 114 283
 279 115 283
 350 115 283
  99 118 283
 214 123 283
  11 124 283
 346 126 283
  37 137 283
 249 145 283
 255 149 283
 290 152 283
 270 155 283
  26 156 283
 328 158 283
 187 159 283
  97   8 284
 356  12 284
  51  15 284
 343  16 284
  65  18 284
 185  18 284
 162  23 284
 326  24 284
 286  29 284
 198  31 284
  27  34 284
  90  34 284
 341  36 284
 184  39 284
 199  39 284
 248  39 284
 317  39 284
 331  39 284
 347  40 284
 110  42 284
  42  45 284
 298  45 284
 231  46 284
 350  47 284
  50  48 284
 281  48 284
 358  48 284
  81  49 284
 109  50 284
 164  53 284
 266  53 284
 223  60 284
 113  62 284
 121  63 284
 146  64 284
  70  73 284
 220  73 284
 306  76 284
 178  79 284
 113  81 284
  10  83 284
 157  84 284
 282  89 284
 149  98 284
  66 107 284
  95 111 284
 129 111 284
 168 113 284
   4 114 284
  41 114 284
 233 115 284
  81 116 284
 113 117 284
 315 117 284
  75 136 284
  37 152 284
  48 153 284
 172 153 284
 275 157 284
 299   8 285
 278  12 285
 229  20 285
 252  42 285
  73  45 285
  13  53 285
 298  53 285
 308  58 285
 315  60 285
  85  64 285
  98  67 285
 267  67 285
 335  67 285
  67  68 285
 276  70 285
  29  73 285
  38  73 285
 336  76 285
 240  77 285
 113  99 285
  62 102 285
 332 106 285
  70 110 285
 254 110 285
 335 114 285
 302 115 285
 179 117 285
  99 125 285
  23 126 285
 137 126 285
 183 126 285
 192 126 285
 359 127 285
 114 132 285
 229 132 285
 241 137 285
 155 138 285
 314 138 285
 338 140 285
 358 142 285
 135 143 285
 161 144 285
  75 146 285
  88 150 285
 320 150 285
 111 152 285
 263 153 285
 211 154 285
 359 154 285
 198 156 285
  88 157 285
 174 159 285
 298 161 285
  45 163 285
 335 167 285
 130  12 286
  32  13 286
 263  14 286
 203  15 286
 217  17 286
 244  17 286
  35  18 286
  75  21 286
  75  32 286
 169  39 286
 141  40 286
 205  42 286
 255  46 286
 181  52 286
 142  53 286
  66  58 286
 333  59 286
 162  63 286
 188  63 286
 260  65 286
   6  66 286
 231  68 286
 132  69 286
 236  73 286
 349  73 286
 201  74 286
  53  76 286
 276  77 286
  91  80 286
 139  83 286
 203  85 286
  65  87 286
 318  89 286
  16  91 286
 307  91 286
 337  91 286
  46  95 286
 282 118 286
 265 121 286
 286 121 286
 152 122 286
  45 123 286
 299 125 286
 198 127 286
 241 128 286
 225 129 286
  31 131 286
  72 131 286
 329 131 286
 199 142 286
 345 147 286
  19 149 286
 162 152 286
 118 154 286
 234 155 286
 292 156 286
  58 157 286
 323  10 287
 159  13 287
 255  14 287
 118  18 287
 146  20 287
  12  22 287
 134  23 287
 124  24 287
  51  27 287
 277  27 287
 334  30 287
  37  33 287
 232  34 287
 221  38 287
  95  40 287
 290  45 287
 265  47 287
  63  49 287
 332  50 287
 220  51 287
  28  54 287
  36  57 287
 185  57 287
 299  60 287
 199  61 287
  50  67 287
  88  68 287
  19  69 287
 158  74 287
 313  75 287
 103  77 287
 263  77 287
 285  80 287
 107  81 287
 125  82 287
 292  85 287
 195  86 287
 236  87 287
 164  88 287
   7  92 287
 179  92 287
 325  92 287
 136  93 287
 253  93 287
  29  95 287
 167  95 287
  91 101 287
 200 104 287
 236 105 287
 225 108 287
  74 113 287
  23 117 287
 111 125 287
 159 127 287
 309 129 287
 127 130 287
 202 130 287
  47 132 287
 211 136 287
  91 139 287
 259 140 287
 225 148 287
 146 153 287
 129 155 287
 101 156 287
  19 157 287
 252 157 287
  36 159 287
  80   8 288
 107   9 288
 344   9 288
 312  11 288
 112  12 288
 183  13 288
 227  13 288
 267  17 288
 357  17 288
   3  21 288
 317  22 288
 300  28 288
 161  30 288
  16  33 288
  56  35 288
 246  35 288
 125  38 288
  17  39 288
 162  39 288
  93  49 288
 234  56 288
 198  69 288
 145  71 288
 170  76 288
 249  81 288
   0  84 288
 348  87 288
  25  90 288
 221  92 288
 143  93 288
 199  95 288
 297  95 288
 286  97 288
 120  98 288
 254  99 288
  46 102 288
  98 103 288
 350 104 288
 270 105 288
 150 107 288
   4 108 288
 178 124 288
  67 126 288
 339 129 288
 315 130 288
 282 131 288
  22 133 288
  83 133 288
 136 133 288
 295 135 288
 280 140 288
   4 142 288
 287 150 288
   9 151 288
 228 154 288
 134 157 288
 307 158 288
 317 159 288
 236 160 288
 158 162 288
 198 162 288
 145 163 288
 168  10 289
 213  13 289
 241  14 289
  57  15 289
  94  15 289
 280  16 289
 301  16 289
 330  16 289
  85  17 289
 195  17 289
  41  18 289
 289  22 289
 107  23 289
  93  27 289
 245  29 289
  11  31 289
 139  33 289
 183  34 289
 287  34 289
 310  36 289
  64  37 289
 181  46 289
 118  52 289
 134  53 289
 355  55 289
 150  56 289
 284  57 289
 357  60 289
  10  68 289
 301  70 289
 167  71 289
  82  80 289
 223  81 289
  83  93 289
  38  94 289
 265  94 289
  72  97 289
 269  99 289
  57 100 289
 142 101 289
 176 101 289
 184 102 289
 310 102 289
 339 105 289
 319 106 289
 118 107 289
 216 107 289
 140 110 289
 349 112 289
  17 114 289
  95 116 289
 272 120 289
 259 121 289
  53 133 289
 111 140 289
 179 142 289
 341 143 289
  63 145 289
  33 151 289
  72 154 289
  75 158 289
 180 159 289
 190 159 289
 243 160 289
 263 160 289
 117 161 289
 327 162 289
 344 163 289
 101 166 289
 354  10 290
 177  11 290
 184  22 290
 334  24 290
  60  25 290
 264  26 290
 113  29 290
 208  30 290
 340  30 290
 321  31 290
 348  31 290
  82  32 290
 220  32 290
  31  33 290
 356  34 290
 197  35 290
  88  39 290
 115  40 290
 105  43 290
  32  44 290
 330  45 290
 165  48 290
 128  49 290
 277  49 290
 351  49 290
  54  52 290
 167  53 290
 226  53 290
 252  54 290
  76  56 290
  42  57 290
 104  57 290
 258  59 290
  74  65 290
 218  67 290
 312  67 290
 330  67 290
 124  68 290
 358  69 290
 336  71 290
  73  73 290
  49  74 290
  19  76 290
  55  82 290
 116  82 290
 246  90 290
  91  93 290
 304  99 290
 328 104 290
  13 107 290
 160 107 290
 202 108 290
 205 112 290
  63 113 290
 245 113 290
  48 115 290
 103 117 290
 174 117 290
 122 120 290
 218 120 290
 159 121 290
 330 123 290
 354 123 290
   7 129 290
 185 129 290
  42 131 290
 164 133 290
 269 136 290
 248 137 290
 102 139 290
 226 139 290
  58 140 290
 169 140 290
 252 140 290
 216 142 290
 185 143 290
 313 144 290
 296 147 290
 275 154 290
 344 154 290
  91 159 290
  43 160 290
 294 160 290
  79 162 290
 165 162 290
   2 164 290
 150   8 291
  20   9 291
  70  10 291
 238  10 291
 293  10 291
 138  14 291
 159  24 291
 197  25 291
 220  25 291
 305  29 291
 262  35 291
 319  42 291
  42  44 291
  75  46 291
 321  47 291
  21  48 291
 216  48 291
  12  50 291
 205  50 291
 304  50 291
 337  51 291
 243  53 291
 293  55 291
 272  60 291
 118  65 291
 109  66 291
  99  69 291
  35  70 291
 185  70 291
 223  71 291
 240  74 291
 283  74 291
 151  76 291
 185  77 291
 271  77 291
 128  85 291
   4  86 291
 335  87 291
 231  97 291
 109  98 291
 126 107 291
 192 107 291
 290 107 291
 238 109 291
 310 109 291
  39 114 291
  83 114 291
 249 117 291
  28 118 291
  86 119 291
 252 121 291
 108 122 291
 359 130 291
  90 134 291
 128 135 291
 141 135 291
 336 138 291
 144 139 291
 324 140 291
 307 143 291
  68 151 291
 211 157 291
 322 160 291
  29 161 291
 216 161 291
 254 161 291
 354 161 291
  48 163 291
 283   7 292
 225   8 292
 136   9 292
 319   9 292
   8  11 292
 251  12 292
  28  13 292
  36  13 292
  51  14 292
  76  17 292
 259  20 292
 234  26 292
 168  28 292
 273  35 292
 279  36 292
 301  39 292
 247  40 292
 202  42 292
 150  44 292
 189  48 292
 145  55 292
  97  56 292
 193  56 292
 173  59 292
 305  59 292
  50  62 292
 212  62 292
 254  69 292
 133  71 292
 341  73 292
  77  76 292
 194  78 292
 314  79 292
 304  80 292
 322  80 292
  18  84 292
  23  86 292
 211  87 292
 285  87 292
  32  88 292
 104  88 292
 169  88 292
  55  89 292
 134  90 292
 228  90 292
 157  91 292
  66  97 292
   6 100 292
  38 100 292
 337 101 292
 284 104 292
  73 109 292
 296 112 292
 147 115 292
 214 115 292
 323 118 292
 310 120 292
 232 121 292
 185 122 292
 197 125 292
 273 125 292
  34 132 292
 156 134 292
 242 136 292
 199 137 292
 288 137 292
  93 142 292
  49 143 292
 114 143 292
 160 143 292
 208 143 292
   8 144 292
  34 144 292
 200 144 292
 266 145 292
  24 147 292
 121 148 292
 320 150 292
 177 156 292
 154 159 292
 226 161 292
  98 163 292
 134 163 292
 272 163 292
 284 163 292
  16 164 292
 191 164 292
 121 166 292
 304 168 292
 196   7 293
 154  11 293
 324  12 293
 125  13 293
 258  14 293
 155  19 293
 137  24 293
  29  26 293
 242  26 293
   8  28 293
  79  28 293
 108  28 293
  47  33 293
 132  35 293
 144  35 293
 168  37 293
  57  39 293
 230  42 293
 289  42 293
   3  43 293
  91  46 293
 346  48 293
  89  57 293
  31  59 293
  67  59 293
  21  62 293
 148  63 293
 238  64 293
 321  64 293
 178  65 293
 151  69 293
 269  69 293
   3  70 293
  58  73 293
 207  73 293
 154  80 293
 208  81 293
 356  83 293
 279  84 293
 346  84 293
 156  85 293
 257  85 293
 324  86 293
 267  87 293
 177  90 293
  60  91 293
 288  91 293
   1  96 293
  31  96 293
 209  96 293
 112 102 293
 347 102 293
  85 104 293
 164 109 293
  57 112 293
 138 117 293
 351 117 293
 267 118 293
 295 120 293
 222 122 293
 125 123 293
  34 125 293
  56 125 293
 334 125 293
  13 129 293
  80 131 293
 303 133 293
  69 134 293
 235 136 293
 171 145 293
 346 146 293
  17 147 293
 251 147 293
 301 159 293
 109 164 293
 178 166 293
  85 170 293
 229 170 293
  91   7 294
   3   9 294
 111   9 294
 122   9 294
  74  12 294
 101  12 294
 201  15 294
 336  15 294
 305  17 294
 209  21 294
 103  22 294
 278  22 294
 320  22 294
 340  24 294
  74  25 294
 122  25 294
  20  26 294
  45  26 294
 182  29 294
 355  29 294
 153  35 294
 243  35 294
  13  39 294
 181  40 294
 119  42 294
  68  43 294
 338  44 294
 271  49 294
 262  50 294
  60  58 294
 315  58 294
 165  60 294
 201  60 294
 339  63 294
 355  66 294
  90  69 294
 234  74 294
 174  75 294
 256  75 294
 103  77 294
  36  78 294
  93  80 294
  83  84 294
 190  88 294
 306  92 294
 324  93 294
 106  95 294
 254  95 294
  17  98 294
 192  98 294
 139  99 294
 263 100 294
 239 101 294
 178 104 294
 229 105 294
 267 105 294
 272 107 294
  14 112 294
  22 114 294
 167 119 294
  68 120 294
 148 121 294
 114 122 294
 323 125 294
 358 125 294
 235 126 294
  90 127 294
 281 128 294
 279 137 294
 105 142 294
 288 144 294
  84 145 294
 357 145 294
 150 146 294
  65 148 294
 140 149 294
 126 150 294
 255 150 294
 209 153 294
 167 155 294
 238 155 294
  41 156 294
 144 159 294
   9 163 294
  61 163 294
 331 163 294
  52 165 294
 244 165 294
 338 165 294
 261 166 294
 355 166 294
 316 171 294
 276   8 295
 307   8 295
  50   9 295
  24  11 295
  94  11 295
 211  11 295
  63  12 295
 231  12 295
 346  12 295
 296  13 295
 179  14 295
 235  18 295
 181  19 295
 261  24 295
 349  25 295
 127  27 295
 301  27 295
  62  28 295
  86  33 295
 193  34 295
  96  35 295
 220  37 295
 286  38 295
 311  38 295
  64  40 295
 103  40 295
 209  41 295
 262  41 295
 130  43 295
 137  47 295
 234  49 295
 287  50 295
 115  52 295
  21  54 295
 236  54 295
 136  55 295
 358  55 295
 209  59 295
 297  61 295
 282  62 295
 330  62 295
  31  66 295
 131  66 295
 286  66 295
 116  72 295
 296  72 295
 301  74 295
   7  78 295
 135  83 295
 243  83 295
 122  85 295
  68  89 295
 223  89 295
 140  90 295
 300  90 295
  87  92 295
  77  96 295
 331  96 295
 121  99 295
 155  99 295
 163  99 295
  44 103 295
 142 104 295
 215 105 295
  53 106 295
 119 109 295
 345 110 295
   1 113 295
 181 114 295
 288 114 295
 321 114 295
 308 116 295
 195 118 295
 177 124 295
  26 125 295
  70 125 295
 265 126 295
 199 129 295
 336 132 295
 310 133 295
 343 136 295
  46 139 295
 236 147 295
 115 148 295
 274 148 295
   9 149 295
  54 149 295
 290 149 295
 337 149 295
  91 150 295
 188 151 295
 325 151 295
 101 152 295
 130 153 295
 353 155 295
  78 158 295
  83 163 295
 276 165 295
  32 170 295
 174  10 296
 197  12 296
  12  13 296
 218  19 296
 274  19 296
 292  23 296
  37  24 296
   4  26 296
 328  28 296
 202  33 296
 259  33 296
  31  36 296
 333  36 296
 227  37 296
  22  38 296
 112  39 296
 159  40 296
 359  41 296
  82  43 296
 172  43 296
  47  44 296
 313  44 296
  34  47 296
 154  51 296
  49  52 296
 104  54 296
 124  55 296
  10  56 296
 271  56 296
 323  56 296
  77  58 296
 251  65 296
 344  65 296
  76  66 296
 171  66 296
 221  67 296
 194  72 296
  18  73 296
  47  73 296
  63  74 296
 224  75 296
 116  79 296
  45  82 296
 101  85 296
 198  86 296
  47  87 296
 243  90 296
 313  92 296
 178  95 296
 347  96 296
  95 100 296
 312 100 296
 255 101 296
 355 107 296
  98 108 296
 195 109 296
  31 111 296
 282 111 296
 106 117 296
  56 119 296
 215 120 296
 257 121 296
 155 122 296
   8 124 296
 115 128 296
 124 130 296
 220 130 296
 185 132 296
 321 133 296
 176 134 296
 133 135 296
 250 138 296
 185 139 296
  80 141 296
 317 143 296
 222 145 296
 229 147 296
 161 148 296
 298 148 296
 305 149 296
  31 152 296
 195 154 296
 309 157 296
 259 161 296
 105 162 296
 209 163 296
 219 163 296
 114 165 296
 165 165 296
 173 165 296
 152 166 296
 287 166 296
 311 166 296
 194 167 296
  26 168 296
 181 169 296
 244   3 297
  63   4 297
 144  10 297
 333  12 297
 165  13 297
 245  14 297
 353  14 297
 314  18 297
  61  20 297
 148  21 297
 282  24 297
  87  25 297
 116  25 297
 223  25 297
 307  30 297
 211  31 297
  37  38 297
 324  39 297
 336  40 297
 349  40 297
 252  45 297
 299  45 297
 186  46 297
 192  50 297
 226  51 297
   7  52 297
  55  53 297
 314  53 297
 251  55 297
 198  56 297
 158  58 297
 113  60 297
 101  63 297
  87  64 297
  40  67 297
  10  68 297
 160  70 297
 188  70 297
 310  71 297
 327  71 297
 356  71 297
  73  75 297
 136  75 297
 341  78 297
 145  79 297
 236  80 297
  15  82 297
 177  84 297
 221  84 297
 205  89 297
 277  91 297
 344  91 297
 229  94 297
  24  98 297
 286  98 297
  32 101 297
 207 103 297
 241 109 297
   9 111 297
 333 111 297
  88 112 297
 129 112 297
 249 113 297
  99 114 297
 254 115 297
  46 118 297
 136 124 297
 167 125 297
 293 127 297
  42 128 297
 101 128 297
 274 129 297
 299 129 297
 152 131 297
 210 131 297
  44 134 297
 223 134 297
  11 136 297
 102 136 297
 352 136 297
 358 138 297
  56 140 297
 190 142 297
 208 148 297
  39 151 297
  24 152 297
 344 153 297
 275 154 297
 258 155 297
  52 157 297
 242 159 297
   6 160 297
  70 160 297
 130 162 297
 146 163 297
  21 166 297
 224 167 297
 245 170 297
  64 172 297
  86   5 298
 272   6 298
 259   8 298
 162   9 298
 294   9 298
  33  10 298
 132  10 298
 115  11 298
  40  12 298
 148  13 298
   2  16 298
  99  19 298
 256  20 298
  19  21 298
 111  21 298
 167  22 298
 198  23 298
 324  25 298
 156  26 298
 240  32 298
  52  33 298
 278  34 298
 248  36 298
  73  44 298
 177  49 298
 213  49 298
 300  51 298
  89  52 298
 145  52 298
 335  52 298
 353  52 298
 238  58 298
 274  60 298
 187  61 298
 260  62 298
 140  63 298
 217  64 298
 206  68 298
 317  72 298
 289  73 298
 269  74 298
 331  74 298
 168  75 298
  27  76 298
 273  77 298
 259  78 298
 277  80 298
  80  81 298
  61  82 298
 172  82 298
   4  87 298
  18  89 298
 124  89 298
 154  91 298
 282  93 298
  47  94 298
  71  94 298
  87  98 298
  52 101 298
 167 101 298
 321 101 298
   6 103 298
 130 103 298
 194 103 298
  74 105 298
 222 106 298
 300 106 298
 180 108 298
 150 109 298
 320 109 298
 308 110 298
  81 112 298
 231 112 298
  39 115 298
 202 117 298
 238 118 298
 342 121 298
  84 122 298
 348 124 298
 240 127 298
 244 130 298
  32 131 298
 265 132 298
 141 133 298
 164 134 298
  21 135 298
  71 137 298
 269 140 298
  28 141 298
 323 144 298
  66 153 298
 118 153 298
 103 156 298
 325 157 298
 357 157 298
  11 167 298
 133 167 298
 295 168 298
 341 168 298
  39 171 298
 328 171 298
 231   6 299
 218   9 299
  49  16 299
 133  16 299
  84  17 299
  74  19 299
 245  21 299
 184  22 299
 191  23 299
  26  24 299
  51  24 299
 171  25 299
 295  26 299
 137  27 299
 232  27 299
 146  29 299
 268  30 299
 349  31 299
  63  33 299
  74  34 299
 103  34 299
  10  35 299
 157  36 299
 172  36 299
 295  37 299
 225  45 299
  99  49 299
 346  51 299
  35  52 299
  69  54 299
 126  59 299
  53  61 299
  66  63 299
 113  68 299
  99  71 299
 125  76 299
 358  76 299
 334  78 299
 158  79 299
 192  80 299
 314  81 299
  34  84 299
 295  84 299
 342  84 299
 257  88 299
 132  92 299
 208  93 299
 111  97 299
 297  98 299
  64 106 299
 172 106 299
 143 109 299
 273 111 299
 297 115 299
 335 116 299
  65 118 299
 187 121 299
 319 121 299
  18 122 299
 259 125 299
 309 125 299
  72 129 299
  93 129 299
  58 130 299
  81 133 299
 123 137 299
 153 137 299
 311 138 299
 336 138 299
 286 139 299
 111 140 299
 207 140 299
  91 142 299
 138 142 299
 251 143 299
 174 145 299
 157 146 299
 177 151 299
  95 152 299
 234 154 299
 279 157 299
 185 159 299
 207 159 299
 329 160 299
 194 161 299
 285 161 299
  88 164 299
 122 164 299
  76 165 299
 159 165 299
 304 167 299
  91 170 299
 192   6 300
 181   8 300
 206   8 300
 245   8 300
 100   9 300
 125   9 300
 280   9 300
 311   9 300
 342   9 300
 286  10 300
  19  11 300
 328  11 300
 308  18 300
 344  18 300
 135  22 300
 204  24 300
  97  27 300
 315  28 300
   7  29 300
 185  34 300
 122  35 300
 270  36 300
 143  38 300
 281  38 300
  15  40 300
 124  40 300
 146  42 300
 203  43 300
 248  43 300
  87  44 300
 211  44 300
  20  45 300
   4  46 300
 282  46 300
 267  47 300
 325  47 300
 162  49 300
 169  51 300
  42  53 300
 308  53 300
 182  55 300
  23  57 300
  13  59 300
 148  61 300
  29  63 300
  38  63 300
 309  63 300
 353  63 300
  93  64 300
 159  64 300
 239  64 300
 127  65 300
  20  66 300
 244  66 300
 262  67 300
 146  70 300
 219  74 300
 247  74 300
  56  76 300
  78  76 300
 204  76 300
 100  77 300
 210  77 300
  33  78 300
 231  79 300
 293  79 300
   1  80 300
 304  82 300
  86  84 300
 181  86 300
  64  87 300
 105  87 300
 111  88 300
 262  90 300
 144  91 300
 248  91 300
 271  91 300
   8  93 300
  34  93 300
 187  93 300
 224  93 300
 351  98 300
 357  99 300
 141 100 300
 235 101 300
 113 102 300
 337 102 300
  22 106 300
 269 106 300
 154 112 300
 161 112 300
 117 115 300
 132 115 300
  31 117 300
 166 117 300
 209 117 300
   8 118 300
 280 118 300
 286 120 300
 356 122 300
 332 125 300
 204 129 300
 283 129 300
 172 132 300
 228 135 300
 246 135 300
 303 136 300
 105 139 300
 294 139 300
 198 140 300
 231 140 300
 261 142 300
 276 142 300
  19 143 300
 358 147 300
  78 148 300
 343 148 300
 143 150 300
  47 152 300
 161 154 300
 181 154 300
 306 154 300
 252 155 300
  15 156 300
 218 158 300
 344 159 300
 235 160 300
  41 163 300
  54 166 300
 107 166 300
 266 166 300
 238 168 300
   2 169 300
  58 169 300
 142 172 300
  69   8 301
 112   8 301
 301  10 301
   1  11 301
  73  11 301
 233  13 301
  44  14 301
 268  15 301
   3  21 301
 348  23 301
 265  24 301
  31  26 301
 120  27 301
  41  28 301
 222  31 301
 246  32 301
 135  35 301
 319  35 301
  43  37 301
 200  39 301
  59  43 301
 132  44 301
  27  45 301
 293  45 301
 109  46 301
 335  46 301
  64  48 301
 121  49 301
 237  49 301
 111  51 301
 287  56 301
 173  58 301
 201  59 301
   2  61 301
 323  61 301
 293  62 301
 340  62 301
 203  64 301
  56  65 301
 284  65 301
 300  66 301
 176  73 301
 249  79 301
 319  83 301
 321  88 301
 330  88 301
 199  90 301
  22  91 301
 160  91 301
 218  92 301
 236  92 301
  83  93 301
 165  93 301
  65  94 301
  52  95 301
 306  95 301
 334  96 301
  99 101 301
 244 101 301
 265 102 301
  11 104 301
 118 104 301
 285 104 301
 211 105 301
  57 106 301
  77 110 301
 346 112 301
 354 113 301
 187 114 301
 273 118 301
 230 119 301
 176 120 301
 118 121 301
 323 124 301
 141 125 301
 195 128 301
 348 134 301
   6 135 301
  34 141 301
  10 142 301
  41 142 301
  60 142 301
  67 146 301
 215 146 301
 136 150 301
 231 150 301
 323 150 301
 125 152 301
 112 153 301
   6 154 301
 268 154 301
 297 154 301
  22 160 301
  35 160 301
 293 164 301
 353 166 301
 257 167 301
 217 169 301
 136 170 301
 199 171 301
 207 171 301
 202   5 302
  13   6 302
 265   7 302
  27   9 302
 253   9 302
 322   9 302
 211  10 302
  60  11 302
 155  11 302
 220  13 302
 168  15 302
 222  18 302
  87  20 302
 281  20 302
 336  20 302
 288  22 302
  65  23 302
 209  26 302
  72  29 302
  88  29 302
 173  29 302
 332  30 302
 100  31 302
 233  32 302
 358  32 302
 108  35 302
 191  35 302
  54  37 302
  85  38 302
 310  38 302
 161  41 302
 259  42 302
 272  50 302
 218  56 302
 334  58 302
  79  59 302
  87  59 302
 256  59 302
 231  60 302
 180  63 302
 229  69 302
 116  71 302
  68  72 302
  91  72 302
 191  72 302
  24  73 302
 349  73 302
  48  77 302
 130  77 302
 151  77 302
   9  78 302
 134  82 302
 284  82 302
  54  84 302
  98  85 302
 349  91 302
  41  93 302
  93  98 302
 317  98 302
 259 100 302
 280 100 302
 250 102 302
  35 104 302
 201 104 302
 293 107 302
 326 108 302
  23 112 302
  64 112 302
 221 112 302
 312 112 302
  95 113 302
 199 113 302
  45 114 302
 104 114 302
  52 117 302
 109 117 302
 257 117 302
 221 119 302
 133 121 302
  70 122 302
  32 125 302
  51 125 302
 191 125 302
   9 126 302
 120 126 302
 106 128 302
 150 128 302
  20 129 302
 339 129 302
 260 130 302
 178 135 302
 217 135 302
 327 135 302
 128 138 302
 318 138 302
  48 142 302
  94 145 302
 335 145 302
 291 148 302
 101 152 302
  79 154 302
 145 155 302
 335 160 302
 256 161 302
  50 163 302
 168 165 302
 275 166 302
 314 166 302
  79 168 302
  99 168 302
 173 168 302
  29 171 302
 149   7 303
 168   7 303
 355   7 303
  94   8 303
  84  11 303
  34  14 303
 181  14 303
 123  17 303
 328  17 303
 155  18 303
 253  18 303
 234  19 303
 316  20 303
  20  25 303
  56  25 303
 256  27 303
 304  27 303
 218  28 303
 158  29 303
 181  31 303
  31  33 303
 293  33 303
 336  33 303
 259  35 303
 222  38 303
 347  38 303
   1  39 303
 192  41 303
 234  41 303
 319  42 303
  93  44 303
 348  44 303
 308  47 303
 260  48 303
 135  49 303
 247  50 303
   4  52 303
  76  52 303
 140  52 303
 199  52 303
 215  52 303
 228  52 303
 282  52 303
 149  53 303
  49  55 303
 121  56 303
 321  56 303
 353  57 303
 109  59 303
 137  61 303
 276  63 303
 189  64 303
  44  66 303
 171  66 303
 310  68 303
 341  68 303
 323  70 303
  45  72 303
 119  76 303
 181  76 303
 352  77 303
 226  78 303
  12  82 303
 215  83 303
 235  85 303
 118  87 303
 304  88 303
 140  89 303
 183  90 303
 292  92 303
 202  94 303
  75  95 303
 276  95 303
 187  99 303
 224  99 303
 309  99 303
 147 100 303
 127 101 303
 153 102 303
  18 104 303
 341 104 303
 188 105 303
  43 107 303
 130 108 303
  87 110 303
 247 111 303
 253 112 303
 172 117 303
 300 118 303
  92 122 303
 238 123 303
 301 124 303
  40 126 303
 160 127 303
   0 129 303
 215 130 303
 288 130 303
 275 131 303
 121 132 303
  95 133 303
  60 134 303
 193 136 303
  83 137 303
 147 137 303
 248 139 303
 183 140 303
 132 141 303
 155 141 303
 166 142 303
 302 143 303
 353 143 303
 113 144 303
 267 146 303
 197 147 303
 205 147 303
 283 147 303
 220 148 303
 250 149 303
  57 151 303
 314 152 303
  34 153 303
 154 154 303
 169 154 303
 203 156 303
 352 157 303
  66 158 303
 191 158 303
 133 162 303
 115 164 303
  25 165 303
  67 165 303
 153 165 303
 245 167 303
 284 167 303
 192 168 303
 319 168 303
 179 169 303
 231 169 303
 343 171 303
 139   7 304
  54   8 304
 106   8 304
 119  10 304
 191  12 304
 301  16 304
 193  17 304
 107  18 304
 144  18 304
 199  18 304
 275  18 304
 241  19 304
 357  20 304
   9  21 304
 113  22 304
 152  27 304
 289  28 304
 306  32 304
 344  32 304
  77  36 304
  44  42 304
 174  42 304
 152  44 304
 179  44 304
 299  45 304
  32  46 304
  69  49 304
 191  50 304
 316  51 304
 351  51 304
  98  54 304
 249  55 304
 160  56 304
 272  57 304
 223  62 304
  12  65 304
 109  66 304
  76  70 304
 265  70 304
 329  71 304
  33  72 304
 201  72 304
 243  72 304
 287  72 304
 313  72 304
 273  73 304
 278  75 304
 341  75 304
 145  76 304
 163  78 304
 262  79 304
 253  81 304
  21  82 304
  80  84 304
 197  86 304
 175  87 304
 345  88 304
 151  89 304
 287  89 304
 334  90 304
  28  92 304
 123  93 304
  13  94 304
 172  96 304
  85  97 304
  54 102 304
 161 102 304
 324 102 304
   0 103 304
 234 107 304
 344 108 304
 296 111 304
 268 112 304
 329 112 304
   0 113 304
   6 114 304
 144 114 304
  26 116 304
 314 117 304
  84 119 304
 151 120 304
 246 123 304
  57 126 304
 229 126 304
 269 127 304
  81 128 304
 131 129 304
 165 129 304
 313 129 304
 346 129 304
 240 135 304
  28 138 304
  71 148 304
 243 149 304
  24 152 304
 330 155 304
  87 156 304
   8 158 304
 211 160 304
  98 161 304
 312 161 304
 228 162 304
 301 163 304
 333 168 304
 121 169 304
  86 170 304
 355 170 304
   6 171 304
  13 171 304
  68 171 304
 224   4 305
 233   7 305
 271   7 305
 293   8 305
 316   8 305
 347   9 305
  14  11 305
 137  15 305
 212  15 305
 173  16 305
  94  19 305
  17  20 305
  43  20 305
  70  24 305
 144  25 305
 326  25 305
 126  26 305
 166  27 305
 242  28 305
  23  29 305
  46  29 305
 131  29 305
 270  31 305
 277  32 305
 141  34 305
  12  36 305
 113  37 305
  21  38 305
  68  38 305
 245  38 305
 210  39 305
 167  41 305
 332  43 305
  53  44 305
  98  46 305
 210  49 305
  12  50 305
  17  52 305
 334  52 305
  37  53 305
 297  53 305
  28  56 305
 168  56 305
 101  58 305
  65  60 305
 128  60 305
 261  60 305
 300  60 305
  34  62 305
   6  63 305
  69  63 305
 141  64 305
  87  65 305
 214  65 305
 163  66 305
 237  70 305
 141  71 305
 301  71 305
 107  74 305
  94  76 305
 158  76 305
 329  78 305
 190  79 305
 300  79 305
  64  81 305
 209  82 305
  74  83 305
 170  83 305
 276  83 305
 263  85 305
 358  87 305
 213  91 305
   0  92 305
 104  92 305
 242  92 305
  46  95 305
 107  98 305
  30 100 305
 178 100 305
 292 102 305
 106 106 305
  73 108 305
 213 109 305
 166 111 305
  15 114 305
 333 115 305
 345 118 305
 266 120 305
 210 121 305
 291 121 305
 182 123 305
 257 123 305
  98 124 305
 327 126 305
  71 127 305
 210 128 305
 303 129 305
 110 131 305
 234 133 305
  21 134 305
  70 135 305
 291 135 305
 165 136 305
 111 137 305
 258 138 305
 349 139 305
 328 140 305
  85 144 305
 191 144 305
 279 144 305
 308 144 305
 169 146 305
 229 146 305
  99 147 305
 121 149 305
 351 151 305
   2 152 305
 186 154 305
 291 154 305
 126 157 305
 271 157 305
 245 159 305
 221 160 305
 274 161 305
 146 165 305
 162 165 305
  40 168 305
 130 171 305
 248 172 305
 258 172 305
  84   5 306
  36   6 306
 131   6 306
 329   7 306
 248   8 306
 277   8 306
  43  10 306
 338  11 306
 356  12 306
  66  15 306
 260  17 306
  83  18 306
 128  18 306
 304  20 306
 345  20 306
  97  23 306
 182  23 306
 201  23 306
 189  29 306
 201  30 306
  94  32 306
 208  32 306
 104  33 306
  35  36 306
 129  37 306
 147  37 306
 278  38 306
 294  38 306
 120  39 306
 229  40 306
 283  40 306
   1  46 306
 243  47 306
 182  48 306
  83  51 306
 156  52 306
  56  54 306
 342  54 306
 189  58 306
  58  59 306
 357  62 306
  25  65 306
  16  68 306
 222  69 306
 258  69 306
  57  71 306
 130  71 306
   1  73 306
  85  73 306
 212  73 306
  61  74 306
 245  78 306
  35  79 306
 110  80 306
 316  80 306
 232  81 306
  39  82 306
  49  82 306
  95  82 306
 193  83 306
 162  85 306
 327  86 306
 135  87 306
 252  90 306
 265  90 306
  59  91 306
 271  94 306
  69  95 306
 220  95 306
 139  96 306
 336  99 306
 210 100 306
 229 100 306
 195 104 306
 316 104 306
  64 105 306
 266 106 306
 279 106 306
 137 107 306
 163 107 306
 307 107 306
 176 108 306
 240 108 306
  82 109 306
 141 110 306
 281 112 306
 120 115 306
 202 116 306
 284 116 306
  36 117 306
 126 117 306
  68 118 306
 159 122 306
  15 125 306
 356 125 306
 140 130 306
  41 131 306
 316 133 306
  45 134 306
 279 134 306
  11 135 306
 224 136 306
 141 137 306
  76 138 306
  96 138 306
 265 141 306
 148 142 306
 239 142 306
  53 144 306
 119 144 306
  13 145 306
 183 146 306
 314 146 306
 155 147 306
  19 149 306
  42 151 306
 257 152 306
 325 153 306
  48 154 306
 303 154 306
  60 155 306
  92 158 306
 110 159 306
  13 160 306
 204 161 306
 341 166 306
 187 167 306
  55 168 306
 325 168 306
 105 170 306
 289 171 306
 304 172 306
 151 173 306
  70   3 307
  77   5 307
 178   5 307
 310   5 307
 207   6 307
 240   6 307
 162   7 307
 285   7 307
 100   8 307
 258   8 307
  22   9 307
   5  10 307
 298  10 307
  53  15 307
  73  15 307
 162  16 307
 314  16 307
  58  17 307
 227  17 307
 287  18 307
 266  19 307
  34  21 307
 175  23 307
 319  23 307
 358  25 307
 116  26 307
 225  26 307
 231  27 307
 249  27 307
  79  28 307
   6  29 307
  57  30 307
 327  31 307
 255  33 307
  64  34 307
 165  34 307
 315  37 307
 328  37 307
  11  43 307
  84  43 307
 130  43 307
 201  43 307
 267  46 307
 118  47 307
 289  50 307
  22  54 307
  87  54 307
 180  56 307
 238  57 307
 198  58 307
 206  58 307
 287  59 307
 313  59 307
 211  60 307
 250  60 307
 120  62 307
 324  63 307
 157  64 307
 289  64 307
 100  65 307
 127  67 307
 178  69 307
 295  70 307
   5  76 307
 290  80 307
 344  81 307
 129  82 307
 304  82 307
 115  84 307
  24  86 307
  84  87 307
 317  87 307
  11  88 307
  99  89 307
 307  91 307
 117  93 307
 195  95 307
  19  96 307
  78  98 307
 124  98 307
 350  98 307
 302 101 307
 354 102 307
 113 105 307
  38 106 307
  95 106 307
 116 109 307
  52 110 307
 152 112 307
 193 112 307
 184 113 307
  57 116 307
 238 116 307
 227 117 307
 319 118 307
 338 118 307
 191 120 307
 350 120 307
 108 122 307
 128 122 307
 141 122 307
 203 122 307
 175 124 307
  31 130 307
 190 130 307
 201 132 307
   1 134 307
  54 134 307
 302 136 307
 206 137 307
 343 137 307
 335 139 307
 292 141 307
  43 143 307
 213 143 307
  34 144 307
   1 146 307
 138 146 307
 130 148 307
  87 149 307
 343 149 307
 146 150 307
 213 150 307
 269 150 307
 234 152 307
 108 153 307
  74 154 307
 136 154 307
 158 156 307
 178 156 307
 240 157 307
   1 159 307
 293 159 307
  77 160 307
 144 160 307
  37 161 307
 261 161 307
 280 165 307
 211 166 307
  47 170 307
 114 170 307
 167 170 307
 225 170 307
 237 170 307
  92 171 307
 195 172 307
  33   2 308
 114   6 308
 189   8 308
 152   9 308
 225   9 308
 283  15 308
  26  16 308
 247  18 308
 213  20 308
 293  20 308
 164  21 308
 338  21 308
 350  22 308
 106  24 308
 266  26 308
  13  29 308
  86  33 308
  47  34 308
 310  34 308
 156  35 308
 353  36 308
 218  37 308
  94  39 308
 267  39 308
 342  39 308
 197  40 308
 258  40 308
 356  40 308
  25  41 308
 137  43 308
  68  44 308
 220  44 308
  58  45 308
 110  45 308
 235  45 308
 141  47 308
 282  47 308
 225  49 308
 311  49 308
 329  51 308
 119  53 308
 144  53 308
 233  53 308
  44  54 308
 347  59 308
  42  62 308
 151  62 308
 240  62 308
 331  63 308
  74  64 308
 349  64 308
 252  65 308
 195  67 308
  52  69 308
 356  69 308
  27  73 308
 227  73 308
  15  75 308
  77  75 308
 204  75 308
 184  78 308
 146  81 308
 335  84 308
 353  84 308
 223  85 308
 241  87 308
  38  89 308
 167  91 308
 231  92 308
  64  93 308
 188  93 308
 296  93 308
 158  94 308
 254  95 308
 316  95 308
 285  96 308
 345  96 308
  38  98 308
  94 100 308
 255 101 308
   6 103 308
 260 103 308
 228 107 308
 323 108 308
  28 109 308
 218 110 308
  96 115 308
 255 115 308
 307 115 308
 246 116 308
  80 117 308
 218 118 308
  41 119 308
   5 121 308
  27 121 308
 323 121 308
 283 123 308
 296 125 308
 249 126 308
 222 127 308
 335 127 308
  88 129 308
 256 130 308
 179 131 308
  90 134 308
 324 134 308
 120 137 308
 179 138 308
  60 143 308
  66 144 308
  79 144 308
 108 145 308
 176 147 308
 320 150 308
 198 151 308
 284 152 308
  29 154 308
 118 157 308
 341 157 308
  50 159 308
 161 160 308
 253 161 308
  18 162 308
 183 162 308
 321 162 308
 351 162 308
  79 165 308
   2 168 308
 218 168 308
  26 169 308
 300 169 308
 269 170 308
 349 170 308
  32 171 308
  80 171 308
 136 171 308
 201   5 309
 335   7 309
  91   8 309
 265   8 309
 211   9 309
 121  13 309
 239  13 309
 152  16 309
  90  17 309
 139  19 309
 150  24 309
 188  24 309
  44  25 309
 310  25 309
 294  27 309
  33  28 309
 236  29 309
 299  29 309
 177  32 309
 192  33 309
 339  33 309
 238  36 309
 107  37 309
 299  39 309
  50  40 309
  76  44 309
 158  44 309
 304  44 309
  37  45 309
 324  46 309
 343  46 309
 166  47 309
 206  47 309
 273  47 309
 172  48 309
 256  48 309
   1  52 309
  93  55 309
 223  57 309
 277  57 309
 172  58 309
 306  59 309
 318  61 309
  48  64 309
 337  64 309
 277  65 309
 174  66 309
 187  68 309
 119  69 309
 317  73 309
 338  73 309
  90  74 309
 140  77 309
 217  78 309
 284  79 309
  58  82 309
 149  85 309
 181  87 309
 207  89 309
 280  89 309
  92  90 309
 338  91 309
 135  93 309
 152  93 309
 324  94 309
  27  97 309
  49  98 309
 241  98 309
 277  98 309
 204  99 309
  87 100 309
 156 102 309
 129 103 309
 185 104 309
 211 105 309
  10 106 309
  47 106 309
 336 107 309
  16 108 309
  67 109 309
 201 110 309
 355 110 309
 103 115 309
 176 115 309
  48 119 309
  61 119 309
 137 119 309
  14 120 309
 166 121 309
 271 121 309
  69 123 309
 150 125 309
 234 125 309
  77 126 309
 274 126 309
 118 127 309
 340 129 309
 154 131 309
 132 133 309
 158 134 309
 284 135 309
 307 138 309
 101 139 309
  12 140 309
  22 140 309
  31 140 309
 250 140 309
 225 141 309
 257 144 309
 195 146 309
 295 146 309
 339 146 309
 161 147 309
 220 151 309
 203 153 309
  66 155 309
 309 155 309
 171 157 309
  32 158 309
 332 158 309
 137 160 309
  64 163 309
  21 166 309
 126 168 309
  65 169 309
 100 169 309
 148 169 309
 243 171 309
 279 172 309
 158 173 309
 356   5 310
 137   6 310
 322   6 310
  13   7 310
  50   8 310
 142   8 310
 180  10 310
  37  11 310
  82  12 310
 104  12 310
 115  12 310
 305  14 310
 191  15 310
 198  15 310
 275  15 310
 321  15 310
 254  17 310
 329  17 310
   8  18 310
  28  21 310
 218  22 310
  58  23 310
  74  25 310
 277  25 310
  87  26 310
 139  26 310
 256  26 310
 121  27 310
 154  28 310
 337  28 310
 349  29 310
 216  30 310
 180  36 310
   3  39 310
  31  44 310
 103  46 310
 248  48 310
 127  51 310
  74  52 310
 109  52 310
 302  52 310
 262  55 310
 271  55 310
  10  56 310
 148  56 310
 135  57 310
  96  59 310
 109  60 310
  12  61 310
  82  63 310
 266  65 310
 111  67 310
 166  68 310
 201  68 310
 280  69 310
 307  69 310
 242  70 310
 101  71 310
 136  71 310
 156  71 310
 267  71 310
 348  71 310
  36  72 310
  72  72 310
 325  73 310
 282  74 310
 257  75 310
 168  76 310
 177  77 310
 268  77 310
 352  78 310
 239  79 310
 124  80 310
 272  80 310
 102  81 310
 158  81 310
 258  81 310
   5  82 310
  79  82 310
 203  82 310
  67  83 310
 293  84 310
  29  88 310
  48  88 310
 129  88 310
  16  89 310
 170  95 310
 179  95 310
  73  97 310
 328  97 310
   3  98 310
 221 100 310
 287 103 310
 102 105 310
 293 106 310
 273 107 310
 131 108 310
 301 108 310
  76 110 310
 340 110 310
 262 114 310
 159 115 310
   0 116 310
  89 116 310
 299 116 310
 310 119 310
 113 124 310
 217 125 310
 242 125 310
 298 130 310
 262 131 310
 355 131 310
 172 132 310
 195 132 310
  63 133 310
 274 133 310
 247 134 310
 237 135 310
 212 137 310
   2 139 310
 133 139 310
 323 141 310
 271 142 310
 285 142 310
 352 144 310
 301 148 310
  92 150 310
  12 151 310
 228 151 310
 100 155 310
 352 155 310
 316 159 310
 232 160 310
 125 162 310
 197 163 310
 297 163 310
 265 164 310
  90 165 310
 206 165 310
 233 167 310
 331 167 310
 173 170 310
 311 170 310
 179 171 310
 317 171 310
  69 173 310
 168   6 311
 219   7 311
 345   7 311
  62   8 311
 252   9 311
 272   9 311
 127  14 311
  21  15 311
 242  17 311
   0  18 311
  42  18 311
 105  18 311
 132  19 311
 208  19 311
 171  20 311
 333  20 311
  68  23 311
 113  23 311
 196  23 311
 283  26 311
 321  27 311
 128  28 311
  26  29 311
  18  30 311
 267  31 311
 285  31 311
 140  32 311
  42  33 311
  70  34 311
  77  35 311
 226  35 311
 245  35 311
 118  36 311
 275  36 311
 319  39 311
 191  40 311
 182  41 311
  17  42 311
  97  43 311
 150  44 311
 353  48 311
 189  49 311
 196  51 311
  65  52 311
 132  53 311
  33  54 311
 162  56 311
  24  58 311
 184  59 311
  61  61 311
 230  61 311
  67  62 311
 138  62 311
 296  62 311
  30  64 311
 259  64 311
 221  65 311
 210  66 311
 312  71 311
  42  74 311
 232  74 311
 331  74 311
 122  75 311
  49  77 311
 194  78 311
  18  79 311
 309  83 311
 218  84 311
 109  85 311
 249  85 311
 272  87 311
 227  88 311
   5  89 311
 114  90 311
 214  93 311
 105  94 311
 145  94 311
 236  96 311
 270  99 311
  61 101 311
 245 101 311
 148 102 311
  26 104 311
 169 105 311
 246 107 311
 318 107 311
 233 108 311
 329 108 311
 347 111 311
  37 112 311
 169 112 311
 209 113 311
 133 114 311
 291 114 311
 266 117 311
  22 118 311
 183 119 311
 148 120 311
 330 120 311
 102 122 311
 195 122 311
  31 124 311
  87 124 311
  49 125 311
 169 125 311
 289 125 311
 310 126 311
 349 126 311
  18 127 311
  38 128 311
  52 129 311
 129 129 311
 100 130 311
 223 132 311
  76 133 311
 161 138 311
 185 138 311
 315 138 311
  90 140 311
 171 140 311
 193 140 311
  49 142 311
 124 143 311
  71 145 311
 332 147 311
 248 148 311
 275 149 311
   6 150 311
  23 150 311
 167 150 311
 114 152 311
 262 152 311
 249 154 311
 276 155 311
 287 156 311
 152 157 311
 192 160 311
  42 162 311
  55 162 311
 100 162 311
 112 166 311
   9 167 311
 357 167 311
 252 168 311
  42 169 311
 342 170 311
 334 171 311
  48 175 311
 237   3 312
   4   5 312
 297   5 312
  80   7 312
 315   7 312
  69   8 312
 303   9 312
 171  10 312
 346  13 312
 352  14 312
  68  16 312
 181  16 312
 309  17 312
 230  19 312
  11  22 312
 178  25 312
 244  26 312
  95  27 312
   0  28 312
 205  28 312
 164  30 312
  98  31 312
  34  33 312
  59  33 312
 129  34 312
 144  35 312
 169  35 312
 206  36 312
 287  36 312
 254  38 312
 148  39 312
   9  40 312
 290  40 312
  55  42 312
 245  42 312
 333  42 312
 125  43 312
 214  45 312
  86  46 312
 296  47 312
  20  49 312
  43  49 312
  60  49 312
 219  50 312
 315  51 312
   7  52 312
 334  52 312
  50  53 312
 257  53 312
  82  55 312
 338  55 312
 248  57 312
 164  61 312
  14  66 312
  86  66 312
  20  67 312
   2  68 312
 150  68 312
 301  68 312
  65  70 312
 249  73 312
 213  75 312
  55  78 312
  26  79 312
  91  79 312
 329  82 312
 167  83 312
 196  83 312
 316  83 312
 176  85 312
 259  87 312
 297  87 312
 355  88 312
  57  89 312
  87  89 312
 344  91 312
 310  93 312
 300  95 312
 119  96 312
  44  97 312
  56  97 312
 198  97 312
 355  97 312
  82  99 312
 180 101 312
 315 101 312
 123 103 312
 109 104 312
 161 104 312
  86 107 312
 191 108 312
  59 109 312
 146 110 312
 277 110 312
 119 112 312
 236 112 312
 283 113 312
 211 118 312
 345 119 312
 230 122 312
  62 124 312
 256 124 312
 209 126 312
   4 127 312
 315 128 312
   9 129 312
  21 131 312
 121 131 312
 146 134 312
  40 135 312
  68 135 312
 265 135 312
 109 136 312
 202 136 312
  81 137 312
 147 140 312
 330 140 312
 219 141 312
 348 141 312
 151 143 312
 240 144 312
 101 146 312
 113 146 312
  51 148 312
 308 148 312
 125 149 312
 183 149 312
  81 150 312
  55 151 312
 150 151 312
 131 152 312
 186 153 312
  13 157 312
 208 157 312
 227 158 312
  88 159 312
 217 159 312
  72 160 312
 277 161 312
 247 162 312
 171 163 312
 288 166 312
 156 168 312
 306 168 312
 131 169 312
 187 170 312
  12 171 312
 210 171 312
 255 172 312
 292 173 312
 357 176 312
  24   5 313
  37   5 313
 195   5 313
 158   6 313
  97   7 313
 149   7 313
 288   7 313
  55   9 313
 227  12 313
 288  14 313
 158  15 313
  85  16 313
 261  16 313
 146  17 313
  53  18 313
 276  20 313
 264  23 313
 315  26 313
 228  27 313
 331  28 313
  53  32 313
 104  32 313
   2  33 313
 350  34 313
  87  37 313
 231  37 313
 312  37 313
 331  37 313
 213  38 313
 119  42 313
 349  45 313
 160  48 313
 181  48 313
 288  48 313
 239  52 313
 323  52 313
 355  53 313
 204  54 313
 294  55 313
 286  56 313
 241  57 313
 118  58 313
 195  58 313
 209  58 313
 324  60 313
 356  60 313
 101  61 313
   1  62 313
  37  63 313
 145  64 313
 344  65 313
 183  66 313
 232  66 313
 325  66 313
  91  68 313
 291  71 313
   4  73 313
 111  73 313
 192  73 313
 157  76 313
 133  79 313
  97  80 313
 342  80 313
  40  82 313
 141  82 313
  80  87 313
 123  87 313
 264  89 313
 319  89 313
  21  90 313
  70  90 313
 194  91 313
 250  91 313
  99  92 313
  39  93 313
  21  97 313
 217  97 313
 262  97 313
 333  99 313
 227 100 313
 346 100 313
 140 103 313
  34 106 313
 114 107 313
 253 107 313
  51 108 313
 259 108 313
 221 112 313
   8 113 313
  15 114 313
 193 115 313
 319 115 313
 122 116 313
 241 116 313
 354 116 313
 159 121 313
  95 122 313
 335 122 313
 186 125 313
 325 129 313
 140 130 313
 233 131 313
 347 134 313
 299 135 313
 339 136 313
  43 139 313
 203 142 313
 265 142 313
 228 144 313
 209 145 313
 289 145 313
  31 148 313
  39 148 313
 139 150 313
  42 152 313
  61 152 313
 340 153 313
 347 154 313
  83 155 313
 265 156 313
 298 156 313
 328 156 313
 357 159 313
 156 160 313
 109 161 313
  33 163 313
 303 163 313
 141 164 313
 326 166 313
 223 167 313
 198 168 313
 275 169 313
 142 170 313
  57 171 313
 116 171 313
 264 171 313
  20 172 313
 332   5 314
 126   6 314
 205   6 314
 241   6 314
  29   7 314
 261   7 314
 246   8 314
  44   9 314
 337  10 314
  98  13 314
 219  13 314
 204  14 314
 293  16 314
  35  18 314
 162  18 314
  23  20 314
 297  20 314
 119  23 314
  83  24 314
 345  24 314
 162  25 314
 251  25 314
  51  26 314
 305  26 314
 199  27 314
 188  31 314
 305  33 314
 113  34 314
  26  35 314
  43  39 314
 159  39 314
 172  39 314
 264  39 314
 278  40 314
 133  41 314
 235  42 314
 339  43 314
 139  44 314
 266  44 314
 310  45 314
 279  46 314
 106  49 314
 235  49 314
 115  51 314
 226  51 314
  24  52 314
  91  52 314
 306  54 314
 179  56 314
 344  56 314
  55  58 314
 313  59 314
 123  60 314
  45  62 314
 252  62 314
 274  63 314
 127  64 314
 288  65 314
 240  66 314
  51  67 314
  58  69 314
 223  70 314
 130  72 314
 184  74 314
  81  75 314
 116  75 314
 299  76 314
 291  78 314
  12  79 314
  33  79 314
  64  79 314
 244  82 314
 208  84 314
 144  86 314
 186  86 314
 158  87 314
 234  87 314
 331  87 314
 285  88 314
 132  91 314
 162  92 314
 137  96 314
 288  96 314
   9  97 314
 254  98 314
 309 100 314
 339 100 314
  96 101 314
 301 101 314
 206 102 314
  73 103 314
   3 107 314
 178 109 314
 307 110 314
  69 112 314
 100 112 314
 151 112 314
 182 113 314
 203 113 314
  85 114 314
 329 114 314
  41 115 314
  60 115 314
  77 115 314
 224 116 314
 249 116 314
 254 119 314
 303 119 314
 110 120 314
 141 120 314
 282 120 314
 124 121 314
 130 122 314
 201 122 314
 359 122 314
  75 123 314
 265 124 314
 160 128 314
 245 128 314
 292 129 314
  93 130 314
 335 130 314
  30 131 314
 105 132 314
 280 132 314
  57 133 314
 182 134 314
 253 134 314
  10 135 314
 359 136 314
 122 138 314
 255 139 314
 302 139 314
  17 140 314
 112 140 314
  26 141 314
 277 141 314
  95 142 314
 136 142 314
 176 144 314
   1 145 314
 315 147 314
  75 148 314
 218 148 314
 323 150 314
 194 151 314
 239 151 314
 167 156 314
 313 156 314
  22 157 314
 240 157 314
 120 158 314
   5 159 314
  27 159 314
 132 160 314
 178 162 314
 343 163 314
  74 165 314
  79 168 314
 237 169 314
  91 170 314
 103 171 314
  34 172 314
 163 172 314
 120 174 314
 322 175 314
  55   1 315
 214   4 315
  88   5 315
 110   5 315
 269   6 315
 115   7 315
 186   7 315
 281   7 315
   7   9 315
  15  10 315
 136  11 315
 319  12 315
 327  14 315
  76  15 315
 117  15 315
 140  15 315
 251  15 315
  61  16 315
  99  19 315
 354  19 315
 190  20 315
  45  21 315
 149  21 315
 107  22 315
 340  22 315
 222  23 315
 136  24 315
 239  24 315
 300  24 315
 151  26 315
  13  27 315
  67  29 315
 181  29 315
  86  31 315
 255  31 315
 274  31 315
 323  31 315
 343  32 315
  17  36 315
 198  37 315
  95  39 315
  69  40 315
  78  40 315
  61  42 315
 322  42 315
 175  43 315
 198  44 315
 255  44 315
 204  45 315
  80  46 315
  33  47 315
 142  48 315
 269  48 315
 151  49 315
 173  51 315
  97  53 315
 279  53 315
  76  55 315
 154  57 315
 216  58 315
  74  63 315
 197  63 315
 334  63 315
 108  65 315
 176  67 315
 214  68 315
  98  69 315
 275  69 315
  78  70 315
 258  70 315
  27  71 315
 353  71 315
 142  72 315
 202  72 315
 343  72 315
 165  73 315
  10  74 315
 150  74 315
 225  75 315
 318  75 315
 236  76 315
  86  77 315
 304  78 315
 281  79 315
 355  80 315
 106  82 315
 225  82 315
 116  83 315
  46  84 315
 345  84 315
  54  85 315
 151  86 315
  12  87 315
  96  87 315
 279  87 315
  64  89 315
 210  89 315
 335  90 315
  31  91 315
 177  91 315
 187  92 315
 113  96 315
 165  96 315
  68  98 315
 280  98 315
 323  98 315
  13 100 315
 187 100 315
 154 101 315
  46 102 315
 355 103 315
  20 104 315
 230 104 315
 214 105 315
 269 105 315
 324 106 315
  96 108 315
  25 110 315
  29 115 315
  50 115 315
 294 117 315
 170 118 315
 274 121 315
  83 122 315
 175 124 315
 222 124 315
 201 129 315
 191 130 315
 177 131 315
 211 131 315
 326 135 315
 292 136 315
 311 136 315
 240 137 315
  60 139 315
 166 139 315
  68 141 315
 163 148 315
 295 149 315
 256 151 315
 200 152 315
 105 154 315
 142 154 315
  67 157 315
  51 159 315
 186 160 315
 255 160 315
 319 161 315
 337 161 315
 284 163 315
   3 167 315
 349 168 315
  47 170 315
 227 170 315
  83 171 315
 203 171 315
  27 172 315
 148 172 315
  62 173 315
 134 173 315
 244 173 315
 146   3 316
 352   5 316
 358   6 316
 132   7 316
 178   8 316
 309   8 316
 195  11 316
 212  12 316
  33  13 316
 271  14 316
 340  14 316
 237  16 316
   5  17 316
 185  18 316
 127  20 316
 216  21 316
 327  21 316
  61  23 316
 173  23 316
  36  24 316
  25  25 316
 288  25 316
 355  25 316
  75  27 316
 122  29 316
 264  29 316
 137  30 316
 241  33 316
 156  34 316
 190  36 316
 221  36 316
  35  38 316
 104  38 316
 296  39 316
  49  40 316
 304  40 316
 223  41 316
 358  41 316
  10  45 316
  16  47 316
 166  48 316
  71  49 316
 124  49 316
 190  53 316
  44  54 316
  13  56 316
  36  56 316
 140  56 316
 267  56 316
 225  58 316
 171  59 316
  27  60 316
 269  61 316
 300  63 316
 316  63 316
 161  68 316
 265  70 316
  34  71 316
 245  71 316
 278  73 316
 174  75 316
 326  75 316
 205  76 316
 266  76 316
  71  79 316
 255  79 316
 184  81 316
 268  81 316
   2  86 316
 303  86 316
 308  88 316
 242  90 316
  79  94 316
 225  94 316
 270  94 316
 149  95 316
  89  96 316
 203  98 316
 240  98 316
 293  98 316
 104  99 316
 175  99 316
 128 104 316
  81 105 316
 346 106 316
 284 107 316
 142 108 316
 163 108 316
 218 108 316
 338 108 316
 290 110 316
 131 111 316
 312 113 316
 105 114 316
 154 117 316
  17 119 316
  32 119 316
  40 122 316
  68 123 316
 306 123 316
 323 123 316
  45 124 316
 346 124 316
 115 125 316
 233 125 316
 149 126 316
  86 129 316
 134 129 316
 273 129 316
 166 131 316
 217 133 316
  35 134 316
 192 136 316
 131 138 316
  85 139 316
   9 142 316
 339 142 316
 195 143 316
 258 143 316
 354 145 316
 233 146 316
 268 146 316
 281 146 316
  16 147 316
 177 150 316
 209 151 316
 100 152 316
 285 153 316
 305 155 316
  45 156 316
 271 156 316
 200 159 316
 211 160 316
  92 161 316
 219 163 316
  58 164 316
 164 164 316
 261 164 316
  99 167 316
 293 167 316
 177 169 316
 314 170 316
 109 172 316
 279 172 316
 321   3 317
 224   4 317
  75   5 317
 166  10 317
  48  12 317
  19  13 317
 232  13 317
 169  17 317
 318  19 317
 210  20 317
  91  21 317
 281  21 317
   6  23 317
  42  29 317
 291  29 317
 208  30 317
 214  31 317
 230  31 317
 126  32 317
 167  32 317
 150  33 317
 279  33 317
 295  33 317
  12  34 317
 356  34 317
 246  37 317
 113  40 317
  26  41 317
 347  41 317
   3  43 317
 189  44 317
 248  44 317
 226  45 317
 326  45 317
  40  47 317
 258  48 317
 302  48 317
 330  49 317
 130  50 317
 213  50 317
  63  51 317
   1  52 317
 133  55 317
 260  55 317
 298  57 317
  65  58 317
 145  58 317
 331  58 317
  83  59 317
  16  60 317
  96  60 317
 158  60 317
 202  65 317
 114  66 317
 255  66 317
 338  66 317
 306  67 317
 318  68 317
  42  70 317
  71  71 317
  20  72 317
 105  73 317
  47  75 317
 333  75 317
  21  80 317
 126  80 317
 216  80 317
 175  81 317
  77  83 317
 135  83 317
 257  84 317
 272  84 317
 295  84 317
 106  89 317
 350  89 317
 126  90 317
 200  91 317
 218  91 317
 323  91 317
  45  92 317
   2  93 317
  51  93 317
 276  95 317
  61  97 317
  30  98 317
 124  98 317
 192 102 317
 241 104 317
  65 106 317
 173 107 317
 196 107 317
 274 107 317
 301 107 317
 356 109 317
 242 110 317
   2 114 317
 263 114 317
 187 115 317
 338 115 317
 230 116 317
 272 116 317
   7 119 317
  91 119 317
 194 120 317
 214 120 317
  60 121 317
 318 121 317
  20 123 317
 241 123 317
  51 126 317
 101 126 317
 359 128 317
 153 129 317
  74 130 317
 117 130 317
 250 130 317
 265 130 317
 307 130 317
  51 133 317
 224 134 317
 236 134 317
  77 135 317
  95 135 317
 153 136 317
 285 137 317
 318 138 317
 226 139 317
 103 140 317
 157 140 317
  52 142 317
 246 142 317
 323 143 317
  87 144 317
 304 145 317
 118 146 317
 342 146 317
 157 147 317
  68 149 317
  94 149 317
  20 150 317
 249 150 317
   1 151 317
 119 152 317
 221 152 317
 353 153 317
  75 154 317
 179 155 317
 149 156 317
 126 158 317
 332 158 317
 231 159 317
 245 159 317
  14 161 317
 272 162 317
 136 163 317
 149 163 317
  66 164 317
 189 164 317
  18 165 317
  42 165 317
 192 169 317
 300 170 317
 331 170 317
   6 171 317
 353 171 317
 214 172 317
 336 172 317
 180 173 317
  15   4 318
  64   6 318
 232   6 318
 253   6 318
 298   7 318
  92   8 318
 161   8 318
 152   9 318
   0  11 318
 313  11 318
  83  13 318
 107  13 318
 281  13 318
 300  13 318
 349  13 318
 258  14 318
 123  15 318
 198  15 318
 244  15 318
 311  19 318
 262  20 318
  68  22 318
 198  22 318
 113  23 318
 332  23 318
  99  25 318
 272  26 318
 318  28 318
 222  29 318
 334  30 318
  58  31 318
  80  31 318
 143  31 318
 173  33 318
  93  34 318
  59  37 318
 127  38 318
 335  38 318
 317  39 318
 286  40 318
 163  41 318
 150  43 318
 181  43 318
 212  43 318
 103  45 318
  52  46 318
  88  47 318
 113  47 318
 293  47 318
 313  48 318
 338  49 318
 350  49 318
  56  50 318
 247  52 318
   7  55 318
 107  56 318
 233  56 318
 114  57 318
 251  57 318
 309  57 318
 349  57 318
 288  59 318
  89  60 318
 189  60 318
  67  63 318
 350  63 318
   4  64 318
  18  65 318
 132  65 318
 120  67 318
 138  67 318
 297  71 318
  61  72 318
 123  72 318
 233  72 318
 250  75 318
  96  76 318
 194  76 318
 311  77 318
   2  79 318
 165  79 318
 151  80 318
 240  80 318
 337  80 318
  26  82 318
  35  83 318
  86  83 318
 323  83 318
 230  84 318
 197  85 318
 118  88 318
  17  89 318
  26  89 318
  38  89 318
 314  89 318
 259  90 318
 340  92 318
 233  93 318
 352  94 318
 249  96 318
 141  98 318
 329  98 318
  36  99 318
 116 100 318
  52 102 318
  90 102 318
 261 102 318
 106 104 318
 158 104 318
 315 104 318
  59 105 318
 331 105 318
  13 106 318
  38 107 318
 119 107 318
 348 111 318
 247 112 318
 209 113 318
 164 114 318
 139 116 318
 117 117 318
 341 120 318
 145 122 318
 261 122 318
 286 122 318
 330 123 318
 353 123 318
   8 125 318
  24 127 318
 127 129 318
  67 130 318
   6 133 318
 141 134 318
 272 136 318
 334 136 318
 350 136 318
 145 138 318
 184 138 318
  37 139 318
 172 139 318
 208 141 318
 215 141 318
 295 141 318
  45 142 318
  60 145 318
 145 145 318
 186 145 318
 331 145 318
 137 147 318
 129 148 318
 272 149 318
 168 150 318
  33 151 318
   7 152 318
 227 155 318
  36 156 318
 110 156 318
 293 156 318
  86 157 318
 351 161 318
 159 162 318
 312 162 318
 112 163 318
 278 163 318
 323 164 318
  26 165 318
 235 165 318
 247 165 318
 124 166 318
 253 167 318
 171 168 318
 127 171 318
 269 171 318
 306 171 318
  71 172 318
 154 172 318
   6   2 319
 104   5 319
  41   6 319
  81   6 319
 326   6 319
 336   6 319
 343   6 319
 291   7 319
 120   8 319
 191   8 319
  55  12 319
  26  13 319
  72  13 319
 178  14 319
 224  16 319
  87  17 319
 304  17 319
 157  19 319
  54  20 319
 271  20 319
 133  21 319
 143  21 319
 247  22 319
 189  26 319
 165  27 319
 309  27 319
  28  29 319
  53  29 319
 103  29 319
 114  29 319
 202  29 319
   6  30 319
  34  31 319
 235  33 319
 348  33 319
  44  34 319
  67  35 319
 180  35 319
 256  36 319
 205  38 319
 270  38 319
  20  39 319
 138  40 319
  96  45 319
 288  45 319
  28  46 319
 156  50 319
 197  51 319
 204  51 319
 318  53 319
  27  54 319
 284  54 319
 340  54 319
 166  57 319
 182  58 319
 237  60 319
  57  61 319
 358  61 319
  34  63 319
 148  64 319
 173  64 319
 209  64 319
 225  64 319
 190  66 319
 292  66 319
 327  67 319
   8  68 319
  87  68 319
 310  71 319
 216  72 319
 357  73 319
 288  75 319
 346  75 319
  52  77 319
  63  84 319
 167  84 319
  91  85 319
 139  86 319
 174  88 319
  76  90 319
 248  90 319
 294  91 319
 157  92 319
 264  92 319
 133  95 319
 300  96 319
  24  97 319
 170  97 319
   4  98 319
  82  98 319
 181  99 319
 212 100 319
 253 103 319
 233 107 319
 148 108 319
 183 108 319
 202 108 319
 262 108 319
  43 109 319
  19 110 319
  83 111 319
  73 113 319
 318 113 319
  56 114 319
 282 114 319
 301 114 319
 111 115 319
 131 117 319
 176 117 319
 207 121 319
  98 122 319
 162 122 319
 186 122 319
 248 122 319
 293 123 319
  32 125 319
 109 125 319
 227 125 319
 299 125 319
 332 128 319
 207 129 319
 315 129 319
 321 130 319
 300 131 319
 344 131 319
  15 134 319
  24 134 319
 118 136 319
 203 138 319
  78 141 319
 106 144 319
 112 145 319
 310 146 319
  28 147 319
 346 149 319
 333 150 319
 188 151 319
  82 153 319
 279 153 319
 262 154 319
 157 155 319
  11 156 319
  58 156 319
 344 158 319
 307 160 319
 359 160 319
  98 161 319
  37 162 319
 204 162 319
 117 165 319
 288 165 319
 211 166 319
 263 169 319
 221 171 319
  17 172 319
  51 172 319
 196 172 319
  39 173 319
 142 173 319
 291 174 319
 203   4 320
  23   5 320
 245   5 320
 260   5 320
  48   6 320
 174   6 320
 274   6 320
 208   7 320
 145   9 320
  67  10 320
  38  14 320
 100  14 320
 333  14 320
 153  15 320
 289  15 320
 111  16 320
 359  18 320
  17  20 320
 230  20 320
 348  20 320
  75  21 320
 236  22 320
 161  23 320
 178  24 320
  18  26 320
 253  26 320
 341  29 320
 326  33 320
 265  34 320
  85  36 320
 283  36 320
 311  36 320
  73  41 320
 144  41 320
  86  42 320
 238  42 320
 274  42 320
 120  46 320
 240  48 320
 275  48 320
  20  49 320
 180  50 320
 230  50 320
  74  52 320
 102  52 320
 218  52 320
 121  56 320
  47  57 320
 205  57 320
 323  57 320
 218  61 320
 242  62 320
 277  63 320
  99  64 320
 262  64 320
 156  67 320
 181  67 320
 229  68 320
  55  69 320
 192  71 320
 147  72 320
  92  73 320
 111  74 320
 160  74 320
  78  75 320
 135  75 320
  63  77 320
   9  79 320
 114  79 320
 319  79 320
  15  80 320
 207  80 320
 292  80 320
 100  81 320
 220  83 320
 247  83 320
 191  84 320
 340  84 320
  70  85 320
 156  85 320
 100  88 320
 144  89 320
 287  89 320
 182  90 320
 329  91 320
  57  93 320
 211  93 320
 190  94 320
 315  95 320
  99  97 320
 306  97 320
 343  97 320
 284  99 320
 354  99 320
 224 100 320
 148 101 320
   6 103 320
 297 104 320
 308 105 320
  73 106 320
  93 106 320
 138 106 320
 224 107 320
  31 108 320
  49 110 320
  98 111 320
 254 111 320
  64 113 320
 293 113 320
 326 114 320
  87 115 320
 222 115 320
 332 115 320
 124 116 320
 354 116 320
 236 118 320
  75 119 320
 200 120 320
 156 121 320
 167 124 320
 217 124 320
  60 127 320
  82 127 320
 187 128 320
 174 129 320
 196 129 320
 258 130 320
 284 130 320
 232 131 320
  89 132 320
 109 132 320
 198 135 320
 357 135 320
 126 136 320
 265 136 320
 306 137 320
 276 139 320
   5 140 320
 230 142 320
 240 142 320
 288 142 320
 263 144 320
 218 145 320
  80 146 320
 197 147 320
  52 148 320
 149 148 320
  44 149 320
 243 150 320
 315 150 320
 138 153 320
 301 153 320
 323 153 320
 212 154 320
 170 156 320
 192 156 320
  74 161 320
  50 164 320
  85 164 320
 142 164 320
 328 166 320
  89 168 320
 344 169 320
  32 171 320
 161 171 320
 238 171 320
 255 172 320
  98 173 320
 285 173 320
 317 173 320
 131   2 321
 186   4 321
 307   4 321
 113   5 321
 216   5 321
 140   6 321
 265   7 321
 223  10 321
   8  11 321
 131  12 321
 325  13 321
  13  14 321
 205  15 321
 190  17 321
 341  18 321
  27  19 321
  42  19 321
 294  21 321
   0  24 321
 284  24 321
 303  24 321
  93  25 321
 350  25 321
 262  26 321
 133  28 321
 192  30 321
  20  31 321
 302  35 321
 134  36 321
 159  36 321
  99  37 321
 110  37 321
 194  37 321
 328  38 321
  13  39 321
 119  39 321
 171  40 321
 340  40 321
 353  41 321
  36  42 321
 197  42 321
  63  43 321
 309  44 321
  46  46 321
 171  47 321
 264  47 321
 356  49 321
 143  50 321
  95  52 321
 295  52 321
  80  53 321
 160  53 321
 305  53 321
 275  55 321
  54  57 321
 126  58 321
 342  59 321
 253  62 321
  76  64 321
 106  64 321
  26  65 321
  39  65 321
 244  67 321
 281  67 321
  49  68 321
 342  68 321
 210  70 321
 172  71 321
  29  72 321
 130  72 321
 259  72 321
 182  73 321
 272  73 321
 283  73 321
 301  74 321
  35  75 321
  84  76 321
 200  76 321
 121  79 321
 349  80 321
  54  82 321
 302  82 321
 330  82 321
 278  83 321
 209  85 321
 282  87 321
 112  88 321
 166  91 321
  68  93 321
  17  95 321
 110  96 321
 237  96 321
 199  97 321
  44  98 321
  72  98 321
 158  98 321
 269  99 321
 275 101 321
 345 102 321
 133 103 321
 169 104 321
 290 104 321
 321 104 321
 109 108 321
 279 108 321
 156 111 321
 175 111 321
 193 114 321
 215 114 321
  23 115 321
 147 115 321
 306 116 321
  39 117 321
  46 118 321
 256 118 321
  27 119 321
   1 120 321
 180 120 321
 139 122 321
 278 122 321
 311 122 321
 267 123 321
 124 125 321
  39 127 321
 339 127 321
  44 130 321
 138 130 321
 244 130 321
 160 132 321
 212 133 321
 292 133 321
 101 134 321
  30 135 321
  57 135 321
  67 136 321
 165 136 321
 328 136 321
 313 137 321
 255 138 321
  14 141 321
  22 142 321
  70 142 321
  94 142 321
 176 142 321
 125 144 321
 164 144 321
 298 145 321
 206 148 321
 235 151 321
  71 152 321
 290 152 321
  54 153 321
 252 153 321
  21 155 321
  93 155 321
 122 155 321
 266 157 321
 338 157 321
  26 158 321
 181 159 321
 172 161 321
 298 161 321
   3 163 321
 224 163 321
 105 164 321
 183 165 321
 151 167 321
  59 168 321
  67 169 321
 276 170 321
   0 171 321
 133 171 321
  24 172 321
  77 172 321
 116 172 321
 228 172 321
  10 173 321
  31   5 322
  56   5 322
 238   5 322
 355   6 322
 279   8 322
 347   9 322
  96  10 322
 252  12 322
 318  12 322
 214  13 322
 266  13 322
 167  14 322
 184  15 322
  61  18 322
 215  19 322
  48  20 322
 124  20 322
 325  20 322
 148  23 322
 222  23 322
  79  24 322
 183  26 322
 152  27 322
 325  27 322
  67  28 322
 228  28 322
 245  29 322
 275  29 322
 156  31 322
 252  33 322
 215  35 322
   6  36 322
  51  36 322
 225  36 322
  32  38 322
 233  40 322
 256  42 322
 300  43 322
  77  44 322
 156  44 322
 205  44 322
 217  44 322
 127  45 322
 320  45 322
   5  46 322
  13  46 322
 136  47 322
 188  49 322
  34  52 322
  67  52 322
 148  52 322
 266  52 322
  87  53 322
 331  53 322
  40  55 322
 135  58 322
 196  58 322
  11  60 322
 311  61 322
 325  62 322
 166  63 322
 269  64 322
 302  64 322
  82  65 322
 333  67 322
 354  69 322
 248  71 322
 266  72 322
 319  72 322
 221  74 322
 236  75 322
  41  76 322
  70  76 322
 328  76 322
 184  78 322
 274  78 322
 146  79 322
 263  80 322
 356  80 322
  44  81 322
 128  83 322
 310  83 322
 266  85 322
 239  86 322
 357  86 322
   4  87 322
  45  87 322
  10  88 322
 131  89 322
 231  89 322
  31  90 322
  82  90 322
 223  90 322
  91  91 322
 121  91 322
 148  92 322
 320  97 322
 242  99 322
 203 101 322
 126 102 322
  29 103 322
 101 103 322
 216 103 322
 246 103 322
 356 104 322
 337 105 322
 191 107 322
 268 109 322
 123 110 322
 237 110 322
 343 110 322
  12 112 322
  13 118 322
  56 120 322
  79 122 322
  14 124 322
  90 124 322
 279 128 322
 354 128 322
 148 130 322
 179 131 322
 220 133 322
 249 135 322
  45 136 322
 112 136 322
 344 137 322
  88 139 322
 134 139 322
 358 141 322
 280 142 322
 319 142 322
  38 144 322
 180 146 322
 358 148 322
 104 151 322
 142 156 322
 199 156 322
 216 157 322
 242 157 322
 326 157 322
 254 158 322
  45 159 322
  62 159 322
 130 159 322
 285 161 322
  79 163 322
 317 163 322
 197 164 322
 230 164 322
 336 165 322
 352 167 322
 204 168 322
  95 169 322
 106 170 322
 186 170 322
 246 171 322
 173 172 322
  90   5 323
 159   5 323
 168   5 323
 287   5 323
 316   5 323
  34  10 323
 124  10 323
 237  12 323
  78  13 323
 136  14 323
 147  14 323
 282  17 323
 171  18 323
 102  19 323
 243  20 323
 206  21 323
  10  22 323
  31  22 323
  86  23 323
 316  23 323
  62  24 323
 172  24 323
 125  26 323
 214  26 323
  47  27 323
 295  27 323
 108  30 323
   0  31 323
  74  33 323
 204  33 323
 168  34 323
  27  35 323
 295  36 323
 351  36 323
 184  37 323
 263  41 323
  43  42 323
 224  43 323
 330  43 323
 109  44 323
 343  44 323
 282  46 323
 246  48 323
 253  50 323
 173  52 323
   4  53 323
 113  53 323
  20  55 323
 189  55 323
 355  56 323
 151  57 323
 228  57 323
  94  59 323
 294  59 323
 333  59 323
 141  60 323
  62  62 323
 113  63 323
  46  64 323
 127  64 323
 316  64 323
  68  67 323
 202  68 323
  12  70 323
  18  71 323
 102  72 323
 227  75 323
 174  76 323
 139  78 323
 255  80 323
 228  81 323
  21  83 323
  30  83 323
  56  87 323
 200  87 323
 348  87 323
 255  88 323
 322  88 323
 301  89 323
 270  91 323
 335  92 323
  11  94 323
  37  94 323
 254  96 323
 122  97 323
 336  98 323
  88  99 323
  49 100 323
 190 100 323
  57 101 323
 163 103 323
  19 104 323
  64 104 323
  79 106 323
 326 106 323
   6 109 323
 142 109 323
 207 109 323
  35 113 323
 271 114 323
 101 115 323
 228 115 323
 347 116 323
 246 117 323
  66 118 323
 275 118 323
 151 119 323
 336 119 323
 104 121 323
 133 121 323
 324 121 323
 116 122 323
 347 123 323
   4 124 323
  67 125 323
 255 125 323
 241 126 323
  19 127 323
 270 127 323
  53 128 323
  97 129 323
 156 129 323
 325 132 323
  82 133 323
 189 137 323
 224 137 323
 337 138 323
 149 139 323
  32 140 323
  59 140 323
 349 141 323
 157 143 323
 192 143 323
 257 143 323
 327 143 323
  99 144 323
   6 146 323
 268 146 323
 232 147 323
  13 148 323
  62 148 323
 222 148 323
 114 149 323
 286 149 323
  89 150 323
 339 150 323
 131 151 323
 154 151 323
 275 151 323
 350 151 323
 307 153 323
 115 155 323
 163 155 323
 357 155 323
 315 156 323
 105 157 323
 272 159 323
  68 160 323
 246 161 323
  10 162 323
 258 162 323
 346 162 323
  16 163 323
 163 163 323
 131 165 323
 300 166 323
 216 167 323
 311 171 323
 301 172 323
 166 173 323
 326 173 323
 224   2 324
 297   3 324
 251   4 324
   8   5 324
  74   7 324
 196   7 324
   0   8 324
 178   8 324
  61   9 324
 299   9 324
 229  10 324
 307  10 324
  22  11 324
 200  11 324
  48  12 324
 160  12 324
 244  12 324
  86  13 324
 339  13 324
 271  15 324
 310  15 324
 116  17 324
 254  17 324
 197  19 324
 138  20 324
 259  20 324
 106  23 324
 334  24 324
 270  25 324
  35  26 324
 140  27 324
 235  28 324
 287  28 324
  96  29 324
  39  30 324
  85  30 324
 310  31 324
 344  32 324
  59  33 324
 144  33 324
 278  33 324
 318  34 324
 127  35 324
 289  35 324
 244  36 324
  93  37 324
  60  39 324
 151  39 324
 102  41 324
 247  41 324
  21  43 324
 185  43 324
 163  44 324
 293  44 324
  54  47 324
 347  48 324
  63  49 324
 225  49 324
 209  50 324
 128  51 324
 324  51 324
 312  52 324
  12  53 324
 106  54 324
 257  54 324
 237  55 324
 179  56 324
 211  56 324
 243  56 324
 287  56 324
 268  57 324
  26  59 324
  70  59 324
 160  59 324
   3  60 324
 260  60 324
 198  63 324
 119  64 324
 178  64 324
 352  64 324
 152  65 324
 220  65 324
 142  66 324
   4  67 324
  92  67 324
 235  67 324
 167  69 324
 294  69 324
  60  70 324
 119  71 324
 155  73 324
   4  74 324
 342  74 324
 309  76 324
 164  77 324
  91  79 324
 190  79 324
 106  81 324
 153  81 324
  77  82 324
 175  82 324
 296  82 324
 162  85 324
 180  86 324
 314  86 324
 106  88 324
 187  91 324
 350  93 324
   1  95 324
 138  95 324
 175  96 324
 293  96 324
 260  98 324
 114  99 324
 182 103 324
 231 103 324
 303 104 324
 118 105 324
 154 106 324
 312 107 324
  56 108 324
 248 108 324
 359 108 324
 131 110 324
 169 110 324
 290 110 324
 161 113 324
 182 113 324
 313 114 324
 199 115 324
 115 116 324
  91 117 324
 263 117 324
 295 117 324
 319 117 324
 168 118 324
 286 119 324
 215 120 324
 191 121 324
 224 123 324
 235 124 324
 304 124 324
 172 125 324
 203 127 324
  26 128 324
 132 128 324
 311 128 324
   5 130 324
  74 130 324
  10 133 324
 235 134 324
 302 134 324
 182 135 324
 171 136 324
 141 138 324
  49 139 324
 212 139 324
 119 140 324
 204 142 324
 245 143 324
 305 143 324
 141 145 324
  22 148 324
 184 149 324
 249 149 324
  30 150 324
  37 151 324
 296 152 324
  77 153 324
 224 154 324
   4 155 324
 206 155 324
  40 156 324
 280 157 324
 150 159 324
 331 159 324
  31 160 324
  93 161 324
 191 162 324
 122 164 324
 308 164 324
 238 165 324
 273 165 324
  21 166 324
  54 166 324
  39 167 324
 291 167 324
 282 170 324
 338 170 324
  45 171 324
 123 171 324
 139 171 324
 191 172 324
 207 172 324
 265 172 324
 353 173 324
  59 174 324
 149 174 324
 342   4 325
 119   5 325
  16   6 325
 151   6 325
 190   6 325
 333   6 325
  43   7 325
 105   7 325
 109  12 325
 349  14 325
  68  16 325
 355  16 325
  23  17 325
  94  17 325
 292  17 325
   6  18 325
 159  20 325
 311  21 325
 342  23 325
 116  24 325
  55  25 325
 164  25 325
  13  26 325
 319  27 325
 199  28 325
 353  28 325
 117  30 325
 333  31 325
  14  32 325
 176  32 325
 261  32 325
 209  35 325
 270  41 325
 317  41 325
 279  42 325
 358  42 325
  92  44 325
 114  46 325
  81  47 325
  29  48 325
 196  48 325
 302  48 325
 235  49 325
 285  50 325
 120  52 325
 349  54 325
 217  57 325
 249  58 325
 278  58 325
  33  61 325
 188  62 325
 229  63 325
 133  65 325
 287  66 325
 256  68 325
  98  69 325
 308  69 325
 109  71 325
 325  72 325
  23  73 325
  50  74 325
 212  74 325
 335  74 325
 250  76 325
 241  77 325
 289  77 325
 204  78 325
 216  82 325
 336  82 325
  83  83 325
 196  83 325
  66  84 325
 120  85 325
 141  87 325
 248  87 325
 217  89 325
 291  90 325
  24  91 325
  48  91 325
 208  91 325
 306  91 325
  62  92 325
 154  92 325
 171  92 325
 275  93 325
  96  94 325
 233  94 325
 281  94 325
 105  95 325
 223  96 325
  29  97 325
  80  97 325
 212  97 325
 326  97 325
 142  99 325
  36 101 325
  13 102 325
  92 102 325
 176 102 325
 261 104 325
  40 105 325
 106 105 325
 220 106 325
  68 107 325
  22 110 325
  87 110 325
 283 110 325
 212 111 325
 304 111 325
  60 112 325
  78 113 325
 110 113 325
 359 116 325
  52 117 325
 127 118 325
 205 119 325
 299 121 325
  36 124 325
 328 124 325
 195 125 325
 289 125 325
 105 127 325
 117 128 325
 211 128 325
 318 129 325
 123 131 325
 262 131 325
 271 133 325
 286 133 325
  18 134 325
 203 134 325
 131 135 325
 240 137 325
 294 137 325
  81 141 325
 110 143 325
 170 143 325
 338 144 325
  50 145 325
  73 145 325
 213 145 325
  86 146 325
 128 147 325
 330 147 325
 171 149 325
 199 150 325
 259 150 325
 191 151 325
 176 154 325
 237 155 325
  55 159 325
 292 160 325
 116 161 325
 263 164 325
 174 165 325
 322 165 325
  32 166 325
  84 169 325
 113 169 325
   6 170 325
  72 170 325
 179 172 325
 222 173 325
 345 173 325
 257 175 325
  26   2 326
  82   2 326
 133   5 326
 257   5 326
 270   6 326
 325   6 326
 144   7 326
 210   8 326
 289  10 326
 182  11 326
 278  14 326
  40  15 326
 299  16 326
  55  17 326
 222  17 326
 229  17 326
 235  19 326
 331  19 326
  72  20 326
  22  24 326
 189  25 326
 304  28 326
 221  29 326
  25  30 326
 101  31 326
 238  32 326
  47  33 326
  68  33 326
 122  33 326
 191  35 326
 336  36 326
  77  37 326
 219  37 326
  18  38 326
  86  38 326
 177  38 326
 136  39 326
 307  39 326
  52  41 326
  69  41 326
 123  43 326
 178  44 326
 143  45 326
 335  45 326
 101  48 326
 166  48 326
 201  51 326
 339  52 326
  46  54 326
 132  54 326
  59  57 326
  89  57 326
  79  58 326
 300  59 326
  17  62 326
 344  62 326
 210  64 326
 279  64 326
  55  65 326
  85  68 326
 189  68 326
  75  69 326
  34  71 326
 195  71 326
 299  71 326
 125  72 326
 134  73 326
 356  73 326
  66  74 326
 348  75 326
   7  78 326
  74  78 326
  13  79 326
  99  79 326
  51  80 326
 116  80 326
 322  82 326
  36  83 326
 273  84 326
 288  84 326
 343  84 326
  90  86 326
 328  88 326
  74  90 326
 161  92 326
 357  92 326
 133  93 326
 313  93 326
 197  94 326
 298  98 326
 153  99 326
   3 100 326
 313 100 326
 280 101 326
 350 101 326
 236 105 326
  49 106 326
 197 107 326
  94 109 326
 330 109 326
 349 109 326
 224 110 326
 262 110 326
 336 111 326
  29 112 326
 240 113 326
  45 114 326
 188 114 326
 254 114 326
 142 115 326
 232 118 326
  22 120 326
  32 120 326
 160 120 326
 144 121 326
 183 122 326
 249 122 326
 340 122 326
  96 123 326
  45 124 326
 262 124 326
 163 126 326
 145 127 326
 227 127 326
 332 129 326
 347 129 326
  67 131 326
 357 131 326
  38 132 326
 196 134 326
 278 134 326
  25 135 326
 105 135 326
 310 135 326
 333 135 326
  75 136 326
  95 136 326
 317 138 326
 264 140 326
 228 141 326
 286 141 326
 295 143 326
 149 145 326
 310 145 326
  56 147 326
 319 148 326
 346 148 326
  99 150 326
 161 150 326
 215 151 326
  65 152 326
 265 153 326
  13 154 326
  81 156 326
 229 156 326
  87 157 326
 343 157 326
 186 159 326
 209 159 326
 155 161 326
 141 162 326
  47 163 326
 212 164 326
 167 166 326
 243 168 326
 255 169 326
 157 170 326
 293 172 326
  53 173 326
  88 173 326
 197 173 326
 232 173 326
  14 174 326
  28 174 326
 265   3 327
  70   4 327
 203   4 327
 244   4 327
  96   5 327
 174   5 327
 217   7 327
 154  11 327
 261  11 327
   3  12 327
 127  13 327
 189  14 327
 321  14 327
 328  14 327
  15  16 327
  79  19 327
 129  19 327
 153  19 327
 178  19 327
 303  20 327
  43  21 327
 284  21 327
 247  22 327
 264  22 327
 210  23 327
 348  24 327
 131  25 327
 252  25 327
  80  28 327
 166  30 327
 327  30 327
   5  32 327
 151  32 327
 268  32 327
 158  34 327
 109  35 327
 230  35 327
  39  36 327
 197  36 327
 114  38 327
 301  38 327
 325  38 327
 344  38 327
 161  39 327
 254  39 327
   7  40 327
 201  40 327
 211  40 327
 237  41 327
 289  41 327
  27  43 327
 192  44 327
 151  45 327
   0  47 327
  71  47 327
 271  47 327
 309  47 327
  42  48 327
 218  48 327
  94  49 327
 155  49 327
 295  49 327
  19  50 327
 275  51 327
  56  52 327
 139  53 327
 317  54 327
 167  57 327
 324  57 327
 340  58 327
 108  59 327
 307  59 327
  99  60 327
 172  61 327
  39  62 327
 160  65 327
 242  65 327
 249  65 327
 264  65 327
 320  66 327
 271  67 327
 180  69 327
  41  70 327
 145  70 327
 278  71 327
 261  73 327
  89  74 327
 268  75 327
 284  75 327
 315  77 327
  27  78 327
  58  79 327
 169  82 327
 208  82 327
 233  82 327
 133  83 327
 281  83 327
  98  86 327
  40  87 327
 147  88 327
 260  89 327
  18  90 327
 126  90 327
 113  92 327
 341  92 327
  55  93 327
 240  93 327
 249  93 327
  64  97 327
 162  98 327
 201  98 327
 342  98 327
 131 101 327
 270 101 327
 286 102 327
 205 104 327
 138 107 327
 318 107 327
 296 110 327
  72 111 327
 151 113 327
 176 113 327
   6 115 327
 122 115 327
 353 115 327
  84 118 327
  74 121 327
  59 122 327
 358 123 327
  85 124 327
 277 125 327
  60 128 327
 185 128 327
 341 128 327
 176 129 327
 217 129 327
 248 129 327
 294 129 327
  89 130 327
  46 131 327
 254 131 327
 164 132 327
 230 132 327
 138 134 327
 156 135 327
  39 138 327
 324 138 327
 356 138 327
  10 139 327
  66 139 327
 164 139 327
  17 141 327
 252 141 327
   2 142 327
 124 142 327
 179 142 327
 198 142 327
 275 142 327
 238 146 327
 141 151 327
 148 152 327
 302 152 327
 332 152 327
  47 153 327
 322 153 327
 287 155 327
  23 156 327
 100 156 327
 124 156 327
 181 156 327
 351 156 327
 168 157 327
 309 157 327
 136 159 327
 108 160 327
 301 160 327
  73 161 327
 221 161 327
 356 161 327
 100 163 327
  61 164 327
 251 164 327
 201 165 327
 225 165 327
 279 165 327
 331 165 327
   0 166 327
 147 166 327
 103 168 327
 130 171 327
 271 172 327
 321 172 327
  21 173 327
  94 174 327
 285 174 327
 128   3 328
  34   4 328
 283   4 328
 308   4 328
  59   5 328
 112   5 328
 227   5 328
  50   6 328
 347   6 328
  84   7 328
 235   8 328
 275   8 328
 317   9 328
 135  10 328
 166  10 328
 250  11 328
  64  12 328
 115  12 328
 220  12 328
 171  13 328
 101  14 328
 203  14 328
  30  15 328
 209  15 328
 342  16 328
  88  17 328
 145  19 328
 358  20 328
 277  21 328
  96  22 328
 183  22 328
 293  23 328
   1  25 328
  65  26 328
 146  27 328
 174  27 328
 256  29 328
  55  31 328
 296  31 328
  33  32 328
 134  32 328
 282  35 328
 356  36 328
 169  38 328
 229  42 328
 348  42 328
  38  43 328
 258  43 328
  11  44 328
  61  44 328
 324  45 328
 263  46 328
 242  47 328
 180  49 328
  85  50 328
  74  52 328
 187  52 328
 228  52 328
  31  53 328
 263  53 328
 158  54 328
 145  55 328
  66  56 328
 203  56 328
 331  56 328
 122  57 328
 359  57 328
  48  59 328
 236  61 328
 149  62 328
 204  62 328
 313  62 328
 328  64 328
  24  65 328
 357  65 328
 107  66 328
 336  66 328
   9  68 328
 222  69 328
 229  69 328
 172  70 328
 151  71 328
 161  71 328
 204  71 328
 233  73 328
 112  75 328
 181  75 328
 301  76 328
  43  77 328
 196  77 328
  34  78 328
 126  78 328
 144  78 328
  19  80 328
 223  80 328
 260  80 328
 359  80 328
 329  81 328
 351  81 328
 158  82 328
 243  82 328
 267  82 328
 302  82 328
 188  85 328
   7  86 328
 224  86 328
  69  88 328
  12  89 328
 193  90 328
 266  90 328
 320  93 328
  87  94 328
  73  97 328
 266  97 328
  20  98 328
  43  98 328
 305  98 328
 125  99 328
 168  99 328
 331  99 328
 216 100 328
 249 100 328
 227 101 328
 193 102 328
 254 103 328
  84 104 328
 112 105 328
 167 106 328
 185 106 328
 122 107 328
 147 107 328
 272 107 328
  13 108 328
 159 108 328
 277 110 328
  40 111 328
  99 111 328
  14 114 328
 216 114 328
 341 114 328
 134 115 328
 307 115 328
 283 116 328
 223 117 328
 329 117 328
 177 119 328
 241 119 328
 257 119 328
 270 119 328
  15 120 328
 311 120 328
 209 122 328
  52 123 328
 317 123 328
 127 124 328
 152 126 328
 111 127 328
 189 132 328
 148 134 328
 349 134 328
  59 135 328
 115 135 328
 209 135 328
 221 135 328
  30 137 328
  97 141 328
 104 142 328
 187 142 328
 220 142 328
  42 143 328
 135 143 328
 207 145 328
  28 146 328
 354 146 328
  43 149 328
 280 149 328
   1 150 328
 108 150 328
 119 150 328
  73 151 328
 252 152 328
 133 154 328
 270 155 328
 338 155 328
 244 158 328
 198 159 328
  41 161 328
 315 161 328
 234 162 328
 128 163 328
  81 164 328
 348 165 328
  65 168 328
 306 170 328
 217 171 328
 332 171 328
  77 172 328
 117 172 328
 359 173 328
 237 175 328
 162   6 329
 357   6 329
 336   9 329
  76  10 329
  10  11 329
 146  12 329
  52  13 329
 266  13 329
 138  15 329
 195  15 329
 242  17 329
 107  18 329
  61  20 329
 320  21 329
  34  22 329
 111  22 329
 199  22 329
  48  23 329
  89  23 329
 218  24 329
 228  24 329
  72  26 329
 158  26 329
 312  26 329
 276  28 329
 340  29 329
  90  30 329
 182  30 329
 204  30 329
 245  31 329
 314  33 329
 249  36 329
 101  37 329
 143  38 329
  47  39 329
 119  40 329
  79  42 329
 129  43 329
 136  45 329
 213  45 329
 108  47 329
 249  47 329
 316  47 329
 352  47 329
 116  50 329
 255  51 329
   7  52 329
  23  54 329
 194  54 329
 297  54 329
  96  55 329
 232  56 329
  13  57 329
 352  57 329
 115  58 329
 221  59 329
 271  59 329
 289  59 329
 132  60 329
 183  60 329
 195  60 329
  72  62 329
  82  62 329
  65  63 329
 124  63 329
 140  63 329
 293  64 329
  49  65 329
 114  65 329
 347  66 329
  31  67 329
 214  67 329
  15  69 329
 248  72 329
 329  74 329
  81  75 329
  96  75 329
 188  75 329
 151  78 329
 253  79 329
  63  81 329
 308  83 329
  26  85 329
 111  87 329
 235  87 329
 352  87 329
 334  88 329
  81  89 329
 168  89 329
  30  90 329
 297  90 329
 179  91 329
  42  92 329
 118  94 329
 148  94 329
 182  96 329
  10  97 329
  99  97 329
  57  98 329
 188  98 329
 107  99 329
 319 100 329
 357 100 329
  30 102 329
  23 103 329
  75 103 329
 291 104 329
 343 104 329
   5 105 329
 174 108 329
 323 109 329
 250 111 329
 105 112 329
 206 112 329
 231 112 329
  64 114 329
 194 114 329
 155 117 329
  68 119 329
 108 119 329
   7 121 329
 135 122 329
 352 122 329
  25 124 329
 284 124 329
  78 125 329
 100 126 329
  14 127 329
 238 127 329
 137 128 329
 305 128 329
 323 130 329
  52 132 329
 127 133 329
 178 134 329
 340 135 329
  88 137 329
 246 137 329
 260 137 329
 303 138 329
 270 140 329
 234 142 329
 344 142 329
  22 143 329
  68 144 329
   9 146 329
 156 146 329
 299 146 329
 225 148 329
 243 148 329
  92 149 329
  59 151 329
  32 153 329
 154 154 329
 193 155 329
 218 155 329
 257 156 329
   6 158 329
 275 158 329
 324 158 329
  15 159 329
  25 161 329
 160 163 329
 339 164 329
  17 165 329
 268 165 329
 286 165 329
 303 165 329
  91 166 329
 179 166 329
 186 166 329
 192 167 329
 316 167 329
 152 168 329
 205 169 329
 352 169 329
  41 170 329
 169 172 329
 246 172 329
 105 173 329
 183 174 329
 277 174 329
 339 174 329
 209 175 329
   6   3 330
  41   4 330
 180   5 330
 298   6 330
  20   7 330
  26   8 330
 100   8 330
  89   9 330
 310   9 330
 122  10 330
 240  11 330
 119  18 330
 256  18 330
 271  18 330
 164  19 330
 172  19 330
  18  20 330
   9  22 330
 122  23 330
 236  24 330
 325  24 330
 337  24 330
 101  25 330
 267  26 330
 284  27 330
 192  28 330
 107  30 330
 211  30 330
 348  30 330
  19  31 330
 227  31 330
  95  33 330
  61  34 330
  73  34 330
 185  35 330
 275  35 330
 320  35 330
  24  36 330
 223  39 330
  89  41 330
 105  42 330
 332  42 330
  18  44 330
 172  44 330
 204  44 330
 282  44 330
 340  46 330
  50  47 330
 290  47 330
 173  50 330
 327  50 330
  64  51 330
 222  51 330
 211  53 330
 280  53 330
 242  54 330
  36  55 330
 254  58 330
 265  58 330
 283  58 330
   5  61 330
 156  61 330
  90  62 330
 257  63 330
 299  65 330
 305  66 330
  95  67 330
  57  69 330
 313  69 330
  64  70 330
 131  70 330
 242  71 330
 291  72 330
 340  72 330
  71  75 330
 138  75 330
 174  75 330
 215  76 330
 105  77 330
 294  77 330
 321  77 330
 166  78 330
 275  78 330
 341  78 330
  88  81 330
 179  82 330
 107  83 330
 201  83 330
  78  84 330
   1  85 330
  52  85 330
 138  85 330
 293  85 330
 211  86 330
 253  86 330
 159  88 330
 311  88 330
 203  89 330
 274  89 330
 281  89 330
 226  91 330
 139  92 330
 212  92 330
 286  92 330
 218  93 330
   4  94 330
  34  94 330
 349  96 330
  91  98 330
 242  98 330
  49  99 330
 234  99 330
 137 101 330
 145 102 330
  64 103 330
 155 103 330
 335 103 330
 306 104 330
  56 105 330
  34 106 330
 241 106 330
 358 106 330
 128 108 330
  55 112 330
 115 113 330
 165 113 330
 265 113 330
  23 114 330
 299 114 330
 324 115 330
 347 115 330
 290 116 330
  38 118 330
  47 118 330
  93 118 330
 198 118 330
 170 119 330
 334 120 330
 122 121 330
 294 122 330
 215 123 330
 233 123 330
 302 123 330
 200 124 330
 271 125 330
  31 126 330
  39 126 330
 157 128 330
   3 129 330
 202 130 330
  81 131 330
 101 132 330
 241 132 330
   7 133 330
  72 133 330
 282 138 330
  78 139 330
  51 140 330
 116 141 330
 142 141 330
 308 141 330
 328 141 330
 334 142 330
 289 144 330
 316 144 330
  35 145 330
  82 145 330
 258 145 330
 191 146 330
 264 147 330
 167 148 330
 179 148 330
 209 150 330
 231 150 330
  20 151 330
 309 151 330
  93 155 330
 293 155 330
  37 156 330
  51 156 330
 161 156 330
  66 157 330
 173 159 330
 147 160 330
 261 160 330
 119 163 330
 294 163 330
   7 164 330
  52 164 330
 111 164 330
  27 167 330
  35 168 330
 137 168 330
 228 169 330
 260 170 330
  10 171 330
  47 172 330
 141 172 330
 161 172 330
  67 173 330
 298 173 330
  16   3 331
 122   3 331
 141   3 331
 213   3 331
 335   3 331
 149   4 331
 155   5 331
 188   5 331
 249   5 331
 194   6 331
 287   7 331
 327   9 331
  42  10 331
 302  10 331
 227  11 331
 349  11 331
 291  13 331
 355  13 331
 159  14 331
  45  15 331
 283  15 331
 311  15 331
 336  16 331
  70  17 331
 216  19 331
 346  19 331
  27  22 331
 137  22 331
 306  23 331
  40  27 331
  52  27 331
 241  27 331
  14  28 331
 125  28 331
 114  29 331
 289  30 331
  83  31 331
 354  31 331
 305  32 331
 140  33 331
 216  33 331
 126  34 331
 262  34 331
 331  34 331
 152  37 331
 296  37 331
   1  38 331
  33  38 331
 266  38 331
 188  40 331
 312  40 331
 276  41 331
 302  43 331
 162  44 331
 145  48 331
 345  49 331
 123  50 331
 129  51 331
 165  53 331
 304  53 331
 103  54 331
 151  55 331
 180  55 331
 346  55 331
 248  56 331
 214  58 331
 166  63 331
 186  65 331
 197  65 331
 284  66 331
   1  69 331
  80  69 331
 258  69 331
 119  70 331
 322  70 331
  20  72 331
 208  74 331
  49  77 331
 119  82 331
 126  84 331
 246  86 331
 318  87 331
  61  88 331
 100  90 331
 303  91 331
 326  93 331
 256  95 331
 290  96 331
 276  97 331
 174  99 331
 324 102 331
 181 103 331
 220 103 331
 298 103 331
  93 104 331
 100 104 331
 264 104 331
 312 105 331
 229 107 331
 189 109 331
  78 110 331
  84 111 331
   0 112 331
  33 113 331
 314 113 331
 277 116 331
 248 118 331
 116 119 331
 227 120 331
 188 121 331
 148 122 331
 323 123 331
 171 125 331
 192 125 331
 257 125 331
  66 126 331
 263 128 331
 286 129 331
 311 129 331
  18 131 331
 274 131 331
 170 132 331
 297 132 331
 316 132 331
 215 135 331
 233 135 331
 132 137 331
 159 138 331
 150 139 331
 170 139 331
  59 141 331
  90 142 331
 214 142 331
 350 143 331
 127 145 331
 201 145 331
  51 147 331
 250 147 331
  14 148 331
 270 148 331
 338 149 331
  85 150 331
 130 150 331
 328 150 331
 201 152 331
 284 152 331
 347 152 331
 112 153 331
 236 153 331
 315 153 331
  77 154 331
 187 154 331
 142 156 331
 117 157 331
  59 158 331
 205 158 331
 331 158 331
 249 160 331
 238 165 331
 325 165 331
  74 166 331
 215 166 331
  58 170 331
 124 170 331
  83 172 331
 265 173 331
 174 174 331
 315 174 331
 325 174 331
 352 176 331
 261   2 332
  65   4 332
 268   5 332
  72   7 332
 130   7 332
 205   7 332
 256  10 332
 279  10 332
  59  11 332
 107  11 332
 178  12 332
  80  13 332
 184  13 332
 232  14 332
  94  15 332
 151  16 332
   4  17 332
 248  17 332
 295  17 332
 316  18 332
 225  20 332
 261  20 332
  82  21 332
 189  21 332
 206  21 332
 155  22 332
 298  24 332
 142  25 332
 165  25 332
  28  28 332
 199  28 332
   3  29 332
  44  31 332
 175  32 332
 168  33 332
 235  34 332
 340  35 332
  12  36 332
  66  36 332
 290  36 332
 206  37 332
 242  38 332
  74  40 332
 156  41 332
  57  42 332
  94  43 332
   5  45 332
  32  45 332
 196  45 332
 232  45 332
  82  46 332
 206  49 332
 236  49 332
 136  51 332
  89  52 332
  43  53 332
  51  53 332
  78  54 332
 310  54 332
 337  55 332
  57  56 332
 320  56 332
  25  59 332
  60  61 332
 103  61 332
 325  61 332
 225  62 332
 275  62 332
 175  63 332
  42  64 332
 207  65 332
  75  66 332
 237  66 332
 143  67 332
 266  68 332
 276  68 332
  88  69 332
 167  69 332
 351  69 332
 198  71 332
  36  72 332
 103  72 332
   4  74 332
  26  74 332
 223  74 332
 352  75 332
  10  76 332
  56  76 332
 307  76 332
 235  77 332
 115  78 332
 241  78 332
 286  79 332
  72  81 332
  96  81 332
  13  82 332
  39  83 332
 194  83 332
 145  84 332
 152  84 332
  20  85 332
  45  85 332
 345  85 332
 325  87 332
  93  89 332
 174  89 332
 131  90 332
  21  92 332
  50  92 332
  71  92 332
 336  93 332
 231  94 332
  81  95 332
 154  95 332
 314  95 332
 198  96 332
 296  97 332
 205  99 332
 260  99 332
  14 100 332
 118 100 332
 210 102 332
 281 103 332
  41 104 332
 197 104 332
 349 104 332
 248 106 332
  46 107 332
  68 107 332
 284 108 332
 201 109 332
 213 109 332
 133 110 332
 140 110 332
 257 110 332
 333 110 332
  90 112 332
 181 112 332
 145 113 332
 236 114 332
  57 117 332
 184 117 332
 208 117 332
   1 118 332
  99 119 332
 163 120 332
 345 122 332
 251 123 332
 178 124 332
  91 125 332
 336 125 332
  46 126 332
 116 128 332
 222 128 332
 352 128 332
 122 130 332
 143 130 332
 195 131 332
 329 131 332
  24 132 332
 335 132 332
  40 133 332
 108 133 332
  65 134 332
 256 134 332
 355 134 332
  45 136 332
 183 136 332
 203 136 332
 289 136 332
 196 137 332
 266 137 332
   0 139 332
 296 139 332
  33 140 332
 109 143 332
 174 143 332
 144 146 332
 162 146 332
 216 148 332
 102 149 332
 292 149 332
  68 150 332
 355 151 332
 171 152 332
   4 153 332
 224 155 332
  84 157 332
 104 157 332
 127 158 332
 354 158 332
 228 159 332
 346 159 332
 211 160 332
 280 160 332
  68 162 332
  87 162 332
 152 162 332
 133 164 332
 166 164 332
 254 166 332
 273 167 332
  96 168 332
 296 168 332
  20 169 332
 112 170 332
 196 170 332
  99 173 332
 154 173 332
 309 173 332
 220 174 332
 251 174 332
  81   2 333
 109   3 333
 224   3 333
 168   5 333
 323   5 333
 342   6 333
  54   7 333
 115   7 333
 173   8 333
   6   9 333
  32   9 333
 142   9 333
 214   9 333
  14  13 333
  35  14 333
 129  14 333
  25  15 333
 330  15 333
 303  16 333
  54  18 333
 236  18 333
 101  19 333
 132  19 333
  75  20 333
 287  20 333
 353  20 333
 179  21 333
 249  23 333
 331  24 333
  59  26 333
 254  26 333
 317  27 333
 149  29 333
 118  33 333
 161  33 333
 255  34 333
  53  36 333
  86  36 333
 200  36 333
 131  37 333
 178  37 333
 347  37 333
 217  39 333
 322  40 333
 112  41 333
 255  41 333
 353  41 333
  25  42 333
 123  42 333
 181  42 333
 246  42 333
  66  43 333
 269  43 333
  41  45 333
 189  46 333
 358  46 333
  98  47 333
  73  48 333
 274  48 333
 319  50 333
 333  50 333
  13  51 333
   0  52 333
 110  52 333
 292  52 333
 140  55 333
 173  56 333
  70  57 333
  17  59 333
  38  60 333
 338  61 333
 354  61 333
  30  62 333
 344  62 333
 231  63 333
 246  63 333
 127  66 333
 150  67 333
 157  67 333
 179  67 333
 330  67 333
  51  69 333
 190  69 333
  43  71 333
 111  71 333
 285  72 333
 123  74 333
 315  74 333
 251  75 333
 265  75 333
 131  76 333
 157  76 333
 201  76 333
 333  76 333
  85  77 333
 228  77 333
 191  78 333
  29  79 333
 325  80 333
 218  81 333
 314  81 333
 172  82 333
 278  82 333
 334  82 333
 262  83 333
  32  84 333
 184  84 333
 229  84 333
 269  85 333
  87  88 333
 115  89 333
 185  90 333
 239  90 333
 346  91 333
 162  92 333
 356  92 333
  64  93 333
 105  93 333
 167  95 333
  25  96 333
 132  96 333
  37  98 333
   4 100 333
  82 101 333
 111 101 333
 161 103 333
   9 107 333
  17 109 333
 221 109 333
 111 110 333
 153 110 333
 290 110 333
 340 110 333
 272 112 333
 243 113 333
   9 114 333
  74 117 333
  26 118 333
  80 118 333
 129 118 333
 317 118 333
 265 119 333
  62 120 333
  86 120 333
 141 121 333
 280 121 333
  10 124 333
  73 124 333
 109 124 333
   0 125 333
  54 126 333
 164 126 333
 182 128 333
 209 129 333
 344 129 333
  94 130 333
 228 130 333
 250 130 333
  58 131 333
  31 132 333
  86 133 333
 279 134 333
  11 136 333
 320 136 333
  17 138 333
 138 138 333
 225 138 333
 123 139 333
 240 139 333
 208 140 333
 249 140 333
   4 143 333
  99 144 333
 282 144 333
 151 145 333
 321 146 333
  39 148 333
 303 148 333
  26 151 333
 275 151 333
  44 153 333
 181 153 333
 242 154 333
  12 155 333
 302 155 333
 320 156 333
  97 158 333
 340 158 333
  21 159 333
 306 159 333
 180 160 333
 267 160 333
   0 161 333
 192 161 333
  45 162 333
 105 163 333
 310 163 333
 172 166 333
 222 166 333
 333 166 333
 244 167 333
 280 167 333
 342 167 333
 288 169 333
 358 169 333
   4 171 333
 346 171 333
 232 172 333
  27 173 333
  89 173 333
 128 174 333
 146 174 333
  50   3 334
  87   3 334
  95   4 334
 275   4 334
 354   4 334
 237   5 334
 316   5 334
 198   9 334
 262  11 334
 245  12 334
 271  12 334
  66  13 334
 166  13 334
 206  13 334
 116  14 334
 190  14 334
 323  16 334
 144  17 334
 198  17 334
 276  19 334
  39  21 334
 358  23 334
  93  24 334
  68  25 334
 210  25 334
 346  25 334
 171  26 334
  76  27 334
 222  27 334
 260  27 334
 272  27 334
 133  29 334
 299  30 334
 101  31 334
 326  31 334
 281  33 334
  30  34 334
 108  35 334
 309  35 334
  18  37 334
  39  38 334
 136  40 334
 170  40 334
 228  40 334
 145  41 334
 338  42 334
 288  43 334
 296  43 334
 260  44 334
 218  45 334
 306  46 334
  58  48 334
 151  48 334
  24  49 334
 252  49 334
 199  50 334
 262  50 334
  34  51 334
 158  51 334
 190  52 334
 225  54 334
   3  57 334
 129  57 334
 200  57 334
  87  59 334
 110  59 334
 119  59 334
 206  59 334
 294  59 334
 313  59 334
  50  60 334
  96  60 334
 162  60 334
 304  60 334
 135  62 334
   9  63 334
 317  63 334
  20  66 334
 251  66 334
 218  68 334
 337  68 334
 297  71 334
  68  72 334
 182  72 334
  93  73 334
 144  74 334
 258  75 334
 272  75 334
 357  78 334
 298  79 334
 208  80 334
 134  81 334
  58  82 334
 303  84 334
 222  85 334
 287  85 334
   4  88 334
 196  89 334
 146  90 334
  13  91 334
 123  91 334
 248  91 334
 206  92 334
 263  92 334
 269  94 334
 307  94 334
  55  95 334
 221  96 334
 143  98 334
 248  98 334
 340  98 334
  70  99 334
 191 100 334
 124 102 334
 330 102 334
 236 103 334
  87 104 334
 149 104 334
 270 104 334
  25 106 334
 170 106 334
 104 107 334
 300 108 334
  61 109 334
 162 109 334
 352 109 334
  51 110 334
 121 110 334
 305 111 334
  71 112 334
 171 113 334
 125 114 334
 224 114 334
  44 115 334
  16 116 334
 258 116 334
 352 116 334
 136 117 334
 215 117 334
 340 117 334
 307 118 334
 300 119 334
  32 120 334
 156 121 334
  18 122 334
 239 122 334
 310 123 334
 130 124 334
 206 124 334
 244 125 334
 328 125 334
 295 127 334
 150 129 334
 132 130 334
 303 133 334
 345 135 334
  75 136 334
 189 137 334
  97 138 334
  66 140 334
 274 141 334
 229 142 334
  26 144 334
  75 145 334
 185 145 334
 241 145 334
 117 146 334
 137 146 334
  57 148 334
 194 149 334
 152 151 334
 255 151 334
 136 153 334
 262 153 334
 287 156 334
  30 158 334
 165 158 334
  39 160 334
 198 162 334
  61 163 334
  13 164 334
 203 165 334
 143 166 334
  80 167 334
 181 169 334
 208 171 334
 188 172 334
 334 172 334
  73 173 334
 214 173 334
 200 174 334
 164 175 334
 303   3 335
   1   4 335
 294   4 335
 230   5 335
 309   5 335
 243   6 335
 159   7 335
 136   8 335
 149  10 335
 220  10 335
  21  11 335
 317  11 335
 343  12 335
  86  14 335
 212  16 335
 222  16 335
  47  19 335
 109  19 335
  88  21 335
 241  21 335
  21  22 335
 114  22 335
  13  23 335
 280  23 335
 291  24 335
 311  24 335
 230  25 335
 182  26 335
 338  28 335
 156  29 335
 187  29 335
   8  31 335
 242  32 335
 191  33 335
 249  33 335
 316  34 335
  47  35 335
 282  39 335
 101  40 335
 210  40 335
 329  40 335
  48  43 335
  12  44 335
 314  44 335
 116  45 335
 105  47 335
 182  48 335
 242  49 335
 351  50 335
 285  51 335
 299  51 335
 117  52 335
 217  52 335
 267  53 335
  94  54 335
 275  54 335
 235  56 335
 193  57 335
  81  58 335
 145  58 335
 259  58 335
 153  59 335
 240  59 335
 218  60 335
 268  60 335
 286  60 335
  67  64 335
 358  65 335
 294  66 335
  13  67 335
  34  67 335
 309  67 335
 100  68 335
 136  68 335
 211  68 335
 345  69 335
 230  70 335
 172  71 335
 151  73 335
  77  75 335
 185  77 335
 109  78 335
  20  79 335
 345  79 335
  66  80 335
 161  80 335
 245  81 335
 252  82 335
 101  83 335
  83  84 335
 165  84 335
 236  84 335
 110  85 335
 356  85 335
 338  86 335
 295  88 335
 154  89 335
 256  89 335
  33  90 335
  40  91 335
  78  91 335
 189  94 335
  88  95 335
 320  95 335
  96  96 335
  44  97 335
 359  97 335
  30  99 335
  58 100 335
 226 100 335
 345 101 335
  19 102 335
 289 102 335
 130 103 335
 318 103 335
 255 105 335
 321 108 335
 207 109 335
  29 110 335
 327 110 335
  39 111 335
 193 111 335
  96 112 335
 333 116 335
 106 117 335
 175 117 335
 294 117 335
 271 120 335
 220 122 335
 287 122 335
  37 123 335
 317 125 335
  80 126 335
 102 127 335
 267 130 335
 158 132 335
 175 133 335
 113 135 335
 309 135 335
 145 136 335
 165 137 335
 219 137 335
 337 137 335
  24 138 335
 326 138 335
 313 139 335
  82 140 335
 256 140 335
 301 141 335
  45 142 335
 340 142 335
 234 145 335
 354 145 335
  92 146 335
 344 146 335
 206 147 335
 222 148 335
 109 149 335
 121 150 335
  61 152 335
 332 152 335
  72 153 335
 158 153 335
 211 154 335
 295 158 335
  53 159 335
 234 159 335
 255 159 335
  75 160 335
 217 160 335
 243 160 335
 273 161 335
 323 161 335
 127 164 335
 157 164 335
 349 164 335
  32 165 335
 265 167 335
  46 168 335
  53 168 335
  68 168 335
 119 168 335
 302 168 335
 318 168 335
  39 169 335
 106 169 335
  13 173 335
 135 173 335
 273 173 335
 281 173 335
 126   4 336
 255   4 336
  19   5 336
  27   5 336
 182   6 336
  39   7 336
 103   8 336
 332   8 336
  76   9 336
 297   9 336
  47  10 336
 288  11 336
 123  12 336
   0  14 336
 172  15 336
 350  15 336
 254  16 336
   8  19 336
  60  19 336
 122  19 336
 267  19 336
 338  19 336
 161  20 336
  32  21 336
 148  22 336
 324  22 336
 217  23 336
 194  24 336
  48  25 336
 121  26 336
  22  28 336
 235  28 336
 351  28 336
  94  30 336
  61  31 336
 213  31 336
  37  32 336
 275  32 336
  77  33 336
 223  33 336
 357  33 336
 143  35 336
 301  36 336
  93  37 336
 121  37 336
 163  38 336
   5  39 336
 193  39 336
 236  39 336
  79  41 336
 202  43 336
  88  44 336
 128  44 336
 344  44 336
 174  45 336
 330  46 336
 133  47 336
 165  47 336
 224  47 336
 281  47 336
 211  50 336
  66  52 336
 255  54 336
 326  54 336
 352  56 336
  45  57 336
 183  57 336
 331  57 336
 123  63 336
 260  64 336
 111  65 336
  60  68 336
  25  69 336
 241  69 336
 280  70 336
 246  73 336
 324  73 336
  46  75 336
 339  76 336
  37  77 336
   3  80 336
  91  80 336
 124  80 336
  51  81 336
  78  81 336
 141  81 336
  25  86 336
  67  86 336
 213  87 336
 280  87 336
 308  87 336
 137  89 336
 330  89 336
 179  90 336
 229  90 336
 216  92 336
 283  92 336
 110  95 336
 241  95 336
 329  96 336
 179  97 336
 156  99 336
  76 100 336
 169 100 336
 308 100 336
 277 101 336
 215 103 336
 136 104 336
 184 105 336
 338 105 336
   0 107 336
 263 109 336
 231 110 336
 312 110 336
 250 112 336
 282 114 336
 155 115 336
 197 115 336
  52 116 336
 113 116 336
 326 117 336
 202 118 336
 232 120 336
  45 121 336
 119 121 336
 355 121 336
  23 125 336
 197 125 336
 303 125 336
 274 126 336
 139 128 336
  12 129 336
  38 129 336
 188 129 336
 215 129 336
 235 129 336
 321 129 336
   5 130 336
  73 130 336
  51 133 336
 238 134 336
 285 134 336
 119 136 336
  58 137 336
  90 137 336
  39 139 336
 105 139 336
 349 139 336
 198 141 336
 290 141 336
 180 142 336
 267 142 336
 330 142 336
  10 143 336
 132 143 336
 158 143 336
  18 144 336
 168 144 336
  85 145 336
  32 146 336
 312 146 336
  95 151 336
 145 151 336
 296 151 336
  50 153 336
 230 153 336
  19 154 336
 125 154 336
 279 154 336
 203 155 336
 173 156 336
 190 156 336
 111 158 336
 145 158 336
 119 160 336
   6 161 336
 288 162 336
 299 162 336
 260 163 336
  91 164 336
 228 166 336
 160 169 336
 326 169 336
 248 170 336
 257 171 336
  61 172 336
 238 172 336
 291 173 336
 120 174 336
 225 175 336
 339 175 336
 266   1 337
 204   3 337
 218   3 337
  13   4 337
  69   5 337
 210   5 337
 286   5 337
  60   6 337
 190   6 337
  95  10 337
 310  11 337
 337  11 337
 229  12 337
 237  12 337
  53  13 337
 281  13 337
 137  14 337
 156  14 337
  99  15 337
 309  18 337
  67  19 337
 202  20 337
 139  23 337
 102  24 337
 128  25 337
  33  27 337
 266  27 337
  84  28 337
 108  28 337
  53  29 337
 203  29 337
  15  30 337
 139  30 337
 292  30 337
  68  31 337
 265  34 337
 150  35 337
 184  36 337
  70  37 337
  61  38 337
 275  39 337
  31  41 337
 151  42 337
  19  43 337
 240  43 337
 158  45 337
  53  46 337
 140  47 337
   6  50 337
  77  50 337
  40  51 337
  84  51 337
 126  51 337
 308  51 337
 342  51 337
 168  52 337
  17  53 337
  27  53 337
 104  56 337
   9  57 337
 279  58 337
  74  59 337
 211  61 337
  55  62 337
 169  62 337
 186  62 337
 194  63 337
  89  64 337
  80  65 337
 200  65 337
 326  65 337
 271  66 337
 287  66 337
 225  67 337
 162  68 337
   4  69 337
 117  69 337
 129  70 337
 203  70 337
  15  73 337
  53  73 337
 290  73 337
 303  73 337
  61  74 337
 137  74 337
 213  74 337
  98  75 337
 175  76 337
 276  78 337
 292  79 337
 309  79 337
 149  80 337
   9  81 337
 117  81 337
 178  81 337
 199  82 337
 319  82 337
 350  82 337
 203  86 337
  52  87 337
 273  87 337
 169  88 337
 103  89 337
 314  89 337
 300  91 337
   6  93 337
 350  93 337
 127  94 337
 275  94 337
 289  94 337
  16  95 337
 138  95 337
 116  96 337
 234  96 337
 257  97 337
 149  98 337
 201  98 337
 300  98 337
 101  99 337
 352  99 337
  49 100 337
 264 100 337
   9 101 337
 242 103 337
  35 104 337
 143 104 337
 177 104 337
 203 104 337
  95 105 337
 116 105 337
 295 105 337
  77 106 337
 227 106 337
 278 108 337
 346 109 337
  81 110 337
 186 111 337
   3 112 337
  65 112 337
 165 113 337
 148 115 337
 188 118 337
 251 118 337
  68 119 337
  92 119 337
   5 120 337
 168 120 337
 192 122 337
 258 122 337
  96 124 337
 124 124 337
 147 125 337
 159 125 337
 263 125 337
  63 126 337
 173 126 337
 340 126 337
  29 127 337
  86 127 337
 280 127 337
 111 128 337
 166 130 337
 200 130 337
  45 131 337
 103 133 337
 271 134 337
 294 134 337
 246 136 337
 358 136 337
   5 137 337
 129 137 337
 153 139 337
 319 142 337
  51 143 337
  70 143 337
 215 144 337
 260 144 337
 191 145 337
 247 146 337
 285 148 337
   0 149 337
  11 149 337
 178 149 337
 325 149 337
  79 151 337
 166 151 337
 199 151 337
 269 151 337
  86 152 337
 313 152 337
 350 152 337
 248 153 337
 338 153 337
  37 154 337
  65 156 337
 359 156 337
  89 157 337
 139 157 337
 332 160 337
  99 162 337
 184 162 337
 316 162 337
  23 163 337
 138 164 337
 235 165 337
 149 167 337
 354 167 337
  25 169 337
 308 169 337
 174 170 337
  80 173 337
  47 174 337
   6 175 337
 192 175 337
 348 175 337
 147   4 338
 348   4 338
 111   6 338
 279   6 338
  89   7 338
 260   7 338
 269   7 338
 326   7 338
 119   8 338
 164   9 338
 303  10 338
   9  11 338
 202  11 338
 251  11 338
  61  12 338
  40  13 338
 109  13 338
 180  13 338
  30  14 338
  77  15 338
 291  16 338
 184  17 338
 260  17 338
 298  17 338
 192  18 338
 230  18 338
 332  18 338
  80  20 338
 175  20 338
 302  21 338
 318  21 338
 344  21 338
 167  22 338
   2  25 338
  41  25 338
 153  25 338
 244  25 338
 284  26 338
 175  28 338
 332  28 338
 114  29 338
 165  29 338
 305  29 338
 322  29 338
 342  31 338
  26  32 338
 128  34 338
 206  34 338
 229  34 338
 175  35 338
 335  35 338
 113  36 338
 258  36 338
 293  36 338
 321  36 338
 251  38 338
 269  38 338
 358  39 338
 310  40 338
 302  42 338
  71  43 338
  36  44 338
  95  45 338
 249  45 338
 320  45 338
 271  46 338
 233  47 338
 145  50 338
 175  51 338
 314  52 338
  59  53 338
 152  53 338
 245  53 338
 135  54 338
 160  55 338
 229  56 338
 301  56 338
 345  56 338
  31  57 338
 176  58 338
 248  58 338
  63  59 338
  21  60 338
 156  63 338
 145  64 338
  44  65 338
  72  66 338
  95  66 338
 302  66 338
 319  67 338
 263  69 338
  83  70 338
 253  70 338
 193  71 338
 312  71 338
 331  71 338
 352  71 338
 106  72 338
   8  73 338
  29  73 338
 165  73 338
 234  73 338
 220  74 338
 206  75 338
 196  76 338
 239  76 338
 283  77 338
 223  79 338
 260  79 338
 214  80 338
 267  80 338
 329  81 338
  42  82 338
 189  83 338
  14  84 338
 128  84 338
  94  85 338
  60  86 338
 120  87 338
 245  87 338
 322  87 338
  73  88 338
 343  88 338
  23  93 338
 172  93 338
 198  93 338
  67  95 338
 208  96 338
 336  96 338
  63 102 338
 250 102 338
 193 104 338
  13 108 338
  88 109 338
 216 109 338
 137 110 338
 144 110 338
 238 110 338
 269 110 338
 106 111 338
  22 112 338
  32 114 338
 209 114 338
 316 114 338
 288 115 338
 347 115 338
  99 116 338
  59 118 338
 181 118 338
 334 122 338
 348 122 338
  51 123 338
 136 123 338
 212 123 338
 225 124 338
 180 125 338
 291 125 338
 249 126 338
 355 128 338
 255 129 338
 309 129 338
 332 129 338
 125 130 338
  66 131 338
  17 132 338
 260 132 338
 181 133 338
 205 133 338
  81 134 338
 136 135 338
  32 136 338
 212 136 338
 230 136 338
 253 136 338
 263 137 338
 175 139 338
 280 141 338
 112 142 338
 145 142 338
 306 143 338
 294 145 338
 102 146 338
 132 151 338
 237 151 338
 186 152 338
  29 153 338
 101 153 338
 217 154 338
 152 158 338
 224 159 338
  81 160 338
 343 160 338
 282 161 338
 248 162 338
 169 163 338
 209 163 338
 112 164 338
  75 166 338
 188 166 338
 217 166 338
 131 167 338
 100 168 338
 194 168 338
 270 169 338
  32 171 338
 153 171 338
 220 171 338
 142 172 338
 109 173 338
 312 173 338
 359 173 338
 319 174 338
  18 175 338
  39 175 338
  67 175 338
 100 175 338
  78   2 339
 174   4 339
   6   5 339
  33   5 339
  53   5 339
 132   5 339
 154   5 339
 355   8 339
 211  11 339
 274  14 339
 328  14 339
  15  15 339
  22  16 339
 130  16 339
 247  18 339
 356  20 339
 208  22 339
  73  23 339
 252  23 339
 197  28 339
 255  28 339
 314  28 339
  44  31 339
  87  33 339
 103  34 339
 157  34 339
 347  34 339
 216  35 339
 328  35 339
 134  36 339
  12  37 339
  55  37 339
 351  38 339
 199  39 339
 219  40 339
  43  41 339
 106  41 339
 185  42 339
 256  43 339
  62  44 339
 111  44 339
   1  45 339
 193  45 339
 264  45 339
 291  45 339
 350  45 339
 121  46 339
 206  46 339
 336  47 339
  99  49 339
 323  50 339
  51  53 339
 204  53 339
 111  54 339
 289  54 339
   0  55 339
 318  57 339
 337  57 339
 115  58 339
 139  58 339
  14  60 339
  35  61 339
 130  61 339
 253  61 339
 105  62 339
 234  62 339
 347  62 339
 179  63 339
 339  63 339
 280  64 339
 353  64 339
  49  68 339
 187  68 339
  37  71 339
  89  72 339
 122  72 339
  72  73 339
 268  73 339
 156  74 339
 317  75 339
 168  78 339
  25  80 339
  72  80 339
 230  80 339
 302  80 339
 155  81 339
  31  82 339
 144  86 339
 193  87 339
 225  87 339
 262  87 339
 290  87 339
  18  88 339
  84  89 339
 160  89 339
 237  89 339
 359  89 339
  62  92 339
 163  94 339
  82  96 339
 314  96 339
 294  97 339
 121  99 339
 184  99 339
 284 100 339
  85 101 339
 106 102 339
 324 102 339
  42 103 339
 312 103 339
 356 103 339
  69 104 339
 158 104 339
  52 105 339
 332 105 339
 151 107 339
  45 108 339
  57 108 339
 286 108 339
 126 109 339
 245 109 339
 178 110 339
 221 112 339
 256 112 339
 130 113 339
 300 113 339
 339 113 339
  74 114 339
 273 114 339
  11 115 339
  83 116 339
 227 116 339
 240 116 339
 263 116 339
  37 117 339
  23 119 339
 319 119 339
  76 120 339
 244 120 339
 278 120 339
  13 121 339
 107 122 339
  57 125 339
 230 127 339
 117 129 339
 347 129 339
  91 130 339
 153 131 339
 193 131 339
 220 131 339
  97 132 339
 325 132 339
 315 133 339
 195 137 339
 139 140 339
 205 140 339
  61 141 339
 222 141 339
  98 142 339
 121 142 339
  39 145 339
 334 145 339
 173 146 339
 161 147 339
 228 147 339
 253 147 339
  44 148 339
 276 148 339
  25 149 339
 140 149 339
 304 150 339
 114 151 339
 319 154 339
   6 155 339
 107 155 339
 326 155 339
  43 156 339
 179 156 339
 272 156 339
 306 156 339
 161 157 339
 264 157 339
  13 158 339
 128 158 339
 195 158 339
 351 158 339
  70 159 339
 311 159 339
  58 160 339
  41 163 339
 176 163 339
  85 164 339
 336 164 339
  64 165 339
 292 165 339
   8 166 339
  16 166 339
  93 169 339
 339 169 339
 166 170 339
 204 170 339
  54 173 339
 182 173 339
 262 173 339
 297 173 339
 329 173 339
 303 175 339
 267 176 339
  47   3 340
 249   5 340
  82   6 340
 196   6 340
 224   6 340
 234   6 340
 318   6 340
  69  11 340
 144  11 340
 320  13 340
 150  14 340
 242  14 340
 217  15 340
  45  16 340
  89  16 340
 117  16 340
 284  17 340
   3  18 340
  55  18 340
  93  20 340
 223  20 340
 236  20 340
  26  21 340
 134  21 340
 272  21 340
  61  24 340
 187  24 340
 262  24 340
   8  26 340
 225  26 340
 275  26 340
 146  28 340
 247  30 340
 122  31 340
 182  31 340
 285  32 340
   3  33 340
 169  33 340
 236  33 340
  19  34 340
 244  37 340
  27  38 340
 340  38 340
  85  40 340
 286  40 340
 138  41 340
 167  41 340
 230  41 340
 278  43 340
  24  45 340
  13  48 340
 296  48 340
 186  49 340
 197  49 340
  90  51 340
 237  51 340
 263  52 340
 272  52 340
 221  53 340
  71  54 340
 189  55 340
  97  56 340
 209  56 340
 122  57 340
 308  57 340
 265  58 340
 165  59 340
 291  60 340
 323  60 340
   2  61 340
 222  61 340
 311  62 340
  26  63 340
 241  63 340
 172  66 340
 216  67 340
 247  67 340
 149  68 340
 179  70 340
 338  70 340
 358  73 340
 345  74 340
 146  75 340
 182  75 340
 114  76 340
 130  76 340
 254  76 340
  84  79 340
  57  80 340
 340  81 340
 313  82 340
 107  83 340
 135  83 340
 286  83 340
 182  84 340
 254  85 340
  46  86 340
 113  87 340
 150  88 340
 207  89 340
 185  90 340
  95  91 340
 266  91 340
  54  92 340
 250  92 340
  35  93 340
  43  93 340
  74  95 340
 144  95 340
 224  95 340
 343  95 340
  28  96 340
 131  97 340
 191  97 340
 217  97 340
   3 100 340
  92 100 340
 270 100 340
 210 102 340
 221 102 340
 234 102 340
  23 103 340
 302 103 340
  28 106 340
 164 106 340
 100 108 340
 171 108 340
 119 109 340
 354 110 340
 331 112 340
  48 113 340
 306 115 340
 139 116 340
 159 118 340
 132 119 340
 310 119 340
 297 120 340
  29 121 340
 143 121 340
 206 121 340
 327 122 340
 269 125 340
 241 127 340
 143 131 340
 301 131 340
  57 132 340
 340 132 340
  23 133 340
 170 133 340
 280 133 340
 160 135 340
 333 135 340
  69 136 340
 186 136 340
 304 136 340
  11 137 340
  45 137 340
 297 138 340
 344 138 340
  17 139 340
 239 139 340
 273 139 340
  26 141 340
  77 141 340
  91 142 340
 359 142 340
 350 144 340
 126 145 340
 150 146 340
  54 147 340
  63 147 340
  72 148 340
 263 148 340
 209 149 340
 289 151 340
  56 153 340
 256 153 340
 118 155 340
 241 155 340
  95 158 340
  20 159 340
  48 159 340
  31 160 340
 204 160 340
   0 162 340
 105 162 340
 146 163 340
 304 163 340
  51 164 340
 254 164 340
 325 164 340
 241 165 340
 277 167 340
 284 168 340
 346 169 340
 211 171 340
 231 171 340
  86 173 340
 126 173 340
 141   4 341
 312   4 341
 241   5 341
 291   6 341
 341   6 341
  22   8 341
 175  10 341
 348  10 341
 190  12 341
  84  13 341
 168  13 341
 267  14 341
 103  18 341
 143  18 341
 157  19 341
  37  20 341
  16  21 341
 110  21 341
 118  23 341
 294  23 341
 349  23 341
 328  24 341
  96  25 341
 159  25 341
 212  26 341
  77  27 341
 132  28 341
 218  28 341
 298  28 341
 190  29 341
 355  29 341
  99  30 341
 307  34 341
 192  35 341
  38  36 341
  49  36 341
  80  36 341
 145  39 341
 208  39 341
 177  40 341
 297  40 341
 331  41 341
   8  44 341
 213  45 341
  46  46 341
 220  46 341
 306  46 341
 152  47 341
 257  49 341
 354  49 341
 105  50 341
 282  51 341
  79  55 341
  41  56 341
 196  56 341
  84  58 341
 272  59 341
  50  60 341
  68  61 341
 297  62 341
 332  63 341
 116  64 341
 134  65 341
  16  66 341
  56  67 341
 209  67 341
  65  68 341
 139  68 341
 295  69 341
 275  70 341
 227  72 341
  21  73 341
  42  74 341
 297  75 341
  79  76 341
  65  77 341
 188  77 341
 247  77 341
 325  77 341
 102  78 341
 208  80 341
 356  80 341
 172  82 341
 239  82 341
 278  83 341
 218  85 341
  35  86 341
 304  86 341
   6  87 341
 351  87 341
 335  88 341
 132  90 341
 122  92 341
 306  92 341
 324  92 341
 106  93 341
 153  93 341
  11  94 341
  56  98 341
 174  98 341
  19  99 341
 319  99 341
 258 102 341
 125 103 341
 346 103 341
   5 106 341
 317 106 341
 197 108 341
 306 108 341
 325 108 341
 204 109 341
  93 111 341
 112 111 341
 294 111 341
 121 115 341
 172 115 341
 357 115 341
 214 116 341
 151 119 341
 219 119 341
 341 119 341
 114 120 341
  86 121 341
 284 121 341
  40 122 341
 359 122 341
 237 123 341
  69 124 341
   6 125 341
  17 125 341
 186 125 341
 320 125 341
  77 126 341
 296 127 341
  34 128 341
 132 129 341
  39 133 341
 108 134 341
 225 134 341
 351 134 341
  86 136 341
 288 137 341
 163 140 341
  34 141 341
 314 141 341
 325 141 341
 244 142 341
 184 143 341
   5 144 341
 199 145 341
 341 145 341
  19 148 341
 107 148 341
 318 148 341
 154 150 341
 344 150 341
 193 151 341
 169 155 341
 297 155 341
 231 157 341
 277 159 341
 267 162 341
 122 163 341
 154 163 341
 162 163 341
 224 165 341
 180 167 341
  43 169 341
 115 169 341
 136 170 341
 243 171 341
 252 171 341
  75 172 341
 158 174 341
 276 174 341
  18   2 342
 120   2 342
 303   2 342
 185   3 342
  98   4 342
 168   4 342
 105   5 342
 160   5 342
 125   7 342
  15   9 342
   0  10 342
  35  10 342
 134  10 342
 256  12 342
 296  12 342
 224  13 342
 341  13 342
 124  14 342
 313  14 342
 205  15 342
 304  15 342
 353  15 342
 198  16 342
  63  17 342
  48  21 342
 312  21 342
 125  22 342
 180  22 342
 335  22 342
  84  23 342
 171  25 342
  19  26 342
  29  26 342
 238  26 342
 340  26 342
  66  27 342
 231  27 342
  36  30 342
 279  30 342
 262  31 342
  10  32 342
 270  32 342
 199  33 342
 316  33 342
 141  34 342
  92  35 342
  66  36 342
 162  36 342
  97  38 342
 118  38 342
 262  39 342
 125  40 342
 316  40 342
  57  42 342
 131  43 342
  76  44 342
 244  44 342
 171  45 342
  30  46 342
 179  46 342
  82  47 342
 162  47 342
 313  47 342
  66  48 342
 135  48 342
 227  48 342
  35  50 342
 329  50 342
  22  52 342
 129  54 342
 146  55 342
 240  57 342
 153  58 342
 353  58 342
 216  59 342
 200  60 342
  77  62 342
 228  62 342
 205  63 342
 258  63 342
   7  64 342
 124  65 342
  30  67 342
 100  68 342
 307  69 342
 283  70 342
 323  70 342
  94  74 342
  48  76 342
 333  76 342
   3  77 342
 350  77 342
  14  78 342
 122  78 342
 161  81 342
  88  83 342
 271  83 342
  66  84 342
  78  84 342
 100  85 342
 232  85 342
 297  86 342
 175  87 342
  27  88 342
 281  89 342
 213  91 342
 231  93 342
 256  93 342
   1  94 342
 239  94 342
 284  94 342
  99  95 342
 244  97 342
 167  98 342
 277  98 342
 330  98 342
  36  99 342
 136 100 342
 153 100 342
 228 100 342
 113 101 342
 338 101 342
 187 104 342
 263 105 342
 273 105 342
 252 107 342
  36 108 342
  63 108 342
 211 108 342
  18 109 342
  71 109 342
 155 111 342
 190 112 342
 280 112 342
  27 113 342
  55 115 342
 234 115 342
   4 116 342
 199 116 342
 104 117 342
 256 118 342
 125 119 342
 291 119 342
 175 120 342
  63 121 342
 303 122 342
 196 123 342
  91 124 342
 154 124 342
 164 124 342
 313 124 342
  45 125 342
 100 125 342
 216 126 342
 207 127 342
 275 128 342
  50 129 342
   0 130 342
   9 130 342
 287 130 342
 245 131 342
 235 132 342
 267 132 342
  76 133 342
 117 135 342
 147 135 342
 125 136 342
  51 138 342
 217 138 342
 257 139 342
 132 140 342
 106 141 342
 232 141 342
 210 142 342
  83 143 342
 300 143 342
 284 144 342
 235 146 342
 270 146 342
 218 147 342
  92 148 342
 354 148 342
 334 151 342
 146 153 342
 223 153 342
 282 153 342
  80 155 342
 135 155 342
 210 155 342
 187 157 342
 290 157 342
 339 157 342
 218 159 342
 353 163 342
 231 164 342
  34 165 342
  70 165 342
 260 166 342
 317 166 342
 297 167 342
  21 168 342
 106 168 342
  10 171 342
  64 171 342
 189 172 342
 197 172 342
 288 172 342
 353 172 342
  26 173 342
 147 173 342
 170 174 342
  61   3 343
 215   3 343
  40   4 343
  72   4 343
 207   4 343
 265   4 343
 274   4 343
 331   5 343
 283   7 343
  28   9 343
  44   9 343
  56   9 343
  76   9 343
 114   9 343
 217   9 343
  92  10 343
 334  10 343
  99  11 343
 159  12 343
 234  12 343
  71  16 343
 172  17 343
 278  17 343
   9  18 343
 323  18 343
 150  20 343
 288  21 343
 195  23 343
 202  23 343
 281  23 343
  55  24 343
 305  24 343
 141  25 343
 320  25 343
  89  26 343
  57  30 343
 151  30 343
 109  31 343
 222  32 343
 301  33 343
  73  34 343
 274  36 343
   5  38 343
 152  38 343
 225  38 343
 237  39 343
  16  40 343
 323  40 343
 345  40 343
  90  42 343
 100  43 343
 116  45 343
 146  45 343
 342  47 343
  56  49 343
 250  49 343
 122  51 343
 140  51 343
 214  51 343
 347  51 343
 165  52 343
 300  52 343
   6  53 343
 179  53 343
 334  53 343
  13  54 343
 171  55 343
  26  56 343
 257  56 343
 283  57 343
  57  58 343
 183  58 343
  90  59 343
  99  61 343
 189  61 343
  40  63 343
 110  63 343
 317  63 343
 160  64 343
 265  64 343
  83  65 343
 166  66 343
 193  66 343
 222  67 343
 235  67 343
 357  67 343
 199  68 343
 345  68 343
 111  70 343
 240  70 343
 258  70 343
 172  72 343
  57  73 343
 202  73 343
 216  73 343
 140  74 343
  32  76 343
 288  76 343
 307  76 343
 197  80 343
  19  81 343
 142  81 343
 249  83 343
 345  83 343
 165  85 343
 200  85 343
 318  85 343
 330  85 343
  90  89 343
  68  90 343
 139  90 343
 273  90 343
 220  91 343
 115  92 343
 292  92 343
 353  93 343
 202  94 343
  48  95 343
 307  98 343
  68  99 343
 196  99 343
  12 100 343
  76 100 343
 146 100 343
 204 100 343
 289 101 343
 297 101 343
  97 102 343
 180 104 343
 239 104 343
  80 105 343
 139 105 343
 280 105 343
 132 107 343
 229 108 343
 337 108 343
 349 108 343
 183 111 343
 312 112 343
 246 114 343
 324 115 343
  17 116 343
 333 117 343
 192 118 343
 268 118 343
 185 119 343
 249 121 343
 261 122 343
 352 123 343
 127 125 343
 254 125 343
 343 125 343
  23 126 343
 170 126 343
 108 127 343
 139 127 343
 200 127 343
  83 128 343
 176 129 343
 210 132 343
   3 135 343
  62 135 343
 249 135 343
 100 136 343
 320 136 343
 201 137 343
 310 137 343
 355 138 343
 170 139 343
 180 139 343
 267 139 343
 337 139 343
 150 140 343
 156 142 343
 191 142 343
 291 142 343
 250 143 343
  12 144 343
 115 145 343
 135 145 343
 167 146 343
 328 146 343
  31 148 343
 120 148 343
 310 148 343
  85 149 343
 203 149 343
 244 149 343
  98 150 343
 128 150 343
 181 150 343
   2 151 343
  36 151 343
  48 151 343
  12 152 343
  65 152 343
  74 153 343
  87 155 343
 347 155 343
 247 156 343
 101 158 343
 111 158 343
 258 158 343
 330 158 343
  64 159 343
 141 159 343
 173 159 343
 320 159 343
   7 160 343
 131 162 343
 196 163 343
 346 163 343
  91 164 343
 309 165 343
  56 166 343
 330 166 343
   2 167 343
 121 170 343
  49 171 343
 225 171 343
 324 171 343
  36 172 343
  96 173 343
 236 173 343
   3 174 343
 205 175 343
 150   3 344
 358   3 344
  11   4 344
  89   4 344
 191   4 344
 256   5 344
 306   7 344
 323   7 344
  64   8 344
 200   9 344
 181  10 344
   6  11 344
 106  11 344
 248  11 344
 288  12 344
 138  14 344
 211  16 344
  31  17 344
 345  17 344
  77  18 344
 187  18 344
 257  18 344
 163  19 344
 267  20 344
 217  21 344
 229  21 344
 248  22 344
 359  23 344
 103  24 344
  43  27 344
 205  28 344
  49  29 344
 291  29 344
 345  29 344
 117  30 344
 161  30 344
 177  30 344
 325  30 344
 332  31 344
 212  32 344
 251  33 344
 338  33 344
 357  34 344
  60  35 344
 185  35 344
 172  37 344
 281  37 344
 255  38 344
  32  39 344
 111  39 344
 194  40 344
  51  41 344
  69  41 344
 268  41 344
 354  41 344
 157  42 344
 202  42 344
 236  46 344
 268  48 344
 319  48 344
   0  50 344
  47  52 344
 231  52 344
 307  52 344
  64  55 344
 314  55 344
 105  56 344
  34  57 344
 134  57 344
 342  57 344
 247  61 344
 142  62 344
 303  62 344
 276  63 344
 285  63 344
  92  65 344
 290  67 344
 270  68 344
  10  69 344
  71  69 344
 128  69 344
 154  69 344
 118  70 344
 315  70 344
  77  71 344
 250  71 344
 161  72 344
 209  73 344
 263  73 344
 194  74 344
 277  75 344
 151  76 344
 234  76 344
 221  77 344
 269  77 344
  37  79 344
  95  80 344
  51  81 344
 115  81 344
 262  81 344
 292  81 344
 126  82 344
 225  82 344
 149  83 344
 213  83 344
   0  84 344
  55  86 344
  12  87 344
 156  87 344
 242  87 344
  40  88 344
  79  90 344
 168  90 344
 340  90 344
 179  91 344
 194  91 344
 313  91 344
  19  92 344
 299  92 344
  63  96 344
  87  96 344
 126  96 344
 261  96 344
 250  98 344
 160  99 344
 355  99 344
  50 101 344
  58 103 344
 118 104 344
  87 105 344
 107 106 344
 359 106 344
 145 107 344
 222 107 344
  10 108 344
 266 110 344
  82 111 344
 165 111 344
 319 111 344
  40 112 344
 287 112 344
 135 113 344
 147 113 344
  64 114 344
 206 114 344
 350 115 344
  95 116 344
 228 120 344
  56 121 344
  34 122 344
 118 124 344
 336 124 344
 146 125 344
 224 127 344
 306 127 344
 328 127 344
  62 128 344
 263 128 344
  71 129 344
 158 129 344
 188 130 344
 256 132 344
  29 133 344
 294 134 344
  92 136 344
 281 138 344
  72 140 344
  56 141 344
  44 143 344
 142 143 344
 225 144 344
 260 144 344
 188 149 344
 295 149 344
 174 150 344
 159 152 344
 271 152 344
  21 153 344
 313 153 344
 355 154 344
  27 156 344
 123 156 344
 200 156 344
  38 157 344
 301 159 344
 116 161 344
 238 161 344
  14 162 344
  77 162 344
 188 163 344
 212 164 344
 272 164 344
  98 165 344
 205 165 344
 247 165 344
 170 166 344
  81 168 344
 156 168 344
 143 169 344
 217 169 344
 266 169 344
 302 170 344
 334 171 344
 308 172 344
 177 173 344
 257 173 344
 315 173 344
 340 173 344
  15 174 344
 115 175 344
  30   2 345
 112   3 345
 230   3 345
 177   4 345
 347   4 345
 297   5 345
 153   8 345
 275  10 345
 262  11 345
  49  12 345
  18  14 345
 109  16 345
 330  16 345
 359  16 345
 243  18 345
 298  18 345
  22  19 345
 254  25 345
  72  26 345
 269  26 345
 127  27 345
 311  27 345
   2  28 345
 243  28 345
  23  30 345
  81  30 345
 136  31 345
  29  32 345
 231  33 345
 350  33 345
 125  34 345
 294  34 345
  44  35 345
 204  35 345
  23  37 345
 104  37 345
 131  37 345
 214  38 345
 310  38 345
 303  39 345
  39  41 345
 290  41 345
 336  42 345
  20  44 345
 187  44 345
 282  44 345
 326  45 345
  93  47 345
 275  47 345
 192  48 345
 288  48 345
 202  49 345
  41  50 345
  75  50 345
 156  50 345
 243  50 345
 111  51 345
  85  52 345
 293  52 345
 322  53 345
 276  54 345
 116  55 345
 224  56 345
 159  57 345
 234  57 345
 327  57 345
  17  58 345
 359  58 345
 175  59 345
  22  62 345
  61  62 345
 148  64 345
 252  64 345
 324  64 345
  46  65 345
 181  65 345
 336  66 345
  35  69 345
 301  69 345
 329  69 345
   2  70 345
  86  70 345
 185  71 345
 350  71 345
  15  72 345
 104  72 345
 133  72 345
  27  73 345
 340  74 345
 177  75 345
  71  76 345
 166  76 345
 241  76 345
 320  76 345
 108  77 345
 313  77 345
   8  79 345
 133  79 345
 181  80 345
  43  81 345
  27  82 345
 189  82 345
  72  83 345
 119  86 345
 265  86 345
 310  86 345
 108  87 345
 287  88 345
  60  89 345
  31  92 345
 159  92 345
 330  92 345
 347  92 345
 186  94 345
 318  94 345
  24  95 345
 268  96 345
 109  97 345
 212  97 345
  42  99 345
  29 100 345
 313 100 345
 216 102 345
 169 103 345
 155 105 345
 245 105 345
 299 107 345
  48 108 345
 257 109 345
 240 111 345
 273 111 345
 342 111 345
 102 112 345
  33 114 345
  87 114 345
 116 114 345
 223 114 345
  71 115 345
 297 115 345
  44 117 345
  77 117 345
 275 117 345
   9 118 345
 164 118 345
 316 118 345
 109 119 345
 136 120 345
 212 122 345
  12 124 345
 281 127 345
 355 128 345
  94 129 345
 121 129 345
 315 129 345
 113 130 345
 230 130 345
  15 131 345
 164 131 345
 336 131 345
 181 132 345
 217 132 345
 345 132 345
 135 133 345
 195 133 345
 274 134 345
 327 134 345
  81 135 345
 141 136 345
  22 138 345
  40 138 345
  65 140 345
 112 140 345
 348 140 345
 174 143 345
 306 143 345
 276 145 345
  25 146 345
  59 146 345
  77 146 345
 229 150 345
 251 150 345
 111 151 345
 237 151 345
 322 151 345
 264 152 345
 217 153 345
  52 156 345
  59 156 345
 151 156 345
 181 158 345
 225 158 345
 284 158 345
 308 159 345
  43 160 345
 294 161 345
  26 163 345
 339 163 345
 287 164 345
 163 168 345
 129 169 345
 184 170 345
  70 171 345
 272 171 345
  57 172 345
 108 173 345
 282 173 345
 294 173 345
 347 173 345
 327 176 345
 319   2 346
  78   3 346
 246   3 346
   4   4 346
 134   4 346
 337   4 346
 144   7 346
 352   7 346
 313   8 346
  82   9 346
 171   9 346
 209   9 346
 240  10 346
 119  11 346
 327  11 346
 146  13 346
 194  13 346
  38  14 346
  58  14 346
 129  15 346
  92  16 346
 318  16 346
  85  17 346
  99  17 346
 178  17 346
 236  17 346
 119  18 346
 308  18 346
  42  19 346
  66  21 346
 137  21 346
  11  23 346
 113  24 346
 154  24 346
 166  24 346
 222  24 346
  35  25 346
 184  25 346
 352  26 346
 285  27 346
 197  28 346
 167  31 346
  16  32 346
  87  32 346
  11  38 346
  81  40 346
 164  41 346
 219  41 346
 141  42 346
   0  43 346
  62  43 346
 208  44 346
 256  44 346
 105  45 346
 295  45 346
 348  45 346
 262  46 346
 128  49 346
  98  50 346
 221  50 346
 208  51 346
 185  52 346
 252  54 346
 269  54 346
  52  55 346
 192  55 346
  71  57 346
 211  58 346
 262  58 346
 295  58 346
   6  59 346
 124  59 346
 335  59 346
 347  60 346
 104  63 346
  53  64 346
 217  64 346
 352  64 346
 229  67 346
  24  68 346
  52  71 346
 146  71 346
  63  73 346
  88  76 346
 301  76 346
 257  77 346
 157  78 346
 282  78 346
 203  79 346
  60  80 346
 328  80 346
 336  81 346
 303  82 346
 351  82 346
 206  85 346
 130  86 346
 256  87 346
 323  87 346
  48  88 346
 226  88 346
 145  89 346
 248  89 346
   7  93 346
  94  94 346
 133  94 346
 172  94 346
 119  96 346
 141  96 346
 336  96 346
 324  97 346
 179  98 346
 223  98 346
 234  98 346
 344  99 346
   6 100 346
 130 101 346
 103 102 346
  20 103 346
 326 103 346
  70 104 346
  32 105 346
 192 105 346
 207 105 346
 332 105 346
 174 106 346
 291 106 346
  25 107 346
 161 107 346
  97 108 346
 122 108 346
  54 110 346
   2 111 346
 215 111 346
 127 112 346
 176 112 346
 304 113 346
 158 115 346
 252 115 346
 262 116 346
  22 118 346
 238 118 346
  50 119 346
  82 120 346
 202 120 346
 280 120 346
 323 121 346
 243 122 346
 179 123 346
 294 123 346
 272 124 346
  39 127 346
 150 129 346
  55 130 346
 101 130 346
  44 131 346
 301 134 346
 239 135 346
  34 136 346
 156 136 346
   8 137 346
 228 137 346
 207 138 346
 330 139 346
 120 140 346
  95 141 346
 126 142 346
 318 142 346
   0 145 346
  37 145 346
  50 145 346
 161 145 346
 334 145 346
  67 146 346
 147 146 346
 213 146 346
 348 147 346
 287 148 346
  42 150 346
 139 150 346
 301 150 346
 103 152 346
 166 152 346
 328 153 346
  93 155 346
 194 155 346
 276 155 346
 253 156 346
   0 157 346
 129 157 346
 160 158 346
 266 158 346
  70 159 346
 166 160 346
  84 161 346
  48 163 346
 149 163 346
 136 164 346
 279 164 346
  62 165 346
   8 166 346
 234 168 346
  87 170 346
 247 172 346
  41 174 346
 137 174 346
 211 174 346
 123 175 346
 219 175 346
 197   3 347
  22   4 347
  53   5 347
 223   5 347
  34   6 347
 235   6 347
 164   7 347
 269   8 347
  69  10 347
 187  10 347
 228  10 347
 218  14 347
 252  15 347
 292  16 347
 337  16 347
 225  17 347
 350  19 347
 208  22 347
 261  22 347
 326  22 347
  26  23 347
  79  23 347
 299  24 347
 146  26 347
 275  27 347
  94  28 347
 258  29 347
 102  30 347
  52  34 347
 146  34 347
 244  34 347
 265  34 347
 179  35 347
 287  35 347
 320  35 347
 343  35 347
 329  37 347
 248  39 347
 230  40 347
 181  41 347
  45  42 347
 122  44 347
  11  45 347
  26  45 347
 309  45 347
  71  46 347
 302  46 347
 174  48 347
 149  49 347
  61  50 347
  30  51 347
 352  52 347
 141  56 347
 199  56 347
 245  56 347
  96  57 347
  44  58 347
  80  58 347
 165  58 347
 309  60 347
 117  61 347
  29  62 347
 136  62 347
 239  62 347
 129  63 347
 155  63 347
  67  64 347
 296  65 347
 172  66 347
 311  66 347
 206  67 347
 278  68 347
  41  71 347
 293  72 347
 229  74 347
 355  74 347
 126  75 347
 250  77 347
 345  77 347
  81  78 347
 211  78 347
 171  79 347
 236  82 347
  83  84 347
 275  84 347
  32  85 347
 137  85 347
  20  86 347
 185  88 347
   2  89 347
 101  89 347
 234  89 347
  73  91 347
 208  91 347
  54  93 347
 150  93 347
 277  93 347
  37  94 347
  81  95 347
 191  97 347
 294  97 347
 302  97 347
 285  98 347
 255 100 347
 272 100 347
 318 103 347
 199 104 347
 306 104 347
  43 105 347
 112 108 347
 234 109 347
 201 110 347
  14 112 347
 330 112 347
 141 113 347
 344 117 347
 120 118 347
 130 118 347
 171 118 347
 287 118 347
 308 118 347
 356 118 347
 143 119 347
  28 120 347
  89 120 347
  99 120 347
   2 121 347
 221 121 347
  67 122 347
 189 124 347
 132 126 347
 236 126 347
 300 126 347
  28 127 347
 248 127 347
   5 128 347
 322 128 347
  87 131 347
 203 131 347
  21 132 347
 170 132 347
 308 132 347
 261 134 347
 288 134 347
 222 135 347
 186 136 347
  47 137 347
 105 137 347
  15 138 347
  86 139 347
 244 139 347
 272 141 347
 197 142 347
 220 142 347
 341 142 347
  18 144 347
 101 144 347
 181 144 347
   8 149 347
 339 149 347
 258 150 347
 207 152 347
 116 154 347
 241 155 347
  15 156 347
  32 158 347
 315 158 347
  21 159 347
 205 159 347
 233 159 347
 105 161 347
 324 162 347
 219 163 347
 253 163 347
 125 164 347
 176 164 347
 357 164 347
 110 165 347
  38 166 347
 118 166 347
 241 166 347
  16 167 347
 199 167 347
  29 168 347
 192 168 347
 291 168 347
 102 171 347
  22 172 347
 358 172 347
 166 173 347
 266 175 347
 126   3 348
  94   5 348
 117   5 348
 288   5 348
 101   6 348
 341   8 348
  12   9 348
 128   9 348
 137   9 348
 299  10 348
 357  10 348
  24  12 348
 280  12 348
 307  12 348
 203  13 348
 152  14 348
 166  14 348
 266  15 348
 273  16 348
   5  17 348
  51  17 348
 158  17 348
 284  17 348
 198  19 348
  59  20 348
 144  20 348
 130  21 348
 191  21 348
  88  22 348
 173  22 348
 339  22 348
 122  23 348
 237  23 348
 292  23 348
  17  24 348
  48  24 348
 332  24 348
  61  26 348
 213  26 348
 227  27 348
 189  28 348
 304  29 348
 316  29 348
   7  30 348
  66  30 348
 218  30 348
 237  30 348
 155  31 348
  38  32 348
 278  33 348
  96  34 348
 191  34 348
 118  35 348
  77  36 348
 138  36 348
 159  36 348
  88  38 348
 275  40 348
  95  41 348
 241  41 348
 318  42 348
 134  43 348
  33  44 348
 112  44 348
  54  45 348
  85  45 348
 168  45 348
 214  46 348
 230  47 348
 331  47 348
 181  48 348
 337  49 348
  16  50 348
 282  50 348
 313  50 348
 134  51 348
 237  51 348
  91  53 348
 287  54 348
 151  55 348
 302  56 348
 110  57 348
 320  59 348
 204  60 348
 270  60 348
  11  62 348
  36  62 348
  74  62 348
 224  62 348
 197  63 348
   1  64 348
 260  65 348
 342  65 348
  16  66 348
  97  66 348
 244  66 348
  59  68 348
 139  68 348
 223  71 348
 286  72 348
 334  72 348
  97  73 348
   6  74 348
  20  74 348
 114  75 348
 187  76 348
 101  78 348
 359  79 348
  13  81 348
  66  81 348
 243  81 348
 286  82 348
 219  83 348
 161  84 348
 175  84 348
 194  84 348
  96  85 348
 293  86 348
 354  87 348
 304  88 348
 123  90 348
 200  90 348
 216  90 348
 260  91 348
 242  93 348
  13  94 348
 103  95 348
 165  95 348
   1  97 348
  90 100 348
 242 100 348
  83 101 348
 123 101 348
 150 101 348
 184 101 348
 262 101 348
  64 102 348
 349 102 348
 227 103 348
 285 105 348
  75 107 348
 312 107 348
 249 109 348
 353 109 348
  60 111 348
 193 111 348
 107 114 348
 152 114 348
 186 114 348
 210 117 348
 337 118 348
 196 119 348
 151 121 348
 257 121 348
 330 121 348
 158 122 348
 348 122 348
  74 123 348
 113 123 348
 266 123 348
  18 124 348
 206 124 348
  51 125 348
 287 125 348
 195 126 348
  79 127 348
 213 128 348
 142 130 348
 126 131 348
  66 132 348
 280 133 348
 357 133 348
  72 134 348
 350 134 348
 315 135 348
 175 136 348
 162 137 348
 253 137 348
 146 138 348
 214 138 348
 135 139 348
 295 139 348
 359 139 348
  27 140 348
 235 141 348
 285 141 348
 255 143 348
 324 143 348
 203 144 348
  88 145 348
 240 145 348
 265 145 348
 107 146 348
 153 147 348
 124 149 348
 280 149 348
  53 150 348
  71 150 348
 223 150 348
  79 151 348
 307 152 348
 290 153 348
 143 154 348
 177 154 348
 343 154 348
 296 155 348
 334 155 348
 135 158 348
 212 158 348
 350 158 348
  96 160 348
  55 162 348
 260 162 348
 333 162 348
 227 163 348
 302 164 348
 314 165 348
 350 165 348
 343 167 348
 320 168 348
 150 169 348
 208 169 348
  76 171 348
 157 173 348
 201 173 348
 229 173 348
   8 174 348
  64 174 348
 144 174 348
 240 174 348
 186 175 348
 326   3 349
 184   4 349
 252   4 349
 279   4 349
  44   5 349
 261   5 349
  59   6 349
 204   6 349
 215   6 349
  88   9 349
 111   9 349
 319  10 349
  75  12 349
 346  12 349
  12  16 349
  72  19 349
 313  21 349
  99  23 349
 160  23 349
 345  24 349
 107  25 349
  54  27 349
 133  27 349
 249  28 349
 173  29 349
 337  29 349
  75  30 349
 112  30 349
 356  30 349
 309  33 349
 198  34 349
 224  34 349
   1  35 349
 271  35 349
  68  36 349
 209  36 349
 299  36 349
 353  37 349
  28  38 349
  56  38 349
 149  39 349
 174  41 349
 198  41 349
 342  42 349
 224  44 349
 249  45 349
   4  47 349
 161  47 349
 141  48 349
 117  49 349
  80  51 349
 104  51 349
 343  51 349
   9  52 349
  22  52 349
 258  52 349
 217  56 349
 280  57 349
 186  58 349
 353  58 349
  86  59 349
 255  59 349
 289  60 349
 188  64 349
  80  65 349
 121  65 349
 163  65 349
 109  66 349
 318  66 349
 266  67 349
  30  68 349
 192  69 349
 212  69 349
 237  69 349
 176  70 349
 323  70 349
 198  71 349
 255  71 349
 306  71 349
 271  72 349
  46  74 349
  35  75 349
  55  76 349
 139  77 349
 146  77 349
 273  78 349
 120  79 349
 230  80 349
 316  81 349
  90  82 349
 105  83 349
 252  83 349
 153  84 349
 341  84 349
 333  87 349
  66  88 349
 113  88 349
 317  88 349
  25  89 349
  86  89 349
 269  89 349
 252  93 349
 308  93 349
 356  93 349
  45  94 349
 229  94 349
  68  96 349
  58  97 349
 156  97 349
 199  97 349
  74  98 349
  97  99 349
  15 100 349
 113 100 349
 136 101 349
 278 101 349
 143 102 349
 338 102 349
  53 104 349
 267 105 349
  91 107 349
 186 107 349
 135 108 349
 149 108 349
 278 108 349
  36 109 349
 324 109 349
  67 110 349
  29 111 349
 294 111 349
 169 112 349
 282 113 349
 229 114 349
 268 114 349
  37 117 349
 179 117 349
 217 117 349
  60 118 349
 300 119 349
 232 121 349
 124 122 349
 104 123 349
 165 123 349
 311 123 349
  93 124 349
 173 124 349
 340 125 349
 259 127 349
 332 128 349
 241 129 349
 293 129 349
  33 130 349
 107 130 349
 267 130 349
  59 134 349
 116 134 349
 339 135 349
  53 138 349
 192 138 349
  77 140 349
 302 140 349
 167 141 349
 312 142 349
   6 143 349
 188 144 349
 247 144 349
  31 145 349
 131 145 349
 354 145 349
 118 146 349
  94 147 349
 193 148 349
 314 148 349
 199 150 349
  26 151 349
  33 151 349
  62 151 349
 133 151 349
 359 151 349
  86 152 349
 184 152 349
  46 154 349
   9 155 349
 188 157 349
  76 158 349
 245 159 349
 197 160 349
   4 161 349
 143 161 349
 155 163 349
 183 163 349
 266 164 349
  68 165 349
  93 167 349
 327 167 349
  51 168 349
 256 168 349
 307 168 349
 222 169 349
 278 170 349
 173 171 349
  33 172 349
  47 174 349
  91 174 349
 193 174 349
 287 174 349
 299 174 349
 322 174 349
 273 176 349
 107   2 350
 355   2 350
  71   4 350
 170   4 350
 310   4 350
 158   6 350
 332   7 350
 178   8 350
 293   8 350
 246   9 350
   3  11 350
  63  11 350
  95  11 350
  31  12 350
  44  12 350
 102  12 350
 234  12 350
 212  13 350
 173  14 350
 258  14 350
 313  14 350
 114  15 350
  80  16 350
 135  16 350
 184  16 350
 324  16 350
  33  19 350
 105  19 350
 356  20 350
 251  21 350
 276  21 350
 180  22 350
 244  22 350
 320  22 350
   5  24 350
 202  24 350
  41  25 350
 140  26 350
 264  27 350
 323  28 350
 294  29 350
 123  30 350
 207  30 350
 329  31 350
 254  35 350
  19  36 350
 168  36 350
 238  36 350
 335  36 350
 109  37 350
 126  38 350
 259  39 350
   5  40 350
 191  41 350
 265  41 350
 101  42 350
 154  43 350
 354  44 350
  77  45 350
 270  45 350
  39  46 350
  46  48 350
 197  48 350
 322  48 350
 265  51 350
  67  52 350
 123  52 350
 165  52 350
   0  53 350
  36  53 350
 171  54 350
 331  54 350
 178  55 350
 229  55 350
  57  56 350
 129  56 350
  26  57 350
 102  58 350
 145  60 350
  49  61 350
 231  61 350
 328  61 350
 178  62 350
  42  64 350
  88  65 350
 273  65 350
 304  65 350
 284  66 350
   6  67 350
 132  68 350
 347  68 350
 355  68 350
  74  69 350
 157  69 350
  91  71 350
 165  71 350
 247  71 350
  80  72 350
 121  72 350
 204  73 350
 312  73 350
 217  75 350
 327  75 350
 263  76 350
  28  77 350
 193  77 350
  75  78 350
 292  78 350
 308  79 350
  21  80 350
  48  80 350
 298  81 350
   4  82 350
  38  82 350
 259  82 350
  54  83 350
  77  84 350
 143  84 350
 167  85 350
  43  86 350
   8  87 350
 280  87 350
 347  87 350
 138  91 350
 190  91 350
 296  91 350
 326  91 350
 284  92 350
 128  93 350
 221  93 350
 341  93 350
  28  96 350
 206  97 350
 330  97 350
 173  99 350
  35 100 350
 248 101 350
 160 102 350
 297 102 350
 356 102 350
 220 103 350
 235 103 350
   9 104 350
   2 105 350
 212 106 350
 343 106 350
  84 107 350
 104 107 350
 179 107 350
 336 109 350
  20 110 350
 221 110 350
 261 110 350
   8 111 350
  43 111 350
  78 112 350
 315 112 350
  49 113 350
  93 113 350
 243 114 350
 321 116 350
  17 117 350
 293 118 350
 249 120 350
  42 122 350
 138 124 350
 318 124 350
 354 124 350
  58 125 350
 277 125 350
 183 126 350
 220 127 350
 227 127 350
  11 129 350
 155 130 350
 252 131 350
 234 132 350
  95 133 350
   4 134 350
 322 134 350
 129 136 350
 269 136 350
 202 137 350
 262 140 350
 278 140 350
  59 141 350
 151 141 350
 228 143 350
 138 144 350
 296 145 350
 169 147 350
 271 147 350
 327 148 350
  15 150 350
 156 152 350
 171 153 350
 232 153 350
 283 154 350
 107 155 350
  66 156 350
 259 156 350
 321 156 350
 219 157 350
 120 158 350
  38 160 350
 172 160 350
 272 160 350
 290 160 350
  89 162 350
  79 164 350
  22 166 350
 336 167 350
  44 168 350
 139 168 350
 122 170 350
 262 170 350
 113 171 350
 352 171 350
 132 172 350
 312 172 350
  82 173 350
 180 173 350
 331 173 350
 252 174 350
   9   3 351
 147   3 351
  27   5 351
 190   5 351
 241   5 351
 303   5 351
  18   9 351
  38   9 351
 149   9 351
 197   9 351
  52  11 351
 286  11 351
 142  12 351
 123  13 351
 241  14 351
  67  16 351
 301  16 351
  18  17 351
  25  18 351
 230  18 351
 214  19 351
  94  20 351
 150  20 351
 268  21 351
 305  22 351
 282  23 351
  30  26 351
  83  26 351
  21  28 351
 163  28 351
  13  29 351
 180  29 351
 348  29 351
  45  30 351
  26  32 351
  59  32 351
 185  33 351
 132  34 351
  83  35 351
 217  36 351
 314  36 351
  41  37 351
 292  37 351
 281  38 351
 306  39 351
 324  40 351
 118  41 351
 204  42 351
 286  42 351
  17  43 351
  67  43 351
 235  43 351
 128  44 351
 278  45 351
 187  47 351
 242  47 351
 291  48 351
 297  50 351
 305  50 351
 273  51 351
 212  52 351
 157  53 351
 317  54 351
  14  56 351
 346  56 351
 237  57 351
  63  58 351
 193  59 351
  19  60 351
 248  60 351
 339  60 351
 169  61 351
 314  61 351
 212  62 351
 333  65 351
 150  66 351
  49  68 351
 115  68 351
 102  69 351
 183  69 351
  67  70 351
  12  71 351
 340  71 351
 299  72 351
 107  73 351
 279  73 351
 152  74 351
 132  75 351
 238  75 351
 180  76 351
 223  77 351
 162  78 351
 333  78 351
 350  78 351
 112  81 351
 126  81 351
 267  81 351
 323  81 351
 133  82 351
 183  82 351
 200  83 351
 212  83 351
  60  85 351
 239  86 351
 179  88 351
  35  89 351
 156  89 351
  79  90 351
  92  90 351
 171  90 351
  19  92 351
 116  93 351
 109  94 351
 182  94 351
 314  94 351
 349  94 351
 264  95 351
 271  95 351
 320  96 351
 215  97 351
  50  98 351
  28 103 351
 166 104 351
 117 105 351
 127 105 351
 256 105 351
 241 106 351
 156 108 351
 301 109 351
 288 110 351
 162 111 351
 206 111 351
 347 111 351
 119 112 351
  84 114 351
 146 114 351
 236 114 351
 275 114 351
  55 115 351
 135 115 351
 352 115 351
  68 116 351
 113 116 351
 190 118 351
   8 121 351
  33 123 351
 145 124 351
  85 125 351
 118 126 351
   0 127 351
 305 127 351
 345 128 351
 162 129 351
 176 129 351
 188 130 351
  49 131 351
  39 132 351
 208 132 351
  26 133 351
  78 133 351
 333 134 351
 181 135 351
 309 137 351
  99 138 351
 110 138 351
  37 139 351
  68 139 351
 353 139 351
  43 142 351
 158 142 351
 209 142 351
 346 143 351
  12 144 351
  82 144 351
 304 146 351
 176 147 351
 217 147 351
 320 149 351
  99 150 351
 244 150 351
 349 151 351
 149 152 351
 250 153 351
 267 153 351
  56 155 351
 202 155 351
 302 156 351
  27 157 351
 112 159 351
 339 159 351
 238 160 351
  11 161 351
  61 161 351
 283 161 351
 310 161 351
 131 163 351
 162 163 351
 190 163 351
 208 163 351
 296 163 351
 100 164 351
 247 165 351
 168 166 351
 214 166 351
   1 167 351
 271 167 351
 285 167 351
  58 168 351
 216 172 351
  14 173 351
 338 173 351
  70 174 351
 344 175 351
  81   4 352
 230   4 352
 267   4 352
 317   4 352
   0   5 352
 346   5 352
 274   8 352
 220   9 352
 255   9 352
 325   9 352
 161  11 352
 335  12 352
 190  13 352
 352  13 352
  87  15 352
 247  16 352
 206  17 352
 330  17 352
 342  17 352
  45  18 352
 167  19 352
 117  20 352
 221  20 352
  67  24 352
 195  24 352
 256  24 352
 152  26 352
  90  27 352
 118  27 352
 233  27 352
 288  27 352
 310  27 352
 270  28 352
 243  29 352
 106  31 352
 143  31 352
 230  34 352
  34  36 352
 347  36 352
  48  37 352
  62  38 352
 143  38 352
 161  41 352
 212  41 352
 296  42 352
 330  42 352
 336  44 352
  60  45 352
  91  45 352
 147  45 352
 258  46 352
 208  47 352
 219  48 352
 349  49 352
  55  50 352
  86  50 352
 110  50 352
 225  50 352
 252  50 352
  74  51 352
 202  51 352
 145  52 352
 191  52 352
 325  53 352
  42  54 352
  49  54 352
 116  55 352
 137  55 352
 309  55 352
 266  57 352
   3  58 352
 159  59 352
 297  60 352
  94  62 352
  56  63 352
  24  64 352
 252  65 352
 202  66 352
 219  66 352
 291  66 352
  36  68 352
 231  69 352
   0  71 352
 143  71 352
 170  74 352
 318  74 352
  61  75 352
  85  75 352
  69  76 352
 340  78 352
 206  79 352
 279  80 352
 224  84 352
  16  85 352
 119  85 352
 246  85 352
 309  85 352
 230  86 352
 148  88 352
  51  89 352
 162  91 352
  98  93 352
 235  93 352
 143  94 352
 290  94 352
  86  95 352
   7  96 352
 122  96 352
  21  98 352
 131  98 352
 306  99 352
  42 100 352
 105 100 352
 192 101 352
 289 101 352
 312 101 352
 324 101 352
 204 104 352
  59 105 352
  97 105 352
 273 105 352
 329 105 352
  15 106 352
 141 108 352
 228 108 352
 307 111 352
 358 111 352
 253 112 352
 100 113 352
 125 114 352
  24 115 352
 200 115 352
 333 115 352
   2 116 352
 223 116 352
 156 117 352
 164 117 352
  78 119 352
 263 119 352
 240 120 352
 271 120 352
 283 121 352
 131 122 352
 200 122 352
 212 122 352
  24 123 352
 325 124 352
  64 126 352
  98 127 352
  70 128 352
 199 129 352
 312 129 352
  17 130 352
 133 130 352
 147 131 352
 274 131 352
 299 131 352
 217 133 352
 245 133 352
 138 134 352
 227 134 352
  12 135 352
  84 135 352
 122 135 352
 292 135 352
  20 137 352
 240 138 352
 327 138 352
  91 139 352
 116 140 352
 335 140 352
 123 142 352
 290 142 352
  23 144 352
  53 144 352
  72 144 352
 145 144 352
  64 145 352
 112 147 352
  39 148 352
  46 148 352
 162 148 352
 334 148 352
 212 152 352
 274 152 352
  20 153 352
 127 153 352
 164 154 352
 312 154 352
   3 155 352
 226 156 352
 328 156 352
  82 157 352
 356 157 352
 151 158 352
 180 158 352
  49 159 352
 252 159 352
 345 161 352
  29 163 352
 232 164 352
 147 165 352
  10 168 352
 106 168 352
 186 169 352
 237 169 352
 162 170 352
 295 170 352
  97 171 352
   3 173 352
  26 173 352
 151 174 352
 305 174 352
 135   3 353
 164   3 353
  50   5 353
 338   5 353
 121   6 353
 141   6 353
 209   7 353
 132  10 353
 169  10 353
 184  10 353
 263  10 353
 226  12 353
 294  14 353
  57  15 353
  39  16 353
 128  17 353
 262  18 353
 288  18 353
 140  19 353
 236  19 353
  52  21 353
  11  22 353
  76  22 353
 186  22 353
 297  22 353
 126  24 353
 169  25 353
 359  25 353
 223  26 353
 100  28 353
 300  28 353
 277  29 353
 213  31 353
 260  32 353
 341  32 353
  92  33 353
 149  33 353
   8  34 353
 174  34 353
 247  34 353
 323  34 353
 100  35 353
 203  35 353
  13  38 353
 179  38 353
  73  39 353
 185  40 353
  84  41 353
 246  41 353
 253  41 353
  24  42 353
  50  43 353
 107  43 353
 311  43 353
 347  43 353
   0  44 353
 138  44 353
 177  45 353
  28  47 353
  97  47 353
 152  49 353
 129  50 353
 233  50 353
 184  53 353
 243  53 353
  95  54 353
 337  54 353
 292  55 353
  82  56 353
  70  57 353
 222  57 353
 274  57 353
  32  58 353
 122  58 353
 152  59 353
 200  59 353
 107  61 353
 132  61 353
 139  61 353
 114  62 353
 347  62 353
 356  62 353
 279  63 353
  64  64 353
 236  64 353
 126  66 353
  19  69 353
 261  70 353
  25  71 353
  40  76 353
 256  76 353
   9  77 353
  16  77 353
  93  77 353
 199  77 353
 246  77 353
 286  77 353
 174  79 353
  32  81 353
 149  81 353
 355  82 353
  70  83 353
 189  83 353
 329  84 353
 289  85 353
 100  86 353
 206  86 353
   0  87 353
 108  87 353
 127  87 353
 255  87 353
 263  87 353
 196  89 353
 211  90 353
  57  91 353
 247  92 353
 334  92 353
  40  93 353
  63  93 353
 302  93 353
 257  95 353
 149  96 353
 277  96 353
 224  98 353
  79  99 353
 231  99 353
 343  99 353
 179 100 353
  69 101 353
  47 104 353
 110 105 353
 172 105 353
 196 106 353
 317 106 353
 215 111 353
 175 112 353
 182 112 353
 327 113 353
 340 113 353
  33 114 353
 311 117 353
  48 119 353
  92 119 353
 342 119 353
 183 120 353
 334 122 353
  14 123 353
 296 123 353
 253 124 353
 152 125 353
 245 125 353
 233 126 353
 125 127 353
 169 128 353
 282 128 353
  90 129 353
 353 130 353
 112 131 353
 258 133 353
 284 134 353
 158 135 353
 167 135 353
 345 135 353
  31 137 353
 221 138 353
 232 138 353
 186 139 353
 317 139 353
 176 140 353
 104 142 353
   0 143 353
 198 145 353
 233 146 353
 258 146 353
 284 146 353
 183 147 353
 205 148 353
 342 149 353
 139 150 353
 119 151 353
 295 151 353
  74 153 353
  91 153 353
 194 153 353
 238 153 353
  34 156 353
 100 156 353
 158 158 353
 264 159 353
  18 160 353
 125 161 353
 317 161 353
 202 162 353
 222 162 353
 116 164 353
 277 164 353
  35 166 353
  73 166 353
 178 166 353
 196 166 353
  84 167 353
 156 168 353
  64 169 353
 244 171 353
  39 172 353
  53 173 353
 209 173 353
 268 173 353
 282 173 353
 126 174 353
 138 174 353
 108 175 353
 233 175 353
  98   3 354
 224   3 354
 247   3 354
  63   4 354
  89   4 354
 285   4 354
  34   5 354
 106   8 354
   9   9 354
  72   9 354
 280   9 354
 307   9 354
 269  13 354
 108  14 354
 155  14 354
 200  14 354
 358  14 354
 147  15 354
 178  15 354
 276  15 354
 318  15 354
 307  16 354
 194  18 354
   3  19 354
 349  19 354
  62  20 354
 110  20 354
 336  20 354
 133  22 354
  36  23 354
 340  25 354
 333  27 354
   3  30 354
 193  31 354
  53  32 354
 158  32 354
 283  32 354
 305  32 354
 115  33 354
 266  34 354
 357  38 354
 222  39 354
 272  39 354
 228  41 354
   8  44 354
 122  45 354
 302  45 354
 317  45 354
  13  48 354
  20  48 354
 285  50 354
 355  50 354
  61  51 354
 207  56 354
 259  57 354
 285  57 354
  76  60 354
 323  60 354
 183  63 354
 262  63 354
 226  64 354
 310  66 354
 170  67 354
 327  67 354
 242  68 354
  43  69 354
  55  70 354
 137  70 354
 188  72 354
 292  72 354
 350  72 354
 126  74 354
 158  74 354
 100  75 354
 232  75 354
 304  75 354
   1  77 354
  82  81 354
 235  81 354
 157  82 354
  25  83 354
 271  85 354
 301  85 354
 137  86 354
 218  87 354
  29  90 354
  70  90 354
  13  91 354
 202  92 354
 241  96 354
  93  98 354
 164  98 354
 186  98 354
 283  98 354
 336  98 354
 352  99 354
 267 100 354
 153 101 354
 210 101 354
  22 104 354
 282 105 354
  33 106 354
  79 106 354
 249 106 354
  53 109 354
  72 110 354
 131 110 354
 189 111 354
  63 112 354
  13 113 354
 288 116 354
 105 117 354
 206 117 354
 257 117 354
 304 117 354
 170 118 354
 228 120 354
  54 122 354
 109 122 354
 219 122 354
 193 123 354
 289 123 354
 265 126 354
   6 127 354
 319 129 354
 337 129 354
 326 130 354
 102 132 354
 193 133 354
 305 133 354
  44 135 354
  63 135 354
 196 139 354
 251 139 354
 273 139 354
 132 140 354
 277 146 354
 223 147 354
 250 147 354
 310 147 354
   5 148 354
 105 149 354
 288 151 354
 278 157 354
 138 158 354
  70 159 354
 324 162 354
 351 162 354
  42 163 354
 258 164 354
 331 164 354
 347 168 354
 227 169 354
 251 169 354
 201 170 354
 318 170 354
  20 172 354
 168 172 354
 357 172 354
 356 119 355