 23301   Scan angles: step 9 (+-1)
   0   0   0
   9   0   0
  18   0   0
  27   0   0
  36   0   0
  45   0   0
  54   0   0
  63   0   0
  72   0   0
  81   0   0
  90   0   0
  99   0   0
 108   0   0
 117   0   0
 126   0   0
 135   0   0
 144   0   0
 153   0   0
 162   0   0
 171   0   0
 180   0   0
 189   0   0
 198   0   0
 207   0   0
 216   0   0
 225   0   0
 234   0   0
 243   0   0
 252   0   0
 261   0   0
 270   0   0
 279   0   0
 288   0   0
 297   0   0
 306   0   0
 315   0   0
 324   0   0
 333   0   0
 342   0   0
 351   0   0
   4   8   0
  13   8   0
  22   8   0
  31   8   0
  40   8   0
  49   8   0
  58   8   0
  67   8   0
  76   8   0
  85   8   0
  94   8   0
 103   8   0
 112   8   0
 121   8   0
 130   8   0
 139   8   0
 148   8   0
 157   8   0
 166   8   0
 175   8   0
 184   8   0
 193   8   0
 202   8   0
 211   8   0
 220   8   0
 229   8   0
 238   8   0
 247   8   0
 256   8   0
 265   8   0
 274   8   0
 283   8   0
 292   8   0
 301   8   0
 310   8   0
 319   8   0
 328   8   0
 337   8   0
 346   8   0
 355   8   0
   0  16   0
   9  16   0
  18  16   0
  27  16   0
  36  16   0
  45  16   0
  54  16   0
  63  16   0
  72  16   0
  81  16   0
  90  16   0
  99  16   0
 108  16   0
 117  16   0
 126  16   0
 135  16   0
 144  16   0
 153  16   0
 162  16   0
 171  16   0
 180  16   0
 189  16   0
 198  16   0
 207  16   0
 216  16   0
 225  16   0
 234  16   0
 243  16   0
 252  16   0
 261  16   0
 270  16   0
 279  16   0
 288  16   0
 297  16   0
 306  16   0
 315  16   0
 324  16   0
 333  16   0
 342  16   0
 351  16   0
   4  24   0
  13  24   0
  22  24   0
  31  24   0
  40  24   0
  49  24   0
  58  24   0
  67  24   0
  76  24   0
  85  24   0
  94  24   0
 103  24   0
 112  24   0
 121  24   0
 130  24   0
 139  24   0
 148  24   0
 157  24   0
 166  24   0
 175  24   0
 184  24   0
 193  24   0
 202  24   0
 211  24   0
 220  24   0
 229  24   0
 238  24   0
 247  24   0
 256  24   0
 265  24   0
 274  24   0
 283  24   0
 292  24   0
 301  24   0
 310  24   0
 319  24   0
 328  24   0
 337  24   0
 346  24   0
 355  24   0
   0  32   0
   9  32   0
  18  32   0
  27  32   0
  36  32   0
  45  32   0
  54  32   0
  63  32   0
  72  32   0
  81  32   0
  90  32   0
  99  32   0
 108  32   0
 117  32   0
 126  32   0
 135  32   0
 144  32   0
 153  32   0
 162  32   0
 171  32   0
 180  32   0
 189  32   0
 198  32   0
 207  32   0
 216  32   0
 225  32   0
 234  32   0
 243  32   0
 252  32   0
 261  32   0
 270  32   0
 279  32   0
 288  32   0
 297  32   0
 306  32   0
 315  32   0
 324  32   0
 333  32   0
 342  32   0
 351  32   0
   4  40   0
  13  40   0
  22  40   0
  31  40   0
  40  40   0
  49  40   0
  58  40   0
  67  40   0
  76  40   0
  85  40   0
  94  40   0
 103  40   0
 112  40   0
 121  40   0
 130  40   0
 139  40   0
 148  40   0
 157  40   0
 166  40   0
 175  40   0
 184  40   0
 193  40   0
 202  40   0
 211  40   0
 220  40   0
 229  40   0
 238  40   0
 247  40   0
 256  40   0
 265  40   0
 274  40   0
 283  40   0
 292  40   0
 301  40   0
 310  40   0
 319  40   0
 328  40   0
 337  40   0
 346  40   0
 355  40   0
   0  48   0
   9  48   0
  18  48   0
  27  48   0
  36  48   0
  45  48   0
  54  48   0
  63  48   0
  72  48   0
  81  48   0
  90  48   0
  99  48   0
 108  48   0
 117  48   0
 126  48   0
 135  48   0
 144  48   0
 153  48   0
 162  48   0
 171  48   0
 180  48   0
 189  48   0
 198  48   0
 207  48   0
 216  48   0
 225  48   0
 234  48   0
 243  48   0
 252  48   0
 261  48   0
 270  48   0
 279  48   0
 288  48   0
 297  48   0
 306  48   0
 315  48   0
 324  48   0
 333  48   0
 342  48   0
 351  48   0
   4  56   0
  13  56   0
  22  56   0
  31  56   0
  40  56   0
  49  56   0
  58  56   0
  67  56   0
  76  56   0
  85  56   0
  94  56   0
 103  56   0
 112  56   0
 121  56   0
 130  56   0
 139  56   0
 148  56   0
 157  56   0
 166  56   0
 175  56   0
 184  56   0
 193  56   0
 202  56   0
 211  56   0
 220  56   0
 229  56   0
 238  56   0
 247  56   0
 256  56   0
 265  56   0
 274  56   0
 283  56   0
 292  56   0
 301  56   0
 310  56   0
 319  56   0
 328  56   0
 337  56   0
 346  56   0
 355  56   0
   0  64   0
   9  64   0
  18  64   0
  27  64   0
  36  64   0
  45  64   0
  54  64   0
  63  64   0
  72  64   0
  81  64   0
  90  64   0
  99  64   0
 108  64   0
 117  64   0
 126  64   0
 135  64   0
 144  64   0
 153  64   0
 162  64   0
 171  64   0
 180  64   0
 189  64   0
 198  64   0
 207  64   0
 216  64   0
 225  64   0
 234  64   0
 243  64   0
 252  64   0
 261  64   0
 270  64   0
 279  64   0
 288  64   0
 297  64   0
 306  64   0
 315  64   0
 324  64   0
 333  64   0
 342  64   0
 351  64   0
   4  72   0
  13  72   0
  22  72   0
  31  72   0
  40  72   0
  49  72   0
  58  72   0
  67  72   0
  76  72   0
  85  72   0
  94  72   0
 103  72   0
 112  72   0
 121  72   0
 130  72   0
 139  72   0
 148  72   0
 157  72   0
 166  72   0
 175  72   0
 184  72   0
 193  72   0
 202  72   0
 211  72   0
 220  72   0
 229  72   0
 238  72   0
 247  72   0
 256  72   0
 265  72   0
 274  72   0
 283  72   0
 292  72   0
 301  72   0
 310  72   0
 319  72   0
 328  72   0
 337  72   0
 346  72   0
 355  72   0
   0  80   0
   9  80   0
  18  80   0
  27  80   0
  36  80   0
  45  80   0
  54  80   0
  63  80   0
  72  80   0
  81  80   0
  90  80   0
  99  80   0
 108  80   0
 117  80   0
 126  80   0
 135  80   0
 144  80   0
 153  80   0
 162  80   0
 171  80   0
 180  80   0
 189  80   0
 198  80   0
 207  80   0
 216  80   0
 225  80   0
 234  80   0
 243  80   0
 252  80   0
 261  80   0
 270  80   0
 279  80   0
 288  80   0
 297  80   0
 306  80   0
 315  80   0
 324  80   0
 333  80   0
 342  80   0
 351  80   0
   4  88   0
  13  88   0
  22  88   0
  31  88   0
  40  88   0
  49  88   0
  58  88   0
  67  88   0
  76  88   0
  85  88   0
  94  88   0
 103  88   0
 112  88   0
 121  88   0
 130  88   0
 139  88   0
 148  88   0
 157  88   0
 166  88   0
 175  88   0
 184  88   0
 193  88   0
 202  88   0
 211  88   0
 220  88   0
 229  88   0
 238  88   0
 247  88   0
 256  88   0
 265  88   0
 274  88   0
 283  88   0
 292  88   0
 301  88   0
 310  88   0
 319  88   0
 328  88   0
 337  88   0
 346  88   0
 355  88   0
   0  96   0
   9  96   0
  18  96   0
  27  96   0
  36  96   0
  45  96   0
  54  96   0
  63  96   0
  72  96   0
  81  96   0
  90  96   0
  99  96   0
 108  96   0
 117  96   0
 126  96   0
 135  96   0
 144  96   0
 153  96   0
 162  96   0
 171  96   0
 180  96   0
 189  96   0
 198  96   0
 207  96   0
 216  96   0
 225  96   0
 234  96   0
 243  96   0
 252  96   0
 261  96   0
 270  96   0
 279  96   0
 288  96   0
 297  96   0
 306  96   0
 315  96   0
 324  96   0
 333  96   0
 342  96   0
 351  96   0
   4 104   0
  13 104   0
  22 104   0
  31 104   0
  40 104   0
  49 104   0
  58 104   0
  67 104   0
  76 104   0
  85 104   0
  94 104   0
 103 104   0
 112 104   0
 121 104   0
 130 104   0
 139 104   0
 148 104   0
 157 104   0
 166 104   0
 175 104   0
 184 104   0
 193 104   0
 202 104   0
 211 104   0
 220 104   0
 229 104   0
 238 104   0
 247 104   0
 256 104   0
 265 104   0
 274 104   0
 283 104   0
 292 104   0
 301 104   0
 310 104   0
 319 104   0
 328 104   0
 337 104   0
 346 104   0
 355 104   0
   0 112   0
   9 112   0
  18 112   0
  27 112   0
  36 112   0
  45 112   0
  54 112   0
  63 112   0
  72 112   0
  81 112   0
  90 112   0
  99 112   0
 108 112   0
 117 112   0
 126 112   0
 135 112   0
 144 112   0
 153 112   0
 162 112   0
 171 112   0
 180 112   0
 189 112   0
 198 112   0
 207 112   0
 216 112   0
 225 112   0
 234 112   0
 243 112   0
 252 112   0
 261 112   0
 270 112   0
 279 112   0
 288 112   0
 297 112   0
 306 112   0
 315 112   0
 324 112   0
 333 112   0
 342 112   0
 351 112   0
   4 120   0
  13 120   0
  22 120   0
  31 120   0
  40 120   0
  49 120   0
  58 120   0
  67 120   0
  76 120   0
  85 120   0
  94 120   0
 103 120   0
 112 120   0
 121 120   0
 130 120   0
 139 120   0
 148 120   0
 157 120   0
 166 120   0
 175 120   0
 184 120   0
 193 120   0
 202 120   0
 211 120   0
 220 120   0
 229 120   0
 238 120   0
 247 120   0
 256 120   0
 265 120   0
 274 120   0
 283 120   0
 292 120   0
 301 120   0
 310 120   0
 319 120   0
 328 120   0
 337 120   0
 346 120   0
 355 120   0
   0 128   0
   9 128   0
  18 128   0
  27 128   0
  36 128   0
  45 128   0
  54 128   0
  63 128   0
  72 128   0
  81 128   0
  90 128   0
  99 128   0
 108 128   0
 117 128   0
 126 128   0
 135 128   0
 144 128   0
 153 128   0
 162 128   0
 171 128   0
 180 128   0
 189 128   0
 198 128   0
 207 128   0
 216 128   0
 225 128   0
 234 128   0
 243 128   0
 252 128   0
 261 128   0
 270 128   0
 279 128   0
 288 128   0
 297 128   0
 306 128   0
 315 128   0
 324 128   0
 333 128   0
 342 128   0
 351 128   0
   4 136   0
  13 136   0
  22 136   0
  31 136   0
  40 136   0
  49 136   0
  58 136   0
  67 136   0
  76 136   0
  85 136   0
  94 136   0
 103 136   0
 112 136   0
 121 136   0
 130 136   0
 139 136   0
 148 136   0
 157 136   0
 166 136   0
 175 136   0
 184 136   0
 193 136   0
 202 136   0
 211 136   0
 220 136   0
 229 136   0
 238 136   0
 247 136   0
 256 136   0
 265 136   0
 274 136   0
 283 136   0
 292 136   0
 301 136   0
 310 136   0
 319 136   0
 328 136   0
 337 136   0
 346 136   0
 355 136   0
   0 144   0
   9 144   0
  18 144   0
  27 144   0
  36 144   0
  45 144   0
  54 144   0
  63 144   0
  72 144   0
  81 144   0
  90 144   0
  99 144   0
 108 144   0
 117 144   0
 126 144   0
 135 144   0
 144 144   0
 153 144   0
 162 144   0
 171 144   0
 180 144   0
 189 144   0
 198 144   0
 207 144   0
 216 144   0
 225 144   0
 234 144   0
 243 144   0
 252 144   0
 261 144   0
 270 144   0
 279 144   0
 288 144   0
 297 144   0
 306 144   0
 315 144   0
 324 144   0
 333 144   0
 342 144   0
 351 144   0
   4 152   0
  13 152   0
  22 152   0
  31 152   0
  40 152   0
  49 152   0
  58 152   0
  67 152   0
  76 152   0
  85 152   0
  94 152   0
 103 152   0
 112 152   0
 121 152   0
 130 152   0
 139 152   0
 148 152   0
 157 152   0
 166 152   0
 175 152   0
 184 152   0
 193 152   0
 202 152   0
 211 152   0
 220 152   0
 229 152   0
 238 152   0
 247 152   0
 256 152   0
 265 152   0
 274 152   0
 283 152   0
 292 152   0
 301 152   0
 310 152   0
 319 152   0
 328 152   0
 337 152   0
 346 152   0
 355 152   0
   0 160   0
   9 160   0
  18 160   0
  27 160   0
  36 160   0
  45 160   0
  54 160   0
  63 160   0
  72 160   0
  81 160   0
  90 160   0
  99 160   0
 108 160   0
 117 160   0
 126 160   0
 135 160   0
 144 160   0
 153 160   0
 162 160   0
 171 160   0
 180 160   0
 189 160   0
 198 160   0
 207 160   0
 216 160   0
 225 160   0
 234 160   0
 243 160   0
 252 160   0
 261 160   0
 270 160   0
 279 160   0
 288 160   0
 297 160   0
 306 160   0
 315 160   0
 324 160   0
 333 160   0
 342 160   0
 351 160   0
   4 168   0
  13 168   0
  22 168   0
  31 168   0
  40 168   0
  49 168   0
  58 168   0
  67 168   0
  76 168   0
  85 168   0
  94 168   0
 103 168   0
 112 168   0
 121 168   0
 130 168   0
 139 168   0
 148 168   0
 157 168   0
 166 168   0
 175 168   0
 184 168   0
 193 168   0
 202 168   0
 211 168   0
 220 168   0
 229 168   0
 238 168   0
 247 168   0
 256 168   0
 265 168   0
 274 168   0
 283 168   0
 292 168   0
 301 168   0
 310 168   0
 319 168   0
 328 168   0
 337 168   0
 346 168   0
 355 168   0
   0 176   0
   9 176   0
  18 176   0
  27 176   0
  36 176   0
  45 176   0
  54 176   0
  63 176   0
  72 176   0
  81 176   0
  90 176   0
  99 176   0
 108 176   0
 117 176   0
 126 176   0
 135 176   0
 144 176   0
 153 176   0
 162 176   0
 171 176   0
 180 176   0
 189 176   0
 198 176   0
 207 176   0
 216 176   0
 225 176   0
 234 176   0
 243 176   0
 252 176   0
 261 176   0
 270 176   0
 279 176   0
 288 176   0
 297 176   0
 306 176   0
 315 176   0
 324 176   0
 333 176   0
 342 176   0
 351 176   0
   5   3   7
  14   3   7
  23   3   7
  32   3   7
  41   3   7
  50   3   7
  59   3   7
  68   3   7
  77   3   7
  86   3   7
  95   3   7
 104   3   7
 113   3   7
 122   3   7
 131   3   7
 140   3   7
 149   3   7
 158   3   7
 167   3   7
 176   3   7
 185   3   7
 194   3   7
 203   3   7
 212   3   7
 221   3   7
 230   3   7
 239   3   7
 248   3   7
 257   3   7
 266   3   7
 275   3   7
 284   3   7
 293   3   7
 302   3   7
 311   3   7
 320   3   7
 329   3   7
 338   3   7
 347   3   7
 356   3   7
   5  19   7
  14  19   7
  23  19   7
  32  19   7
  41  19   7
  50  19   7
  59  19   7
  68  19   7
  77  19   7
  86  19   7
  95  19   7
 104  19   7
 113  19   7
 122  19   7
 131  19   7
 140  19   7
 149  19   7
 158  19   7
 167  19   7
 176  19   7
 185  19   7
 194  19   7
 203  19   7
 212  19   7
 221  19   7
 230  19   7
 239  19   7
 248  19   7
 257  19   7
 266  19   7
 275  19   7
 284  19   7
 293  19   7
 302  19   7
 311  19   7
 320  19   7
 329  19   7
 338  19   7
 347  19   7
 356  19   7
   5  35   7
  14  35   7
  23  35   7
  32  35   7
  41  35   7
  50  35   7
  59  35   7
  68  35   7
  77  35   7
  86  35   7
  95  35   7
 104  35   7
 113  35   7
 122  35   7
 131  35   7
 140  35   7
 149  35   7
 158  35   7
 167  35   7
 176  35   7
 185  35   7
 194  35   7
 203  35   7
 212  35   7
 221  35   7
 230  35   7
 239  35   7
 248  35   7
 257  35   7
 266  35   7
 275  35   7
 284  35   7
 293  35   7
 302  35   7
 311  35   7
 320  35   7
 329  35   7
 338  35   7
 347  35   7
 356  35   7
   5  51   7
  14  51   7
  23  51   7
  32  51   7
  41  51   7
  50  51   7
  59  51   7
  68  51   7
  77  51   7
  86  51   7
  95  51   7
 104  51   7
 113  51   7
 122  51   7
 131  51   7
 140  51   7
 149  51   7
 158  51   7
 167  51   7
 176  51   7
 185  51   7
 194  51   7
 203  51   7
 212  51   7
 221  51   7
 230  51   7
 239  51   7
 248  51   7
 257  51   7
 266  51   7
 275  51   7
 284  51   7
 293  51   7
 302  51   7
 311  51   7
 320  51   7
 329  51   7
 338  51   7
 347  51   7
 356  51   7
   5  67   7
  14  67   7
  23  67   7
  32  67   7
  41  67   7
  50  67   7
  59  67   7
  68  67   7
  77  67   7
  86  67   7
  95  67   7
 104  67   7
 113  67   7
 122  67   7
 131  67   7
 140  67   7
 149  67   7
 158  67   7
 167  67   7
 176  67   7
 185  67   7
 194  67   7
 203  67   7
 212  67   7
 221  67   7
 230  67   7
 239  67   7
 248  67   7
 257  67   7
 266  67   7
 275  67   7
 284  67   7
 293  67   7
 302  67   7
 311  67   7
 320  67   7
 329  67   7
 338  67   7
 347  67   7
 356  67   7
   5  83   7
  14  83   7
  23  83   7
  32  83   7
  41  83   7
  50  83   7
  59  83   7
  68  83   7
  77  83   7
  86  83   7
  95  83   7
 104  83   7
 113  83   7
 122  83   7
 131  83   7
 140  83   7
 149  83   7
 158  83   7
 167  83   7
 176  83   7
 185  83   7
 194  83   7
 203  83   7
 212  83   7
 221  83   7
 230  83   7
 239  83   7
 248  83   7
 257  83   7
 266  83   7
 275  83   7
 284  83   7
 293  83   7
 302  83   7
 311  83   7
 320  83   7
 329  83   7
 338  83   7
 347  83   7
 356  83   7
   5  99   7
  14  99   7
  23  99   7
  32  99   7
  41  99   7
  50  99   7
  59  99   7
  68  99   7
  77  99   7
  86  99   7
  95  99   7
 104  99   7
 113  99   7
 122  99   7
 131  99   7
 140  99   7
 149  99   7
 158  99   7
 167  99   7
 176  99   7
 185  99   7
 194  99   7
 203  99   7
 212  99   7
 221  99   7
 230  99   7
 239  99   7
 248  99   7
 257  99   7
 266  99   7
 275  99   7
 284  99   7
 293  99   7
 302  99   7
 311  99   7
 320  99   7
 329  99   7
 338  99   7
 347  99   7
 356  99   7
   5 115   7
  14 115   7
  23 115   7
  32 115   7
  41 115   7
  50 115   7
  59 115   7
  68 115   7
  77 115   7
  86 115   7
  95 115   7
 104 115   7
 113 115   7
 122 115   7
 131 115   7
 140 115   7
 149 115   7
 158 115   7
 167 115   7
 176 115   7
 185 115   7
 194 115   7
 203 115   7
 212 115   7
 221 115   7
 230 115   7
 239 115   7
 248 115   7
 257 115   7
 266 115   7
 275 115   7
 284 115   7
 293 115   7
 302 115   7
 311 115   7
 320 115   7
 329 115   7
 338 115   7
 347 115   7
 356 115   7
   5 131   7
  14 131   7
  23 131   7
  32 131   7
  41 131   7
  50 131   7
  59 131   7
  68 131   7
  77 131   7
  86 131   7
  95 131   7
 104 131   7
 113 131   7
 122 131   7
 131 131   7
 140 131   7
 149 131   7
 158 131   7
 167 131   7
 176 131   7
 185 131   7
 194 131   7
 203 131   7
 212 131   7
 221 131   7
 230 131   7
 239 131   7
 248 131   7
 257 131   7
 266 131   7
 275 131   7
 284 131   7
 293 131   7
 302 131   7
 311 131   7
 320 131   7
 329 131   7
 338 131   7
 347 131   7
 356 131   7
   5 147   7
  14 147   7
  23 147   7
  32 147   7
  41 147   7
  50 147   7
  59 147   7
  68 147   7
  77 147   7
  86 147   7
  95 147   7
 104 147   7
 113 147   7
 122 147   7
 131 147   7
 140 147   7
 149 147   7
 158 147   7
 167 147   7
 176 147   7
 185 147   7
 194 147   7
 203 147   7
 212 147   7
 221 147   7
 230 147   7
 239 147   7
 248 147   7
 257 147   7
 266 147   7
 275 147   7
 284 147   7
 293 147   7
 302 147   7
 311 147   7
 320 147   7
 329 147   7
 338 147   7
 347 147   7
 356 147   7
   5 163   7
  14 163   7
  23 163   7
  32 163   7
  41 163   7
  50 163   7
  59 163   7
  68 163   7
  77 163   7
  86 163   7
  95 163   7
 104 163   7
 113 163   7
 122 163   7
 131 163   7
 140 163   7
 149 163   7
 158 163   7
 167 163   7
 176 163   7
 185 163   7
 194 163   7
 203 163   7
 212 163   7
 221 163   7
 230 163   7
 239 163   7
 248 163   7
 257 163   7
 266 163   7
 275 163   7
 284 163   7
 293 163   7
 302 163   7
 311 163   7
 320 163   7
 329 163   7
 338 163   7
 347 163   7
 356 163   7
   5 179   7
  14 179   7
  23 179   7
  32 179   7
  41 179   7
  50 179   7
  59 179   7
  68 179   7
  77 179   7
  86 179   7
  95 179   7
 104 179   7
 113 179   7
 122 179   7
 131 179   7
 140 179   7
 149 179   7
 158 179   7
 167 179   7
 176 179   7
 185 179   7
 194 179   7
 203 179   7
 212 179   7
 221 179   7
 230 179   7
 239 179   7
 248 179   7
 257 179   7
 266 179   7
 275 179   7
 284 179   7
 293 179   7
 302 179   7
 311 179   7
 320 179   7
 329 179   7
 338 179   7
 347 179   7
 356 179   7
   0  11   9
   9  11   9
  18  11   9
  27  11   9
  36  11   9
  45  11   9
  54  11   9
  63  11   9
  72  11   9
  81  11   9
  90  11   9
  99  11   9
 108  11   9
 117  11   9
 126  11   9
 135  11   9
 144  11   9
 153  11   9
 162  11   9
 171  11   9
 180  11   9
 189  11   9
 198  11   9
 207  11   9
 216  11   9
 225  11   9
 234  11   9
 243  11   9
 252  11   9
 261  11   9
 270  11   9
 279  11   9
 288  11   9
 297  11   9
 306  11   9
 315  11   9
 324  11   9
 333  11   9
 342  11   9
 351  11   9
   0  27   9
   9  27   9
  18  27   9
  27  27   9
  36  27   9
  45  27   9
  54  27   9
  63  27   9
  72  27   9
  81  27   9
  90  27   9
  99  27   9
 108  27   9
 117  27   9
 126  27   9
 135  27   9
 144  27   9
 153  27   9
 162  27   9
 171  27   9
 180  27   9
 189  27   9
 198  27   9
 207  27   9
 216  27   9
 225  27   9
 234  27   9
 243  27   9
 252  27   9
 261  27   9
 270  27   9
 279  27   9
 288  27   9
 297  27   9
 306  27   9
 315  27   9
 324  27   9
 333  27   9
 342  27   9
 351  27   9
   0  43   9
   9  43   9
  18  43   9
  27  43   9
  36  43   9
  45  43   9
  54  43   9
  63  43   9
  72  43   9
  81  43   9
  90  43   9
  99  43   9
 108  43   9
 117  43   9
 126  43   9
 135  43   9
 144  43   9
 153  43   9
 162  43   9
 171  43   9
 180  43   9
 189  43   9
 198  43   9
 207  43   9
 216  43   9
 225  43   9
 234  43   9
 243  43   9
 252  43   9
 261  43   9
 270  43   9
 279  43   9
 288  43   9
 297  43   9
 306  43   9
 315  43   9
 324  43   9
 333  43   9
 342  43   9
 351  43   9
   0  59   9
   9  59   9
  18  59   9
  27  59   9
  36  59   9
  45  59   9
  54  59   9
  63  59   9
  72  59   9
  81  59   9
  90  59   9
  99  59   9
 108  59   9
 117  59   9
 126  59   9
 135  59   9
 144  59   9
 153  59   9
 162  59   9
 171  59   9
 180  59   9
 189  59   9
 198  59   9
 207  59   9
 216  59   9
 225  59   9
 234  59   9
 243  59   9
 252  59   9
 261  59   9
 270  59   9
 279  59   9
 288  59   9
 297  59   9
 306  59   9
 315  59   9
 324  59   9
 333  59   9
 342  59   9
 351  59   9
   0  75   9
   9  75   9
  18  75   9
  27  75   9
  36  75   9
  45  75   9
  54  75   9
  63  75   9
  72  75   9
  81  75   9
  90  75   9
  99  75   9
 108  75   9
 117  75   9
 126  75   9
 135  75   9
 144  75   9
 153  75   9
 162  75   9
 171  75   9
 180  75   9
 189  75   9
 198  75   9
 207  75   9
 216  75   9
 225  75   9
 234  75   9
 243  75   9
 252  75   9
 261  75   9
 270  75   9
 279  75   9
 288  75   9
 297  75   9
 306  75   9
 315  75   9
 324  75   9
 333  75   9
 342  75   9
 351  75   9
   0  91   9
   9  91   9
  18  91   9
  27  91   9
  36  91   9
  45  91   9
  54  91   9
  63  91   9
  72  91   9
  81  91   9
  90  91   9
  99  91   9
 108  91   9
 117  91   9
 126  91   9
 135  91   9
 144  91   9
 153  91   9
 162  91   9
 171  91   9
 180  91   9
 189  91   9
 198  91   9
 207  91   9
 216  91   9
 225  91   9
 234  91   9
 243  91   9
 252  91   9
 261  91   9
 270  91   9
 279  91   9
 288  91   9
 297  91   9
 306  91   9
 315  91   9
 324  91   9
 333  91   9
 342  91   9
 351  91   9
   0 107   9
   9 107   9
  18 107   9
  27 107   9
  36 107   9
  45 107   9
  54 107   9
  63 107   9
  72 107   9
  81 107   9
  90 107   9
  99 107   9
 108 107   9
 117 107   9
 126 107   9
 135 107   9
 144 107   9
 153 107   9
 162 107   9
 171 107   9
 180 107   9
 189 107   9
 198 107   9
 207 107   9
 216 107   9
 225 107   9
 234 107   9
 243 107   9
 252 107   9
 261 107   9
 270 107   9
 279 107   9
 288 107   9
 297 107   9
 306 107   9
 315 107   9
 324 107   9
 333 107   9
 342 107   9
 351 107   9
   0 123   9
   9 123   9
  18 123   9
  27 123   9
  36 123   9
  45 123   9
  54 123   9
  63 123   9
  72 123   9
  81 123   9
  90 123   9
  99 123   9
 108 123   9
 117 123   9
 126 123   9
 135 123   9
 144 123   9
 153 123   9
 162 123   9
 171 123   9
 180 123   9
 189 123   9
 198 123   9
 207 123   9
 216 123   9
 225 123   9
 234 123   9
 243 123   9
 252 123   9
 261 123   9
 270 123   9
 279 123   9
 288 123   9
 297 123   9
 306 123   9
 315 123   9
 324 123   9
 333 123   9
 342 123   9
 351 123   9
   0 139   9
   9 139   9
  18 139   9
  27 139   9
  36 139   9
  45 139   9
  54 139   9
  63 139   9
  72 139   9
  81 139   9
  90 139   9
  99 139   9
 108 139   9
 117 139   9
 126 139   9
 135 139   9
 144 139   9
 153 139   9
 162 139   9
 171 139   9
 180 139   9
 189 139   9
 198 139   9
 207 139   9
 216 139   9
 225 139   9
 234 139   9
 243 139   9
 252 139   9
 261 139   9
 270 139   9
 279 139   9
 288 139   9
 297 139   9
 306 139   9
 315 139   9
 324 139   9
 333 139   9
 342 139   9
 351 139   9
   0 155   9
   9 155   9
  18 155   9
  27 155   9
  36 155   9
  45 155   9
  54 155   9
  63 155   9
  72 155   9
  81 155   9
  90 155   9
  99 155   9
 108 155   9
 117 155   9
 126 155   9
 135 155   9
 144 155   9
 153 155   9
 162 155   9
 171 155   9
 180 155   9
 189 155   9
 198 155   9
 207 155   9
 216 155   9
 225 155   9
 234 155   9
 243 155   9
 252 155   9
 261 155   9
 270 155   9
 279 155   9
 288 155   9
 297 155   9
 306 155   9
 315 155   9
 324 155   9
 333 155   9
 342 155   9
 351 155   9
   0 171   9
   9 171   9
  18 171   9
  27 171   9
  36 171   9
  45 171   9
  54 171   9
  63 171   9
  72 171   9
  81 171   9
  90 171   9
  99 171   9
 108 171   9
 117 171   9
 126 171   9
 135 171   9
 144 171   9
 153 171   9
 162 171   9
 171 171   9
 180 171   9
 189 171   9
 198 171   9
 207 171   9
 216 171   9
 225 171   9
 234 171   9
 243 171   9
 252 171   9
 261 171   9
 270 171   9
 279 171   9
 288 171   9
 297 171   9
 306 171   9
 315 171   9
 324 171   9
 333 171   9
 342 171   9
 351 171   9
   0   0  14
   9   0  14
  18   0  14
  27   0  14
  36   0  14
  45   0  14
  54   0  14
  63   0  14
  72   0  14
  81   0  14
  90   0  14
  99   0  14
 108   0  14
 117   0  14
 126   0  14
 135   0  14
 144   0  14
 153   0  14
 162   0  14
 171   0  14
 180   0  14
 189   0  14
 198   0  14
 207   0  14
 216   0  14
 225   0  14
 234   0  14
 243   0  14
 252   0  14
 261   0  14
 270   0  14
 279   0  14
 288   0  14
 297   0  14
 306   0  14
 315   0  14
 324   0  14
 333   0  14
 342   0  14
 351   0  14
   6  16  15
  15  16  15
  24  16  15
  33  16  15
  42  16  15
  51  16  15
  60  16  15
  69  16  15
  78  16  15
  87  16  15
  96  16  15
 105  16  15
 114  16  15
 123  16  15
 132  16  15
 141  16  15
 150  16  15
 159  16  15
 168  16  15
 177  16  15
 186  16  15
 195  16  15
 204  16  15
 213  16  15
 222  16  15
 231  16  15
 240  16  15
 249  16  15
 258  16  15
 267  16  15
 276  16  15
 285  16  15
 294  16  15
 303  16  15
 312  16  15
 321  16  15
 330  16  15
 339  16  15
 348  16  15
 357  16  15
   6  32  15
  15  32  15
  24  32  15
  33  32  15
  42  32  15
  51  32  15
  60  32  15
  69  32  15
  78  32  15
  87  32  15
  96  32  15
 105  32  15
 114  32  15
 123  32  15
 132  32  15
 141  32  15
 150  32  15
 159  32  15
 168  32  15
 177  32  15
 186  32  15
 195  32  15
 204  32  15
 213  32  15
 222  32  15
 231  32  15
 240  32  15
 249  32  15
 258  32  15
 267  32  15
 276  32  15
 285  32  15
 294  32  15
 303  32  15
 312  32  15
 321  32  15
 330  32  15
 339  32  15
 348  32  15
 357  32  15
   6  48  15
  15  48  15
  24  48  15
  33  48  15
  42  48  15
  51  48  15
  60  48  15
  69  48  15
  78  48  15
  87  48  15
  96  48  15
 105  48  15
 114  48  15
 123  48  15
 132  48  15
 141  48  15
 150  48  15
 159  48  15
 168  48  15
 177  48  15
 186  48  15
 195  48  15
 204  48  15
 213  48  15
 222  48  15
 231  48  15
 240  48  15
 249  48  15
 258  48  15
 267  48  15
 276  48  15
 285  48  15
 294  48  15
 303  48  15
 312  48  15
 321  48  15
 330  48  15
 339  48  15
 348  48  15
 357  48  15
   6  64  15
  15  64  15
  24  64  15
  33  64  15
  42  64  15
  51  64  15
  60  64  15
  69  64  15
  78  64  15
  87  64  15
  96  64  15
 105  64  15
 114  64  15
 123  64  15
 132  64  15
 141  64  15
 150  64  15
 159  64  15
 168  64  15
 177  64  15
 186  64  15
 195  64  15
 204  64  15
 213  64  15
 222  64  15
 231  64  15
 240  64  15
 249  64  15
 258  64  15
 267  64  15
 276  64  15
 285  64  15
 294  64  15
 303  64  15
 312  64  15
 321  64  15
 330  64  15
 339  64  15
 348  64  15
 357  64  15
   6  80  15
  15  80  15
  24  80  15
  33  80  15
  42  80  15
  51  80  15
  60  80  15
  69  80  15
  78  80  15
  87  80  15
  96  80  15
 105  80  15
 114  80  15
 123  80  15
 132  80  15
 141  80  15
 150  80  15
 159  80  15
 168  80  15
 177  80  15
 186  80  15
 195  80  15
 204  80  15
 213  80  15
 222  80  15
 231  80  15
 240  80  15
 249  80  15
 258  80  15
 267  80  15
 276  80  15
 285  80  15
 294  80  15
 303  80  15
 312  80  15
 321  80  15
 330  80  15
 339  80  15
 348  80  15
 357  80  15
   6  96  15
  15  96  15
  24  96  15
  33  96  15
  42  96  15
  51  96  15
  60  96  15
  69  96  15
  78  96  15
  87  96  15
  96  96  15
 105  96  15
 114  96  15
 123  96  15
 132  96  15
 141  96  15
 150  96  15
 159  96  15
 168  96  15
 177  96  15
 186  96  15
 195  96  15
 204  96  15
 213  96  15
 222  96  15
 231  96  15
 240  96  15
 249  96  15
 258  96  15
 267  96  15
 276  96  15
 285  96  15
 294  96  15
 303  96  15
 312  96  15
 321  96  15
 330  96  15
 339  96  15
 348  96  15
 357  96  15
   6 112  15
  15 112  15
  24 112  15
  33 112  15
  42 112  15
  51 112  15
  60 112  15
  69 112  15
  78 112  15
  87 112  15
  96 112  15
 105 112  15
 114 112  15
 123 112  15
 132 112  15
 141 112  15
 150 112  15
 159 112  15
 168 112  15
 177 112  15
 186 112  15
 195 112  15
 204 112  15
 213 112  15
 222 112  15
 231 112  15
 240 112  15
 249 112  15
 258 112  15
 267 112  15
 276 112  15
 285 112  15
 294 112  15
 303 112  15
 312 112  15
 321 112  15
 330 112  15
 339 112  15
 348 112  15
 357 112  15
   6 128  15
  15 128  15
  24 128  15
  33 128  15
  42 128  15
  51 128  15
  60 128  15
  69 128  15
  78 128  15
  87 128  15
  96 128  15
 105 128  15
 114 128  15
 123 128  15
 132 128  15
 141 128  15
 150 128  15
 159 128  15
 168 128  15
 177 128  15
 186 128  15
 195 128  15
 204 128  15
 213 128  15
 222 128  15
 231 128  15
 240 128  15
 249 128  15
 258 128  15
 267 128  15
 276 128  15
 285 128  15
 294 128  15
 303 128  15
 312 128  15
 321 128  15
 330 128  15
 339 128  15
 348 128  15
 357 128  15
   6 144  15
  15 144  15
  24 144  15
  33 144  15
  42 144  15
  51 144  15
  60 144  15
  69 144  15
  78 144  15
  87 144  15
  96 144  15
 105 144  15
 114 144  15
 123 144  15
 132 144  15
 141 144  15
 150 144  15
 159 144  15
 168 144  15
 177 144  15
 186 144  15
 195 144  15
 204 144  15
 213 144  15
 222 144  15
 231 144  15
 240 144  15
 249 144  15
 258 144  15
 267 144  15
 276 144  15
 285 144  15
 294 144  15
 303 144  15
 312 144  15
 321 144  15
 330 144  15
 339 144  15
 348 144  15
 357 144  15
   6 160  15
  15 160  15
  24 160  15
  33 160  15
  42 160  15
  51 160  15
  60 160  15
  69 160  15
  78 160  15
  87 160  15
  96 160  15
 105 160  15
 114 160  15
 123 160  15
 132 160  15
 141 160  15
 150 160  15
 159 160  15
 168 160  15
 177 160  15
 186 160  15
 195 160  15
 204 160  15
 213 160  15
 222 160  15
 231 160  15
 240 160  15
 249 160  15
 258 160  15
 267 160  15
 276 160  15
 285 160  15
 294 160  15
 303 160  15
 312 160  15
 321 160  15
 330 160  15
 339 160  15
 348 160  15
 357 160  15
   6 176  15
  15 176  15
  24 176  15
  33 176  15
  42 176  15
  51 176  15
  60 176  15
  69 176  15
  78 176  15
  87 176  15
  96 176  15
 105 176  15
 114 176  15
 123 176  15
 132 176  15
 141 176  15
 150 176  15
 159 176  15
 168 176  15
 177 176  15
 186 176  15
 195 176  15
 204 176  15
 213 176  15
 222 176  15
 231 176  15
 240 176  15
 249 176  15
 258 176  15
 267 176  15
 276 176  15
 285 176  15
 294 176  15
 303 176  15
 312 176  15
 321 176  15
 330 176  15
 339 176  15
 348 176  15
 357 176  15
   6   7  18
  15   7  18
  24   7  18
  33   7  18
  42   7  18
  51   7  18
  60   7  18
  69   7  18
  78   7  18
  87   7  18
  96   7  18
 105   7  18
 114   7  18
 123   7  18
 132   7  18
 141   7  18
 150   7  18
 159   7  18
 168   7  18
 177   7  18
 186   7  18
 195   7  18
 204   7  18
 213   7  18
 222   7  18
 231   7  18
 240   7  18
 249   7  18
 258   7  18
 267   7  18
 276   7  18
 285   7  18
 294   7  18
 303   7  18
 312   7  18
 321   7  18
 330   7  18
 339   7  18
 348   7  18
 357   7  18
   3  23  19
  12  23  19
  21  23  19
  30  23  19
  39  23  19
  48  23  19
  57  23  19
  66  23  19
  75  23  19
  84  23  19
  93  23  19
 102  23  19
 111  23  19
 120  23  19
 129  23  19
 138  23  19
 147  23  19
 156  23  19
 165  23  19
 174  23  19
 183  23  19
 192  23  19
 201  23  19
 210  23  19
 219  23  19
 228  23  19
 237  23  19
 246  23  19
 255  23  19
 264  23  19
 273  23  19
 282  23  19
 291  23  19
 300  23  19
 309  23  19
 318  23  19
 327  23  19
 336  23  19
 345  23  19
 354  23  19
   3  39  19
  12  39  19
  21  39  19
  30  39  19
  39  39  19
  48  39  19
  57  39  19
  66  39  19
  75  39  19
  84  39  19
  93  39  19
 102  39  19
 111  39  19
 120  39  19
 129  39  19
 138  39  19
 147  39  19
 156  39  19
 165  39  19
 174  39  19
 183  39  19
 192  39  19
 201  39  19
 210  39  19
 219  39  19
 228  39  19
 237  39  19
 246  39  19
 255  39  19
 264  39  19
 273  39  19
 282  39  19
 291  39  19
 300  39  19
 309  39  19
 318  39  19
 327  39  19
 336  39  19
 345  39  19
 354  39  19
   3  55  19
  12  55  19
  21  55  19
  30  55  19
  39  55  19
  48  55  19
  57  55  19
  66  55  19
  75  55  19
  84  55  19
  93  55  19
 102  55  19
 111  55  19
 120  55  19
 129  55  19
 138  55  19
 147  55  19
 156  55  19
 165  55  19
 174  55  19
 183  55  19
 192  55  19
 201  55  19
 210  55  19
 219  55  19
 228  55  19
 237  55  19
 246  55  19
 255  55  19
 264  55  19
 273  55  19
 282  55  19
 291  55  19
 300  55  19
 309  55  19
 318  55  19
 327  55  19
 336  55  19
 345  55  19
 354  55  19
   3  71  19
  12  71  19
  21  71  19
  30  71  19
  39  71  19
  48  71  19
  57  71  19
  66  71  19
  75  71  19
  84  71  19
  93  71  19
 102  71  19
 111  71  19
 120  71  19
 129  71  19
 138  71  19
 147  71  19
 156  71  19
 165  71  19
 174  71  19
 183  71  19
 192  71  19
 201  71  19
 210  71  19
 219  71  19
 228  71  19
 237  71  19
 246  71  19
 255  71  19
 264  71  19
 273  71  19
 282  71  19
 291  71  19
 300  71  19
 309  71  19
 318  71  19
 327  71  19
 336  71  19
 345  71  19
 354  71  19
   3  87  19
  12  87  19
  21  87  19
  30  87  19
  39  87  19
  48  87  19
  57  87  19
  66  87  19
  75  87  19
  84  87  19
  93  87  19
 102  87  19
 111  87  19
 120  87  19
 129  87  19
 138  87  19
 147  87  19
 156  87  19
 165  87  19
 174  87  19
 183  87  19
 192  87  19
 201  87  19
 210  87  19
 219  87  19
 228  87  19
 237  87  19
 246  87  19
 255  87  19
 264  87  19
 273  87  19
 282  87  19
 291  87  19
 300  87  19
 309  87  19
 318  87  19
 327  87  19
 336  87  19
 345  87  19
 354  87  19
   3 103  19
  12 103  19
  21 103  19
  30 103  19
  39 103  19
  48 103  19
  57 103  19
  66 103  19
  75 103  19
  84 103  19
  93 103  19
 102 103  19
 111 103  19
 120 103  19
 129 103  19
 138 103  19
 147 103  19
 156 103  19
 165 103  19
 174 103  19
 183 103  19
 192 103  19
 201 103  19
 210 103  19
 219 103  19
 228 103  19
 237 103  19
 246 103  19
 255 103  19
 264 103  19
 273 103  19
 282 103  19
 291 103  19
 300 103  19
 309 103  19
 318 103  19
 327 103  19
 336 103  19
 345 103  19
 354 103  19
   3 119  19
  12 119  19
  21 119  19
  30 119  19
  39 119  19
  48 119  19
  57 119  19
  66 119  19
  75 119  19
  84 119  19
  93 119  19
 102 119  19
 111 119  19
 120 119  19
 129 119  19
 138 119  19
 147 119  19
 156 119  19
 165 119  19
 174 119  19
 183 119  19
 192 119  19
 201 119  19
 210 119  19
 219 119  19
 228 119  19
 237 119  19
 246 119  19
 255 119  19
 264 119  19
 273 119  19
 282 119  19
 291 119  19
 300 119  19
 309 119  19
 318 119  19
 327 119  19
 336 119  19
 345 119  19
 354 119  19
   3 135  19
  12 135  19
  21 135  19
  30 135  19
  39 135  19
  48 135  19
  57 135  19
  66 135  19
  75 135  19
  84 135  19
  93 135  19
 102 135  19
 111 135  19
 120 135  19
 129 135  19
 138 135  19
 147 135  19
 156 135  19
 165 135  19
 174 135  19
 183 135  19
 192 135  19
 201 135  19
 210 135  19
 219 135  19
 228 135  19
 237 135  19
 246 135  19
 255 135  19
 264 135  19
 273 135  19
 282 135  19
 291 135  19
 300 135  19
 309 135  19
 318 135  19
 327 135  19
 336 135  19
 345 135  19
 354 135  19
   3 151  19
  12 151  19
  21 151  19
  30 151  19
  39 151  19
  48 151  19
  57 151  19
  66 151  19
  75 151  19
  84 151  19
  93 151  19
 102 151  19
 111 151  19
 120 151  19
 129 151  19
 138 151  19
 147 151  19
 156 151  19
 165 151  19
 174 151  19
 183 151  19
 192 151  19
 201 151  19
 210 151  19
 219 151  19
 228 151  19
 237 151  19
 246 151  19
 255 151  19
 264 151  19
 273 151  19
 282 151  19
 291 151  19
 300 151  19
 309 151  19
 318 151  19
 327 151  19
 336 151  19
 345 151  19
 354 151  19
   3 167  19
  12 167  19
  21 167  19
  30 167  19
  39 167  19
  48 167  19
  57 167  19
  66 167  19
  75 167  19
  84 167  19
  93 167  19
 102 167  19
 111 167  19
 120 167  19
 129 167  19
 138 167  19
 147 167  19
 156 167  19
 165 167  19
 174 167  19
 183 167  19
 192 167  19
 201 167  19
 210 167  19
 219 167  19
 228 167  19
 237 167  19
 246 167  19
 255 167  19
 264 167  19
 273 167  19
 282 167  19
 291 167  19
 300 167  19
 309 167  19
 318 167  19
 327 167  19
 336 167  19
 345 167  19
 354 167  19
   0   0  23
   9   0  23
  18   0  23
  27   0  23
  36   0  23
  45   0  23
  54   0  23
  63   0  23
  72   0  23
  81   0  23
  90   0  23
  99   0  23
 108   0  23
 117   0  23
 126   0  23
 135   0  23
 144   0  23
 153   0  23
 162   0  23
 171   0  23
 180   0  23
 189   0  23
 198   0  23
 207   0  23
 216   0  23
 225   0  23
 234   0  23
 243   0  23
 252   0  23
 261   0  23
 270   0  23
 279   0  23
 288   0  23
 297   0  23
 306   0  23
 315   0  23
 324   0  23
 333   0  23
 342   0  23
 351   0  23
   2  14  23
  11  15  23
  20  15  23
  29  15  23
  38  15  23
  47  15  23
  56  15  23
  65  15  23
  74  15  23
  83  15  23
  92  15  23
 101  15  23
 110  15  23
 119  15  23
 128  15  23
 137  15  23
 146  15  23
 155  15  23
 164  15  23
 173  15  23
 182  15  23
 191  15  23
 200  15  23
 209  15  23
 218  15  23
 227  15  23
 236  15  23
 245  15  23
 254  15  23
 263  15  23
 272  15  23
 281  15  23
 290  15  23
 299  15  23
 308  15  23
 317  15  23
 326  15  23
 335  15  23
 344  15  23
 353  15  23
   1  30  23
  10  30  23
  19  30  23
  28  30  23
  37  30  23
  46  30  23
  55  30  23
  64  30  23
  73  30  23
  82  30  23
  91  30  23
 100  30  23
 109  30  23
 118  30  23
 127  30  23
 136  30  23
 145  30  23
 154  30  23
 163  30  23
 172  30  23
 181  30  23
 190  30  23
 199  30  23
 208  30  23
 217  30  23
 226  30  23
 235  30  23
 244  30  23
 253  30  23
 262  30  23
 271  30  23
 280  30  23
 289  30  23
 298  30  23
 307  30  23
 316  30  23
 325  30  23
 334  30  23
 343  30  23
 352  30  23
   1  46  23
  10  46  23
  19  46  23
  28  46  23
  37  46  23
  46  46  23
  55  46  23
  64  46  23
  73  46  23
  82  46  23
  91  46  23
 100  46  23
 109  46  23
 118  46  23
 127  46  23
 136  46  23
 145  46  23
 154  46  23
 163  46  23
 172  46  23
 181  46  23
 190  46  23
 199  46  23
 208  46  23
 217  46  23
 226  46  23
 235  46  23
 244  46  23
 253  46  23
 262  46  23
 271  46  23
 280  46  23
 289  46  23
 298  46  23
 307  46  23
 316  46  23
 325  46  23
 334  46  23
 343  46  23
 352  46  23
   1  62  23
  10  62  23
  19  62  23
  28  62  23
  37  62  23
  46  62  23
  55  62  23
  64  62  23
  73  62  23
  82  62  23
  91  62  23
 100  62  23
 109  62  23
 118  62  23
 127  62  23
 136  62  23
 145  62  23
 154  62  23
 163  62  23
 172  62  23
 181  62  23
 190  62  23
 199  62  23
 208  62  23
 217  62  23
 226  62  23
 235  62  23
 244  62  23
 253  62  23
 262  62  23
 271  62  23
 280  62  23
 289  62  23
 298  62  23
 307  62  23
 316  62  23
 325  62  23
 334  62  23
 343  62  23
 352  62  23
   1  78  23
  10  78  23
  19  78  23
  28  78  23
  37  78  23
  46  78  23
  55  78  23
  64  78  23
  73  78  23
  82  78  23
  91  78  23
 100  78  23
 109  78  23
 118  78  23
 127  78  23
 136  78  23
 145  78  23
 154  78  23
 163  78  23
 172  78  23
 181  78  23
 190  78  23
 199  78  23
 208  78  23
 217  78  23
 226  78  23
 235  78  23
 244  78  23
 253  78  23
 262  78  23
 271  78  23
 280  78  23
 289  78  23
 298  78  23
 307  78  23
 316  78  23
 325  78  23
 334  78  23
 343  78  23
 352  78  23
   1  94  23
  10  94  23
  19  94  23
  28  94  23
  37  94  23
  46  94  23
  55  94  23
  64  94  23
  73  94  23
  82  94  23
  91  94  23
 100  94  23
 109  94  23
 118  94  23
 127  94  23
 136  94  23
 145  94  23
 154  94  23
 163  94  23
 172  94  23
 181  94  23
 190  94  23
 199  94  23
 208  94  23
 217  94  23
 226  94  23
 235  94  23
 244  94  23
 253  94  23
 262  94  23
 271  94  23
 280  94  23
 289  94  23
 298  94  23
 307  94  23
 316  94  23
 325  94  23
 334  94  23
 343  94  23
 352  94  23
   1 110  23
  10 110  23
  19 110  23
  28 110  23
  37 110  23
  46 110  23
  55 110  23
  64 110  23
  73 110  23
  82 110  23
  91 110  23
 100 110  23
 109 110  23
 118 110  23
 127 110  23
 136 110  23
 145 110  23
 154 110  23
 163 110  23
 172 110  23
 181 110  23
 190 110  23
 199 110  23
 208 110  23
 217 110  23
 226 110  23
 235 110  23
 244 110  23
 253 110  23
 262 110  23
 271 110  23
 280 110  23
 289 110  23
 298 110  23
 307 110  23
 316 110  23
 325 110  23
 334 110  23
 343 110  23
 352 110  23
   1 126  23
  10 126  23
  19 126  23
  28 126  23
  37 126  23
  46 126  23
  55 126  23
  64 126  23
  73 126  23
  82 126  23
  91 126  23
 100 126  23
 109 126  23
 118 126  23
 127 126  23
 136 126  23
 145 126  23
 154 126  23
 163 126  23
 172 126  23
 181 126  23
 190 126  23
 199 126  23
 208 126  23
 217 126  23
 226 126  23
 235 126  23
 244 126  23
 253 126  23
 262 126  23
 271 126  23
 280 126  23
 289 126  23
 298 126  23
 307 126  23
 316 126  23
 325 126  23
 334 126  23
 343 126  23
 352 126  23
   1 142  23
  10 142  23
  19 142  23
  28 142  23
  37 142  23
  46 142  23
  55 142  23
  64 142  23
  73 142  23
  82 142  23
  91 142  23
 100 142  23
 109 142  23
 118 142  23
 127 142  23
 136 142  23
 145 142  23
 154 142  23
 163 142  23
 172 142  23
 181 142  23
 190 142  23
 199 142  23
 208 142  23
 217 142  23
 226 142  23
 235 142  23
 244 142  23
 253 142  23
 262 142  23
 271 142  23
 280 142  23
 289 142  23
 298 142  23
 307 142  23
 316 142  23
 325 142  23
 334 142  23
 343 142  23
 352 142  23
   1 158  23
  10 158  23
  19 158  23
  28 158  23
  37 158  23
  46 158  23
  55 158  23
  64 158  23
  73 158  23
  82 158  23
  91 158  23
 100 158  23
 109 158  23
 118 158  23
 127 158  23
 136 158  23
 145 158  23
 154 158  23
 163 158  23
 172 158  23
 181 158  23
 190 158  23
 199 158  23
 208 158  23
 217 158  23
 226 158  23
 235 158  23
 244 158  23
 253 158  23
 262 158  23
 271 158  23
 280 158  23
 289 158  23
 298 158  23
 307 158  23
 316 158  23
 325 158  23
 334 158  23
 343 158  23
 352 158  23
   1 174  23
  10 174  23
  19 174  23
  28 174  23
  37 174  23
  46 174  23
  55 174  23
  64 174  23
  73 174  23
  82 174  23
  91 174  23
 100 174  23
 109 174  23
 118 174  23
 127 174  23
 136 174  23
 145 174  23
 154 174  23
 163 174  23
 172 174  23
 181 174  23
 190 174  23
 199 174  23
 208 174  23
 217 174  23
 226 174  23
 235 174  23
 244 174  23
 253 174  23
 262 174  23
 271 174  23
 280 174  23
 289 174  23
 298 174  23
 307 174  23
 316 174  23
 325 174  23
 334 174  23
 343 174  23
 352 174  23
   7   7  28
  16   7  28
  25   7  28
  34   7  28
  43   7  28
  52   7  28
  61   7  28
  70   7  28
  79   7  28
  88   7  28
  97   7  28
 106   7  28
 115   7  28
 124   7  28
 133   7  28
 142   7  28
 151   7  28
 160   7  28
 169   7  28
 178   7  28
 187   7  28
 196   7  28
 205   7  28
 214   7  28
 223   7  28
 232   7  28
 241   7  28
 250   7  28
 259   7  28
 268   7  28
 277   7  28
 286   7  28
 295   7  28
 304   7  28
 313   7  28
 322   7  28
 331   7  28
 340   7  28
 349   7  28
   1  21  28
  18  22  28
  27  22  28
  36  22  28
  45  22  28
  54  22  28
  63  22  28
  72  22  28
  81  22  28
  90  22  28
  99  22  28
 108  22  28
 117  22  28
 126  22  28
 135  22  28
 144  22  28
 153  22  28
 162  22  28
 171  22  28
 180  22  28
 189  22  28
 198  22  28
 207  22  28
 216  22  28
 225  22  28
 234  22  28
 243  22  28
 252  22  28
 261  22  28
 270  22  28
 279  22  28
 288  22  28
 297  22  28
 306  22  28
 315  22  28
 324  22  28
 333  22  28
 342  22  28
 351  22  28
   0  37  28
   9  37  28
  18  37  28
  27  37  28
  36  37  28
  45  37  28
  54  37  28
  63  37  28
  72  37  28
  81  37  28
  90  37  28
  99  37  28
 108  37  28
 117  37  28
 126  37  28
 135  37  28
 144  37  28
 153  37  28
 162  37  28
 171  37  28
 180  37  28
 189  37  28
 198  37  28
 207  37  28
 216  37  28
 225  37  28
 234  37  28
 243  37  28
 252  37  28
 261  37  28
 270  37  28
 279  37  28
 288  37  28
 297  37  28
 306  37  28
 315  37  28
 324  37  28
 333  37  28
 342  37  28
 351  37  28
   0  53  28
   9  53  28
  18  53  28
  27  53  28
  36  53  28
  45  53  28
  54  53  28
  63  53  28
  72  53  28
  81  53  28
  90  53  28
  99  53  28
 108  53  28
 117  53  28
 126  53  28
 135  53  28
 144  53  28
 153  53  28
 162  53  28
 171  53  28
 180  53  28
 189  53  28
 198  53  28
 207  53  28
 216  53  28
 225  53  28
 234  53  28
 243  53  28
 252  53  28
 261  53  28
 270  53  28
 279  53  28
 288  53  28
 297  53  28
 306  53  28
 315  53  28
 324  53  28
 333  53  28
 342  53  28
 351  53  28
   0  69  28
   9  69  28
  18  69  28
  27  69  28
  36  69  28
  45  69  28
  54  69  28
  63  69  28
  72  69  28
  81  69  28
  90  69  28
  99  69  28
 108  69  28
 117  69  28
 126  69  28
 135  69  28
 144  69  28
 153  69  28
 162  69  28
 171  69  28
 180  69  28
 189  69  28
 198  69  28
 207  69  28
 216  69  28
 225  69  28
 234  69  28
 243  69  28
 252  69  28
 261  69  28
 270  69  28
 279  69  28
 288  69  28
 297  69  28
 306  69  28
 315  69  28
 324  69  28
 333  69  28
 342  69  28
 351  69  28
   0  85  28
   9  85  28
  18  85  28
  27  85  28
  36  85  28
  45  85  28
  54  85  28
  63  85  28
  72  85  28
  81  85  28
  90  85  28
  99  85  28
 108  85  28
 117  85  28
 126  85  28
 135  85  28
 144  85  28
 153  85  28
 162  85  28
 171  85  28
 180  85  28
 189  85  28
 198  85  28
 207  85  28
 216  85  28
 225  85  28
 234  85  28
 243  85  28
 252  85  28
 261  85  28
 270  85  28
 279  85  28
 288  85  28
 297  85  28
 306  85  28
 315  85  28
 324  85  28
 333  85  28
 342  85  28
 351  85  28
   0 101  28
   9 101  28
  18 101  28
  27 101  28
  36 101  28
  45 101  28
  54 101  28
  63 101  28
  72 101  28
  81 101  28
  90 101  28
  99 101  28
 108 101  28
 117 101  28
 126 101  28
 135 101  28
 144 101  28
 153 101  28
 162 101  28
 171 101  28
 180 101  28
 189 101  28
 198 101  28
 207 101  28
 216 101  28
 225 101  28
 234 101  28
 243 101  28
 252 101  28
 261 101  28
 270 101  28
 279 101  28
 288 101  28
 297 101  28
 306 101  28
 315 101  28
 324 101  28
 333 101  28
 342 101  28
 351 101  28
   0 117  28
   9 117  28
  18 117  28
  27 117  28
  36 117  28
  45 117  28
  54 117  28
  63 117  28
  72 117  28
  81 117  28
  90 117  28
  99 117  28
 108 117  28
 117 117  28
 126 117  28
 135 117  28
 144 117  28
 153 117  28
 162 117  28
 171 117  28
 180 117  28
 189 117  28
 198 117  28
 207 117  28
 216 117  28
 225 117  28
 234 117  28
 243 117  28
 252 117  28
 261 117  28
 270 117  28
 279 117  28
 288 117  28
 297 117  28
 306 117  28
 315 117  28
 324 117  28
 333 117  28
 342 117  28
 351 117  28
   0 133  28
   9 133  28
  18 133  28
  27 133  28
  36 133  28
  45 133  28
  54 133  28
  63 133  28
  72 133  28
  81 133  28
  90 133  28
  99 133  28
 108 133  28
 117 133  28
 126 133  28
 135 133  28
 144 133  28
 153 133  28
 162 133  28
 171 133  28
 180 133  28
 189 133  28
 198 133  28
 207 133  28
 216 133  28
 225 133  28
 234 133  28
 243 133  28
 252 133  28
 261 133  28
 270 133  28
 279 133  28
 288 133  28
 297 133  28
 306 133  28
 315 133  28
 324 133  28
 333 133  28
 342 133  28
 351 133  28
   0 149  28
   9 149  28
  18 149  28
  27 149  28
  36 149  28
  45 149  28
  54 149  28
  63 149  28
  72 149  28
  81 149  28
  90 149  28
  99 149  28
 108 149  28
 117 149  28
 126 149  28
 135 149  28
 144 149  28
 153 149  28
 162 149  28
 171 149  28
 180 149  28
 189 149  28
 198 149  28
 207 149  28
 216 149  28
 225 149  28
 234 149  28
 243 149  28
 252 149  28
 261 149  28
 270 149  28
 279 149  28
 288 149  28
 297 149  28
 306 149  28
 315 149  28
 324 149  28
 333 149  28
 342 149  28
 351 149  28
   0 165  28
   9 165  28
  18 165  28
  27 165  28
  36 165  28
  45 165  28
  54 165  28
  63 165  28
  72 165  28
  81 165  28
  90 165  28
  99 165  28
 108 165  28
 117 165  28
 126 165  28
 135 165  28
 144 165  28
 153 165  28
 162 165  28
 171 165  28
 180 165  28
 189 165  28
 198 165  28
 207 165  28
 216 165  28
 225 165  28
 234 165  28
 243 165  28
 252 165  28
 261 165  28
 270 165  28
 279 165  28
 288 165  28
 297 165  28
 306 165  28
 315 165  28
 324 165  28
 333 165  28
 342 165  28
 351 165  28
 358   6  29
   8  18  30
   7 177  30
  16 177  30
  25 177  30
  34 177  30
  43 177  30
  52 177  30
  61 177  30
  70 177  30
  79 177  30
  88 177  30
  97 177  30
 106 177  30
 115 177  30
 124 177  30
 133 177  30
 142 177  30
 151 177  30
 160 177  30
 169 177  30
 178 177  30
 187 177  30
 196 177  30
 205 177  30
 214 177  30
 223 177  30
 232 177  30
 241 177  30
 250 177  30
 259 177  30
 268 177  30
 277 177  30
 286 177  30
 295 177  30
 304 177  30
 313 177  30
 322 177  30
 331 177  30
 340 177  30
 349 177  30
 358 177  30
  10  28  32
   0  29  32
   0  45  32
   9  45  32
  18  45  32
  27  45  32
  36  45  32
  45  45  32
  54  45  32
  63  45  32
  72  45  32
  81  45  32
  90  45  32
  99  45  32
 108  45  32
 117  45  32
 126  45  32
 135  45  32
 144  45  32
 153  45  32
 162  45  32
 171  45  32
 180  45  32
 189  45  32
 198  45  32
 207  45  32
 216  45  32
 225  45  32
 234  45  32
 243  45  32
 252  45  32
 261  45  32
 270  45  32
 279  45  32
 288  45  32
 297  45  32
 306  45  32
 315  45  32
 324  45  32
 333  45  32
 342  45  32
 351  45  32
   0  61  32
   9  61  32
  18  61  32
  27  61  32
  36  61  32
  45  61  32
  54  61  32
  63  61  32
  72  61  32
  81  61  32
  90  61  32
  99  61  32
 108  61  32
 117  61  32
 126  61  32
 135  61  32
 144  61  32
 153  61  32
 162  61  32
 171  61  32
 180  61  32
 189  61  32
 198  61  32
 207  61  32
 216  61  32
 225  61  32
 234  61  32
 243  61  32
 252  61  32
 261  61  32
 270  61  32
 279  61  32
 288  61  32
 297  61  32
 306  61  32
 315  61  32
 324  61  32
 333  61  32
 342  61  32
 351  61  32
   0  77  32
   9  77  32
  18  77  32
  27  77  32
  36  77  32
  45  77  32
  54  77  32
  63  77  32
  72  77  32
  81  77  32
  90  77  32
  99  77  32
 108  77  32
 117  77  32
 126  77  32
 135  77  32
 144  77  32
 153  77  32
 162  77  32
 171  77  32
 180  77  32
 189  77  32
 198  77  32
 207  77  32
 216  77  32
 225  77  32
 234  77  32
 243  77  32
 252  77  32
 261  77  32
 270  77  32
 279  77  32
 288  77  32
 297  77  32
 306  77  32
 315  77  32
 324  77  32
 333  77  32
 342  77  32
 351  77  32
   0  93  32
   9  93  32
  18  93  32
  27  93  32
  36  93  32
  45  93  32
  54  93  32
  63  93  32
  72  93  32
  81  93  32
  90  93  32
  99  93  32
 108  93  32
 117  93  32
 126  93  32
 135  93  32
 144  93  32
 153  93  32
 162  93  32
 171  93  32
 180  93  32
 189  93  32
 198  93  32
 207  93  32
 216  93  32
 225  93  32
 234  93  32
 243  93  32
 252  93  32
 261  93  32
 270  93  32
 279  93  32
 288  93  32
 297  93  32
 306  93  32
 315  93  32
 324  93  32
 333  93  32
 342  93  32
 351  93  32
   0 109  32
   9 109  32
  18 109  32
  27 109  32
  36 109  32
  45 109  32
  54 109  32
  63 109  32
  72 109  32
  81 109  32
  90 109  32
  99 109  32
 108 109  32
 117 109  32
 126 109  32
 135 109  32
 144 109  32
 153 109  32
 162 109  32
 171 109  32
 180 109  32
 189 109  32
 198 109  32
 207 109  32
 216 109  32
 225 109  32
 234 109  32
 243 109  32
 252 109  32
 261 109  32
 270 109  32
 279 109  32
 288 109  32
 297 109  32
 306 109  32
 315 109  32
 324 109  32
 333 109  32
 342 109  32
 351 109  32
   0 125  32
   9 125  32
  18 125  32
  27 125  32
  36 125  32
  45 125  32
  54 125  32
  63 125  32
  72 125  32
  81 125  32
  90 125  32
  99 125  32
 108 125  32
 117 125  32
 126 125  32
 135 125  32
 144 125  32
 153 125  32
 162 125  32
 171 125  32
 180 125  32
 189 125  32
 198 125  32
 207 125  32
 216 125  32
 225 125  32
 234 125  32
 243 125  32
 252 125  32
 261 125  32
 270 125  32
 279 125  32
 288 125  32
 297 125  32
 306 125  32
 315 125  32
 324 125  32
 333 125  32
 342 125  32
 351 125  32
   0 141  32
   9 141  32
  18 141  32
  27 141  32
  36 141  32
  45 141  32
  54 141  32
  63 141  32
  72 141  32
  81 141  32
  90 141  32
  99 141  32
 108 141  32
 117 141  32
 126 141  32
 135 141  32
 144 141  32
 153 141  32
 162 141  32
 171 141  32
 180 141  32
 189 141  32
 198 141  32
 207 141  32
 216 141  32
 225 141  32
 234 141  32
 243 141  32
 252 141  32
 261 141  32
 270 141  32
 279 141  32
 288 141  32
 297 141  32
 306 141  32
 315 141  32
 324 141  32
 333 141  32
 342 141  32
 351 141  32
   0 157  32
   9 157  32
  18 157  32
  27 157  32
  36 157  32
  45 157  32
  54 157  32
  63 157  32
  72 157  32
  81 157  32
  90 157  32
  99 157  32
 108 157  32
 117 157  32
 126 157  32
 135 157  32
 144 157  32
 153 157  32
 162 157  32
 171 157  32
 180 157  32
 189 157  32
 198 157  32
 207 157  32
 216 157  32
 225 157  32
 234 157  32
 243 157  32
 252 157  32
 261 157  32
 270 157  32
 279 157  32
 288 157  32
 297 157  32
 306 157  32
 315 157  32
 324 157  32
 333 157  32
 342 157  32
 351 157  32
   8   0  33
  17   0  33
  26   0  33
  35   0  33
  44   0  33
  53   0  33
  62   0  33
  71   0  33
  80   0  33
  89   0  33
  98   0  33
 107   0  33
 116   0  33
 125   0  33
 134   0  33
 143   0  33
 152   0  33
 161   0  33
 170   0  33
 179   0  33
 188   0  33
 197   0  33
 206   0  33
 215   0  33
 224   0  33
 233   0  33
 242   0  33
 251   0  33
 260   0  33
 269   0  33
 278   0  33
 287   0  33
 296   0  33
 305   0  33
 314   0  33
 323   0  33
 332   0  33
 341   0  33
  26  29  33
  35  29  33
  44  29  33
  53  29  33
  62  29  33
  71  29  33
  80  29  33
  89  29  33
  98  29  33
 107  29  33
 116  29  33
 125  29  33
 134  29  33
 143  29  33
 152  29  33
 161  29  33
 170  29  33
 179  29  33
 188  29  33
 197  29  33
 206  29  33
 215  29  33
 224  29  33
 233  29  33
 242  29  33
 251  29  33
 260  29  33
 269  29  33
 278  29  33
 287  29  33
 296  29  33
 305  29  33
 314  29  33
 323  29  33
 332  29  33
 341  29  33
 350  29  33
 350   0  34
  14  13  34
  23  13  34
  32  13  34
  41  13  34
  50  13  34
  59  13  34
  68  13  34
  77  13  34
  86  13  34
  95  13  34
 104  13  34
 113  13  34
 122  13  34
 131  13  34
 140  13  34
 149  13  34
 158  13  34
 167  13  34
 176  13  34
 185  13  34
 194  13  34
 203  13  34
 212  13  34
 221  13  34
 230  13  34
 239  13  34
 248  13  34
 257  13  34
 266  13  34
 275  13  34
 284  13  34
 293  13  34
 302  13  34
 311  13  34
 320  13  34
 329  13  34
 338  13  34
 347  13  34
 356  13  34
 359   0  35
  20  33  35
   6 168  35
  15 168  35
  24 168  35
  33 168  35
  42 168  35
  51 168  35
  60 168  35
  69 168  35
  78 168  35
  87 168  35
  96 168  35
 105 168  35
 114 168  35
 123 168  35
 132 168  35
 141 168  35
 150 168  35
 159 168  35
 168 168  35
 177 168  35
 186 168  35
 195 168  35
 204 168  35
 213 168  35
 222 168  35
 231 168  35
 240 168  35
 249 168  35
 258 168  35
 267 168  35
 276 168  35
 285 168  35
 294 168  35
 303 168  35
 312 168  35
 321 168  35
 330 168  35
 339 168  35
 348 168  35
 357 168  35
   2  10  37
  14  22  37
   9  35  37
   0  37  37
  35  37  37
  44  37  37
  53  37  37
  62  37  37
  71  37  37
  80  37  37
  89  37  37
  98  37  37
 107  37  37
 116  37  37
 125  37  37
 134  37  37
 143  37  37
 152  37  37
 161  37  37
 170  37  37
 179  37  37
 188  37  37
 197  37  37
 206  37  37
 215  37  37
 224  37  37
 233  37  37
 242  37  37
 251  37  37
 260  37  37
 269  37  37
 278  37  37
 287  37  37
 296  37  37
 305  37  37
 314  37  37
 323  37  37
 332  37  37
 341  37  37
 350  37  37
   8  52  37
  17  52  37
  26  52  37
  35  52  37
  44  52  37
  53  52  37
  62  52  37
  71  52  37
  80  52  37
  89  52  37
  98  52  37
 107  52  37
 116  52  37
 125  52  37
 134  52  37
 143  52  37
 152  52  37
 161  52  37
 170  52  37
 179  52  37
 188  52  37
 197  52  37
 206  52  37
 215  52  37
 224  52  37
 233  52  37
 242  52  37
 251  52  37
 260  52  37
 269  52  37
 278  52  37
 287  52  37
 296  52  37
 305  52  37
 314  52  37
 323  52  37
 332  52  37
 341  52  37
 350  52  37
 359  52  37
   8  68  37
  17  68  37
  26  68  37
  35  68  37
  44  68  37
  53  68  37
  62  68  37
  71  68  37
  80  68  37
  89  68  37
  98  68  37
 107  68  37
 116  68  37
 125  68  37
 134  68  37
 143  68  37
 152  68  37
 161  68  37
 170  68  37
 179  68  37
 188  68  37
 197  68  37
 206  68  37
 215  68  37
 224  68  37
 233  68  37
 242  68  37
 251  68  37
 260  68  37
 269  68  37
 278  68  37
 287  68  37
 296  68  37
 305  68  37
 314  68  37
 323  68  37
 332  68  37
 341  68  37
 350  68  37
 359  68  37
   8  84  37
  17  84  37
  26  84  37
  35  84  37
  44  84  37
  53  84  37
  62  84  37
  71  84  37
  80  84  37
  89  84  37
  98  84  37
 107  84  37
 116  84  37
 125  84  37
 134  84  37
 143  84  37
 152  84  37
 161  84  37
 170  84  37
 179  84  37
 188  84  37
 197  84  37
 206  84  37
 215  84  37
 224  84  37
 233  84  37
 242  84  37
 251  84  37
 260  84  37
 269  84  37
 278  84  37
 287  84  37
 296  84  37
 305  84  37
 314  84  37
 323  84  37
 332  84  37
 341  84  37
 350  84  37
 359  84  37
   8 100  37
  17 100  37
  26 100  37
  35 100  37
  44 100  37
  53 100  37
  62 100  37
  71 100  37
  80 100  37
  89 100  37
  98 100  37
 107 100  37
 116 100  37
 125 100  37
 134 100  37
 143 100  37
 152 100  37
 161 100  37
 170 100  37
 179 100  37
 188 100  37
 197 100  37
 206 100  37
 215 100  37
 224 100  37
 233 100  37
 242 100  37
 251 100  37
 260 100  37
 269 100  37
 278 100  37
 287 100  37
 296 100  37
 305 100  37
 314 100  37
 323 100  37
 332 100  37
 341 100  37
 350 100  37
 359 100  37
   8 116  37
  17 116  37
  26 116  37
  35 116  37
  44 116  37
  53 116  37
  62 116  37
  71 116  37
  80 116  37
  89 116  37
  98 116  37
 107 116  37
 116 116  37
 125 116  37
 134 116  37
 143 116  37
 152 116  37
 161 116  37
 170 116  37
 179 116  37
 188 116  37
 197 116  37
 206 116  37
 215 116  37
 224 116  37
 233 116  37
 242 116  37
 251 116  37
 260 116  37
 269 116  37
 278 116  37
 287 116  37
 296 116  37
 305 116  37
 314 116  37
 323 116  37
 332 116  37
 341 116  37
 350 116  37
 359 116  37
   8 132  37
  17 132  37
  26 132  37
  35 132  37
  44 132  37
  53 132  37
  62 132  37
  71 132  37
  80 132  37
  89 132  37
  98 132  37
 107 132  37
 116 132  37
 125 132  37
 134 132  37
 143 132  37
 152 132  37
 161 132  37
 170 132  37
 179 132  37
 188 132  37
 197 132  37
 206 132  37
 215 132  37
 224 132  37
 233 132  37
 242 132  37
 251 132  37
 260 132  37
 269 132  37
 278 132  37
 287 132  37
 296 132  37
 305 132  37
 314 132  37
 323 132  37
 332 132  37
 341 132  37
 350 132  37
 359 132  37
   8 148  37
  17 148  37
  26 148  37
  35 148  37
  44 148  37
  53 148  37
  62 148  37
  71 148  37
  80 148  37
  89 148  37
  98 148  37
 107 148  37
 116 148  37
 125 148  37
 134 148  37
 143 148  37
 152 148  37
 161 148  37
 170 148  37
 179 148  37
 188 148  37
 197 148  37
 206 148  37
 215 148  37
 224 148  37
 233 148  37
 242 148  37
 251 148  37
 260 148  37
 269 148  37
 278 148  37
 287 148  37
 296 148  37
 305 148  37
 314 148  37
 323 148  37
 332 148  37
 341 148  37
 350 148  37
 359 148  37
 356  21  38
   2 178  38
  11 178  38
  20 178  38
  29 178  38
  38 178  38
  47 178  38
  56 178  38
  65 178  38
  74 178  38
  83 178  38
  92 178  38
 101 178  38
 110 178  38
 119 178  38
 128 178  38
 137 178  38
 146 178  38
 155 178  38
 164 178  38
 173 178  38
 182 178  38
 191 178  38
 200 178  38
 209 178  38
 218 178  38
 227 178  38
 236 178  38
 245 178  38
 254 178  38
 263 178  38
 272 178  38
 281 178  38
 290 178  38
 299 178  38
 308 178  38
 317 178  38
 326 178  38
 335 178  38
 344 178  38
 353 178  38
   5  21  39
  22  21  39
  31  21  39
  40  21  39
  49  21  39
  58  21  39
  67  21  39
  76  21  39
  85  21  39
  94  21  39
 103  21  39
 112  21  39
 121  21  39
 130  21  39
 139  21  39
 148  21  39
 157  21  39
 166  21  39
 175  21  39
 184  21  39
 193  21  39
 202  21  39
 211  21  39
 220  21  39
 229  21  39
 238  21  39
 247  21  39
 256  21  39
 265  21  39
 274  21  39
 283  21  39
 292  21  39
 301  21  39
 310  21  39
 319  21  39
 328  21  39
 337  21  39
 346  21  39
  20  41  39
  15   4  40
  24   4  40
  33   4  40
  42   4  40
  51   4  40
  60   4  40
  69   4  40
  78   4  40
  87   4  40
  96   4  40
 105   4  40
 114   4  40
 123   4  40
 132   4  40
 141   4  40
 150   4  40
 159   4  40
 168   4  40
 177   4  40
 186   4  40
 195   4  40
 204   4  40
 213   4  40
 222   4  40
 231   4  40
 240   4  40
 249   4  40
 258   4  40
 267   4  40
 276   4  40
 285   4  40
 294   4  40
 303   4  40
 312   4  40
 321   4  40
 330   4  40
 339   4  40
 349   6  40
  29  40  40
   4 159  40
  13 159  40
  22 159  40
  31 159  40
  40 159  40
  49 159  40
  58 159  40
  67 159  40
  76 159  40
  85 159  40
  94 159  40
 103 159  40
 112 159  40
 121 159  40
 130 159  40
 139 159  40
 148 159  40
 157 159  40
 166 159  40
 175 159  40
 184 159  40
 193 159  40
 202 159  40
 211 159  40
 220 159  40
 229 159  40
 238 159  40
 247 159  40
 256 159  40
 265 159  40
 274 159  40
 283 159  40
 292 159  40
 301 159  40
 310 159  40
 319 159  40
 328 159  40
 337 159  40
 346 159  40
 355 159  40
   7   5  41
 354   1  42
  10  43  42
 359  44  42
   8  60  42
  17  60  42
  26  60  42
  35  60  42
  44  60  42
  53  60  42
  62  60  42
  71  60  42
  80  60  42
  89  60  42
  98  60  42
 107  60  42
 116  60  42
 125  60  42
 134  60  42
 143  60  42
 152  60  42
 161  60  42
 170  60  42
 179  60  42
 188  60  42
 197  60  42
 206  60  42
 215  60  42
 224  60  42
 233  60  42
 242  60  42
 251  60  42
 260  60  42
 269  60  42
 278  60  42
 287  60  42
 296  60  42
 305  60  42
 314  60  42
 323  60  42
 332  60  42
 341  60  42
 350  60  42
 359  60  42
   8  76  42
  17  76  42
  26  76  42
  35  76  42
  44  76  42
  53  76  42
  62  76  42
  71  76  42
  80  76  42
  89  76  42
  98  76  42
 107  76  42
 116  76  42
 125  76  42
 134  76  42
 143  76  42
 152  76  42
 161  76  42
 170  76  42
 179  76  42
 188  76  42
 197  76  42
 206  76  42
 215  76  42
 224  76  42
 233  76  42
 242  76  42
 251  76  42
 260  76  42
 269  76  42
 278  76  42
 287  76  42
 296  76  42
 305  76  42
 314  76  42
 323  76  42
 332  76  42
 341  76  42
 350  76  42
 359  76  42
   8  92  42
  17  92  42
  26  92  42
  35  92  42
  44  92  42
  53  92  42
  62  92  42
  71  92  42
  80  92  42
  89  92  42
  98  92  42
 107  92  42
 116  92  42
 125  92  42
 134  92  42
 143  92  42
 152  92  42
 161  92  42
 170  92  42
 179  92  42
 188  92  42
 197  92  42
 206  92  42
 215  92  42
 224  92  42
 233  92  42
 242  92  42
 251  92  42
 260  92  42
 269  92  42
 278  92  42
 287  92  42
 296  92  42
 305  92  42
 314  92  42
 323  92  42
 332  92  42
 341  92  42
 350  92  42
 359  92  42
   8 108  42
  17 108  42
  26 108  42
  35 108  42
  44 108  42
  53 108  42
  62 108  42
  71 108  42
  80 108  42
  89 108  42
  98 108  42
 107 108  42
 116 108  42
 125 108  42
 134 108  42
 143 108  42
 152 108  42
 161 108  42
 170 108  42
 179 108  42
 188 108  42
 197 108  42
 206 108  42
 215 108  42
 224 108  42
 233 108  42
 242 108  42
 251 108  42
 260 108  42
 269 108  42
 278 108  42
 287 108  42
 296 108  42
 305 108  42
 314 108  42
 323 108  42
 332 108  42
 341 108  42
 350 108  42
 359 108  42
   8 124  42
  17 124  42
  26 124  42
  35 124  42
  44 124  42
  53 124  42
  62 124  42
  71 124  42
  80 124  42
  89 124  42
  98 124  42
 107 124  42
 116 124  42
 125 124  42
 134 124  42
 143 124  42
 152 124  42
 161 124  42
 170 124  42
 179 124  42
 188 124  42
 197 124  42
 206 124  42
 215 124  42
 224 124  42
 233 124  42
 242 124  42
 251 124  42
 260 124  42
 269 124  42
 278 124  42
 287 124  42
 296 124  42
 305 124  42
 314 124  42
 323 124  42
 332 124  42
 341 124  42
 350 124  42
 359 124  42
   8 140  42
  17 140  42
  26 140  42
  35 140  42
  44 140  42
  53 140  42
  62 140  42
  71 140  42
  80 140  42
  89 140  42
  98 140  42
 107 140  42
 116 140  42
 125 140  42
 134 140  42
 143 140  42
 152 140  42
 161 140  42
 170 140  42
 179 140  42
 188 140  42
 197 140  42
 206 140  42
 215 140  42
 224 140  42
 233 140  42
 242 140  42
 251 140  42
 260 140  42
 269 140  42
 278 140  42
 287 140  42
 296 140  42
 305 140  42
 314 140  42
 323 140  42
 332 140  42
 341 140  42
 350 140  42
 359 140  42
  15  29  43
 356  29  43
  43  44  43
  52  44  43
  61  44  43
  70  44  43
  79  44  43
  88  44  43
  97  44  43
 106  44  43
 115  44  43
 124  44  43
 133  44  43
 142  44  43
 151  44  43
 160  44  43
 169  44  43
 178  44  43
 187  44  43
 196  44  43
 205  44  43
 214  44  43
 223  44  43
 232  44  43
 241  44  43
 250  44  43
 259  44  43
 268  44  43
 277  44  43
 286  44  43
 295  44  43
 304  44  43
 313  44  43
 322  44  43
 331  44  43
 340  44  43
 349  44  43
   2 170  43
  11 170  43
  20 170  43
  29 170  43
  38 170  43
  47 170  43
  56 170  43
  65 170  43
  74 170  43
  83 170  43
  92 170  43
 101 170  43
 110 170  43
 119 170  43
 128 170  43
 137 170  43
 146 170  43
 155 170  43
 164 170  43
 173 170  43
 182 170  43
 191 170  43
 200 170  43
 209 170  43
 218 170  43
 227 170  43
 236 170  43
 245 170  43
 254 170  43
 263 170  43
 272 170  43
 281 170  43
 290 170  43
 299 170  43
 308 170  43
 317 170  43
 326 170  43
 335 170  43
 344 170  43
 353 170  43
 348  14  44
   9  15  44
   4  28  44
  32  29  44
  41  29  44
  50  29  44
  59  29  44
  68  29  44
  77  29  44
  86  29  44
  95  29  44
 104  29  44
 113  29  44
 122  29  44
 131  29  44
 140  29  44
 149  29  44
 158  29  44
 167  29  44
 176  29  44
 185  29  44
 194  29  44
 203  29  44
 212  29  44
 221  29  44
 230  29  44
 239  29  44
 248  29  44
 257  29  44
 266  29  44
 275  29  44
 284  29  44
 293  29  44
 302  29  44
 311  29  44
 320  29  44
 329  29  44
 338  29  44
 347  29  44
  25  12  45
  34  12  45
  43  12  45
  52  12  45
  61  12  45
  70  12  45
  79  12  45
  88  12  45
  97  12  45
 106  12  45
 115  12  45
 124  12  45
 133  12  45
 142  12  45
 151  12  45
 160  12  45
 169  12  45
 178  12  45
 187  12  45
 196  12  45
 205  12  45
 214  12  45
 223  12  45
 232  12  45
 241  12  45
 250  12  45
 259  12  45
 268  12  45
 277  12  45
 286  12  45
 295  12  45
 304  12  45
 313  12  45
 322  12  45
 331  12  45
  21  48  45
  30  48  45
 358  11  46
  17  13  46
  21  26  46
  40  50  46
   1 149  46
  10 149  46
  19 149  46
  28 149  46
  37 149  46
  46 149  46
  55 149  46
  64 149  46
  73 149  46
  82 149  46
  91 149  46
 100 149  46
 109 149  46
 118 149  46
 127 149  46
 136 149  46
 145 149  46
 154 149  46
 163 149  46
 172 149  46
 181 149  46
 190 149  46
 199 149  46
 208 149  46
 217 149  46
 226 149  46
 235 149  46
 244 149  46
 253 149  46
 262 149  46
 271 149  46
 280 149  46
 289 149  46
 298 149  46
 307 149  46
 316 149  46
 325 149  46
 334 149  46
 343 149  46
 352 149  46
 332   0  47
 341   0  47
   9  50  47
   4 179  47
  13 179  47
  22 179  47
  31 179  47
  40 179  47
  49 179  47
  58 179  47
  67 179  47
  76 179  47
  85 179  47
  94 179  47
 103 179  47
 112 179  47
 121 179  47
 130 179  47
 139 179  47
 148 179  47
 157 179  47
 166 179  47
 175 179  47
 184 179  47
 193 179  47
 202 179  47
 211 179  47
 220 179  47
 229 179  47
 238 179  47
 247 179  47
 256 179  47
 265 179  47
 274 179  47
 283 179  47
 292 179  47
 301 179  47
 310 179  47
 319 179  47
 328 179  47
 337 179  47
 346 179  47
 355 179  47
   8   0  48
  17   0  48
  26   0  48
  35   0  48
  44   0  48
  53   0  48
  62   0  48
  71   0  48
  80   0  48
  89   0  48
  98   0  48
 107   0  48
 116   0  48
 125   0  48
 134   0  48
 143   0  48
 152   0  48
 161   0  48
 170   0  48
 179   0  48
 188   0  48
 197   0  48
 206   0  48
 215   0  48
 224   0  48
 233   0  48
 242   0  48
 251   0  48
 260   0  48
 269   0  48
 278   0  48
 287   0  48
 296   0  48
 305   0  48
 314   0  48
 323   0  48
 341  15  48
  16  37  48
   0  51  48
  53  52  48
  62  52  48
  71  52  48
  80  52  48
  89  52  48
  98  52  48
 107  52  48
 116  52  48
 125  52  48
 134  52  48
 143  52  48
 152  52  48
 161  52  48
 170  52  48
 179  52  48
 188  52  48
 197  52  48
 206  52  48
 215  52  48
 224  52  48
 233  52  48
 242  52  48
 251  52  48
 260  52  48
 269  52  48
 278  52  48
 287  52  48
 296  52  48
 305  52  48
 314  52  48
 323  52  48
 332  52  48
 341  52  48
 350  52  48
   0  67  48
   9  67  48
  18  67  48
  27  67  48
  36  67  48
  45  67  48
  54  67  48
  63  67  48
  72  67  48
  81  67  48
  90  67  48
  99  67  48
 108  67  48
 117  67  48
 126  67  48
 135  67  48
 144  67  48
 153  67  48
 162  67  48
 171  67  48
 180  67  48
 189  67  48
 198  67  48
 207  67  48
 216  67  48
 225  67  48
 234  67  48
 243  67  48
 252  67  48
 261  67  48
 270  67  48
 279  67  48
 288  67  48
 297  67  48
 306  67  48
 315  67  48
 324  67  48
 333  67  48
 342  67  48
 351  67  48
   0  83  48
   9  83  48
  18  83  48
  27  83  48
  36  83  48
  45  83  48
  54  83  48
  63  83  48
  72  83  48
  81  83  48
  90  83  48
  99  83  48
 108  83  48
 117  83  48
 126  83  48
 135  83  48
 144  83  48
 153  83  48
 162  83  48
 171  83  48
 180  83  48
 189  83  48
 198  83  48
 207  83  48
 216  83  48
 225  83  48
 234  83  48
 243  83  48
 252  83  48
 261  83  48
 270  83  48
 279  83  48
 288  83  48
 297  83  48
 306  83  48
 315  83  48
 324  83  48
 333  83  48
 342  83  48
 351  83  48
   0  99  48
   9  99  48
  18  99  48
  27  99  48
  36  99  48
  45  99  48
  54  99  48
  63  99  48
  72  99  48
  81  99  48
  90  99  48
  99  99  48
 108  99  48
 117  99  48
 126  99  48
 135  99  48
 144  99  48
 153  99  48
 162  99  48
 171  99  48
 180  99  48
 189  99  48
 198  99  48
 207  99  48
 216  99  48
 225  99  48
 234  99  48
 243  99  48
 252  99  48
 261  99  48
 270  99  48
 279  99  48
 288  99  48
 297  99  48
 306  99  48
 315  99  48
 324  99  48
 333  99  48
 342  99  48
 351  99  48
   0 115  48
   9 115  48
  18 115  48
  27 115  48
  36 115  48
  45 115  48
  54 115  48
  63 115  48
  72 115  48
  81 115  48
  90 115  48
  99 115  48
 108 115  48
 117 115  48
 126 115  48
 135 115  48
 144 115  48
 153 115  48
 162 115  48
 171 115  48
 180 115  48
 189 115  48
 198 115  48
 207 115  48
 216 115  48
 225 115  48
 234 115  48
 243 115  48
 252 115  48
 261 115  48
 270 115  48
 279 115  48
 288 115  48
 297 115  48
 306 115  48
 315 115  48
 324 115  48
 333 115  48
 342 115  48
 351 115  48
   0 131  48
   9 131  48
  18 131  48
  27 131  48
  36 131  48
  45 131  48
  54 131  48
  63 131  48
  72 131  48
  81 131  48
  90 131  48
  99 131  48
 108 131  48
 117 131  48
 126 131  48
 135 131  48
 144 131  48
 153 131  48
 162 131  48
 171 131  48
 180 131  48
 189 131  48
 198 131  48
 207 131  48
 216 131  48
 225 131  48
 234 131  48
 243 131  48
 252 131  48
 261 131  48
 270 131  48
 279 131  48
 288 131  48
 297 131  48
 306 131  48
 315 131  48
 324 131  48
 333 131  48
 342 131  48
 351 131  48
   1 162  48
  10 162  48
  19 162  48
  28 162  48
  37 162  48
  46 162  48
  55 162  48
  64 162  48
  73 162  48
  82 162  48
  91 162  48
 100 162  48
 109 162  48
 118 162  48
 127 162  48
 136 162  48
 145 162  48
 154 162  48
 163 162  48
 172 162  48
 181 162  48
 190 162  48
 199 162  48
 208 162  48
 217 162  48
 226 162  48
 235 162  48
 244 162  48
 253 162  48
 262 162  48
 271 162  48
 280 162  48
 289 162  48
 298 162  48
 307 162  48
 316 162  48
 325 162  48
 334 162  48
 343 162  48
 352 162  48
 359   0  49
  25  37  49
 358  37  49
 350  38  49
 357  18  50
   5  35  50
  33  36  50
  42  36  50
  51  36  50
  60  36  50
  69  36  50
  78  36  50
  87  36  50
  96  36  50
 105  36  50
 114  36  50
 123  36  50
 132  36  50
 141  36  50
 150  36  50
 159  36  50
 168  36  50
 177  36  50
 186  36  50
 195  36  50
 204  36  50
 213  36  50
 222  36  50
 231  36  50
 240  36  50
 249  36  50
 258  36  50
 267  36  50
 276  36  50
 285  36  50
 294  36  50
 303  36  50
 312  36  50
 321  36  50
 330  36  50
 339  36  50
 349   0  51
  35  19  51
  44  19  51
  53  19  51
  62  19  51
  71  19  51
  80  19  51
  89  19  51
  98  19  51
 107  19  51
 116  19  51
 125  19  51
 134  19  51
 143  19  51
 152  19  51
 161  19  51
 170  19  51
 179  19  51
 188  19  51
 197  19  51
 206  19  51
 215  19  51
 224  19  51
 233  19  51
 242  19  51
 251  19  51
 260  19  51
 269  19  51
 278  19  51
 287  19  51
 296  19  51
 305  19  51
 314  19  51
 323  19  51
 332  19  51
   8  21  51
  28  21  51
  19  53  51
  31  55  51
  13  16  52
 342   7  53
 352  22  53
 345  25  53
  48  55  53
  41  57  53
   2 141  53
  11 141  53
  20 141  53
  29 141  53
  38 141  53
  47 141  53
  56 141  53
  65 141  53
  74 141  53
  83 141  53
  92 141  53
 101 141  53
 110 141  53
 119 141  53
 128 141  53
 137 141  53
 146 141  53
 155 141  53
 164 141  53
 173 141  53
 182 141  53
 191 141  53
 200 141  53
 209 141  53
 218 141  53
 227 141  53
 236 141  53
 245 141  53
 254 141  53
 263 141  53
 272 141  53
 281 141  53
 290 141  53
 299 141  53
 308 141  53
 317 141  53
 326 141  53
 335 141  53
 344 141  53
 353 141  53
   3 172  53
  12 172  53
  21 172  53
  30 172  53
  39 172  53
  48 172  53
  57 172  53
  66 172  53
  75 172  53
  84 172  53
  93 172  53
 102 172  53
 111 172  53
 120 172  53
 129 172  53
 138 172  53
 147 172  53
 156 172  53
 165 172  53
 174 172  53
 183 172  53
 192 172  53
 201 172  53
 210 172  53
 219 172  53
 228 172  53
 237 172  53
 246 172  53
 255 172  53
 264 172  53
 273 172  53
 282 172  53
 291 172  53
 300 172  53
 309 172  53
 318 172  53
 327 172  53
 336 172  53
 345 172  53
 354 172  53
  18   7  54
 331  10  54
  10  56  54
   8 154  54
  17 154  54
  26 154  54
  35 154  54
  44 154  54
  53 154  54
  62 154  54
  71 154  54
  80 154  54
  89 154  54
  98 154  54
 107 154  54
 116 154  54
 125 154  54
 134 154  54
 143 154  54
 152 154  54
 161 154  54
 170 154  54
 179 154  54
 188 154  54
 197 154  54
 206 154  54
 215 154  54
 224 154  54
 233 154  54
 242 154  54
 251 154  54
 260 154  54
 269 154  54
 278 154  54
 287 154  54
 296 154  54
 305 154  54
 314 154  54
 323 154  54
 332 154  54
 341 154  54
 350 154  54
 359 154  54
  25   5  55
  34   5  55
  43   5  55
  52   5  55
  61   5  55
  70   5  55
  79   5  55
  88   5  55
  97   5  55
 106   5  55
 115   5  55
 124   5  55
 133   5  55
 142   5  55
 151   5  55
 160   5  55
 169   5  55
 178   5  55
 187   5  55
 196   5  55
 205   5  55
 214   5  55
 223   5  55
 232   5  55
 241   5  55
 250   5  55
 259   5  55
 268   5  55
 277   5  55
 286   5  55
 295   5  55
 304   5  55
 313   5  55
   8  29  55
  18  44  55
 351  45  55
  54  47  55
  63  47  55
  72  47  55
  81  47  55
  90  47  55
  99  47  55
 108  47  55
 117  47  55
 126  47  55
 135  47  55
 144  47  55
 153  47  55
 162  47  55
 171  47  55
 180  47  55
 189  47  55
 198  47  55
 207  47  55
 216  47  55
 225  47  55
 234  47  55
 243  47  55
 252  47  55
 261  47  55
 270  47  55
 279  47  55
 288  47  55
 297  47  55
 306  47  55
 315  47  55
 324  47  55
 333  47  55
 342  47  55
 359  59  55
  62  61  55
  71  61  55
  80  61  55
  89  61  55
  98  61  55
 107  61  55
 116  61  55
 125  61  55
 134  61  55
 143  61  55
 152  61  55
 161  61  55
 170  61  55
 179  61  55
 188  61  55
 197  61  55
 206  61  55
 215  61  55
 224  61  55
 233  61  55
 242  61  55
 251  61  55
 260  61  55
 269  61  55
 278  61  55
 287  61  55
 296  61  55
 305  61  55
 314  61  55
 323  61  55
 332  61  55
 341  61  55
 350  61  55
  17  72  55
  26  72  55
  35  72  55
  44  72  55
  53  72  55
  62  72  55
   9  74  55
  77  75  55
  86  75  55
  95  75  55
 104  75  55
 113  75  55
 122  75  55
 131  75  55
 140  75  55
 149  75  55
 158  75  55
 167  75  55
 176  75  55
 185  75  55
 194  75  55
 203  75  55
 212  75  55
 221  75  55
 230  75  55
 239  75  55
 248  75  55
 257  75  55
 266  75  55
 275  75  55
 284  75  55
 293  75  55
 302  75  55
 311  75  55
 320  75  55
 329  75  55
 338  75  55
 347  75  55
 356  75  55
  17  88  55
  26  88  55
  35  88  55
  44  88  55
  53  88  55
  62  88  55
  71  88  55
  80  88  55
   1  90  55
  10  90  55
  91  90  55
 100  90  55
 109  90  55
 118  90  55
 127  90  55
 136  90  55
 145  90  55
 154  90  55
 163  90  55
 172  90  55
 181  90  55
 190  90  55
 199  90  55
 208  90  55
 217  90  55
 226  90  55
 235  90  55
 244  90  55
 253  90  55
 262  90  55
 271  90  55
 280  90  55
 289  90  55
 298  90  55
 307  90  55
 316  90  55
 325  90  55
 334  90  55
 343  90  55
 352  90  55
   8 104  55
  17 104  55
  26 104  55
  35 104  55
  44 104  55
  53 104  55
  62 104  55
  71 104  55
  80 104  55
  89 104  55
  98 104  55
 107 104  55
 116 104  55
 125 104  55
 134 104  55
 143 104  55
 152 104  55
 161 104  55
 170 104  55
 179 104  55
 188 104  55
 197 104  55
 206 104  55
 215 104  55
 224 104  55
 233 104  55
 242 104  55
 251 104  55
 260 104  55
 269 104  55
 278 104  55
 287 104  55
 296 104  55
 305 104  55
 314 104  55
 323 104  55
 332 104  55
 341 104  55
 350 104  55
 359 104  55
   8 120  55
  17 120  55
  26 120  55
  35 120  55
  44 120  55
  53 120  55
  62 120  55
  71 120  55
  80 120  55
  89 120  55
  98 120  55
 107 120  55
 116 120  55
 125 120  55
 134 120  55
 143 120  55
 152 120  55
 161 120  55
 170 120  55
 179 120  55
 188 120  55
 197 120  55
 206 120  55
 215 120  55
 224 120  55
 233 120  55
 242 120  55
 251 120  55
 260 120  55
 269 120  55
 278 120  55
 287 120  55
 296 120  55
 305 120  55
 314 120  55
 323 120  55
 332 120  55
 341 120  55
 350 120  55
 359 120  55
 329   0  56
   5   1  56
  21  29  56
   6  42  56
  26  43  56
 356   1  57
 350   7  57
  46  27  57
  55  27  57
  64  27  57
  73  27  57
  82  27  57
  91  27  57
 100  27  57
 109  27  57
 118  27  57
 127  27  57
 136  27  57
 145  27  57
 154  27  57
 163  27  57
 172  27  57
 181  27  57
 190  27  57
 199  27  57
 208  27  57
 217  27  57
 226  27  57
 235  27  57
 244  27  57
 253  27  57
 262  27  57
 271  27  57
 280  27  57
 289  27  57
 298  27  57
 307  27  57
 316  27  57
 325  27  57
 334  27  57
  29  28  57
 354  39  57
 317   0  58
  37  27  58
  43  44  58
  20  59  58
  29  59  58
   4  15  60
 341  15  60
 351  16  60
 333  18  60
  37  47  60
   4 131  60
  13 131  60
  22 131  60
  31 131  60
  40 131  60
  49 131  60
  58 131  60
  67 131  60
  76 131  60
  85 131  60
  94 131  60
 103 131  60
 112 131  60
 121 131  60
 130 131  60
 139 131  60
 148 131  60
 157 131  60
 166 131  60
 175 131  60
 184 131  60
 193 131  60
 202 131  60
 211 131  60
 220 131  60
 229 131  60
 238 131  60
 247 131  60
 256 131  60
 265 131  60
 274 131  60
 283 131  60
 292 131  60
 301 131  60
 310 131  60
 319 131  60
 328 131  60
 337 131  60
 346 131  60
 355 131  60
   2 163  60
  11 163  60
  20 163  60
  29 163  60
  38 163  60
  47 163  60
  56 163  60
  65 163  60
  74 163  60
  83 163  60
  92 163  60
 101 163  60
 110 163  60
 119 163  60
 128 163  60
 137 163  60
 146 163  60
 155 163  60
 164 163  60
 173 163  60
 182 163  60
 191 163  60
 200 163  60
 209 163  60
 218 163  60
 227 163  60
 236 163  60
 245 163  60
 254 163  60
 263 163  60
 272 163  60
 281 163  60
 290 163  60
 299 163  60
 308 163  60
 317 163  60
 326 163  60
 335 163  60
 344 163  60
 353 163  60
  11  13  61
   5  34  61
   3  54  61
  35  56  61
  55  61  61
   1  73  61
   2 179  61
  11 179  61
  20 179  61
  29 179  61
  38 179  61
  47 179  61
  56 179  61
  65 179  61
  74 179  61
  83 179  61
  92 179  61
 101 179  61
 110 179  61
 119 179  61
 128 179  61
 137 179  61
 146 179  61
 155 179  61
 164 179  61
 173 179  61
 182 179  61
 191 179  61
 200 179  61
 209 179  61
 218 179  61
 227 179  61
 236 179  61
 245 179  61
 254 179  61
 263 179  61
 272 179  61
 281 179  61
 290 179  61
 299 179  61
 308 179  61
 317 179  61
 326 179  61
 335 179  61
 344 179  61
 353 179  61
  11   0  62
  35  11  62
  44  11  62
  53  11  62
  62  11  62
  71  11  62
  80  11  62
  89  11  62
  98  11  62
 107  11  62
 116  11  62
 125  11  62
 134  11  62
 143  11  62
 152  11  62
 161  11  62
 170  11  62
 179  11  62
 188  11  62
 197  11  62
 206  11  62
 215  11  62
 224  11  62
 233  11  62
 242  11  62
 251  11  62
 260  11  62
 269  11  62
 278  11  62
 287  11  62
 296  11  62
 305  11  62
 314  11  62
  60  38  62
  69  38  62
  78  38  62
  87  38  62
  96  38  62
 105  38  62
 114  38  62
 123  38  62
 132  38  62
 141  38  62
 150  38  62
 159  38  62
 168  38  62
 177  38  62
 186  38  62
 195  38  62
 204  38  62
 213  38  62
 222  38  62
 231  38  62
 240  38  62
 249  38  62
 258  38  62
 267  38  62
 276  38  62
 285  38  62
 294  38  62
 303  38  62
 312  38  62
 321  38  62
 330  38  62
 339  38  62
  53  40  62
 352  57  62
  18  78  62
  27  78  62
  36  78  62
  45  78  62
  54  78  62
  63  78  62
  73  78  62
  87  81  62
  96  81  62
 105  81  62
 114  81  62
 123  81  62
 132  81  62
 141  81  62
 150  81  62
 159  81  62
 168  81  62
 177  81  62
 186  81  62
 195  81  62
 204  81  62
 213  81  62
 222  81  62
 231  81  62
 240  81  62
 249  81  62
 258  81  62
 267  81  62
 276  81  62
 285  81  62
 294  81  62
 303  81  62
 312  81  62
 321  81  62
 330  81  62
 339  81  62
 348  81  62
 357  81  62
  27  94  62
  43  98  62
  52  98  62
  61  98  62
  70  98  62
  79  98  62
  88  98  62
   0 110  62
   9 110  62
  18 110  62
  27 110  62
  36 110  62
 108 110  62
 117 110  62
 126 110  62
 135 110  62
 144 110  62
 153 110  62
 162 110  62
 171 110  62
 180 110  62
 189 110  62
 198 110  62
 207 110  62
 216 110  62
 225 110  62
 234 110  62
 243 110  62
 252 110  62
 261 110  62
 270 110  62
 279 110  62
 288 110  62
 297 110  62
 306 110  62
 315 110  62
 324 110  62
 333 110  62
 342 110  62
 351 110  62
  13  30  63
 352  31  63
  56  52  63
  79  55  63
  88  55  63
  97  55  63
 106  55  63
 115  55  63
 124  55  63
 133  55  63
 142  55  63
 151  55  63
 160  55  63
 169  55  63
 178  55  63
 187  55  63
 196  55  63
 205  55  63
 214  55  63
 223  55  63
 232  55  63
 241  55  63
 250  55  63
 259  55  63
 268  55  63
 277  55  63
 286  55  63
 295  55  63
 304  55  63
 313  55  63
 322  55  63
 331  55  63
 340  55  63
  72  57  63
  15  91  63
  46 110  63
   4 146  63
  13 146  63
  22 146  63
  31 146  63
  40 146  63
  49 146  63
  58 146  63
  67 146  63
  76 146  63
  85 146  63
  94 146  63
 103 146  63
 112 146  63
 121 146  63
 130 146  63
 139 146  63
 148 146  63
 157 146  63
 166 146  63
 175 146  63
 184 146  63
 193 146  63
 202 146  63
 211 146  63
 220 146  63
 229 146  63
 238 146  63
 247 146  63
 256 146  63
 265 146  63
 274 146  63
 283 146  63
 292 146  63
 301 146  63
 310 146  63
 319 146  63
 328 146  63
 337 146  63
 346 146  63
 355 146  63
 324   0  64
 333   0  64
  29  14  64
  24  18  64
  26  31  64
 344  34  64
  62 114  64
  71 114  64
  80 114  64
  89 114  64
  98 114  64
 311   0  65
 342   0  65
  12  48  65
  17  62  65
 351   0  66
  20  45  66
  46  60  66
   2   0  67
   0  58  67
  89  90  67
 347  18  68
 358  20  68
  50  23  68
  59  23  68
  68  23  68
  77  23  68
  86  23  68
  95  23  68
 104  23  68
 113  23  68
 122  23  68
 131  23  68
 140  23  68
 149  23  68
 158  23  68
 167  23  68
 176  23  68
 185  23  68
 194  23  68
 203  23  68
 212  23  68
 221  23  68
 230  23  68
 239  23  68
 248  23  68
 257  23  68
 266  23  68
 275  23  68
 284  23  68
 293  23  68
 302  23  68
 311  23  68
 320  23  68
  38  36  68
  73  65  68
   6  72  68
 354  72  68
   3  93  68
 102  93  68
 111  93  68
 120  93  68
 129  93  68
 138  93  68
 147  93  68
 156  93  68
 165  93  68
 174  93  68
 183  93  68
 192  93  68
 201  93  68
 210  93  68
 219  93  68
 228  93  68
 237  93  68
 246  93  68
 255  93  68
 264  93  68
 273  93  68
 282  93  68
 291  93  68
 300  93  68
 309  93  68
 318  93  68
 327  93  68
 336  93  68
 345  93  68
 354  93  68
 110 118  68
   6 122  68
  15 122  68
  24 122  68
  33 122  68
  42 122  68
  51 122  68
  62 122  68
 123 122  68
 132 122  68
 141 122  68
 150 122  68
 159 122  68
 168 122  68
 177 122  68
 186 122  68
 195 122  68
 204 122  68
 213 122  68
 222 122  68
 231 122  68
 240 122  68
 249 122  68
 258 122  68
 267 122  68
 276 122  68
 285 122  68
 294 122  68
 303 122  68
 312 122  68
 321 122  68
 330 122  68
 339 122  68
 348 122  68
 357 122  68
   3 160  68
  12 160  68
  21 160  68
  30 160  68
  39 160  68
  48 160  68
  57 160  68
  66 160  68
  75 160  68
  84 160  68
  93 160  68
 102 160  68
 111 160  68
 120 160  68
 129 160  68
 138 160  68
 147 160  68
 156 160  68
 165 160  68
 174 160  68
 183 160  68
 192 160  68
 201 160  68
 210 160  68
 219 160  68
 228 160  68
 237 160  68
 246 160  68
 255 160  68
 264 160  68
 273 160  68
 282 160  68
 291 160  68
 300 160  68
 309 160  68
 318 160  68
 327 160  68
 336 160  68
 345 160  68
 354 160  68
  21   0  69
  31   0  69
  40   0  69
  49   0  69
  58   0  69
  67   0  69
  76   0  69
  85   0  69
  94   0  69
 103   0  69
 112   0  69
 121   0  69
 130   0  69
 139   0  69
 148   0  69
 157   0  69
 166   0  69
 175   0  69
 184   0  69
 193   0  69
 202   0  69
 211   0  69
 220   0  69
 229   0  69
 238   0  69
 247   0  69
 256   0  69
 265   0  69
 274   0  69
 283   0  69
 292   0  69
 301   0  69
 327  10  69
 326  19  69
  11  22  69
  47  29  69
  44  50  69
  31  63  69
  42  65  69
  86  67  69
  95  67  69
 104  67  69
 113  67  69
 122  67  69
 131  67  69
 140  67  69
 149  67  69
 158  67  69
 167  67  69
 176  67  69
 185  67  69
 194  67  69
 203  67  69
 212  67  69
 221  67  69
 230  67  69
 239  67  69
 248  67  69
 257  67  69
 266  67  69
 275  67  69
 284  67  69
 293  67  69
 302  67  69
 311  67  69
 320  67  69
 329  67  69
 338  67  69
  28  84  69
  37  84  69
  46  84  69
  73  84  69
  57  86  69
  66  86  69
  80 129  69
  89 129  69
  98 129  69
 107 129  69
 353  37  70
 327  46  70
 336  46  70
  67  68  70
  23  94  70
  16  97  70
  10   0  71
  26  43  71
 123 137  71
  37  27  72
  72  42  72
  81  42  72
  99  42  72
 108  42  72
 126  42  72
 144  42  72
 171  42  72
 189  42  72
 216  42  72
 234  42  72
 243  42  72
 252  42  72
 261  42  72
 279  42  72
 288  42  72
 306  42  72
 155  43  72
 200  43  72
   8  59  72
  38 101  72
  52 105  72
  61 105  72
  71 106  72
   7 179  72
  16 179  72
  25 179  72
  34 179  72
  43 179  72
  52 179  72
  61 179  72
  70 179  72
  79 179  72
  88 179  72
  97 179  72
 106 179  72
 115 179  72
 124 179  72
 133 179  72
 142 179  72
 151 179  72
 160 179  72
 169 179  72
 178 179  72
 187 179  72
 196 179  72
 205 179  72
 214 179  72
 223 179  72
 232 179  72
 250 179  72
 259 179  72
 268 179  72
 277 179  72
 286 179  72
 295 179  72
 304 179  72
 313 179  72
 322 179  72
 331 179  72
 349 179  72
 358 179  72
 325   0  73
 334   0  73
 348   3  73
  11  14  73
   3  38  73
 340  39  73
  89  41  73
 116  41  73
 134  41  73
 179  41  73
 224  41  73
 269  41  73
 296  41  73
 314  41  73
  22  63  73
  89 105  73
  81 107  73
  71 137  73
 132 137  73
 240 178  73
 339 178  73
  65  51  74
  92  98  74
 105 102  74
   7 137  74
  16 137  74
  25 137  74
  34 137  74
  43 137  74
  52 137  74
  61 137  74
  81 137  74
 142 137  74
 151 137  74
 160 137  74
 169 137  74
 178 137  74
 187 137  74
 196 137  74
 205 137  74
 214 137  74
 223 137  74
 232 137  74
 241 137  74
 250 137  74
 259 137  74
 268 137  74
 277 137  74
 286 137  74
 295 137  74
 304 137  74
 313 137  74
 322 137  74
 331 137  74
 340 137  74
 349 137  74
 358 137  74
 311   0  75
 152  31  75
 197  31  75
   6  32  75
  49  61  75
  10  70  75
 347  70  75
 358  70  75
 105  82  75
 114  82  75
 123  82  75
 132  82  75
 141  82  75
 150  82  75
 159  82  75
 168  82  75
 177  82  75
 186  82  75
 195  82  75
 204  82  75
 213  82  75
 222  82  75
 231  82  75
 240  82  75
 249  82  75
 258  82  75
 267  82  75
 276  82  75
 285  82  75
 294  82  75
 303  82  75
 312  82  75
 321  82  75
 330  82  75
 339  82  75
 348  82  75
  98  84  75
  99 144  75
 108 144  75
 117 144  75
  32   6  76
  44   9  76
  53   9  76
  62   9  76
  71   9  76
  80   9  76
  89   9  76
  98   9  76
 107   9  76
 116   9  76
 143   9  76
 152   9  76
 161   9  76
 188   9  76
 197   9  76
 206   9  76
 215   9  76
 224   9  76
 233   9  76
 242   9  76
 251   9  76
 260   9  76
 269   9  76
 278   9  76
 287   9  76
 296   9  76
 305   9  76
  42  43  76
  16 104  76
  17   0  77
 116   0  77
 161   0  77
  68  62  77
  38  67  77
  27 103  77
   4   0  78
 126   0  78
 171   0  78
 333  15  78
  12  22  78
  64  42  78
  52  72  78
  31  79  78
 114 133  78
 143 155  78
 342  34  79
 328  45  79
  47  84  79
  45 103  79
  44 112  79
  86 157  79
  95 157  79
 156 157  79
   1 168  79
  10 168  79
  19 168  79
  28 168  79
  37 168  79
  46 168  79
  55 168  79
  64 168  79
  73 168  79
  82 168  79
 181 168  79
 190 168  79
 199 168  79
 208 168  79
 217 168  79
 244 168  79
 253 168  79
 262 168  79
 271 168  79
 280 168  79
 289 168  79
 298 168  79
 307 168  79
 316 168  79
 343 168  79
 352 168  79
 340   0  80
 345  17  80
 154  46  80
 199  46  80
  80  47  80
  89  47  80
 100  47  80
 109  47  80
 127  47  80
 145  47  80
 179  47  80
 190  47  80
 224  47  80
 235  47  80
 244  47  80
 253  47  80
 262  47  80
 280  47  80
 289  47  80
 307  47  80
 341  47  80
   0 108  80
   9 108  80
 135 108  80
 144 108  80
 153 108  80
 162 108  80
 171 108  80
 180 108  80
 189 108  80
 198 108  80
 207 108  80
 216 108  80
 225 108  80
 234 108  80
 243 108  80
 252 108  80
 261 108  80
 270 108  80
 279 108  80
 288 108  80
 297 108  80
 306 108  80
 315 108  80
 324 108  80
 333 108  80
 342 108  80
 351 108  80
 119 110  80
 128 110  80
  85 116  80
 105 157  80
 224 166  80
 233 166  80
 323 166  80
 332 166  80
 129 170  80
 138 170  80
 152 175  80
 117  46  81
 135  46  81
 270  46  81
 297  46  81
 315  46  81
  66  72  81
  35  24  82
 167  50  82
 212  50  82
  72 116  82
 301   0  83
   6   9  83
   5  87  83
  81  95  83
 104 103  83
  48   0  84
 103   0  84
 138   0  84
 148   0  84
 183   0  84
  23 114  84
  89 167  84
 184 178  84
  21   0  85
  38   0  85
  58   0  85
 193   0  85
 202   0  85
 211   0  85
 238   0  85
 275   0  85
 286   0  85
 313   0  85
  19  44  85
 135 142  85
 322   0  86
 152  27  86
 197  27  86
  37  90  86
  34  97  86
  76   0  87
  94   0  87
 229   0  87
 256   0  87
   0 163  87
   9 163  87
  18 163  87
  45 163  87
 189 163  87
 207 163  87
 270 163  87
 279 163  87
 297 163  87
 306 163  87
 342 163  87
 351 163  87
 182 165  87
 229 176  87
 328 176  87
  67   0  88
  85   0  88
 313 150  88
  26  44  91
 359  30  92
 314  50  92
 302  12  93
  58  59  93
 118 108  93
  48  13  94
 328  15  94
 256  33  94
 283  33  94
 306  33  94
 340  38  94
  82  92  94
 122  24  95
 149  24  95
 257  24  95
 199  28  95
  99  38  95
  11  90  95
 272 115  95
 156 126  95
 237 126  95
  23 163  95
  50 163  95
 108  28  96
 117  28  96
 105  34  96
   7  46  96
 231 101  96
 226 106  96
  42 107  96
 286 110  96
  89 114  96
 264  72  97
 273  72  97
 282  72  97
  95  74  97
 215  76  97
 125  77  97
 324  85  97
 237  89  97
 195  92  97
  45  97  97
 267 101  97
 237  54  98
 319  62  98
 121  82  98
 191 100  98
 157 101  98
 183 102  98
  15 106  98
 180 108  98
 133 130  98
  58 155  98
   4  19  99
 195  35  99
 150  39  99
  55  42  99
  21  47  99
 308  80  99
 305  87  99
  61  95  99
  63 106  99
 297 112  99
  11 118  99
 104 121  99
 143 127  99
  15  21 100
 319  24 100
  63  35 100
 167  35 100
 180  35 100
  68  64 100
 352  64 100
  45 118 100
 316 120 100
 325 120 100
 358 126 100
 191 128 100
 172 129 100
 129 135 100
 333  26 101
  72  28 101
 225  28 101
 234  28 101
 243  28 101
 270  28 101
  82  29 101
 299  32 101
 314  35 101
 170  51 101
  13  59 101
  49  67 101
  64  69 101
 318  71 101
 139  73 101
 266 124 101
  10 127 101
  44 128 101
 228 131 101
 347 133 101
 111 143 101
 229 143 101
 279 146 101
  97 149 101
  87 155 101
 135  32 102
 208  32 102
 259  32 102
 145  51 102
 222  55 102
   1  61 102
 139  63 102
 229  74 102
 107  76 102
 354  78 102
 196  84 102
  99  88 102
   0  99 102
 135 110 102
  56 115 102
 344 121 102
 276 124 102
 254 129 102
 241 135 102
 297 136 102
 306 136 102
 190 139 102
 220 143 102
 325 146 102
 181 147 102
 109 150 102
 339 150 102
 277  26 103
  91  27 103
 358  32 103
 136  51 103
 290  55 103
 118  60 103
 197  71 103
 248  73 103
 236 121 103
  76 154 103
  26  23 104
  46  26 104
 180  27 104
 215  27 104
  75  39 104
  29  67 104
 338  70 104
 181  83 104
  57  84 104
 218  84 104
  23  90 104
  80  92 104
 259  98 104
  99  99 104
 145 136 104
 121 144 104
  43 146 104
 169 147 104
 351 151 104
 222 154 104
  43 155 104
  99  25 105
 342  25 105
 315  28 105
 293  34 105
  36  47 105
 188  50 105
 274  54 105
 106  58 105
  79  61 105
 250  61 105
 260  62 105
 269  62 105
 214  67 105
  24  77 105
 172  85 105
 139  88 105
 301  90 105
 283  91 105
 325  91 105
 293  92 105
 281 102 105
 140 105 105
  61 111 105
  33 128 105
 131 144 105
  91 151 105
  19 152 105
  28 152 105
 298 152 105
  63 153 105
 212 154 105
 190  25 106
   6  28 106
 153  28 106
 165  58 106
 327  73 106
  11  88 106
 112  93 106
 153  93 106
 171  93 106
 169 100 106
 206 101 106
 349 101 106
 272 102 106
  83 104 106
  74 112 106
 208 117 106
  56 123 106
 140 140 106
 265 153 106
  15 157 106
 198 157 106
 249 157 106
 158 165 106
  36  25 107
 117  26 107
 326  26 107
 142  28 107
 340  47 107
 231  50 107
  26  55 107
  64  55 107
 339  57 107
 105  66 107
 303  79 107
 206  87 107
 237  95 107
   9  99 107
 247 115 107
 200 118 107
 356 119 107
 308 120 107
   1 152 107
 310 155 107
 259 158 107
 260  24 108
 296  24 108
 109  27 108
 289  44 108
 354  44 108
 204  46 108
  45  47 108
  73  47 108
 116  48 108
 312  71 108
  38  83 108
 246  95 108
 321 103 108
 150 107 108
 116 109 108
   9 114 108
 106 114 108
  38 117 108
  88 118 108
 328 119 108
 177 121 108
 321 121 108
 139 122 108
 197 124 108
 157 128 108
  87 132 108
 277 139 108
 271 150 108
 319 154 108
 240 158 108
  80  23 109
 160  23 109
 169  23 109
  18  24 109
  72  24 109
 225  24 109
 234  24 109
 243  24 109
 212  41 109
 177  47 109
 313  47 109
 278  49 109
  33  52 109
 152  53 109
 174  58 109
 230  68 109
  72  71 109
 143  72 109
 100  74 109
  32  92 109
 221  94 109
 333 106 109
 266 120 109
 283 126 109
 228 127 109
 302 127 109
 192 128 109
  16 129 109
 176 129 109
 348 130 109
 170 132 109
 105 141 109
 332 148 109
  78 149 109
 166 152 109
 284 154 109
 328 154 109
 184 155 109
 123  22 110
 204  22 110
 231  38 110
   4  43 110
 322  47 110
 130  52 110
 142  52 110
   5  68 110
  60  69 110
 257  75 110
  59  77 110
  47  80 110
 341  80 110
  91  83 110
 126  98 110
 233 113 110
 228 118 110
  67 124 110
 107 124 110
 292 126 110
  41 129 110
 333 140 110
  99 151 110
 202 151 110
  55 152 110
 125 154 110
 162 157 110
 114 158 110
 141 160 110
  49  20 111
  58  20 111
 274  20 111
 301  20 111
 328  20 111
 346  20 111
 249  21 111
  57  41 111
  83  42 111
 193  43 111
 105  45 111
 259  46 111
 299  46 111
 250  47 111
 237  64 111
 120  66 111
 209  69 111
 284  69 111
 302  69 111
 357  69 111
 153  70 111
 223  70 111
 345  72 111
 167  74 111
 123  78 111
 188  79 111
 337  96 111
 198 100 111
  32 103 111
 358 129 111
  61 142 111
 222 147 111
  36 153 111
  52 159 111
 173  17 112
   3  19 112
  85  19 112
 264  19 112
 282  19 112
 313  21 112
 143  36 112
 348  46 112
  89  56 112
 190  66 112
 131  68 112
 262  69 112
 273  71 112
 251  84 112
  84  90 112
  68  94 112
 280  94 112
 302  96 112
  45  97 112
 188  99 112
 295  99 112
  61 105 112
 156 105 112
  10 107 112
 120 121 112
 256 130 112
  31 132 112
 220 134 112
 343 139 112
 134 141 112
 249 142 112
 215 151 112
  18  16 113
  36  16 113
 136  16 113
 145  16 113
 189  16 113
 207  16 113
 351  16 113
  40  35 113
 323  38 113
 183  42 113
  94  43 113
 265  43 113
 281  43 113
  13  59 113
  78  64 113
  27  65 113
 317  68 113
  44  69 113
  15  70 113
 114  80 113
 340  88 113
   7  90 113
 225  90 113
 265  90 113
  81  96 113
 254  96 113
 113  99 113
 167 104 113
 252 113 113
  53 126 113
 137 128 113
 251 135 113
 158 136 113
  15 137 113
 288 139 113
 234 140 113
  79 142 113
  11 148 113
  25 154 113
 297 156 113
 355 158 113
  90  15 114
 126  15 114
 332  15 114
 199  35 114
 158  36 114
   7  37 114
  25  38 114
 237  51 114
 317  58 114
 170  67 114
 161  85 114
 323  90 114
 208  94 114
 135  97 114
 100  99 114
  66 101 114
 182 102 114
 271 106 114
  47 111 114
  90 113 114
 297 115 114
  83 122 114
 302 142 114
 188 146 114
  63 152 114
   7 153 114
 155 158 114
 179 158 114
 274 159 114
 100  13 115
 316  15 115
 124  30 115
 111  34 115
 351  36 115
 124  39 115
 218  40 115
  61  56 115
 192  58 115
 103  59 115
  83  60 115
 286  62 115
  99  80 115
 227  82 115
 302  82 115
 140  84 115
 210 105 115
 354 107 115
  19 108 115
 129 108 115
 179 108 115
 238 109 115
 344 110 115
 284 111 115
 145 114 115
 268 115 115
 331 116 115
 209 117 115
 311 119 115
  75 124 115
 203 124 115
 102 131 115
 266 132 115
 191 134 115
 316 136 115
 118 140 115
 310 140 115
  32 141 115
  81 158 115
 246 158 115
 255 158 115
 309 158 115
 100 159 115
 122 159 115
 347 159 115
 149 161 115
 218 162 115
  69  16 116
 158  16 116
 222  16 116
 231  16 116
 290  16 116
  27  17 116
  56  33 116
 165  33 116
 300  33 116
  31  34 116
  67  35 116
 283  35 116
 331  35 116
 104  36 116
  19  41 116
 158  45 116
 219  52 116
 124  53 116
  49  54 116
 213  55 116
 299  55 116
 349  55 116
 336  56 116
 326  57 116
  44  58 116
 208  61 116
 207  78 116
  31  79 116
  14  82 116
 150  83 116
  45  85 116
 352  85 116
 322  99 116
 247 100 116
  26 105 116
 100 111 116
 155 115 116
 318 115 116
 343 119 116
  13 121 116
 198 129 116
 165 133 116
 139 138 116
  95 141 116
 274 149 116
 335 156 116
 192 158 116
   4 159 116
  92 160 116
 322 160 116
 267 161 116
 232 162 116
 208 163 116
 254  16 117
   9  17 117
  66  22 117
 174  25 117
 222  25 117
  88  29 117
 289  32 117
 242  33 117
 264  33 117
 190  34 117
 310  34 117
 142  43 117
 241  44 117
  26  56 117
 266  58 117
 177  64 117
 142  65 117
 245  66 117
  69  72 117
 312  73 117
 233  74 117
 286  77 117
 168  82 117
 181  84 117
 139  92 117
 217  95 117
 310  97 117
 355  97 117
 118 111 117
 227 112 117
 173 122 117
 229 124 117
  43 125 117
  34 127 117
 270 127 117
 118 131 117
 348 136 117
 327 139 117
 154 140 117
 230 149 117
 285 151 117
 169 159 117
 135 160 117
  61 162 117
  40 163 117
 334 164 117
  51 165 117
  30 166 117
 294 167 117
 181  17 118
 242  19 118
 217  31 118
 340  33 118
 175  49 118
 359  51 118
 143  57 118
 117  58 118
 155  61 118
  99  70 118
  80  73 118
 355  73 118
 260  74 118
  63  75 118
 334  76 118
 195  77 118
 277  81 118
  61  82 118
  54  84 118
 329  84 118
  25  85 118
 115  89 118
  55 111 118
  83 114 118
 282 122 118
 328 131 118
  70 140 118
  85 140 118
 103 140 118
 109 159 118
  81 167 118
 247 168 118
 195 169 118
  25 170 118
 306 171 118
 316 172 118
  47  15 119
 299  15 119
 119  16 119
 197  17 119
 268  17 119
 346  24 119
  44  29 119
 203  31 119
 253  36 119
  84  39 119
   4  42 119
  60  47 119
 282  51 119
 272  55 119
 259  60 119
   6  67 119
 117  67 119
 237  68 119
 302  73 119
 117  76 119
 190  84 119
  98  87 119
 273  92 119
 294  93 119
 289  98 119
 238  99 119
 157 100 119
  39 111 119
 181 118 119
 358 118 119
 242 120 119
  65 127 119
   3 131 119
  43 143 119
  27 144 119
 216 144 119
 195 145 119
 118 148 119
   4 171 119
 233 171 119
  77 172 119
 263 172 119
 290 172 119
 326 172 119
 353 172 119
 210 173 119
 357  17 120
 146  22 120
 139  24 120
 316  27 120
 271  30 120
 189  43 120
 334  46 120
  83  47 120
 300  48 120
 157  52 120
  35  57 120
 206  67 120
 342  69 120
 255  84 120
  86  88 120
  47  95 120
  78  99 120
 198 100 120
 190 104 120
  68 109 120
 109 112 120
  13 113 120
 131 117 120
 103 122 120
 145 122 120
 300 124 120
 224 128 120
 172 130 120
 244 133 120
 357 136 120
  60 139 120
 294 140 120
 241 141 120
 205 143 120
 169 144 120
 287 144 120
 345 144 120
 263 145 120
 132 148 120
 168 167 120
  97 172 120
 109 173 120
  82  14 121
 280  14 121
 325  14 121
 109  15 121
 148  15 121
 346  15 121
  96  16 121
  41  18 121
  13  28 121
 136  30 121
 171  31 121
  44  42 121
  99  45 121
 306  45 121
  71  46 121
 126  47 121
 231  50 121
 246  56 121
  17  59 121
 317  64 121
 191  65 121
 132  66 121
  16  67 121
  85  68 121
 221  69 121
  34  70 121
 289  72 121
   0  86 121
 237  86 121
 249  87 121
  12  88 121
 124  90 121
  79  91 121
 222  91 121
 164  93 121
 332  95 121
 116  98 121
 255 101 121
 155 107 121
 190 114 121
 249 115 121
 308 123 121
 331 123 121
 211 125 121
 295 128 121
 124 129 121
 258 130 121
  50 138 121
 231 142 121
  20 146 121
 139 146 121
 152 146 121
  13 153 121
 148 167 121
  19 173 121
 207  13 122
 244  13 122
  18  14 122
 171  15 122
 187  15 122
 112  26 122
   3  30 122
  30  40 122
 130  40 122
 265  41 122
 203  42 122
 344  44 122
 180  46 122
 287  47 122
 324  48 122
 169  51 122
 323  61 122
 100  62 122
 357  67 122
 157  77 122
 318  88 122
 341  89 122
 173  93 122
  26  95 122
 206  96 122
   4  98 122
  40 100 122
 271 100 122
 142 102 122
 131 104 122
 266 104 122
 333 105 122
 289 107 122
   0 108 122
 304 108 122
 255 112 122
  28 113 122
  55 125 122
  82 126 122
 131 126 122
 277 126 122
  13 128 122
  25 129 122
 317 142 122
 178 143 122
  81 144 122
 308 145 122
 341 149 122
   2 151 122
  43 152 122
  59 153 122
 194 153 122
 112 154 122
 177 160 122
 155 162 122
 131 164 122
 276 164 122
 219 168 122
 269 169 122
  62 170 122
  53  12 123
  71  12 123
 306  12 123
 323  21 123
  79  27 123
  99  27 123
 230  27 123
  65  28 123
 228  36 123
 105  42 123
 218  44 123
 248  44 123
 203  51 123
  58  58 123
 222  60 123
 167  67 123
 274  70 123
 129  72 123
 222  80 123
 145  84 123
 309  88 123
  55  92 123
  68  97 123
 101  98 123
 345 101 123
 308 102 123
 322 105 123
 214 112 123
  66 116 123
 151 117 123
 338 120 123
 272 135 123
 255 149 123
  68 153 123
  81 154 123
  98 154 123
 247 154 123
 302 154 123
 221 156 123
  38 168 123
 332 170 123
  25  10 124
 124  10 124
 214  10 124
 223  10 124
 331  10 124
 358  10 124
  61  11 124
 288  11 124
 160  12 124
 257  13 124
 279  22 124
 239  23 124
  19  24 124
 295  25 124
  34  26 124
 341  27 124
  56  28 124
 126  28 124
 160  31 124
 154  36 124
 310  40 124
 114  42 124
 356  42 124
  18  45 124
 260  48 124
  45  55 124
  87  58 124
 283  59 124
  69  60 124
 343  60 124
 306  61 124
 297  62 124
  50  68 124
 178  70 124
  43  71 124
 160  71 124
 264  71 124
 146  74 124
 339  74 124
 255  76 124
 100  78 124
  35  79 124
 205  80 124
 128  81 124
  32  85 124
 176  85 124
 296  86 124
  94 102 124
 219 102 124
 230 105 124
 346 111 124
 170 114 124
 107 118 124
 228 118 124
  95 122 124
 349 122 124
 205 128 124
 185 129 124
 144 132 124
 111 136 124
 328 145 124
 275 146 124
 230 155 124
 323 155 124
 184 156 124
 241 157 124
 278 157 124
 295 158 124
 314 158 124
 359 158 124
 337 161 124
 113 169 124
  50 170 124
 240 170 124
   5   8 125
 131   8 125
 194   8 125
 230   8 125
  97   9 125
 259  24 125
 304  25 125
 186  26 125
 209  28 125
 180  29 125
 279  31 125
 328  34 125
  55  36 125
 273  39 125
 144  48 125
  96  50 125
 140  60 125
 183  66 125
  73  72 125
 109  76 125
 318  77 125
  12  78 125
 274  86 125
 350  89 125
 143  91 125
  15  98 125
 167 103 125
 114 104 125
  91 108 125
 202 111 125
 286 113 125
  53 115 125
 318 117 125
  24 118 125
  41 119 125
 191 123 125
 318 126 125
  91 127 125
  74 130 125
 162 132 125
  38 133 125
 156 136 125
 220 139 125
  91 140 125
   8 141 125
 162 149 125
 126 150 125
 206 151 125
  34 155 125
  94 159 125
 346 161 125
 199 166 125
 121 168 125
 111   6 126
 147   6 126
 264   6 126
 309   6 126
 345   6 126
 174   7 126
  86  25 126
 249  25 126
 355  30 126
 293  36 126
 319  36 126
  49  39 126
 149  40 126
  23  41 126
 192  52 126
 345  53 126
  72  54 126
 358  54 126
 112  56 126
  23  57 126
 232  58 126
 276  63 126
 210  64 126
 110  65 126
  60  68 126
 236  74 126
  86  76 126
 211  77 126
 327  77 126
  65  81 126
 181  81 126
 193  81 126
 283  84 126
 242  97 126
 177 104 126
  76 111 126
 280 116 126
 160 118 126
 246 128 126
   9 132 126
 333 132 126
 117 133 126
 344 133 126
 182 135 126
 207 138 126
  28 139 126
 108 142 126
  53 155 126
  23 156 126
 290 162 126
  16 163 126
  83 164 126
 172 164 126
 208 164 126
  68 167 126
 310 168 126
  29 169 126
 191 170 126
 256 170 126
  33   7 127
 293   7 127
  84   9 127
 159  21 127
 196  28 127
  76  32 127
 337  32 127
  33  34 127
  73  41 127
 171  45 127
 242  46 127
   9  48 127
 119  54 127
 164  54 127
 261  57 127
 328  58 127
 243  60 127
 297  71 127
 244  73 127
 350  73 127
  18  75 127
  57  82 127
 114  88 127
 103  89 127
 267  90 127
 196  92 127
 259  92 127
 230  93 127
 190  96 127
  48 101 127
  58 102 127
  27 103 127
 294 104 127
  39 107 127
  82 108 127
 127 109 127
 263 112 127
 116 114 127
 358 114 127
 244 117 127
  12 120 127
 269 125 127
 229 127 127
 287 130 127
  67 132 127
 135 136 127
  66 140 127
 149 150 127
 141 154 127
 139 165 127
  76 166 127
 358 166 127
 227 168 127
  44  10 128
 195  17 128
 125  19 128
 218  21 128
   3  22 128
  39  22 128
 141  22 128
 310  22 128
 105  25 128
 247  36 128
 119  37 128
 180  38 128
 223  39 128
 210  43 128
 292  44 128
 305  50 128
  89  52 128
  37  55 128
   8  56 128
 187  57 128
 131  59 128
 309  76 128
   2  77 128
 230  77 128
  43  79 128
  74  81 128
 122  83 128
  88  86 128
 155  87 128
  27  89 128
 245  89 128
 332  89 128
 297  97 128
 183  98 128
 133  99 128
 156  99 128
   2 103 128
 195 113 128
 323 113 128
 140 115 128
 298 118 128
 216 121 128
 258 122 128
  37 124 128
 301 129 128
 312 131 128
  51 133 128
 243 136 128
 260 137 128
 284 137 128
 198 138 128
 234 139 128
 357 140 128
  39 142 128
 258 144 128
 300 144 128
 171 149 128
 105 153 128
 120 156 128
 257 158 128
  51 163 128
 154 168 128
 320 170 128
 141  10 129
 279  10 129
 339  10 129
 248  11 129
 113  16 129
 267  17 129
 137  34 129
  90  36 129
 193  38 129
 258  39 129
  46  47 129
 333  47 129
 133  48 129
 314  50 129
 210  52 129
 284  52 129
 156  55 129
 147  58 129
 252  60 129
 359  63 129
  22  65 129
  86  65 129
 321  65 129
 136  72 129
 284  76 129
 295  78 129
 166  82 129
 352  83 129
 206  88 129
  16  89 129
 217  89 129
  71  93 129
 137  93 129
 308  94 129
 319  94 129
 330  97 129
 281  98 129
 349  98 129
  13 104 129
 213 105 129
 243 106 129
 331 109 129
 231 113 129
 179 116 129
  73 117 129
 129 119 129
 102 121 129
 118 124 129
 170 132 129
 129 139 129
 330 139 129
  51 142 129
 312 143 129
 347 144 129
  87 145 129
 283 145 129
 195 148 129
 187 151 129
 266 158 129
 162 163 129
  92 165 129
  11 167 129
 245 167 129
 284 168 129
  17  10 130
 322  10 130
  77  12 130
 240  12 130
 206  16 130
   9  18 130
  62  18 130
  72  18 130
 225  18 130
 315  18 130
 353  20 130
 342  21 130
 169  23 130
 286  23 130
 269  28 130
 120  29 130
  98  32 130
  23  33 130
 169  35 130
 300  35 130
   7  36 130
 271  45 130
  58  52 130
  33  60 130
  97  68 130
 121  69 130
 152  70 130
 193  70 130
 168  73 130
 259  73 130
 335  77 130
   4  87 130
  45  89 130
  81  94 130
  64  99 130
 259 101 130
 151 103 130
 102 104 130
 204 105 130
 147 109 130
 308 114 130
  63 119 130
 170 121 130
 356 121 130
 209 123 130
  97 138 130
  22 141 130
 148 141 130
  78 145 130
 231 145 130
 324 148 130
 212 149 130
  11 151 130
 347 153 130
 323 162 130
 334 165 130
 169  11 131
  45  19 131
  56  22 131
 150  23 131
 231  31 131
 260  31 131
 311  35 131
  62  37 131
 213  37 131
 349  40 131
 281  41 131
 338  41 131
 103  44 131
 162  44 131
  36  45 131
 324  47 131
 236  48 131
 198  50 131
  78  52 131
 294  54 131
 222  55 131
 176  56 131
 337  59 131
 200  64 131
 351  64 131
 218  65 131
 170  66 131
 315  68 131
 268  69 131
 221  76 131
 135  80 131
 166  91 131
 115  97 131
 272 101 131
 342 102 131
  25 109 131
  15 114 131
  50 119 131
 275 119 131
 152 121 131
 343 122 131
 141 124 131
  27 127 131
  81 130 131
 102 131 131
 357 131 131
 267 135 131
 218 144 131
  63 146 131
 296 149 131
   0 151 131
  37 151 131
  77 153 131
  62 155 131
 225 157 131
 247 158 131
 101 160 131
 177 161 131
 213 161 131
  34 162 131
 133 167 131
 301 167 131
 346 168 131
  94  12 132
 129  12 132
 184  12 132
 228  12 132
 294  15 132
  19  20 132
  94  21 132
 326  21 132
 280  26 132
  39  31 132
 109  36 132
 356  37 132
 133  39 132
  87  42 132
  59  44 132
 250  46 132
 122  47 132
 266  52 132
 104  54 132
 279  58 132
  50  60 132
  73  61 132
 101  61 132
  62  63 132
   8  64 132
  46  67 132
 338  69 132
 182  71 132
  26  76 132
  96  78 132
 255  80 132
 246  82 132
  37  90 132
 282  90 132
 100  94 132
 125  99 132
 221 100 132
 231 101 132
 309 103 132
 252 105 132
  95 106 132
 340 110 132
 187 113 132
  86 118 132
 233 123 132
 335 123 132
 290 124 132
   8 125 132
 323 125 132
 199 126 132
 117 140 132
 171 141 132
  14 142 132
 246 146 132
 272 147 132
 130 148 132
 334 150 132
 161 154 132
 309 156 132
 185 160 132
  44 164 132
 113 165 132
  61 166 132
  26  11 133
 155  12 133
 272  12 133
 106  17 133
 182  19 133
 241  21 133
 136  25 133
 338  26 133
 213  28 133
 321  30 133
  50  31 133
  69  31 133
  14  32 133
 149  33 133
  20  44 133
 181  46 133
 225  49 133
 351  51 133
 240  64 133
 296  64 133
 228  67 133
  32  68 133
 142  68 133
  58  73 133
  77  73 133
 111  74 133
 205  76 133
 305  81 133
 320  82 133
 179  85 133
 270  85 133
  54  86 133
 147  86 133
 234  87 133
 295  87 133
   1  95 133
  28  97 133
 164  98 133
  39 100 133
 194 105 133
   0 109 133
 167 109 133
 285 109 133
  37 112 133
 220 117 133
 128 126 133
 182 126 133
 254 126 133
  20 130 133
 154 131 133
 222 132 133
  75 134 133
 157 142 133
 109 149 133
 125 153 133
 231 154 133
 150 157 133
 273 157 133
 199 159 133
 359 159 133
 142 161 133
 121 164 133
 238 168 133
 352  11 134
 214  12 134
 256  12 134
 301  12 134
 126  26 134
 179  26 134
 201  27 134
 237  27 134
 197  34 134
 225  34 134
 161  35 134
 296  41 134
 148  43 134
  15  49 134
 303  55 134
 116  57 134
 324  60 134
 272  64 134
   6  74 134
 106  80 134
 126  80 134
 154  80 134
 217  81 134
 186  82 134
 334  84 134
 347  86 134
 119  87 134
 198  87 134
  88  93 134
  16  97 134
 178 100 134
  74 102 134
 319 102 134
  84 104 134
 113 104 134
  56 106 134
 297 111 134
 107 117 134
  26 118 134
 261 118 134
 242 121 134
 311 124 134
 192 128 134
  38 131 134
  56 131 134
 247 133 134
 274 133 134
 337 133 134
 301 136 134
 180 137 134
 322 138 134
 349 138 134
 192 139 134
  92 142 134
 139 144 134
  49 148 134
 284 153 134
  89 156 134
  73 158 134
  23 160 134
 304 161 134
 350 163 134
 289 165 134
 259 166 134
 198 167 134
 269 167 134
  21 168 134
 172 168 134
  85 169 134
  61  10 135
 115  10 135
 314  10 135
 331  10 135
  50  11 135
 194  11 135
  82  22 135
 258  22 135
 294  24 135
 306  24 135
 159  25 135
  75  27 135
 186  39 135
  79  43 135
 112  46 135
   1  48 135
 145  50 135
 342  52 135
 134  55 135
 169  57 135
 257  58 135
 127  61 135
 156  62 135
 207  62 135
 248  63 135
 112  66 135
 306  66 135
 284  69 135
  44  74 135
 354  74 135
  17  78 135
 279  79 135
  89  80 135
  70  83 135
  62  84 135
 143  92 135
 192  94 135
 211  97 135
 294 100 135
 137 107 135
 270 108 135
 222 109 135
  72 110 135
  51 111 135
 132 112 135
 242 112 135
 353 112 135
 157 114 135
 207 114 135
  43 124 135
  61 125 135
  87 127 135
 112 129 135
 281 130 135
 210 131 135
 230 131 135
 309 134 135
 205 138 135
  32 140 135
 255 147 135
 311 149 135
  48 156 135
 222 163 135
  72 166 135
 101 168 135
 212 168 135
 160 169 135
   7   9 136
  34   9 136
  83  11 136
 136  11 136
  27  20 136
   2  25 136
 351  25 136
 110  28 136
  28  31 136
 173  32 136
 335  32 136
 249  33 136
 270  35 136
 285  37 136
 123  38 136
  27  42 136
  48  42 136
 238  42 136
 310  42 136
 201  45 136
 172  46 136
 211  47 136
  70  51 136
 309  51 136
 193  53 136
  88  55 136
  13  57 136
 185  59 136
 161  74 136
  35  78 136
 235  79 136
 200  80 136
   8  84 136
 174  89 136
 257  89 136
 130  91 136
 229  91 136
 267  91 136
 246  93 136
 332  93 136
  55  95 136
 355  98 136
 241  99 136
 327 100 136
 176 107 136
 263 111 136
 112 112 136
 316 114 136
  93 116 136
 199 118 136
  70 120 136
 296 120 136
 162 126 136
 138 129 136
   4 130 136
  50 136 136
  68 137 136
 293 137 136
 259 140 136
   1 141 136
 337 142 136
 237 144 136
 204 147 136
  26 150 136
 322 153 136
 333 157 136
 320 166 136
 251 168 136
   2 169 136
  55 169 136
 186 171 136
  69   8 137
 105   8 137
 161   9 137
 204   9 137
 233   9 137
 145  10 137
 244  10 137
 263  10 137
 283  10 137
 343  10 137
  37  20 137
 214  21 137
 268  22 137
 250  23 137
  16  25 137
  93  33 137
 318  36 137
 261  38 137
 221  39 137
 330  41 137
  95  43 137
 278  47 137
  45  50 137
  31  53 137
 146  61 137
  81  62 137
 261  69 137
 322  69 137
 127  70 137
 238  71 137
 294  71 137
  68  73 137
 141  75 137
 348  78 137
 212  87 137
 316  87 137
 102  88 137
 304  88 137
  28  89 137
 344  95 137
 155  97 137
 203  98 137
 142 100 137
 286 101 137
 231 109 137
 330 112 137
 124 114 137
  11 117 137
 144 119 137
 348 120 137
 121 129 137
 103 138 137
 222 140 137
 286 142 137
 166 144 137
 181 146 137
 149 147 137
 191 147 137
 352 148 137
  93 151 137
 103 152 137
   9 155 137
 140 168 137
 278 168 137
 331 168 137
  35 169 137
  94 170 137
  16 172 137
 173   9 138
 220   9 138
 359  10 138
 327  15 138
 126  16 138
 282  18 138
 312  19 138
 115  20 138
  61  21 138
 141  22 138
 224  22 138
  53  25 138
 100  30 138
 289  30 138
 137  33 138
 348  34 138
   2  35 138
  68  38 138
 156  43 138
 256  45 138
 135  47 138
  94  51 138
 322  51 138
 332  51 138
  62  52 138
 234  52 138
 158  53 138
 211  56 138
  42  57 138
  26  58 138
 230  59 138
 286  59 138
 354  60 138
 344  62 138
  92  66 138
  24  67 138
 187  69 138
 332  71 138
 171  72 138
 257  75 138
 307  75 138
  80  82 138
   0  86 138
 114  91 138
  45  93 138
  73  93 138
 300  97 138
  11 101 138
  27 104 138
 305 109 138
 250 111 138
 148 113 138
 281 113 138
 181 118 138
 172 119 138
 328 122 138
 283 123 138
 262 127 138
 349 130 138
  15 134 138
 240 134 138
 123 139 138
 274 142 138
  81 144 138
 115 145 138
  69 147 138
  13 148 138
  59 148 138
 216 148 138
 138 151 138
 168 154 138
 239 154 138
 249 154 138
 293 154 138
 203 155 138
  59 158 138
 159 159 138
 110 169 138
 341 169 138
 152 170 138
  45 171 138
 131 171 138
 314 171 138
 122 172 138
 223 172 138
 233 172 138
 291   7 139
  16   9 139
  97   9 139
 191  18 139
  98  19 139
 163  20 139
 204  21 139
 340  21 139
 324  25 139
 305  31 139
 189  33 139
 208  37 139
 242  37 139
  59  38 139
 116  40 139
 346  42 139
 286  46 139
 271  49 139
 244  53 139
   0  55 139
 333  61 139
 196  63 139
  68  64 139
  15  67 139
 102  67 139
 218  69 139
 208  71 139
  52  74 139
 317  74 139
 286  78 139
 272  80 139
  46  83 139
 164  86 139
  18  87 139
 155  88 139
  93  90 139
  63  93 139
 185  95 139
 224  95 139
 257  98 139
 103 101 139
 120 103 139
 153 104 139
 339 104 139
  37 105 139
   6 106 139
 188 106 139
  31 115 139
  46 118 139
 191 120 139
  22 122 139
 218 122 139
  94 125 139
 171 127 139
 321 129 139
 147 130 139
  82 134 139
  39 139 139
 299 148 139
 178 153 139
 341 153 139
  37 155 139
 278 155 139
 118 156 139
 133 156 139
 266 156 139
  82 157 139
 191 157 139
 230 160 139
 297 166 139
 351 171 139
  68 172 139
 195 172 139
 208 173 139
 247 173 139
 289 173 139
  41   8 140
 172  17 140
 232  17 140
  72  18 140
 274  19 140
 148  20 140
  43  31 140
 124  31 140
  11  35 140
  84  36 140
 168  36 140
   7  46 140
 106  48 140
  77  49 140
 124  52 140
 200  52 140
  56  56 140
 297  56 140
 222  60 140
 275  60 140
  38  64 140
  55  64 140
 267  66 140
   6  67 140
 176  67 140
  79  69 140
 149  71 140
  90  73 140
 249  76 140
 118  77 140
  25  79 140
 137  80 140
 223  80 140
 247  86 140
 288  88 140
  80  91 140
 126  96 140
 267  99 140
 310  99 140
 277 100 140
  91 101 140
 199 104 140
  63 107 140
 213 108 140
  82 110 140
   3 118 140
 231 118 140
 103 120 140
 272 121 140
 210 123 140
 295 127 140
 250 129 140
 105 130 140
 182 132 140
 132 133 140
 161 133 140
  94 137 140
 319 142 140
  27 143 140
 352 157 140
   5 160 140
  30 173 140
  82 173 140
  17  18 141
 295  18 141
   6  21 141
  88  21 141
 152  31 141
  73  32 141
  38  36 141
 300  36 141
 230  41 141
 180  42 141
 219  46 141
 295  46 141
  19  47 141
 249  48 141
 167  49 141
 105  56 141
 310  59 141
 135  62 141
 357  70 141
 110  78 141
 188  78 141
 338  82 141
 181  83 141
 328  83 141
 133  86 141
 354  89 141
 277  91 141
 315  94 141
  39  96 141
 166  96 141
 219 100 141
 235 101 141
 251 103 141
 166 105 141
 352 105 141
 102 110 141
 320 110 141
 337 111 141
  59 113 141
 304 117 141
  80 118 141
 135 120 141
 250 120 141
 121 121 141
 338 122 141
  68 126 141
 202 128 141
 312 130 141
 193 134 141
 227 135 141
 172 136 141
 263 136 141
 308 140 141
 152 141 141
 329 141 141
 359 147 141
  40 148 141
 214 155 141
 310 155 141
  27 158 141
 149 160 141
 260 160 141
 113 161 141
 175 165 141
 167 170 141
 266 172 141
 273   8 142
 300   8 142
  25   9 142
  54   9 142
  88   9 142
 127   9 142
 152   9 142
 181   9 142
 251   9 142
 353  15 142
  42  17 142
 182  19 142
 107  20 142
 243  24 142
 334  25 142
 175  27 142
 193  28 142
 215  29 142
 260  29 142
 319  29 142
 277  30 142
 144  32 142
 230  32 142
  19  34 142
  31  39 142
 336  39 142
 136  40 142
 147  46 142
 186  53 142
 117  54 142
 260  55 142
 318  56 142
 178  58 142
 116  62 142
 240  62 142
 296  64 142
  33  69 142
 228  71 142
 197  72 142
  61  75 142
 100  76 142
 170  79 142
 295  79 142
 306  82 142
 234  85 142
 202  88 142
 193  89 142
  10  92 142
 109  98 142
  71 104 142
 287 110 142
  17 111 142
 354 118 142
 112 121 142
  32 124 142
 229 125 142
  15 126 142
  56 127 142
 356 129 142
 277 132 142
 331 132 142
 340 132 142
  26 133 142
  57 137 142
   7 138 142
 212 138 142
 250 138 142
  49 142 142
 244 144 142
 106 147 142
 267 147 142
 225 149 142
  69 157 142
  18 158 142
  94 159 142
 321 159 142
 129 161 142
 202 162 142
 213 163 142
 254 164 142
  76   8 143
 210   8 143
 309   8 143
 318   8 143
 196   9 143
 334   9 143
 118  15 143
  52  17 143
 346  18 143
 304  19 143
 260  20 143
 128  25 143
  83  26 143
 201  27 143
 235  27 143
 107  39 143
 200  39 143
 269  40 143
 314  40 143
  53  41 143
 191  42 143
 357  42 143
  83  44 143
 126  45 143
 344  50 143
 145  54 143
  17  55 143
  72  58 143
 254  59 143
 159  61 143
 155  67 143
 286  67 143
 343  69 143
 123  73 143
   8  77 143
 208  79 143
  54  83 143
 266  83 143
 319  83 143
  36  84 143
 219  85 143
 147  89 143
 326  94 143
 174  95 143
  27  96 143
 289  97 143
  82 101 143
  52 102 143
 137 102 143
 130 106 143
  46 107 143
 266 107 143
 115 109 143
 183 110 143
 163 112 143
 198 112 143
 239 113 143
 259 114 143
 158 118 143
 313 118 143
 152 122 143
  43 128 143
 286 132 143
 204 141 143
 300 141 143
  18 143 143
  91 143 143
 141 143 143
 194 143 143
 343 143 143
 283 146 143
 124 147 143
 330 150 143
 287 157 143
 102 158 143
 302 158 143
  47 159 143
 340 160 143
 331 161 143
 187 162 143
 239 162 143
  81 164 143
  58 165 143
  17 166 143
 271 167 143
   8 170 143
 138   7 144
 165   7 144
 237   7 144
  63   9 144
 207  16 144
 249  17 144
 155  19 144
  31  20 144
 134  21 144
 290  23 144
  27  26 144
 357  26 144
  49  28 144
  61  28 144
 105  28 144
 350  29 144
 116  31 144
 253  33 144
 277  39 144
 324  42 144
 262  44 144
  26  45 144
  47  46 144
 304  46 144
  64  47 144
   6  53 144
 136  54 144
  92  56 144
 166  57 144
  84  59 144
 202  61 144
 127  63 144
  47  65 144
 250  65 144
 306  65 144
 109  66 144
 277  69 144
  74  73 144
  44  74 144
 354  76 144
 148  78 144
  85  79 144
 279  79 144
  72  81 144
  64  85 144
 258  85 144
 120  86 144
 296  88 144
 347  92 144
 336  93 144
 143  95 144
  19 102 144
 325 102 144
 309 106 144
  92 110 144
  35 111 144
 208 113 144
  71 117 144
 301 123 144
   5 127 144
 240 127 144
  84 128 144
 113 130 144
 142 133 144
 217 133 144
  71 136 144
 130 140 144
 182 140 144
 231 145 144
  76 147 144
 255 149 144
 318 149 144
  50 151 144
 156 151 144
 275 160 144
 142 162 144
  38 163 144
 224 163 144
 123 165 144
  70 166 144
 316 166 144
 354 166 144
 103 169 144
 306 169 144
  51 170 144
 238 170 144
 327 170 144
   2   7 145
 227   7 145
 264   7 145
  33   8 145
 285   8 145
 221  15 145
 319  17 145
  65  19 145
 218  22 145
 167  28 145
 311  30 145
  95  31 145
 287  34 145
 162  38 145
  97  41 145
 239  41 145
 173  45 145
 211  46 145
  38  49 145
 283  50 145
 229  53 145
  29  55 145
 339  55 145
 279  56 145
 188  63 145
 328  63 145
 231  65 145
 327  72 145
  15  74 145
 238  76 145
 158  77 145
 342  77 145
  95  82 145
  23  85 145
 107  86 145
  86  89 145
  49  91 145
 230  91 145
 244  92 145
   4  95 145
  60  97 145
 207  98 145
 358  99 145
 229 104 145
 148 106 145
 275 107 145
 298 107 145
 221 109 145
   2 110 145
 125 111 145
 141 113 145
 174 115 145
 276 117 145
  55 118 145
 287 119 145
 346 122 145
 187 124 145
 131 125 145
 266 125 145
  98 133 145
 155 135 145
 350 136 145
 109 139 145
 168 142 145
 290 143 145
   6 146 145
 162 146 145
 182 150 145
 192 151 145
 242 151 145
 356 153 145
 175 157 145
  90 165 145
 286 165 145
 198 168 145
 158 169 145
 185 170 145
 251 170 145
 101   6 146
 344   6 146
 328  12 146
 162  14 146
 139  16 146
 266  17 146
  15  24 146
 343  33 146
 211  34 146
 245  34 146
   7  38 146
  65  39 146
 222  40 146
 152  42 146
  93  47 146
 352  48 146
 204  49 146
 236  50 146
  58  51 146
 326  52 146
  49  56 146
 357  59 146
 210  60 146
  18  64 146
  62  64 146
 169  67 146
 183  68 146
 316  68 146
 261  69 146
 213  70 146
 137  71 146
  28  73 146
 298  73 146
 178  88 146
 211  89 146
 306  90 146
 131  92 146
 268  93 146
 259  94 146
 118  95 146
 157  95 146
  71  96 146
 191  96 146
  96  98 146
 241  99 146
 346 107 146
 245 110 146
 329 113 146
  13 116 146
 218 116 146
  89 117 146
 195 118 146
 322 119 146
 144 123 146
 173 123 146
 163 128 146
 121 129 146
  40 134 146
 235 135 146
  20 136 146
 271 136 146
  81 139 146
  65 146 146
 275 147 146
  28 150 146
  86 150 146
 117 150 146
 204 150 146
 134 151 146
  59 152 146
   8 156 146
 166 159 146
  31 167 146
 114 169 146
 138 169 146
  11   7 147
 118   7 147
 187   7 147
 354   8 147
 295  11 147
  97  13 147
  21  15 147
  76  16 147
 195  17 147
 278  17 147
  92  18 147
 115  21 147
  75  26 147
 300  26 147
 183  27 147
   7  28 147
 328  28 147
 268  29 147
 137  33 147
 181  36 147
 126  37 147
 287  43 147
 117  44 147
 253  44 147
 191  50 147
 302  53 147
 221  54 147
 267  54 147
   7  62 147
 349  62 147
 145  63 147
  82  66 147
  94  66 147
 179  75 147
 224  75 147
 254  75 147
 308  75 147
 193  76 147
   4  82 147
 168  85 147
 158  86 147
  15  88 147
 297  97 147
 184  99 147
 254  99 147
 282  99 147
 316 101 147
 173 103 147
 334 103 147
 106 106 147
  25 112 147
  44 120 147
 100 123 147
 216 124 147
 206 125 147
 258 126 147
  75 127 147
 316 127 147
 197 131 147
 302 132 147
 256 135 147
 321 138 147
  35 139 147
 337 146 147
 214 147 147
 144 152 147
 345 156 147
 155 159 147
 211 169 147
 296 169 147
 340 169 147
 222 170 147
  43   6 148
 173   7 148
 237  15 148
 308  15 148
 338  18 148
 149  24 148
 206  24 148
  40  27 148
 223  32 148
  87  35 148
 327  36 148
  16  38 148
  73  38 148
 306  38 148
 109  47 148
 313  48 148
  73  49 148
 245  51 148
 155  52 148
 128  54 148
 293  54 148
 335  61 148
  26  62 148
 220  62 148
 198  66 148
 241  69 148
 105  71 148
  54  74 148
 131  75 148
 287  75 148
  38  77 148
 270  78 148
 322  78 148
 248  79 148
 124  81 148
 352  83 148
 334  84 148
 138  85 148
 314  86 148
 279  87 148
  33  89 148
  75  90 148
 100  92 148
 221  93 148
  87  98 148
  36  99 148
 153 101 148
 201 102 148
   8 105 148
  79 106 148
  67 107 148
 231 114 148
 103 116 148
 114 116 148
 267 116 148
  64 119 148
   7 120 148
  23 120 148
  35 120 148
 244 122 148
 332 123 148
 291 129 148
 185 131 148
  62 135 148
  50 136 148
 313 139 148
  97 141 148
 309 146 148
  16 149 148
 300 149 148
  37 151 148
 264 151 148
 104 152 148
 291 153 148
  74 155 148
 224 155 148
 252 155 148
   0 163 148
 172 169 148
 280 170 148
 350 171 148
  82   7 149
 146   7 149
 201   7 149
 245   7 149
 255   7 149
 110   8 149
   4  16 149
 171  16 149
 185  16 149
  36  17 149
 230  18 149
 227  25 149
 251  25 149
 159  28 149
  24  32 149
 294  32 149
  34  34 149
 202  34 149
 261  35 149
 192  36 149
 358  36 149
  44  37 149
 342  41 149
 336  45 149
 135  46 149
 162  46 149
   8  47 149
  83  51 149
 103  51 149
 172  53 149
  38  57 149
 312  57 149
 100  58 149
 289  60 149
 262  61 149
  70  63 149
  36  65 149
 359  68 149
 163  71 149
 189  82 149
 288  86 149
  44  95 149
 345  98 149
 129  99 149
 116 102 149
  27 103 149
 252 107 149
  55 110 149
 293 111 149
 356 113 149
  77 114 149
 276 125 149
 342 127 149
 173 132 149
 131 133 149
 326 133 149
 358 135 149
  11 136 149
 244 136 149
 120 138 149
 219 141 149
 147 142 149
 232 153 149
 127 155 149
 115 157 149
 314 157 149
 205 159 149
 215 159 149
 244 160 149
 264 160 149
  10 165 149
 260 166 149
  79 169 149
 150 169 149
  66 170 149
  25 171 149
  70   6 150
 214   6 150
 277   6 150
 129   7 150
  58  11 150
  44  15 150
 127  15 150
 350  16 150
 291  17 150
 330  21 150
  86  22 150
 317  23 150
  53  24 150
 275  24 150
  67  27 150
 141  27 150
 125  28 150
 103  33 150
 152  34 150
 279  34 150
  55  35 150
 169  36 150
 295  42 150
 142  43 150
 179  43 150
 217  44 150
 270  46 150
  17  47 150
 181  53 150
 113  57 150
 151  58 150
 242  59 150
 276  62 150
  55  66 150
 122  66 150
 300  66 150
 271  70 150
 117  71 150
  65  73 150
  92  73 150
 202  77 150
  24  78 150
 213  78 150
 114  79 150
 143  80 150
  79  81 150
 234  81 150
  48  82 150
 223  83 150
 247  87 150
 325  88 150
  58  89 150
 199  89 150
  12  96 150
 215  98 150
 306  98 150
 232  99 150
 163 104 150
 194 105 150
  96 106 150
 211 107 150
 283 108 150
  40 109 150
 188 109 150
 318 110 150
 157 111 150
 307 111 150
 342 112 150
 133 113 150
 180 113 150
 149 114 150
 123 117 150
 256 117 150
 303 117 150
 227 120 150
 352 120 150
  86 123 150
  19 126 150
  63 127 150
 226 129 150
 309 129 150
 335 133 150
 207 134 150
 281 135 150
  87 136 150
 195 138 150
 345 139 150
 266 140 150
 254 142 150
  46 143 150
 357 144 150
 323 147 150
 347 149 150
  94 150 150
 336 154 150
  83 156 150
 279 156 150
  25 157 150
 190 157 150
 323 157 150
  56 158 150
  98 160 150
  43 161 150
 299 162 150
 308 162 150
 231 169 150
  42 171 150
  24   6 151
 312   6 151
 330   6 151
 340  11 151
 211  13 151
 106  15 151
 254  15 151
  13  16 151
 101  22 151
 172  25 151
 193  25 151
 240  25 151
 237  32 151
 112  33 151
 318  36 151
 351  39 151
  82  40 151
 232  40 151
  29  42 151
  40  44 151
   0  48 151
  66  53 151
 119  53 151
 348  53 151
 200  54 151
 321  57 151
 252  61 151
 172  62 151
 135  63 151
 345  67 151
 229  70 151
 334  70 151
 145  71 151
  79  72 151
 102  78 151
 173  78 151
  12  79 151
 297  80 151
 262  83 151
 343  84 151
  90  85 151
  24  92 151
 167  93 151
 321  95 151
 139  98 151
  54  99 151
 267 100 151
 291 101 151
 355 104 151
 237 109 151
 167 114 151
 202 114 151
 294 120 151
 164 121 151
  53 123 151
 112 123 151
 136 123 151
 153 126 151
  32 127 151
 108 131 151
 146 131 151
 162 135 151
 226 138 151
 292 138 151
 174 141 151
 188 141 151
  28 142 151
 136 143 151
 236 143 151
 107 144 151
 174 150 151
  46 153 151
  16 158 151
  67 158 151
 183 160 151
 235 163 151
 128 164 151
  53 165 151
 331 166 151
 163 167 151
 191 169 151
  88 170 151
  98 170 151
 122 170 151
 270 170 151
 244 171 151
 322 171 151
   0 172 151
 159   6 152
 232   6 152
 303   6 152
 321   6 152
 270   9 152
  68  14 152
 144  14 152
 155  14 152
 119  16 152
 301  19 152
  29  22 152
 286  23 152
 347  23 152
 214  24 152
 252  36 152
 270  37 152
 245  42 152
  54  43 152
 124  43 152
 280  44 152
 327  46 152
 228  47 152
  50  50 152
 212  52 152
 254  52 152
  10  56 152
  76  58 152
 230  59 152
 161  61 152
 307  62 152
 206  64 152
 321  66 152
  45  67 152
 287  67 152
  16  69 152
 153  69 152
  63  81 152
  38  85 152
 183  86 152
 113  87 152
   1  88 152
 272  89 152
 147  90 152
 235  90 152
 352  92 152
 109  93 152
 176  93 152
 335  96 152
  66  98 152
  45 104 152
 262 105 152
  17 106 152
  87 106 152
 327 106 152
 138 107 152
 272 110 152
 337 117 152
 190 120 152
 282 120 152
 178 121 152
   1 128 152
  73 133 152
 154 140 152
  71 141 152
 205 142 152
 278 142 152
  20 144 152
  58 144 152
 246 145 152
 197 149 152
 159 150 152
 140 158 152
 289 160 152
 107 161 152
 173 161 152
 200 164 152
 107 170 152
 289 171 152
 181 172 152
 305 172 152
 222   5 153
  35   6 153
  90   6 153
 180   6 153
 287   6 153
 194   9 153
  51  13 153
 245  15 153
 204  16 153
   0  21 153
 264  21 153
 132  25 153
 340  26 153
  14  29 153
   2  31 153
 307  31 153
  62  32 153
  93  33 153
 335  33 153
 217  34 153
 188  41 153
 101  42 153
 201  42 153
  63  43 153
 261  44 153
 304  44 153
  26  49 153
  91  51 153
 280  53 153
 136  55 153
  60  57 153
 191  57 153
  86  60 153
 180  61 153
 109  63 153
 190  67 153
 216  67 153
 249  68 153
  31  70 153
 313  72 153
 259  73 153
 355  73 153
 344  75 153
 328  76 153
 280  77 153
 154  78 153
 306  80 153
 255  86 153
 122  87 153
 132  87 153
 297  89 153
 245  96 153
   2  97 153
  77  98 153
 275  99 153
 225 102 153
 125 104 153
 113 108 153
   6 111 153
  33 112 153
  69 115 153
  95 115 153
 212 116 153
 246 116 153
 316 118 153
 236 122 153
  95 125 153
 326 125 153
  43 126 153
 252 127 153
 350 127 153
  12 128 153
 265 128 153
 214 129 153
  28 133 153
 300 137 153
   7 141 153
 114 141 153
 329 142 153
 128 145 153
 184 147 153
   6 150 153
 150 151 153
   0 155 153
  33 156 153
 271 158 153
 150 161 153
 352 161 153
 343 163 153
 252 167 153
 144 172 153
   5   5 154
  15   5 154
  61   5 154
 347   5 154
 263  12 154
  79  13 154
 221  14 154
 320  14 154
 136  17 154
 179  18 154
  77  22 154
  44  23 154
 163  23 154
  21  24 154
 112  24 154
 259  27 154
 285  31 154
 133  35 154
 144  36 154
 161  36 154
 110  41 154
  92  42 154
 314  42 154
 169  45 154
 336  53 154
  44  54 154
 164  54 154
 357  55 154
  19  56 154
  98  64 154
   5  66 154
 133  70 154
 180  70 154
 239  74 154
 163  79 154
  97  83 154
 210  84 154
 155  89 154
  48  90 154
  82  90 154
 310  90 154
 193  92 154
  92  94 154
 256  95 154
 206  97 154
 102  99 154
 179 103 154
 241 103 154
 300 103 154
 148 104 154
 219 107 154
 105 111 154
  84 113 154
  16 114 154
 327 115 154
 142 117 154
 199 121 154
  78 123 154
 121 124 154
 190 129 154
 235 131 154
  54 132 154
  92 132 154
 138 132 154
  38 136 154
  80 142 154
 339 142 154
 164 144 154
 288 144 154
  38 145 154
 270 149 154
 212 151 154
 256 151 154
 242 152 154
 223 161 154
  80 162 154
  33 165 154
 213 165 154
   8 171 154
 313 171 154
  50   4 155
 114   4 155
 167   4 155
 356   4 155
  98   5 155
 135   5 155
  88  14 155
 279  14 155
 332  15 155
  61  19 155
 153  21 155
 198  21 155
  94  24 155
 310  24 155
 295  25 155
 187  28 155
 325  29 155
  75  30 155
 206  30 155
 180  32 155
 120  33 155
  10  39 155
 209  40 155
  71  42 155
 154  42 155
 289  47 155
 239  48 155
 149  50 155
 263  54 155
 272  54 155
 299  54 155
 328  55 155
  29  59 155
 126  61 155
 169  69 155
 204  71 155
 297  72 155
  41  73 155
 125  74 155
  54  80 155
 195  80 155
  72  82 155
 316  82 155
   8  84 155
  27  86 155
 339  89 155
  68  90 155
 225  91 155
 285  91 155
 185  95 155
  20  97 155
  33 102 155
 169 102 155
 343 104 155
  61 107 155
  73 107 155
 260 112 155
  48 113 155
  26 116 155
  58 118 155
 311 123 155
 301 128 155
 283 129 155
 166 130 155
 179 130 155
 245 130 155
 318 132 155
 102 134 155
 124 134 155
 351 136 155
 314 145 155
 226 146 155
  67 147 155
 304 147 155
  53 150 155
  87 151 155
 116 151 155
 283 151 155
 297 152 155
 329 155 155
 164 159 155
  91 161 155
 136 164 155
  17 167 155
  71 167 155
  48 169 155
 157 170 155
 208 172 155
 149   4 156
 204   4 156
 239   4 156
 248   4 156
 296   8 156
  23  13 156
 311  13 156
  98  14 156
 189  14 156
 232  14 156
 164  15 156
 145  23 156
 232  24 156
 223  27 156
  37  29 156
 272  29 156
  84  31 156
 352  32 156
  47  33 156
 300  35 156
  20  38 156
 331  39 156
   2  42 156
 348  45 156
 220  51 156
 313  52 156
 235  55 156
 208  57 156
 292  57 156
 145  59 156
 345  59 156
 223  61 156
 270  63 156
 239  65 156
 260  65 156
  22  66 156
  62  66 156
  83  67 156
 109  72 156
  72  73 156
   4  74 156
 224  75 156
  87  77 156
 250  77 156
 289  79 156
 135  80 156
 268  80 156
 264  91 156
  36  93 156
 120  95 156
 131  95 156
 154  98 156
 316  99 156
 329  99 156
 284 102 156
 310 105 156
 201 106 156
 173 112 156
 350 113 156
 286 115 156
   2 117 156
 156 117 156
 271 118 156
 104 120 156
 221 121 156
  68 123 156
 336 125 156
 274 129 156
 199 130 156
  46 135 156
  20 136 156
 255 136 156
 213 140 156
  93 142 156
 351 145 156
  77 150 156
 342 152 156
 108 153 156
 228 156 156
 251 158 156
   9 159 156
 120 162 156
 319 162 156
 280 163 156
  24 164 156
  61 165 156
 296 168 156
 339 169 156
 223 170 156
  73   3 157
 259   3 157
 335   3 157
 123   4 157
  32  12 157
 111  12 157
 355  12 157
   6  14 157
 272  17 157
 246  24 157
 105  29 157
  29  31 157
 170  31 157
 197  32 157
 244  32 157
 344  35 157
  45  41 157
 137  44 157
 253  44 157
  81  46 157
 185  47 157
 196  47 157
 340  47 157
  35  48 157
 109  49 157
  99  50 157
 125  51 157
 248  54 157
  53  59 157
 337  62 157
 327  63 157
 355  63 157
 159  67 157
 280  68 157
  53  70 157
  28  76 157
  18  77 157
 337  77 157
 119  78 157
 184  79 157
 353  80 157
 325  82 157
 240  83 157
 172  84 157
  18  86 157
 204  88 157
 141  92 157
 217  92 157
  57  94 157
 348  97 157
 253 102 157
   9 105 157
 160 107 157
 294 108 157
 335 108 157
 122 110 157
 231 110 157
 249 110 157
 194 111 157
 185 112 157
  42 117 157
 129 119 157
  12 120 157
 171 122 157
  22 123 157
 290 125 157
 114 130 157
  80 132 157
  63 133 157
 155 133 157
 330 134 157
 310 135 157
 269 137 157
 142 141 157
 261 145 157
  15 148 157
 137 150 157
 125 151 157
 168 153 157
 181 153 157
 192 153 157
 313 153 157
  40 154 157
 205 154 157
  99 155 157
 237 157 157
 261 161 157
 192 163 157
 114 168 157
 170 168 157
 351 169 157
 237 170 157
 261 170 157
 277 170 157
 129 171 157
  82   3 158
 187   3 158
 271   3 158
  41   4 158
 346  13 158
 292  14 158
 126  18 158
  50  20 158
 353  22 158
 120  23 158
 331  25 158
  54  30 158
 232  33 158
 258  35 158
 225  37 158
 281  38 158
 293  38 158
 175  41 158
 219  42 158
 267  42 158
  11  48 158
  60  49 158
  69  50 158
 177  51 158
 117  57 158
  37  58 158
  68  59 158
 199  59 158
 313  61 158
 301  63 158
 141  65 158
 117  66 158
  92  67 158
 269  72 158
 213  73 158
 142  74 158
 108  80 158
 219  82 158
 278  83 158
 229  84 158
 161  86 158
 323  90 158
   8  93 158
 294  95 158
  46  97 158
  85  99 158
 110 100 158
  24 106 158
  52 106 158
 277 107 158
 145 110 158
 304 112 158
 225 115 158
 114 116 158
 343 116 158
 298 118 158
  35 120 158
 207 120 158
 254 120 158
 142 125 158
 222 130 158
 208 131 158
   8 133 158
 358 133 158
 341 134 158
 175 136 158
 190 137 158
 231 137 158
 243 138 158
 320 141 158
   0 143 158
 199 143 158
  27 147 158
 219 149 158
  62 152 158
  72 156 158
 306 156 158
  51 158 158
   0 163 158
 180 163 158
 100 164 158
 303 164 158
 145 165 158
 328 169 158
  80 170 158
  57 171 158
  25   3 159
 105   3 159
 213   3 159
 280   3 159
 306   3 159
 315   3 159
 324   3 159
  70  10 159
 175  10 159
  13  11 159
 148  12 159
 255  12 159
  41  13 159
 215  16 159
 304  16 159
 341  19 159
  69  20 159
  85  20 159
 173  20 159
 253  20 159
 318  21 159
  13  22 159
 208  23 159
   6  27 159
 139  27 159
  66  28 159
 154  29 159
 317  31 159
 100  35 159
  36  39 159
 116  39 159
 128  39 159
 323  40 159
  19  46 159
 321  48 159
   3  52 159
  79  54 159
 172  57 159
 186  60 159
 281  60 159
   9  61 159
 245  61 159
 231  68 159
 319  70 159
 348  71 159
 197  73 159
 305  73 159
  62  75 159
  98  76 159
  38  79 159
  80  80 159
 148  83 159
 301  83 159
 346  83 159
 249  88 159
 355  89 159
 103  90 159
 170  92 159
 278  93 159
 304  93 159
 162  95 159
 234  95 159
 214  99 159
 264 101 159
 358 101 159
  95 102 159
 192 102 159
 132 104 159
  80 105 159
 209 105 159
 319 108 159
 239 117 159
 182 119 159
  84 121 159
 150 121 159
 263 121 159
 353 122 159
  50 124 159
 129 128 159
 259 130 159
 292 134 159
 147 135 159
 281 137 159
 166 138 159
 133 139 159
  60 140 159
 120 140 159
 102 142 159
  44 143 159
 152 145 159
 234 147 159
 332 149 159
 351 154 159
  23 155 159
 292 157 159
 155 158 159
 215 159 159
  39 162 159
 204 162 159
 245 164 159
  91 169 159
  40 171 159
 188 171 159
 199 171 159
 227   3 160
 196   4 160
  57  10 160
 239  12 160
  31  20 160
 186  20 160
 287  20 160
 280  24 160
 302  24 160
  20  30 160
 266  32 160
 189  36 160
  81  37 160
  55  39 160
 241  39 160
 353  40 160
 162  43 160
 276  44 160
 231  46 160
 300  46 160
 206  47 160
 157  50 160
 284  51 160
 349  53 160
  88  55 160
 107  57 160
 153  58 160
 165  61 160
  46  62 160
 290  65 160
  35  66 160
  75  67 160
 186  69 160
 150  70 160
 175  76 160
 258  78 160
  48  83 160
  89  86 160
  60  87 160
 112  90 160
 332  90 160
  76  91 160
  26  93 160
  70  98 160
 200  98 160
 139 100 160
  15 101 160
  41 103 160
 235 104 160
 352 106 160
  90 109 160
 133 113 160
 216 113 160
  75 115 160
 278 116 160
 322 118 160
  92 119 160
 230 124 160
 344 125 160
 101 126 160
  31 127 160
 322 127 160
  72 136 160
 219 137 160
  29 139 160
 252 142 160
 295 144 160
 174 145 160
 276 145 160
 247 149 160
 321 151 160
 146 153 160
 264 154 160
 277 154 160
 337 158 160
 127 160 160
 319 170 160
  31 171 160
   1 172 160
 156   3 161
 141   4 161
 131   9 161
 222   9 161
 267   9 161
 119  10 161
 203  12 161
 324  12 161
 140  14 161
 157  16 161
 106  17 161
 224  20 161
 129  27 161
  91  29 161
 113  30 161
 216  30 161
   0  33 161
 148  34 161
 310  34 161
  63  36 161
 139  37 161
  28  40 161
 307  42 161
 148  43 161
  89  46 161
 331  47 161
  43  48 161
 132  49 161
  29  52 161
 256  53 161
 214  54 161
 228  56 161
  98  58 161
 132  58 161
 215  63 161
 207  65 161
 174  66 161
 126  68 161
 253  68 161
  10  70 161
 328  71 161
 165  75 161
 232  77 161
 206  78 161
   1  80 161
 128  81 161
 310  83 161
  33  85 161
 180  85 161
 192  85 161
 288  86 161
 241  91 161
 179  96 161
 271  97 161
 340  97 161
 225  98 161
 245 101 161
 104 105 161
 326 105 161
 177 107 161
  34 109 161
 153 109 161
 266 110 161
 100 112 161
 313 113 161
  62 114 161
 333 115 161
 163 116 161
 192 119 161
 247 124 161
   2 125 161
 159 125 161
  17 128 161
 109 135 161
 302 135 161
 204 138 161
  85 140 161
 184 141 161
  52 142 161
 111 145 161
 358 151 161
 160 152 161
  15 156 161
  84 156 161
 135 157 161
 107 160 161
 326 160 161
  66 161 161
 271 162 161
 229 164 161
 288 164 161
  10 167 161
 162 167 161
 269 170 161
 137 171 161
 179 171 161
 214 171 161
 253 171 161
  67 172 161
 107 172 161
 308 173 161
  92   4 162
 180   5 162
 289   5 162
   2   6 162
 165   8 162
 332   9 162
  80  10 162
  49  12 162
 264  17 162
  93  18 162
   0  19 162
  20  19 162
 237  20 162
  40  21 162
 161  25 162
  77  26 162
 181  26 162
 340  27 162
 289  29 162
 332  33 162
  12  35 162
 164  35 162
 205  35 162
  72  36 162
  91  38 162
 182  39 162
 198  40 162
 261  46 162
  52  48 162
 116  48 162
 143  51 162
 191  54 162
 305  55 162
 320  56 162
  15  57 162
  60  58 162
   0  59 162
  25  61 162
 102  67 162
 310  68 162
 336  69 162
 245  70 162
  45  71 162
 357  71 162
 292  74 162
 278  75 162
  10  79 162
 154  79 162
 332  81 162
  67  84 162
 118  85 162
 267  86 162
 257  87 162
 149  92 162
 314  92 162
 189  93 162
  96  94 162
 287  97 162
  63 101 162
 118 101 162
 302 101 162
 167 106 162
 222 106 162
   4 109 162
 287 109 162
  17 110 162
 206 112 162
  59 124 162
  75 124 162
 306 124 162
 118 125 162
 278 125 162
 239 126 162
  42 127 162
  92 128 162
 183 128 162
  15 140 162
 158 141 162
 335 142 162
  69 143 162
 344 143 162
 308 144 162
 129 145 162
 285 146 162
 208 147 162
  92 148 162
 115 156 162
 346 159 162
 171 161 162
  22 171 162
 122 172 162
 152 172 162
 285 172 162
 245 173 162
 345   4 163
  17   5 163
  34   5 163
  62   5 163
 245   8 163
 192  10 163
 276  10 163
 315  11 163
  57  19 163
 134  19 163
 194  19 163
 149  20 163
 253  28 163
 237  29 163
 122  31 163
  41  34 163
 251  36 163
 108  39 163
 340  40 163
 100  43 163
 212  43 163
 288  43 163
  74  45 163
 247  47 163
 270  50 163
 295  51 163
 239  52 163
 202  53 163
 339  54 163
 266  57 163
  84  62 163
 194  64 163
  17  67 163
 135  68 163
  29  70 163
  88  72 163
  55  77 163
 241  77 163
 315  77 163
  24  82 163
 199  82 163
  96  83 163
 140  84 163
  42  87 163
 210  87 163
  12  88 163
 127  90 163
 343  90 163
 254  96 163
  54  99 163
 311 100 163
 185 105 163
 341 106 163
 113 108 163
 255 109 163
 243 111 163
  84 113 163
  28 114 163
  52 114 163
 356 115 163
 142 116 163
 122 117 163
 291 119 163
 215 121 163
 201 123 163
 109 124 163
 330 124 163
 168 127 163
 192 128 163
 137 129 163
 267 129 163
 314 131 163
  51 132 163
 248 133 163
  38 134 163
 324 136 163
  94 137 163
 263 138 163
   5 139 163
 352 140 163
  78 144 163
  37 145 163
 193 146 163
 268 147 163
   7 148 163
 102 150 163
 227 150 163
  32 154 163
 175 154 163
 242 154 163
 255 155 163
  93 157 163
 313 161 163
  30 162 163
  79 162 163
  47 163 163
 256 164 163
 343 167 163
 298   5 164
 101   8 164
 209   8 164
  26  11 164
  75  17 164
 115  17 164
 332  18 164
 311  22 164
 102  23 164
 272  23 164
 348  25 164
 202  26 164
 192  27 164
 323  28 164
  47  29 164
 298  30 164
 275  32 164
   6  41 164
 123  44 164
 170  44 164
 190  45 164
 354  48 164
 328  54 164
 123  56 164
  74  58 164
 252  59 164
 237  60 164
 349  61 164
 275  63 164
  55  65 164
 264  65 164
  66  66 164
 111  67 164
 223  69 164
 120  73 164
  70  75 164
 112  76 164
 265  76 164
 223  78 164
 224  88 164
 297  88 164
  84  91 164
   2  94 164
 206  94 164
  35  96 164
 332  98 164
  22  99 164
 147 100 164
 158 100 164
 280 101 164
  71 107 164
 126 107 164
  43 112 164
 171 115 164
   6 118 164
  17 119 164
 314 122 164
  68 128 164
 149 128 164
 351 131 164
 234 132 164
 124 133 164
 227 141 164
 238 141 164
 140 146 164
 166 147 164
  49 150 164
 185 150 164
 296 152 164
 198 155 164
 221 156 164
  57 157 164
   5 158 164
 184 159 164
 150 162 164
 237 163 164
 297 165 164
 354 165 164
 220 166 164
 334 166 164
  73 168 164
  48 172 164
 112   4 165
 255   4 165
 149   5 165
 354   7 165
 230  11 165
 285  11 165
 165  17 165
 178  17 165
 246  17 165
 214  22 165
 260  23 165
  27  26 165
 170  26 165
  59  28 165
 223  28 165
 347  34 165
 173  35 165
 156  36 165
 231  38 165
  20  40 165
 316  41 165
  62  44 165
 179  46 165
 223  47 165
 313  49 165
 165  51 165
  37  52 165
  49  55 165
 179  57 165
 290  57 165
 140  58 165
 222  60 165
 341  63 165
 155  66 165
 298  67 165
 284  68 165
 202  70 165
 181  73 165
 344  75 165
 133  76 165
 191  76 165
 250  78 165
 165  83 165
 105  84 165
 322  84 165
 155  88 165
  53  90 165
 136  91 165
 352  94 165
 323  96 165
 125  98 165
 169  98 165
 294 104 165
 199 105 165
 271 105 165
 230 113 165
 299 113 165
 108 114 165
 197 114 165
 154 117 165
 268 118 165
 287 126 165
 298 126 165
  83 129 165
 213 129 165
  25 130 165
 159 133 165
 333 133 165
 274 136 165
 196 137 165
 212 138 165
 288 138 165
 314 140 165
 325 145 165
 119 146 165
  63 147 165
 259 147 165
  20 148 165
 304 150 165
 340 150 165
  74 151 165
 285 155 165
 208 157 165
 279 162 165
 196 163 165
 115 165 165
  58 166 165
  97 168 165
 205 169 165
 228 172 165
  48   4 166
  71   5 166
 123   5 166
 235   5 166
  88  10 166
 340  10 166
 306  11 166
   8  13 166
 185  13 166
 295  13 166
  64  14 166
 350  14 166
 323  19 166
 124  20 166
 144  26 166
 244  26 166
  12  27 166
  84  32 166
 284  34 166
 131  35 166
 262  36 166
 221  37 166
 297  39 166
 328  39 166
  49  40 166
 136  44 166
  14  47 166
 108  48 166
  83  49 166
  97  50 166
 151  51 166
  22  53 166
  65  53 166
 279  54 166
 114  58 166
  39  62 166
  93  62 166
 317  63 166
 326  63 166
 164  67 166
 214  70 166
 144  71 166
  38  73 166
  80  73 166
 103  75 166
 323  75 166
 300  76 166
 353  77 166
 286  78 166
 214  79 166
 274  81 166
  76  83 166
 233  85 166
 174  88 166
 306  88 166
 281  89 166
 218  93 166
 108  94 166
 263  94 166
  77  98 166
  89 100 166
   8 102 166
  47 102 166
 138 106 166
 324 112 166
 183 113 166
 346 114 166
 251 116 166
  37 117 166
 223 117 166
  99 119 166
 131 119 166
 175 124 166
 257 124 166
 223 126 166
 339 128 166
  10 129 166
  60 132 166
 100 132 166
 115 132 166
 176 133 166
  78 135 166
 142 137 166
  22 138 166
 151 150 166
 314 151 166
 127 152 166
  41 154 166
 329 154 166
 303 159 166
 163 160 166
 263 160 166
  21 162 166
 141 163 166
 124 165 166
 322 165 166
 170 169 166
  84 170 166
 277 170 166
 237 172 166
 135   5 167
 171   5 167
 319   5 167
 158  10 167
  35  13 167
 217  13 167
 254  15 167
  44  16 167
 278  18 167
 205  19 167
 293  21 167
  65  23 167
  83  23 167
 356  24 167
  36  26 167
 136  28 167
  98  30 167
 107  31 167
 210  31 167
  33  34 167
 117  36 167
 271  39 167
 280  41 167
  39  42 167
 239  44 167
   3  48 167
 343  48 167
   7  57 167
 159  57 167
 209  59 167
 300  59 167
 170  60 167
 200  60 167
   4  66 167
 234  67 167
  23  74 167
  32  78 167
  87  80 167
 185  82 167
 340  82 167
 242  85 167
 350  85 167
  20  88 167
  65  91 167
 196  91 167
 294  95 167
 231  96 167
 347 100 167
 211 102 167
 261 102 167
 319 103 167
 229 104 167
 357 104 167
  56 107 167
 308 107 167
 333 107 167
 160 109 167
 147 110 167
 280 110 167
  69 115 167
  80 119 167
 339 119 167
  48 120 167
  26 121 167
 126 125 167
 359 130 167
 201 131 167
 133 135 167
 168 135 167
 187 135 167
 296 136 167
  46 137 167
 151 137 167
 246 140 167
 105 141 167
 178 142 167
 220 144 167
  29 145 167
 201 148 167
 351 148 167
  85 150 167
 270 155 167
 355 157 167
 101 161 167
 248 161 167
  88 162 167
 132 163 167
  38 165 167
   3 166 167
 183 167 167
 309 167 167
 192 170 167
 262 171 167
 292 171 167
 200   5 168
 144  11 168
 128  13 168
  97  14 168
 229  19 168
 303  19 168
 340  19 168
 110  22 168
  51  23 168
 155  26 168
 330  26 168
 305  28 168
   4  30 168
  73  30 168
 314  30 168
 180  32 168
  23  33 168
  55  35 168
 192  35 168
 243  35 168
 356  36 168
 145  38 168
  78  40 168
 155  44 168
 253  44 168
  28  46 168
 304  46 168
 324  46 168
 209  50 168
 231  52 168
  30  58 168
 104  58 168
 245  61 168
 186  64 168
 121  65 168
 272  70 168
  61  72 168
 172  72 168
 256  73 168
 333  74 168
   3  75 168
  14  75 168
 158  75 168
  46  78 168
 145  80 168
 122  81 168
 260  82 168
   0  85 168
 251  88 168
 335  88 168
  29  89 168
 116  91 168
 273  91 168
 246  95 168
  13  96 168
 185  97 168
 102  99 168
  30 101 168
 178 101 168
 239 102 168
  97 106 168
  22 107 168
  11 111 168
 212 111 168
 239 116 168
 206 119 168
  63 120 168
  89 120 168
 353 121 168
 184 122 168
 233 122 168
 322 122 168
 140 123 168
  35 125 168
 306 131 168
 255 132 168
 221 134 168
 344 136 168
  32 137 168
  56 139 168
   0 143 168
 234 147 168
 276 149 168
 110 150 168
 136 152 168
  67 156 168
 229 158 168
 157 168 168
  15 170 168
 350 171 168
  11   6 169
 263   6 169
  41   7 169
  56   8 169
 327  10 169
 109  11 169
  19  12 169
 270  13 169
 238  14 169
 153  16 169
 140  18 169
  29  19 169
  15  20 169
 185  23 169
 268  28 169
 231  30 169
 338  32 169
  66  34 169
 305  37 169
 204  40 169
  87  41 169
 348  42 169
 198  46 169
 334  46 169
 285  49 169
 129  50 169
 260  51 169
 218  52 169
  56  53 169
 185  53 169
 351  54 169
 311  56 169
 148  58 169
 130  61 169
  20  62 169
  73  65 169
  47  66 169
 348  69 169
  94  71 169
 306  71 169
  61  81 169
 205  81 169
 314  83 169
  92  88 169
 163  90 169
  41  93 169
 303  95 169
 133  98 169
  39 103 169
 248 104 169
  83 105 169
 173 108 169
 120 110 169
 262 111 169
  91 112 169
 275 116 169
 307 116 169
 116 118 169
 162 119 169
 155 125 169
 244 125 169
 272 126 169
 281 130 169
 320 130 169
  68 136 169
  87 137 169
 121 139 169
  11 143 169
  95 144 169
 158 147 169
 243 148 169
  56 149 169
 214 149 169
  13 152 169
  26 155 169
 120 155 169
 145 155 169
 169 155 169
 338 157 169
  50 158 169
 293 158 169
  65 164 169
 211 165 169
  28 168 169
 108 168 169
 249 170 169
 145 171 169
 329 171 169
 130 172 169
 301 172 169
 317 172 169
 219 173 169
 118  10 170
   0  13 170
  79  13 170
 170  13 170
 197  13 170
 313  16 170
  89  18 170
   5  21 170
 285  24 170
 119  25 170
 164  29 170
 199  31 170
 292  32 170
  94  37 170
  11  38 170
 164  39 170
 113  43 170
 264  44 170
  47  47 170
  70  48 170
 174  50 170
 245  52 170
 194  53 170
  78  54 170
  90  54 170
 271  56 170
 335  57 170
 259  60 170
 285  61 170
  60  62 170
 356  62 170
 177  66 170
 194  70 170
 292  70 170
 315  70 170
 242  71 170
 229  73 170
 294  80 170
 176  81 170
   8  83 170
 131  83 170
 288  86 170
 101  89 170
 143  89 170
  73  90 170
 327  91 170
 152  95 170
 312  95 170
  59  96 170
 338  97 170
 202  98 170
  69  99 170
 286 100 170
 113 101 170
 219 101 170
 191 105 170
  64 106 170
 351 109 170
  31 110 170
 291 110 170
 132 111 170
 316 111 170
   1 112 170
 191 117 170
 284 118 170
 147 119 170
   2 122 170
  12 122 170
 346 125 170
 104 126 170
  74 127 170
  46 128 170
 264 133 170
 230 136 170
 205 139 170
 329 139 170
 281 140 170
 304 140 170
 269 141 170
 338 141 170
 130 142 170
  42 144 170
 187 144 170
 294 144 170
 173 148 170
 252 148 170
   1 152 170
  96 153 170
 191 154 170
 237 156 170
 321 156 170
  80 157 170
 108 158 170
 154 158 170
 177 160 170
  12 161 170
 270 165 170
  54 171 170
 339 171 170
  92 172 170
  65 173 170
 119 173 170
 189   7 171
 279   7 171
 289   7 171
 222   8 171
 249   8 171
 178  10 171
  52  15 171
 262  15 171
 220  21 171
  74  22 171
 174  22 171
 197  22 171
 251  22 171
 237  23 171
 128  27 171
 277  27 171
  90  28 171
 258  29 171
 150  32 171
 250  32 171
  44  33 171
 321  36 171
 103  37 171
 125  38 171
 213  39 171
 184  40 171
 291  42 171
 227  43 171
 144  46 171
 273  47 171
 120  50 171
 319  53 171
  43  56 171
 344  58 171
 228  59 171
  81  63 171
 217  63 171
  12  64 171
 139  64 171
 100  65 171
  29  66 171
 334  66 171
 207  67 171
 129  70 171
 263  70 171
 237  78 171
  97  80 171
 110  81 171
 329  81 171
 195  82 171
  39  83 171
 221  83 171
 213  86 171
 188  90 171
 237  92 171
  50  95 171
 270  98 171
 163  99 171
 300 103 171
 152 104 171
 106 107 171
 224 109 171
  48 110 171
  76 110 171
 331 115 171
 296 118 171
 263 121 171
  56 123 171
  93 128 171
  18 130 171
 239 131 171
   6 135 171
 109 135 171
 354 136 171
 320 139 171
 162 140 171
 259 140 171
  81 142 171
 145 144 171
  69 145 171
 286 148 171
 332 148 171
 181 153 171
 346 154 171
 309 156 171
  35 157 171
 215 158 171
 201 160 171
 286 162 171
 329 162 171
  74 163 171
 346 163 171
 225 165 171
  46 166 171
 177 172 171
 200 172 171
 359 172 171
  37 173 171
  76 173 171
 102 173 171
 284 173 171
 165 174 171
 210 174 171
  28   7 172
  64   7 172
 346   8 172
 206  11 172
 161  20 172
 348  20 172
  98  22 172
  42  23 172
 318  24 172
 345  28 172
 217  29 172
 173  41 172
  56  43 172
 100  45 172
  20  46 172
 296  50 172
 138  52 172
  13  53 172
   0  54 172
 203  54 172
 294  62 172
 111  63 172
 307  63 172
 278  65 172
 149  67 172
 323  68 172
 108  71 172
 117  71 172
  86  72 172
 186  72 172
  53  73 172
 138  73 172
  73  74 172
 220  74 172
 280  74 172
 166  76 172
 267  79 172
 153  80 172
  21  81 172
 305  81 172
  53  83 172
  83  86 172
 124  89 172
 203  89 172
 343  89 172
   6  91 172
 356  91 172
 224  92 172
 172  94 172
  23  95 172
  82  95 172
 212  95 172
 256  95 172
  94  97 172
 141  97 172
 327 100 172
 122 102 172
 340 106 172
 204 108 172
 243 110 172
 167 113 172
  19 114 172
 177 116 172
 217 118 172
 199 122 172
 311 124 172
 330 124 172
 169 125 172
 118 127 172
 134 127 172
 191 127 172
 207 127 172
 293 127 172
 146 129 172
 181 129 172
  38 133 172
 195 142 172
 114 143 172
 265 148 172
 226 149 172
 259 154 172
 187 161 172
 256 162 172
 242 164 172
   8 173 172
  23 174 172
 271 174 172
  92   7 173
 101   7 173
 163   7 173
 298   7 173
 334   7 173
 151   8 173
 231   8 173
 310   8 173
  70  14 173
 283  15 173
 333  16 173
 189  17 173
 132  20 173
  58  22 173
 148  22 173
  23  23 173
 205  26 173
 113  30 173
 329  33 173
 225  34 173
 137  35 173
 236  37 173
 257  38 173
 313  38 173
   3  39 173
  29  39 173
 338  40 173
 245  43 173
 356  44 173
  36  47 173
 162  47 173
 112  52 173
 238  56 173
  69  57 173
 327  58 173
  52  59 173
 192  61 173
 156  62 173
 267  63 173
 252  64 173
  38  67 173
 356  71 173
 341  72 173
 348  78 173
 246  79 173
 320  79 173
  69  82 173
 280  83 173
 169  85 173
 265  88 173
 297  88 173
   1  99 173
 278 102 173
  14 104 173
 256 105 173
 268 106 173
 183 107 173
 234 109 173
 141 111 173
  40 112 173
  59 113 173
 100 113 173
 153 113 173
 256 115 173
 126 116 173
 108 118 173
 250 121 173
  83 125 173
 216 127 173
  28 128 173
  64 128 173
 162 130 173
  54 131 173
 126 132 173
 336 132 173
 248 133 173
 213 135 173
 289 135 173
  97 136 173
  17 139 173
 238 140 173
  50 143 173
 312 143 173
  23 146 173
 103 147 173
 123 147 173
  35 148 173
 322 148 173
  77 149 173
 300 151 173
 207 152 173
 279 156 173
  58 157 173
  94 161 173
 116 161 173
 316 162 173
 147 163 173
 168 163 173
 300 163 173
 355 164 173
 234 167 173
 137 168 173
 186 173 173
 153 174 173
 243 174 173
 257 174 173
 309 174 173
  83   7 174
 131   8 174
 319  11 174
 292  15 174
 104  16 174
 114  17 174
 212  18 174
 269  21 174
 309  22 174
 298  23 174
 141  27 174
  16  28 174
  31  28 174
  81  28 174
 191  28 174
 354  29 174
 172  30 174
 273  34 174
 283  37 174
  71  40 174
 132  44 174
  81  46 174
 235  47 174
 311  47 174
  62  50 174
 154  50 174
  27  52 174
 253  52 174
  98  54 174
 168  54 174
 179  57 174
 119  58 174
  89  62 174
 165  62 174
  66  68 174
  19  70 174
   8  71 174
 202  73 174
 211  75 174
 229  81 174
  30  83 174
  14  89 174
 109  89 174
 179  89 174
 319  89 174
 134  91 174
 280  92 174
  34  94 174
 194  97 174
 352  98 174
 308 101 174
  90 104 174
 323 107 174
 197 112 174
  84 113 174
 342 115 174
 323 116 174
 227 117 174
  30 118 174
  74 118 174
  40 121 174
 278 123 174
 302 125 174
 227 126 174
 154 133 174
 275 133 174
 313 133 174
 173 134 174
 197 134 174
 139 135 174
  25 136 174
 224 140 174
 347 142 174
  89 147 174
  47 151 174
 130 154 174
 161 154 174
 248 154 174
  19 157 174
 139 158 174
   3 160 174
 125 161 174
  83 165 174
 278 165 174
 228 173 174
   3   7 175
  48   7 175
  74   7 175
 271   7 175
 354   7 175
 214   8 175
 240   8 175
 257   8 175
  10  13 175
  39  13 175
  60  14 175
 304  14 175
 341  14 175
 246  15 175
 123  16 175
 325  18 175
 356  19 175
 228  24 175
 337  24 175
  67  26 175
  50  28 175
 103  29 175
  59  31 175
 158  32 175
 300  32 175
  37  36 175
 349  36 175
  18  37 175
 197  38 175
 150  40 175
 299  41 175
 327  42 175
  10  45 175
 191  45 175
 219  45 175
  92  46 175
 180  47 175
 347  48 175
 339  51 175
 279  53 175
 304  53 175
 212  55 175
 288  55 175
  35  56 175
 316  61 175
   4  62 175
 235  64 175
 225  66 175
 299  69 175
 250  72 175
  27  74 175
 177  74 175
  36  75 175
 124  76 175
 311  76 175
   0  79 175
 337  79 175
 255  80 175
 138  82 175
  60  88 175
 156  88 175
 244  88 175
 289  94 175
 229  99 175
 243  99 175
  45 101 175
  77 101 175
  55 102 175
  26 104 175
 213 105 175
   6 107 175
 276 110 175
 114 111 175
 299 111 175
 209 115 175
 268 115 175
 354 116 175
 135 118 175
  94 119 175
 238 121 175
 338 123 175
 355 126 175
 257 127 175
   9 128 175
  79 133 175
 299 134 175
  61 137 175
 184 137 175
 153 142 175
   5 145 175
 137 145 175
 180 145 175
 355 146 175
  62 148 175
 198 150 175
 150 151 175
 223 157 175
 267 157 175
  29 162 175
 337 163 175
 102 165 175
 195 165 175
  18 166 175
  59 166 175
 263 167 175
 293 167 175
 323 168 175
  85 174 175
 112 174 175
 346 174 175
  19   6 176
 112   7 176
 140   8 176
  24  14 176
 224  15 176
 180  17 176
  82  19 176
 258  21 176
 244  25 176
 181  26 176
   2  27 176
 122  31 176
 264  34 176
  87  35 176
 205  35 176
 117  38 176
  49  39 176
 208  44 176
 319  45 176
 226  51 176
 266  51 176
 146  53 176
 127  55 176
 201  62 176
 350  63 176
 244  65 176
 159  70 176
  45  72 176
 330  72 176
  99  73 176
 146  74 176
 288  75 176
  62  76 176
  80  78 176
  13  79 176
  89  80 176
 184  80 176
 118  82 176
  46  86 176
 309  88 176
 334  91 176
 118  94 176
 103  96 176
 179  98 176
 318  98 176
 263  99 176
 130 102 176
 170 102 176
 292 103 176
 159 106 176
 357 106 176
 332 107 176
 308 110 176
 285 111 176
  67 112 176
  10 115 176
  50 117 176
 314 117 176
 185 118 176
  19 122 176
 321 125 176
 344 131 176
 327 132 176
  46 135 176
 117 135 176
  73 139 176
 247 141 176
 169 142 176
 211 143 176
 275 144 176
  15 147 176
 340 148 176
 237 149 176
 114 151 176
 315 152 176
  70 153 176
  86 155 176
 288 155 176
 327 155 176
 354 155 176
  42 159 176
 159 163 176
 217 165 176
 181 166 176
 206 166 176
  69 168 176
 125 170 176
  48 173 176
 171   6 177
 198   6 177
 325   6 177
 122   7 177
 158  13 177
  96  14 177
 235  15 177
 275  15 177
 201  17 177
  32  18 177
 168  18 177
 109  23 177
 290  26 177
 311  30 177
  74  32 177
   9  33 177
 186  34 177
 243  34 177
  63  41 177
 277  42 177
 107  43 177
 124  45 177
 258  46 177
 286  46 177
  52  49 177
 330  51 177
  84  54 177
  20  56 177
 106  57 177
 247  57 177
 221  58 177
 339  62 177
  45  63 177
 125  64 177
 184  64 177
  56  66 177
 287  66 177
  76  67 177
 271  70 177
 193  75 177
 161  81 177
 103  83 177
 147  84 177
 272  85 177
 350  86 177
  95  87 177
  24  88 177
 195  89 177
 231  89 177
  68  92 177
 147  93 177
 298  96 177
 343  99 177
  64 100 177
  35 103 177
  99 104 177
 144 104 177
  63 120 177
 119 120 177
 157 120 177
 289 120 177
 143 122 177
 176 123 177
 127 124 177
 269 124 177
 110 126 177
 285 128 177
 100 129 177
  88 132 177
  33 138 177
 299 143 177
 257 146 177
 219 147 177
 189 149 177
 169 151 177
   9 153 177
  29 153 177
 101 155 177
 232 157 177
  51 162 177
 249 163 177
 308 163 177
   9 166 177
  37 166 177
 332 170 177
  30 171 177
  37   5 178
 181   5 178
  56   6 178
 147  14 178
  47  16 178
 139  17 178
  16  19 178
  91  21 178
 281  22 178
 155  24 178
 165  26 178
 327  26 178
 236  28 178
  95  30 178
  24  31 178
 336  32 178
 166  35 178
 291  35 178
 130  36 178
 217  36 178
 178  37 178
  97  39 178
 142  41 178
 267  42 178
  43  45 178
 169  46 178
 199  47 178
  74  49 178
   6  52 178
 187  52 178
 353  54 178
  59  57 178
 260  57 178
 135  58 178
 273  59 178
  28  60 178
 300  60 178
 144  62 178
 173  62 178
 210  63 178
 259  66 178
 134  67 178
 312  68 178
 168  70 178
 232  72 178
 297  77 178
 200  81 178
 291  83 178
 128  84 178
 326  85 178
  76  86 178
 218  88 178
 253  88 178
 164  90 178
  88  92 178
  11  96 178
 158  96 178
 205  96 178
 219  97 178
 187 101 178
 110 102 178
 198 104 178
 248 106 178
 347 107 178
 122 109 178
 176 109 178
 219 111 178
   2 118 178
 305 118 178
 347 122 178
  47 125 178
  71 125 178
 245 126 178
  35 127 178
   1 132 178
 222 132 178
 233 132 178
 205 133 178
 255 135 178
 267 135 178
 147 136 178
 282 137 178
 104 138 178
 131 138 178
 333 139 178
 202 141 178
  96 143 178
 289 143 178
 161 145 178
 307 148 178
 177 156 178
 193 157 178
 241 157 178
  77 159 178
  65 160 178
  91 168 178
 315 169 178
 144 170 178
 170 170 178
 302 170 178
 224   5 179
 282   5 179
 341   5 179
 191  11 179
 264  12 179
 349  13 179
 312  15 179
   3  16 179
 119  23 179
 218  24 179
  38  26 179
 198  26 179
 132  27 179
 252  27 179
 148  29 179
 211  29 179
 320  31 179
 357  36 179
 306  38 179
  79  39 179
 230  39 179
 250  39 179
 158  40 179
  24  43 179
 115  46 179
 242  49 179
 160  55 179
 196  55 179
  76  58 179
  12  59 179
  96  61 179
 116  65 179
 104  66 179
  91  69 179
 217  69 179
 348  71 179
 320  72 179
 241  73 179
 113  74 179
 263  74 179
 132  76 179
 276  77 179
  51  78 179
 171  79 179
 218  79 179
 209  82 179
 237  82 179
   6  85 179
  37  86 179
  53  91 179
 127  94 179
 270  94 179
 325  94 179
 250  96 179
 333  99 179
  19 100 179
 284 100 179
 236 103 179
 226 106 179
 315 106 179
 262 108 179
  20 109 179
  51 109 179
 132 110 179
 189 110 179
  31 111 179
  92 111 179
 106 111 179
 245 115 179
 166 118 179
 202 118 179
 330 118 179
 102 120 179
 193 120 179
 210 123 179
 151 126 179
 186 128 179
 352 133 179
  10 136 179
 307 137 179
  84 140 179
 324 140 179
  41 142 179
 231 142 179
  54 149 179
 282 149 179
 273 152 179
 122 154 179
 214 154 179
 336 155 179
 202 157 179
 296 157 179
 345 157 179
 109 158 179
 133 162 179
 271 166 179
 345 166 179
 285 167 179
 117 168 179
   0 169 179
  77 170 179
 161 171 179
  67   4 180
 157   4 180
 247   4 180
 292   4 180
  10   5 180
 207   5 180
 303   5 180
 314   5 180
  88  11 180
  76  14 180
 253  14 180
 130  15 180
  66  18 180
 344  21 180
 188  22 180
  74  23 180
   9  24 180
 264  26 180
 273  26 180
 281  31 180
  44  33 180
 109  33 180
 344  41 180
   2  44 180
 334  44 180
  17  48 180
 137  48 180
 175  52 180
 315  52 180
  42  54 180
 232  56 180
 309  59 180
  68  62 180
 324  62 180
 152  65 180
 194  66 180
 358  66 180
  31  68 180
  70  76 180
 154  76 180
  42  79 180
 315  82 180
 262  83 180
 302  84 180
 341  85 180
 186  88 180
 358  88 180
  43  93 180
 239  93 180
  27  96 180
 136  97 180
  84 100 180
 152 102 180
 272 103 180
 300 104 180
  71 105 180
  60 108 180
  80 108 180
 167 109 180
 147 112 180
 233 114 180
 261 117 180
 275 117 180
  81 119 180
 220 120 180
  56 124 180
 166 127 180
 199 127 180
 308 127 180
  23 129 180
 137 129 180
  67 133 180
 242 134 180
 160 135 180
 191 136 180
  54 138 180
 122 141 180
 110 144 180
 144 144 180
 265 144 180
 129 147 180
 330 147 180
   1 151 180
  40 151 180
  93 152 180
 143 153 180
 255 154 180
 154 157 180
 320 158 180
 225 164 180
 152 166 180
 239 166 180
 256 168 180
 189 169 180
 133 171 180
 199 171 180
 212 171 180
 247 171 180
 104 172 180
 221 172 180
  94   4 181
 103   4 181
 147   4 181
  26   5 181
 233   5 181
 332  10 181
 107  12 181
 287  12 181
 296  12 181
 117  13 181
 208  14 181
 217  14 181
  55  18 181
 101  20 181
 302  20 181
 319  20 181
 175  22 181
 349  28 181
 224  30 181
 139  32 181
  65  33 181
  56  37 181
  33  41 181
 239  41 181
 185  42 181
 293  43 181
  86  44 181
 303  46 181
  99  47 181
 214  49 181
 273  49 181
  32  50 181
 294  52 181
  67  53 181
  92  53 181
 120  53 181
 205  53 181
 344  55 181
 282  59 181
  83  63 181
  19  64 181
 278  67 181
 206  70 181
 337  70 181
  14  72 181
 183  72 181
 305  72 181
   3  73 181
  21  77 181
 354  77 181
  64  83 181
 111  83 181
 178  84 181
 225  84 181
 283  85 181
 140  88 181
 172  92 181
 261  92 181
  96  95 181
 306  95 181
 357  97 181
 119 101 181
 206 106 181
  42 107 181
 339 109 181
 254 112 181
 292 112 181
  38 116 181
  24 117 181
 297 120 181
  11 122 181
  89 123 181
 231 123 181
 332 127 181
 118 128 181
 276 128 181
 293 128 181
 177 131 181
 213 131 181
 318 132 181
 342 138 181
  21 139 181
 217 139 181
 176 140 181
 357 140 181
 315 141 181
  65 142 181
  28 144 181
  77 145 181
 348 147 181
 244 148 181
 205 149 181
 227 150 181
  21 151 181
 165 158 181
  14 159 181
 185 159 181
 281 159 181
 328 162 181
  22 171 181
  55 171 181
  78   4 182
 129   4 182
 266   4 182
 164   9 182
 176  11 182
 242  18 182
 335  18 182
 229  19 182
  24  21 182
  46  24 182
  60  25 182
  84  25 182
 304  29 182
  16  32 182
  32  32 182
 193  33 182
 257  34 182
 328  34 182
 315  38 182
  11  40 182
 352  44 182
 149  45 182
  59  47 182
 251  48 182
  51  56 182
 335  56 182
 240  59 182
  36  61 182
 253  61 182
 292  61 182
 161  64 182
 267  64 182
 293  70 182
 122  71 182
  82  72 182
 140  72 182
 224  73 182
 105  76 182
 248  77 182
  31  78 182
  95  78 182
 332  78 182
 192  82 182
  84  84 182
  15  85 182
 120  88 182
 105  90 182
 293  91 182
 315  91 182
 346  92 182
  61  93 182
  75  94 182
  50  99 182
   5 101 182
 257 101 182
 323 102 182
  12 106 182
   2 110 182
 326 110 182
 156 112 182
  73 114 182
 139 115 182
 113 116 182
 126 116 182
 339 118 182
 251 121 182
 262 126 182
  80 128 182
 126 131 182
  40 133 182
  95 134 182
 169 135 182
 294 137 182
 185 142 182
 194 144 182
 102 148 182
 320 148 182
 294 149 182
  61 153 182
  48 155 182
 305 156 182
  34 158 182
  24 159 182
 262 159 182
  90 160 182
 358 160 182
 142 162 182
 211 162 182
 175 164 182
  44 165 182
 231 170 182
 352 171 182
  13 172 182
 264 172 182
 292 172 182
 339 172 182
  49   3 183
 256   3 183
 355   3 183
 216   5 183
  42  10 183
  16  11 183
  32  11 183
  62  11 183
 320  11 183
 269  18 183
 160  19 183
 292  20 183
 145  21 183
 205  22 183
 358  22 183
 311  23 183
 171  30 183
 270  34 183
 151  36 183
 298  36 183
 122  37 183
 210  37 183
  71  39 183
 201  39 183
 283  39 183
 222  41 183
 324  44 183
 161  47 183
 230  47 183
 107  50 183
 128  50 183
 152  53 183
 324  53 183
   0  56 183
 168  57 183
 182  57 183
 113  58 183
 226  62 183
 345  64 183
   7  65 183
  41  68 183
  50  68 183
  62  68 183
 175  69 183
 163  75 183
 343  77 183
 154  85 183
 202  88 183
 211  90 183
 278  92 183
 225  93 183
 112  95 183
 191  95 183
 165  97 183
 212  99 183
  92 103 183
 180 103 183
 279 107 183
 197 111 183
 269 111 183
 353 111 183
 212 112 183
 181 114 183
  58 116 183
 284 116 183
 319 116 183
 354 120 183
 133 122 183
   3 125 183
 106 131 183
 139 137 183
 274 137 183
 252 142 183
   9 144 183
 152 146 183
  85 148 183
 175 149 183
 133 154 183
 117 160 183
  99 161 183
  58 162 183
 125 163 183
  82 164 183
  64 169 183
 180 171 183
 277 171 183
 325 171 183
 112   3 184
 138   3 184
 192   3 184
 275   3 184
   2   8 184
 240   9 184
 153  11 184
 199  11 184
 342  12 184
 184  14 184
  38  18 184
 260  18 184
 126  22 184
 338  26 184
 102  28 184
 295  28 184
 159  29 184
 183  29 184
 244  29 184
   4  30 184
  52  30 184
 117  30 184
  89  32 184
 171  39 184
 135  40 184
  49  43 184
 193  43 184
 263  47 184
 281  50 184
 222  51 184
  24  52 184
 142  54 184
 266  55 184
 212  57 184
 126  59 184
 316  62 184
 234  66 184
 247  68 184
 329  68 184
 255  71 184
 198  73 184
 284  73 184
  58  76 184
 146  78 184
 269  78 184
 323  79 184
 123  80 184
 244  85 184
  29  87 184
 332  87 184
   5  92 184
  20  92 184
  35  93 184
 180  93 184
 152  94 184
 144  98 184
 103 100 184
 243 100 184
 349 100 184
 308 103 184
  26 104 184
 127 104 184
 219 104 184
 138 105 184
 240 109 184
  99 110 184
 303 111 184
 225 113 184
  16 115 184
  47 115 184
 150 119 184
 239 119 184
  31 121 184
 324 123 184
  64 125 184
 158 125 184
 342 126 184
  15 129 184
  51 130 184
 145 130 184
 250 130 184
 301 131 184
  30 132 184
 199 135 184
  75 136 184
 113 136 184
 227 136 184
 261 137 184
 208 139 184
 238 141 184
  48 143 184
 117 147 184
 213 147 184
  69 149 184
 159 151 184
 184 151 184
 197 152 184
 235 152 184
 221 156 184
 248 158 184
 272 159 184
 289 160 184
  71 162 184
 313 162 184
 337 162 184
 195 163 184
 297 164 184
 108 165 184
  29 166 184
  36 171 184
 309 171 184
  85 172 184
  96 172 184
 122 173 184
  86   2 185
 121   2 185
 175   2 185
 328   2 185
 308  10 185
  52  11 185
  98  11 185
 141  11 185
 226  11 185
 278  11 185
  83  17 185
 327  17 185
 110  19 185
 195  19 185
 135  21 185
 250  21 185
  77  30 185
 232  32 185
 341  34 185
  23  36 185
 350  36 185
 102  37 185
 113  39 185
  41  40 185
 177  45 185
 311  46 185
  79  48 185
 340  48 185
 302  54 185
 100  56 185
 191  59 185
 200  60 185
 138  62 185
 303  64 185
  72  68 185
  98  68 185
 110  68 185
 313  73 185
 213  74 185
 235  76 185
   8  79 185
  77  79 185
 137  80 185
 255  81 185
 166  83 185
  47  84 185
  56  85 185
  71  87 185
 268  87 185
 131  88 185
 337  94 185
 200  97 185
 233  97 185
 265  99 185
 291  99 185
  58 101 185
 171 103 185
 159 104 185
 191 104 185
 111 107 185
  85 113 185
 172 114 185
 310 116 185
 268 120 185
 186 121 185
  41 123 185
 172 123 185
  97 124 185
 315 124 185
 221 127 185
 206 128 185
 237 128 185
 283 131 185
 153 133 185
 326 133 185
 184 134 185
 335 134 185
 302 141 185
 281 142 185
 166 143 185
 337 145 185
 137 146 185
  33 150 185
 261 150 185
 312 150 185
 354 152 185
  77 153 185
 326 154 185
   6 156 185
 232 161 185
 350 162 185
 159 164 185
   5 165 185
  47 173 185
 111 173 185
 148 173 185
 240 173 185
   4 174 185
  40   1 186
  58   1 186
 166   1 186
 184   1 186
 202   1 186
 319   1 186
 337   1 186
 346   1 186
  16   2 186
  71   9 186
 124  11 186
 354  12 186
  24  13 186
   8  14 186
 169  15 186
  94  19 186
 283  19 186
 214  21 186
  16  23 186
  31  24 186
 236  24 186
  68  25 186
 323  26 186
 286  27 186
 217  29 186
 201  30 186
 128  31 186
 312  31 186
 163  37 186
  93  40 186
 274  41 186
 120  45 186
 206  45 186
   7  48 186
 237  51 186
  13  54 186
 257  54 186
  84  55 186
 247  55 186
 351  57 186
  62  59 186
  44  60 186
  90  61 186
 218  64 186
 129  67 186
  24  69 186
 353  70 186
 176  77 186
 205  78 186
 291  78 186
 185  79 186
 306  79 186
 101  83 186
 276  83 186
 348  83 186
 217  84 186
 232  85 186
  92  86 186
 308  88 186
 323  88 186
 160  90 186
 251  91 186
  83  92 186
  67  98 186
  41  99 186
 316  99 186
  77 102 186
 332 104 186
  34 106 186
 232 107 186
  66 110 186
   7 116 186
 207 119 186
  73 122 186
 107 122 186
 289 122 186
 192 127 186
 350 128 186
 269 130 186
  87 131 186
   5 133 186
  59 133 186
 350 138 186
  35 140 186
 100 140 186
  90 141 186
  57 144 186
 222 144 186
 272 145 186
  14 150 186
 109 151 186
 286 152 186
 342 152 186
  18 165 186
 203 165 186
 218 165 186
 167 167 186
 140 170 186
  72 171 186
 206 173 186
 300 173 186
 317 173 186
 193 174 186
 254 174 186
 157 175 186
 284 175 186
   5   0 187
  31   0 187
 228   0 187
 238   0 187
 283   0 187
 300   0 187
 309   0 187
 249   9 187
 259  10 187
 350  21 187
 153  23 187
 166  24 187
 257  26 187
  40  29 187
 249  35 187
 290  35 187
  82  37 187
 143  37 187
   0  38 187
 263  38 187
  62  39 187
 333  39 187
 245  44 187
  67  46 187
 358  48 187
  39  49 187
 169  49 187
 184  49 187
 331  49 187
 197  50 187
  73  55 187
 288  55 187
 274  56 187
  30  57 187
 147  60 187
 175  61 187
 260  62 187
 336  63 187
 183  65 187
 167  68 187
 147  69 187
 156  70 187
 190  70 187
 272  70 187
  89  73 187
  46  75 187
 116  76 187
 359  81 187
  37  82 187
 353  90 187
  49  92 187
 300  93 187
 122  95 187
  12  96 187
 328  96 187
 250 104 187
 357 104 187
 146 106 187
 295 106 187
 318 108 187
 346 108 187
 119 109 187
 163 113 187
 333 113 187
  92 117 187
 347 117 187
 197 119 187
 119 120 187
 141 122 187
 303 122 187
  22 124 187
 309 132 187
 131 136 187
 158 140 187
 328 141 187
   1 145 187
 251 150 187
 301 150 187
 124 151 187
 277 152 187
 148 154 187
 207 155 187
 172 157 187
 255 162 187
 321 163 187
 132 166 187
 172 174 187
 216 174 187
 332 174 187
  59 176 187
 130 176 187
 346 176 187
  67   0 188
  98   0 188
 151   0 188
 211   0 188
 247   0 188
 289   6 188
 207   9 188
 133  10 188
 268  10 188
 300  15 188
 313  16 188
  73  17 188
 119  19 188
 223  22 188
 275  23 188
 191  27 188
 143  28 188
 355  29 188
 277  32 188
 321  35 188
 179  36 188
 305  37 188
 233  40 188
 155  42 188
 254  42 188
  17  43 188
  27  43 188
 215  43 188
 298  44 188
 288  45 188
 140  46 188
 134  54 188
 159  54 188
 312  54 188
 328  59 188
 106  61 188
  14  63 188
 118  63 188
 207  64 188
 283  64 188
 321  68 188
  34  70 188
 263  70 188
 299  72 188
  66  75 188
 131  75 188
  24  81 188
 298  83 188
 145  86 188
 288  87 188
 194  88 188
 137  93 188
  90  96 188
 283  97 188
 274  99 188
  19 101 188
 341 101 188
  47 105 188
 259 107 188
 286 108 188
  55 109 188
 131 111 188
  26 112 188
 188 112 188
 247 113 188
 277 114 188
 296 115 188
 257 116 188
 217 117 188
  52 121 188
  83 122 188
 278 123 188
 245 124 188
 164 130 188
  22 133 188
 121 136 188
  12 137 188
  67 137 188
 245 137 188
 146 138 188
  82 139 188
 201 143 188
 289 143 188
  22 144 188
 231 145 188
  41 147 188
  94 148 188
  86 155 188
  41 156 188
 190 156 188
 240 158 188
  50 161 188
 151 162 188
 305 163 188
 182 164 188
 279 164 188
 264 165 188
 245 166 188
 225 173 188
  26 174 188
 270 174 188
 103 176 188
  78 177 188
 184 177 188
 355 177 188
  15 178 188
  39 178 188
 246 178 188
  67 179 188
 139 179 188
 292 179 188
 310 179 188
 262   0 189
 158   5 189
  91   8 189
 106   8 189
  80   9 189
 116   9 189
 191  11 189
 335  11 189
 233  14 189
  45  16 189
 177  16 189
  59  17 189
 340  19 189
 185  21 189
   5  22 189
  51  22 189
 303  23 189
 266  24 189
 176  25 189
  23  27 189
  95  27 189
 110  27 189
 331  28 189
  11  31 189
  59  31 189
  69  33 189
 223  34 189
 188  36 189
 128  42 189
 105  44 189
  87  47 189
 348  48 189
  53  49 189
  96  49 189
 229  54 189
  52  61 189
  78  62 189
 357  62 189
 241  64 189
   2  70 189
 341  70 189
  16  75 189
 243  75 189
 227  77 189
 157  79 189
 337  80 189
 314  81 189
 114  85 189
 173  86 189
 260  87 189
  63  88 189
 238  90 189
  98  91 189
 218  92 189
  27  94 189
 173  95 189
 185  98 189
 206 102 189
 226 102 189
  85 104 189
   6 106 189
 204 111 189
  39 112 189
 105 114 189
 233 115 189
 359 115 189
 332 122 189
 126 124 189
 256 125 189
 179 126 189
 229 126 189
 113 127 189
 291 131 189
 357 132 189
 214 134 189
 343 134 189
  45 135 189
 175 135 189
 316 136 189
 191 137 189
 108 142 189
 178 143 189
  50 150 189
  25 152 189
 268 153 189
 100 154 189
 228 154 189
 318 155 189
 334 155 189
  65 156 189
 139 156 189
  93 164 189
 329 165 189
 119 166 189
 357 166 189
 287 167 189
 342 167 189
  90 177 189
 232 178 189
 261 178 189
 323 178 189
 116 179 189
 164 179 189
 199 179 189
  76   0 190
 129   0 190
  23   5 190
 221   6 190
  37   9 190
 325   9 190
 162  12 190
 214  13 190
 147  14 190
 291  14 190
 102  17 190
 209  28 190
  46  34 190
  33  35 190
 343  41 190
 225  45 190
 319  46 190
 112  48 190
 269  48 190
 148  49 190
 210  51 190
 123  52 190
 341  55 190
   5  57 190
 295  59 190
 163  61 190
 310  65 190
 227  67 190
  56  68 190
 290  68 190
  78  71 190
 103  73 190
 330  74 190
 193  78 190
  86  81 190
 209  84 190
  11  85 190
 124  86 190
 183  87 190
  41  89 190
 107  93 190
 359  95 190
 257  96 190
 308  96 190
 114 100 190
 153 100 190
  97 104 190
 268 106 190
 177 108 190
  14 109 190
  74 110 190
 153 110 190
 324 113 190
  63 118 190
  13 121 190
 164 121 190
 151 125 190
 134 128 190
  36 129 190
  76 129 190
 100 130 190
 255 134 190
 234 135 190
 267 138 190
  73 143 190
 257 143 190
 309 143 190
 319 144 190
 189 146 190
 242 146 190
 348 146 190
 144 147 190
 169 149 190
 116 154 190
  17 157 190
 162 157 190
 295 157 190
 128 158 190
  29 159 190
 107 159 190
 214 159 190
  78 160 190
  36 164 190
  56 167 190
 101 167 190
 235 167 190
 189 168 190
  50 179 190
 338 179 190
  48   0 191
 271   0 191
 354   0 191
 143   4 191
   9   6 191
  61   7 191
 170   7 191
 179   7 191
 314   7 191
 347   8 191
 242  14 191
   0  15 191
  15  15 191
  30  16 191
 201  16 191
 320  20 191
  87  22 191
  78  23 191
 293  23 191
 122  27 191
 343  27 191
 151  31 191
 239  31 191
 135  32 191
 298  32 191
 170  34 191
 119  36 191
 204  36 191
  53  39 191
 313  39 191
   8  40 191
  74  40 191
 280  44 191
  61  52 191
 176  52 191
 217  55 191
 320  55 191
  20  56 191
  38  57 191
 235  59 191
 252  60 191
  68  62 191
  97  62 191
 268  62 191
 198  67 191
 139  68 191
 122  70 191
 278  74 191
 219  75 191
 347  75 191
 166  76 191
  53  78 191
  95  78 191
 108  80 191
 249  80 191
  78  86 191
 341  87 191
 273  91 191
 316  91 191
 229  92 191
 206  93 191
  56  95 191
  74  95 191
 129  98 191
  33  99 191
 165 101 191
 215 101 191
 238 102 191
 197 105 191
 303 105 191
 310 109 191
 139 112 191
 113 116 191
 178 117 191
 212 125 191
  58 126 191
 200 126 191
 321 128 191
 276 132 191
 205 135 191
 297 136 191
  53 138 191
 125 143 191
 209 144 191
  64 146 191
 155 148 191
   7 149 191
 217 150 191
  57 154 191
 180 155 191
 348 155 191
 359 156 191
 198 157 191
 226 164 191
  65 165 191
  83 167 191
  11 168 191
  43 168 191
 277 178 191
 149 179 191
 209 179 191
 110   0 192
 191   0 192
 231   6 192
 277   6 192
 303   6 192
 199   7 192
 283  12 192
 252  15 192
 273  15 192
 127  16 192
 137  16 192
  38  22 192
 244  22 192
 311  24 192
 131  25 192
 229  26 192
 162  31 192
 269  31 192
 101  32 192
 260  32 192
  18  35 192
  90  35 192
 213  35 192
 109  36 192
 195  39 192
 172  42 192
  35  43 192
 163  44 192
  46  46 192
 260  46 192
 305  47 192
 190  53 192
 114  56 192
 305  59 192
 154  61 192
 345  62 192
  42  67 192
 176  68 192
 254  68 192
 212  69 192
 234  71 192
 183  73 192
 150  75 192
 141  76 192
 266  77 192
  71  80 192
 284  80 192
 328  83 192
 153  87 192
  19  88 192
 166  92 192
 293  92 192
 145  94 192
 245  94 192
 346  94 192
 194  96 192
 137 101 192
 322 101 192
  62 104 192
 106 105 192
 278 105 192
 219 108 192
 352 111 192
 340 114 192
  80 115 192
 265 115 192
 285 116 192
  31 117 192
 315 117 192
  44 118 192
 225 119 192
   2 122 192
 237 122 192
 353 122 192
 295 123 192
 340 123 192
  90 125 192
 265 125 192
  67 126 192
  28 127 192
 331 131 192
 141 132 192
 223 133 192
 107 134 192
  29 136 192
 283 137 192
 336 140 192
 136 141 192
 116 143 192
  85 146 192
 295 147 192
 329 148 192
 133 150 192
 307 153 192
 257 154 192
 286 159 192
 142 163 192
 173 164 192
 312 166 192
 209 167 192
 110 168 192
 155 168 192
 295 168 192
 125 171 192
   7 178 192
  31 179 192
 301 179 192
  89   0 193
 325   0 193
 254   1 193
   0   5 193
 241   5 193
  52   7 193
  67  13 193
 222  14 193
 262  15 193
 330  18 193
 208  20 193
 160  21 193
  64  22 193
 199  25 193
 250  27 193
 182  29 193
 317  29 193
   2  30 193
  82  30 193
 284  33 193
 348  33 193
 328  36 193
 243  38 193
 353  39 193
 137  40 193
 148  40 193
  98  41 193
 181  43 193
 236  46 193
  12  49 193
  72  49 193
 248  49 193
  28  50 193
 293  50 193
  80  52 193
 103  52 193
 282  52 193
 141  55 193
 200  55 193
 262  55 193
  89  56 193
 181  58 193
 126  59 193
 277  61 193
  25  62 193
 134  62 193
 189  62 193
  85  65 193
 329  66 193
 113  69 193
  10  70 193
  27  73 193
 203  73 193
 306  73 193
 321  76 193
  32  79 193
 121  79 193
 234  80 193
 353  80 193
 132  82 193
 200  82 193
 162  85 193
 223  85 193
   2  86 193
 332  90 193
 334  98 193
 297  99 193
 351 100 193
  25 104 193
  39 104 193
 244 107 193
 336 107 193
  89 110 193
 227 110 193
 122 114 193
 211 114 193
 146 116 193
 156 117 193
 191 118 193
  98 119 193
 308 125 193
  46 126 193
 284 126 193
 171 127 193
   7 128 193
  16 128 193
 186 129 193
 248 130 193
 156 131 193
  91 134 193
 167 136 193
   1 138 193
  15 143 193
  31 144 193
 280 146 193
 264 147 193
 339 148 193
 196 149 193
  76 150 193
 248 156 193
 273 158 193
 326 158 193
   7 159 193
 339 160 193
  23 166 193
 198 167 193
 252 168 193
 146 170 193
 322 170 193
 349 170 193
   2 171 193
 163 171 193
 178 171 193
 191 179 193
 219 179 193
  37   0 194
 119   0 194
 176   0 194
 293   0 194
 334   0 194
 343   0 194
  99   6 194
 124   7 194
 307  13 194
  85  14 194
  94  15 194
 110  15 194
 350  15 194
 154  16 194
 192  18 194
 169  19 194
  21  20 194
 142  22 194
 284  22 194
  30  28 194
 337  34 194
 230  35 194
 273  38 194
 293  40 194
  81  43 194
 330  44 194
 200  45 194
 131  48 194
 337  48 194
   3  49 194
 354  52 194
  47  55 194
 223  60 194
 298  66 194
  71  69 194
 258  75 194
   3  77 194
  41  78 194
 295  78 194
  61  80 194
 272  82 194
 305  83 194
  49  86 194
  34  87 194
 252  87 194
  88  88 194
 117  91 194
 282  91 194
   7  93 194
  66  94 194
 265  95 194
  45  96 194
  82  96 194
 288 100 194
 121 102 194
 188 104 194
 168 108 194
  19 114 194
  56 115 194
 303 115 194
 132 118 194
 250 118 194
 273 120 194
 119 130 194
  83 132 194
  62 134 194
 305 137 194
  97 139 194
 152 140 194
 227 140 194
 218 141 194
 250 141 194
 274 141 194
 101 146 194
 355 148 194
  35 151 194
 235 151 194
  92 156 194
  73 167 194
 270 167 194
 135 170 194
 303 170 194
 260 171 194
 240 172 194
 287 176 194
 109 177 194
  21 179 194
 252 179 194
  16   0 195
  59   0 195
 137   0 195
 163   0 195
 217   0 195
 150   6 195
 263   6 195
  30   7 195
 184  12 195
 318  13 195
 216  22 195
 354  22 195
  11  23 195
  45  26 195
  55  26 195
 127  34 195
 252  37 195
  25  38 195
  65  40 195
 121  43 195
 209  44 195
 155  50 195
 166  51 195
 273  53 195
 328  53 195
  12  58 195
 245  58 195
 286  59 195
  59  60 195
 171  60 195
 322  62 195
  33  65 195
 246  67 195
 351  67 195
 159  68 195
  91  70 195
 315  70 195
  62  71 195
  49  72 195
  82  76 195
 174  77 195
 100  83 195
 140  85 195
 214  88 195
 188  91 195
 179  96 195
  15  97 195
 314  99 195
   0 102 195
  53 103 195
  71 103 195
 145 103 195
 254 104 195
 128 106 195
 113 108 195
 292 108 195
   6 113 195
 330 116 195
 200 117 195
 106 122 195
 313 131 195
 350 131 195
 127 132 195
  38 136 195
 323 136 195
 183 138 195
 197 138 195
 239 139 195
 352 139 195
  44 142 195
  57 144 195
 163 145 195
 225 149 195
 108 150 195
 206 152 195
 151 156 195
  46 157 195
 222 158 195
 120 159 195
 263 159 195
 186 160 195
 234 160 195
 134 161 195
 218 167 195
 280 169 195
 333 169 195
  30 170 195
  89 171 195
  49 172 195
  61 173 195
  97 174 195
 313 174 195
  72 176 195
 171 178 195
 330 178 195
  83 179 195
 126 179 195
 157 179 195
 267 179 195
 347 179 195
 205   0 196
 226   0 196
 284   0 196
 310   0 196
  68   3 196
  75   7 196
 211   8 196
 295   8 196
  43  10 196
 340  12 196
   8  14 196
  55  14 196
 235  19 196
 115  21 196
 103  23 196
 259  24 196
 336  24 196
  70  27 196
 326  27 196
 221  28 196
 191  31 196
 143  32 196
 306  32 196
 157  39 196
 219  39 196
 188  46 196
  21  47 196
 312  49 196
  37  50 196
 207  58 196
 334  58 196
 146  61 196
   2  64 196
 104  64 196
 337  67 196
 269  69 196
  19  70 196
 129  71 196
 191  71 196
 210  77 196
  19  79 196
 185  80 196
 241  83 196
 127  91 196
 354  91 196
 304  92 196
 323  92 196
 157  93 196
  93  94 196
 235  95 196
 222  96 196
 101  97 196
 157 104 196
  79 105 196
 327 106 196
  31 109 196
  45 109 196
 318 109 196
  98 110 196
 260 110 196
  65 111 196
 170 116 196
  70 117 196
  86 119 196
  23 121 196
  36 122 196
 116 122 196
  75 123 196
 139 123 196
 219 126 196
 239 129 196
 269 131 196
 339 131 196
  71 134 196
 173 141 196
 181 147 196
 303 147 196
  21 148 196
 287 149 196
 315 150 196
  83 154 196
 172 154 196
  70 158 196
  60 160 196
  99 160 196
 300 160 196
 352 160 196
 165 162 196
 228 171 196
  15 173 196
 202 174 196
 135 179 196
 180 179 196
  26   0 197
  18   8 197
 248   8 197
 132   9 197
 331   9 197
  74  16 197
 297  16 197
 177  20 197
 276  21 197
  93  24 197
 299  24 197
 115  30 197
  39  34 197
  60  34 197
 320  36 197
   1  38 197
 263  38 197
 113  41 197
 301  41 197
  90  43 197
  56  44 197
 346  45 197
 141  46 197
 216  48 197
 228  49 197
 240  52 197
 254  53 197
 299  54 197
 313  58 197
  75  60 197
 118  61 197
 261  63 197
 282  68 197
 168  69 197
 226  73 197
 341  74 197
  10  80 197
 315  84 197
 109  86 197
 290  86 197
 176  87 197
 264  87 197
 202  89 197
  25  91 197
 135  94 197
 210  97 197
 274  97 197
 201  99 197
 205 106 197
 344 106 197
 235 109 197
 283 109 197
 272 111 197
 184 113 197
 241 115 197
 218 116 197
 294 116 197
 346 117 197
 258 119 197
 321 120 197
 182 122 197
 206 122 197
 194 125 197
 328 125 197
 300 127 197
 257 128 197
 230 129 197
  52 130 197
 177 131 197
  21 133 197
 148 133 197
   9 135 197
 291 135 197
 260 136 197
 211 137 197
 112 138 197
  78 140 197
 314 140 197
 143 142 197
  92 147 197
 253 148 197
 119 149 197
  68 150 197
 271 150 197
 140 152 197
  26 155 197
 310 159 197
 208 160 197
  51 163 197
 242 163 197
 291 163 197
 117 170 197
 341 171 197
  38 174 197
 356 178 197
 243 179 197
 319 179 197
   7   0 198
 184   0 198
 235   0 198
 301   0 198
 111   6 198
 192   6 198
  91   7 198
 158   8 198
 270   9 198
 141  10 198
 174  10 198
 102  13 198
 230  13 198
  35  17 198
 149  24 198
 168  27 198
  17  28 198
 156  28 198
 205  28 198
 278  29 198
 292  32 198
  50  34 198
  74  34 198
 175  35 198
 285  40 198
  13  41 198
 104  44 198
 267  45 198
 322  47 198
  95  49 198
  55  53 198
 345  54 198
 133  55 198
  68  56 198
 356  59 198
 215  61 198
  49  62 198
 230  62 198
 238  65 198
 150  68 198
 219  68 198
  36  72 198
 289  72 198
  98  73 198
 357  73 198
 117  74 198
 249  74 198
 106  75 198
 160  76 198
 332  77 198
 151  81 198
 345  81 198
  65  86 198
  55  90 198
  38  93 198
 254  94 198
 170  96 198
 110  97 198
 227 102 198
  88 103 198
   8 104 198
 180 104 198
  17 105 198
 136 108 198
 193 110 198
 358 112 198
 105 114 198
 232 118 198
  10 119 198
 149 122 198
 160 122 198
  96 127 198
 359 129 198
 134 135 198
 343 138 198
 330 139 198
   4 144 198
 203 144 198
 130 145 198
  48 148 198
 149 148 198
 243 149 198
 346 150 198
  12 151 198
 188 151 198
 323 152 198
 160 154 198
 293 154 198
 333 154 198
 111 157 198
  37 158 198
  14 160 198
 253 160 198
 279 161 198
 318 161 198
 194 162 198
   0 163 198
 186 171 198
 295 175 198
 144 178 198
 232 178 198
 116 179 198
  82   0 199
 129   0 199
 145   0 199
 275   0 199
  44   1 199
 318   1 199
 350   1 199
 167   6 199
 287   7 199
 220   8 199
   1  11 199
 202  11 199
 147  15 199
  46  17 199
 324  17 199
 268  18 199
 131  19 199
 310  19 199
 253  20 199
   2  22 199
  82  22 199
 345  22 199
 239  25 199
 135  28 199
 265  28 199
 355  30 199
  96  31 199
 244  31 199
 166  36 199
 207  37 199
 236  38 199
 310  38 199
 342  38 199
  42  41 199
 129  41 199
 254  44 199
 276  44 199
 174  47 199
  64  48 199
 110  50 199
 123  50 199
 147  51 199
 180  52 199
  24  56 199
  97  57 199
 159  57 199
 196  61 199
 182  64 199
 306  66 199
 202  67 199
  79  69 199
 140  71 199
 238  74 199
 195  77 199
 279  77 199
  89  78 199
 217  80 199
  75  83 199
 125  83 199
 229  86 199
 278  86 199
  13  87 199
 298  88 199
  80  89 199
 343  90 199
  29  98 199
 241  99 199
 305 100 199
 216 104 199
 160 111 199
 310 116 199
 337 119 199
  60 120 199
 280 121 199
 124 123 199
 164 129 199
 209 129 199
 104 130 199
  32 131 199
 280 132 199
 191 134 199
 121 139 199
  87 140 199
 267 140 199
 297 140 199
  65 142 199
 214 149 199
   2 153 199
  54 153 199
 128 154 199
 178 159 199
  84 162 199
 153 163 199
 329 163 199
 126 164 199
  41 165 199
 103 166 199
 170 169 199
  80 172 199
 211 173 199
  53 178 199
 104   0 200
 244   0 200
 260   0 200
 324   6 200
  82   9 200
 117  11 200
 239  11 200
 277  12 200
  23  13 200
 124  15 200
 161  15 200
 289  15 200
  62  16 200
 213  16 200
 202  20 200
 185  21 200
  26  23 200
 290  24 200
 316  24 200
  37  26 200
 124  27 200
 107  29 200
   8  31 200
  87  32 200
 197  35 200
 183  37 200
  31  41 200
  73  43 200
 244  43 200
 288  47 200
 194  50 200
 203  50 200
  86  52 200
   7  53 200
  39  57 200
 270  61 200
 253  62 200
 292  62 200
  16  63 200
 127  64 200
 323  69 200
  54  76 200
  68  76 200
 310  77 200
 262  79 200
  26  81 200
  45  82 200
 167  82 200
 358  83 200
 324  84 200
 335  84 200
 195  86 200
 245  89 200
 144  90 200
 329  96 200
  59  97 200
 283  97 200
 347  97 200
 264 102 200
  58 107 200
 309 107 200
 352 107 200
 149 108 200
 120 109 200
  83 112 200
  37 113 200
  50 114 200
 139 115 200
 266 120 200
 357 121 200
 247 125 200
 290 125 200
 347 125 200
 249 135 200
  55 137 200
 159 138 200
  25 139 200
 283 141 200
 232 144 200
 335 145 200
 261 152 200
 143 159 200
 344 161 200
  28 163 200
 226 163 200
  66 166 200
   7 168 200
 158 169 200
 195 172 200
 275 176 200
 304 176 200
  28 178 200
 102 178 200
 259 178 200
  43 179 200
  64 179 200
 155   0 201
  52   2 201
 358   2 201
 339   5 201
  11   6 201
  60   6 201
 304   7 201
  36   8 201
 255  10 201
 313  10 201
 348  10 201
 246  17 201
 229  26 201
 331  31 201
  22  33 201
 148  36 201
 226  40 201
 167  44 201
 354  45 201
  47  47 201
  78  49 201
 266  54 201
 279  55 201
 306  56 201
 111  58 201
 139  59 201
  88  60 201
 346  62 201
  26  65 201
  67  65 201
  55  67 201
   7  68 201
 209  70 201
 183  72 201
 301  75 201
 145  77 201
 253  80 201
  35  81 201
 157  85 201
   3  89 201
 220  89 201
 314  92 201
  71  95 201
 194  95 201
 119  96 201
 149  96 201
 294  97 201
  49  99 201
 127  99 201
 337  99 201
 320 101 201
  36 102 201
 248 102 201
  24 108 201
 249 111 201
 336 111 201
 127 113 201
 207 113 201
 112 117 201
  94 118 201
 175 120 201
  43 123 201
  15 124 201
 312 124 201
  66 125 201
  81 126 201
 320 129 201
 113 130 201
 200 130 201
 220 133 201
 103 139 201
  14 140 201
  35 143 201
 321 143 201
  80 148 201
 168 148 201
 279 151 201
  97 152 201
 197 152 201
 307 152 201
 269 160 201
  76 161 201
 215 162 201
 112 165 201
 258 165 201
 181 166 201
 309 167 201
  56 168 201
 142 168 201
 247 168 201
 319 169 201
 129 171 201
 286 171 201
 352 171 201
  23 172 201
 220 173 201
   6 177 201
  90 177 201
 164 178 201
 336 179 201
 211   1 202
 193  14 202
 262  14 202
  90  15 202
  14  16 202
 333  16 202
 221  17 202
  52  21 202
  67  22 202
 193  23 202
 213  28 202
 253  29 202
 300  31 202
 120  36 202
 271  36 202
 100  37 202
 138  38 202
 333  39 202
   4  44 202
 304  47 202
 332  48 202
  16  53 202
 220  53 202
 291  54 202
 321  55 202
 168  56 202
  96  66 202
 111  67 202
 262  70 202
  44  71 202
 274  72 202
 134  79 202
 203  79 202
  95  82 202
 117  82 202
 186  86 202
 101  88 202
  47  90 202
 164  91 202
 269  91 202
  87  92 202
   8  96 202
 355  98 202
  78  99 202
 139  99 202
  96 103 202
 172 103 202
 104 105 202
  72 108 202
 298 108 202
 226 110 202
 288 113 202
 326 113 202
 192 118 202
 300 119 202
  30 121 202
 237 123 202
 132 124 202
 186 127 202
 334 128 202
 142 129 202
  87 131 202
  43 132 202
 304 132 202
 169 134 202
 233 135 202
   1 136 202
 306 140 202
 222 141 202
 192 142 202
 113 145 202
 354 145 202
 157 147 202
  40 149 202
 228 153 202
 247 155 202
  92 163 202
  19 165 202
 234 166 202
 296 167 202
 272 169 202
 327 172 202
 252 174 202
 152 178 202
 187 179 202
  33   0 203
  74   0 203
  90   0 203
 118   0 203
 175   0 203
 199   0 203
 333   0 203
 182   8 203
 108  16 203
 353  16 203
 303  17 203
 168  18 203
 176  27 203
  57  28 203
 347  29 203
  67  33 203
 283  33 203
 218  34 203
 258  35 203
 110  36 203
 350  38 203
  20  42 203
 152  43 203
 315  43 203
 235  46 203
 132  48 203
  32  49 203
 340  50 203
 247  51 203
 229  55 203
 151  57 203
 328  58 203
 175  60 203
 338  61 203
 315  64 203
 158  65 203
 298  66 203
 174  70 203
 331  70 203
 348  70 203
  86  71 203
  13  73 203
 229  78 203
 320  78 203
 290  79 203
 176  80 203
  59  81 203
 270  82 203
 209  85 203
 307  86 203
 136  87 203
 236  88 203
  18  92 203
 185  95 203
 156  99 203
 188 104 203
 272 104 203
  10 111 203
 174 111 203
 277 114 203
 222 120 203
  51 124 203
 271 125 203
 155 130 203
  64 134 203
 351 134 203
  95 135 203
 180 136 203
 150 140 203
 275 140 203
 253 141 203
 241 142 203
 137 147 203
 105 153 203
 353 154 203
 120 155 203
 236 155 203
 204 156 203
 204 167 203
  46 170 203
  71 171 203
 111 175 203
 174 175 203
 312 178 203
  14 179 203
  73 179 203
 198 179 203
 287 179 203
  20   0 204
 137   0 204
 164   0 204
 220   0 204
 252   0 204
 293   0 204
 228   2 204
 267   2 204
 281   3 204
  99   8 204
  70  10 204
 139  17 204
  97  19 204
 281  22 204
 117  23 204
 325  24 204
  43  29 204
 184  29 204
 161  31 204
 233  32 204
 317  32 204
  54  38 204
  82  40 204
 189  40 204
 295  40 204
 199  42 204
 210  43 204
 118  45 204
 260  47 204
 158  48 204
 210  52 204
 355  53 204
  48  55 204
 186  55 204
  60  56 204
 124  57 204
 237  58 204
 246  60 204
 282  62 204
  41  64 204
 358  65 204
 133  68 204
 231  68 204
 246  69 204
  30  71 204
 110  79 204
 242  79 204
 352  79 204
 256  87 204
 284  89 204
  31  90 204
 107  92 204
 177  92 204
 226  94 204
 206  95 204
 260  96 204
 164 101 204
   1 105 204
 113 105 204
 143 105 204
 199 105 204
 240 110 204
 217 111 204
 263 111 204
 344 112 204
  29 113 204
 152 114 204
  74 116 204
 253 117 204
 101 121 204
 199 121 204
 212 121 204
 228 125 204
   6 126 204
 261 130 204
 121 131 204
 242 133 204
 325 134 204
  74 135 204
 337 135 204
 203 137 204
  47 138 204
 213 141 204
 183 143 204
  57 144 204
  73 144 204
 289 144 204
 344 144 204
  18 146 204
  26 148 204
 298 148 204
  62 150 204
 221 150 204
  87 151 204
 175 151 204
 316 153 204
  70 154 204
 286 154 204
  44 155 204
 339 155 204
 152 156 204
   7 157 204
 134 157 204
 165 157 204
 298 157 204
 326 157 204
 188 158 204
 285 163 204
 336 166 204
  33 168 204
 149 171 204
 238 172 204
 134 176 204
 226 177 204
 345 179 204
 190   0 205
 311   0 205
 236   5 205
 146   6 205
 125   7 205
 296   7 205
  44   8 205
 136   9 205
 212   9 205
  51  11 205
 154  13 205
 319  14 205
   5  15 205
  77  17 205
 232  17 205
 341  17 205
  19  21 205
 145  22 205
 155  22 205
 272  22 205
 262  23 205
 102  25 205
  76  27 205
 309  30 205
  30  32 205
   0  33 205
 129  33 205
  14  34 205
  91  39 205
  61  42 205
 100  50 205
 140  50 205
  78  57 205
 103  58 205
   8  60 205
 209  61 205
 189  62 205
 220  62 205
 166  66 205
  73  68 205
 119  68 205
 194  68 205
 285  69 205
 339  71 205
 221  72 205
 154  75 205
  20  76 205
  76  76 205
  82  81 205
  69  88 205
 126  89 205
 350  89 205
 325  91 205
  93  96 205
 214  97 205
 235  97 205
  22  98 205
 286 103 205
  66 104 205
 326 104 205
  82 105 205
  51 106 205
 315 110 205
  91 112 205
  59 114 205
  16 115 205
 164 115 205
 351 115 205
 184 117 205
 119 119 205
 330 119 205
 258 123 205
  21 127 205
 177 127 205
  57 128 205
 296 128 205
 129 133 205
 272 133 205
 286 133 205
 143 137 205
 125 143 205
 260 144 205
 313 144 205
 327 146 205
   8 148 205
  31 154 205
  55 159 205
 306 160 205
 356 161 205
 171 162 205
 345 168 205
  96 169 205
 121 170 205
 263 170 205
 359 173 205
  60 174 205
  36 178 205
  82 178 205
 267 178 205
 122 179 205
 212 179 205
 109   3 206
   4   4 206
  24   6 206
 171   9 206
 246   9 206
 329   9 206
  29  14 206
 295  16 206
 177  17 206
  38  18 206
 207  23 206
 356  23 206
   7  24 206
  86  24 206
 223  24 206
 247  24 206
 296  25 206
 340  26 206
 196  29 206
  46  36 206
  76  36 206
 245  36 206
 323  36 206
 176  38 206
 282  43 206
 218  44 206
  11  46 206
 180  46 206
 270  46 206
  93  47 206
  69  50 206
 314  52 206
 298  56 206
  32  58 206
 260  61 206
 143  64 206
 103  68 206
 254  71 206
  61  72 206
 200  73 206
 124  74 206
 165  75 206
   2  76 206
 187  77 206
 342  79 206
   9  82 206
 296  83 206
  60  89 206
 338  89 206
 117  90 206
 246  95 206
 275  95 206
 302  95 206
 311 100 206
  12 102 206
 342 104 206
  42 105 206
 129 105 206
 257 106 206
   0 114 206
  43 115 206
 142 120 206
 320 121 206
 153 122 206
 167 122 206
 285 122 206
 306 122 206
 342 122 206
  75 124 206
 108 125 206
 215 128 206
  10 132 206
 312 132 206
  34 135 206
 111 138 206
  96 145 206
 268 148 206
 145 149 206
 184 151 206
  17 155 206
 108 160 206
 196 164 206
 136 165 206
 104 171 206
 299 173 206
 243 177 206
  41   0 207
  59   0 207
  98   0 207
 322   0 207
 346   0 207
  80   4 207
 202   6 207
 272   7 207
 191   8 207
  88   9 207
 284  10 207
  58  14 207
 199  16 207
 128  17 207
 239  20 207
 306  23 207
 146  30 207
 203  33 207
 162  39 207
 339  41 207
 250  42 207
 110  44 207
 325  44 207
  26  46 207
  41  46 207
 227  46 207
 347  52 207
 273  53 207
 162  54 207
 197  54 207
 132  58 207
  22  60 207
  51  62 207
 307  62 207
 272  65 207
 149  69 207
 317  71 207
  50  74 207
  92  74 207
 211  76 207
 281  79 207
 329  79 207
 220  81 207
 146  83 207
  40  87 207
 200  87 207
 290  93 207
  30 101 207
 225 103 207
 207 106 207
 234 106 207
 134 111 207
 231 116 207
  65 118 207
  36 124 207
 192 130 207
  26 132 207
  82 139 207
 171 140 207
   3 142 207
 204 145 207
  48 146 207
 244 148 207
 255 154 207
 212 156 207
 262 158 207
 276 158 207
 125 160 207
 222 160 207
 317 161 207
  62 162 207
 242 163 207
  80 165 207
 186 169 207
 211 169 207
  11 170 207
 163 170 207
  51 175 207
 280 177 207
 320 178 207
 329 178 207
  22 179 207
 141 179 207
  66   3 208
 257   4 208
 352   4 208
 114   8 208
  14   9 208
 308   9 208
 220  10 208
 117  15 208
  46  20 208
 131  24 208
  28  25 208
  92  28 208
 120  29 208
 266  31 208
 291  35 208
  35  37 208
 304  39 208
 131  40 208
 143  41 208
  84  48 208
 123  49 208
 285  50 208
 148  51 208
   2  55 208
 255  56 208
  68  59 208
  94  59 208
 115  60 208
 352  62 208
  82  63 208
 237  71 208
 307  71 208
  37  73 208
 265  75 208
 104  76 208
  29  82 208
 193  82 208
  50  83 208
 247  83 208
 231  84 208
  17  85 208
  88  85 208
 163  85 208
 315  86 208
 359  86 208
 171  88 208
 150  89 208
  76  90 208
 138  93 208
   2  95 208
  40  96 208
  63  97 208
 197  98 208
 110  99 208
 179 103 208
 294 104 208
 304 109 208
 116 111 208
 100 112 208
 271 112 208
 294 115 208
 243 116 208
  86 121 208
 126 121 208
   1 122 208
 351 124 208
 161 132 208
 252 132 208
 225 134 208
 136 135 208
 297 136 208
 228 142 208
 280 144 208
 194 148 208
 129 149 208
 334 149 208
 116 150 208
 162 150 208
  78 154 208
  91 156 208
 156 161 208
  46 162 208
 330 162 208
  70 164 208
 228 165 208
  25 166 208
 311 171 208
  95 178 208
 179 179 208
 255 179 208
 182   0 209
 156   3 209
 163   8 209
 338   9 209
 228  12 209
 256  13 209
  64  18 209
 185  18 209
 216  22 209
 319  22 209
 287  24 209
 333  24 209
 169  25 209
 109  27 209
  64  28 209
 227  30 209
 275  30 209
 153  33 209
 211  34 209
 332  34 209
   5  37 209
 236  38 209
 103  40 209
  51  46 209
 191  46 209
 295  48 209
 240  49 209
 307  50 209
 112  53 209
 202  59 209
 228  62 209
 180  63 209
 331  63 209
  12  65 209
 291  72 209
 137  73 209
 179  73 209
  66  77 209
 306  80 209
 126  81 209
  97  86 209
 263  88 209
  50  93 209
 341  96 209
 121  98 209
 252  99 209
 280 100 209
 351 104 209
 150 106 209
 333 106 209
 160 109 209
 191 109 209
 181 111 209
  82 113 209
 197 113 209
 209 115 209
  50 117 209
  21 119 209
 278 120 209
  93 124 209
 245 124 209
 204 125 209
 235 129 209
 358 132 209
 102 134 209
 197 135 209
  16 136 209
  57 136 209
 344 136 209
 119 139 209
  39 140 209
  65 140 209
 160 141 209
  89 142 209
 234 146 209
 103 147 209
 348 149 209
  52 152 209
 198 155 209
  36 158 209
  98 159 209
 344 159 209
 180 161 209
 145 163 209
 250 164 209
   6 165 209
 291 165 209
 115 166 209
  87 168 209
 277 170 209
 197 172 209
  65 178 209
   2 179 209
 167 179 209
  13   0 210
  50   0 210
 124   0 210
 144   0 210
 244   0 210
 303   0 210
 103  12 210
 359  13 210
 146  14 210
 274  14 210
 349  14 210
 163  17 210
 329  17 210
  53  24 210
 137  28 210
 255  31 210
 350  32 210
  99  33 210
 172  33 210
 187  34 210
  21  35 210
 277  38 210
 267  39 210
 313  39 210
 353  41 210
 167  44 210
  57  50 210
 327  51 210
 171  52 210
 216  53 210
  42  54 210
 180  54 210
 289  58 210
 317  58 210
 343  62 210
  58  64 210
  24  67 210
 211  67 210
 352  72 210
 277  73 210
 325  73 210
 139  81 210
 113  84 210
 333  85 210
 273  87 210
 212  89 210
 221  89 210
 184  90 210
 155  94 210
 191  94 210
  81  95 210
 329  96 210
 100  97 210
 266  97 210
 171  98 210
 319 100 210
  90 104 210
 216 104 210
  17 106 210
  58 107 210
 321 112 210
  35 114 210
 222 114 210
 188 122 210
 266 122 210
 332 125 210
  66 126 210
  43 127 210
 115 127 210
 322 128 210
  49 131 210
  81 131 210
 280 131 210
 264 135 210
 330 137 210
  25 141 210
 302 141 210
 218 144 210
 320 145 210
 305 148 210
   0 152 210
 292 155 210
  23 158 210
 256 168 210
 352 169 210
 218 171 210
 232 171 210
 338 176 210
 114 178 210
 204 178 210
 104 179 210
 155 179 210
 234 179 210
 302 179 210
 211   0 211
 287   0 211
 337   0 211
  32   4 211
 132   5 211
  37   9 211
  93  13 211
  19  14 211
 264  14 211
 289  14 211
 190  23 211
 348  24 211
  37  27 211
  13  28 211
 301  32 211
  70  34 211
 121  37 211
  67  44 211
 203  44 211
 257  44 211
  77  45 211
 343  46 211
   0  47 211
  17  48 211
 248  54 211
 224  55 211
 153  59 211
 137  62 211
 162  62 211
 323  62 211
  34  64 211
   2  67 211
 263  67 211
 157  80 211
 286  83 211
 346  84 211
  22  91 211
 232  92 211
  11  95 211
 351  95 211
 162  97 211
 143  98 211
  72 105 211
 268 105 211
 169 108 211
 280 110 211
 337 112 211
 140 114 211
 106 116 211
 300 119 211
 175 121 211
 223 123 211
 133 124 211
 159 124 211
 312 124 211
 144 126 211
 290 126 211
  94 132 211
 170 132 211
 180 132 211
 150 133 211
 216 135 211
 270 140 211
 178 142 211
 141 144 211
 253 145 211
  68 149 211
 152 150 211
 208 150 211
 284 150 211
 272 153 211
 310 153 211
 238 157 211
  53 166 211
 128 166 211
 320 169 211
  37 170 211
 155 170 211
 176 171 211
 131 173 211
  16 174 211
  43 174 211
  75 174 211
 290 174 211
 352 178 211
 220 179 211
  75   0 212
  89   0 212
 172   0 212
 196   0 212
 224   0 212
 233   0 212
 271   0 212
 293   4 212
 327   4 212
 184   7 212
 316   9 212
 237  10 212
  73  11 212
 138  13 212
 207  14 212
 247  15 212
  83  17 212
 108  17 212
 301  18 212
 151  19 212
 278  20 212
 254  22 212
 237  28 212
 323  28 212
  54  32 212
  83  34 212
 218  37 212
 226  39 212
 154  41 212
 134  46 212
  33  47 212
 210  47 212
 104  52 212
 264  53 212
  87  54 212
 189  56 212
 280  59 212
 123  61 212
 238  61 212
 300  61 212
  98  64 212
 246  64 212
  68  67 212
  86  68 212
 170  68 212
 113  69 212
 227  71 212
  14  72 212
 246  73 212
 298  74 212
  26  75 212
 256  77 212
  41  78 212
 202  78 212
  71  82 212
 180  82 212
 323  87 212
 251  88 212
 299  89 212
 131  90 212
  32  93 212
 309  95 212
  54  99 212
 205  99 212
 242 104 212
  35 105 212
   4 106 212
  24 109 212
 124 112 212
 258 112 212
   7 113 212
 287 113 212
 346 114 212
 327 116 212
  10 120 212
  57 120 212
 233 122 212
  27 123 212
 340 129 212
 207 132 212
 237 136 212
 289 136 212
 314 137 212
 244 140 212
 187 142 212
  14 145 212
  30 147 212
  40 148 212
 224 151 212
 169 152 212
 323 152 212
 133 154 212
 120 155 212
 176 155 212
 140 157 212
 282 160 212
 204 161 212
 268 163 212
 300 163 212
 309 163 212
 332 169 212
 268 172 212
  89 175 212
 187 179 212
 311 179 212
   1   0 213
  22   0 213
 105   0 213
 115   0 213
 315   0 213
 251   2 213
  52   7 213
 299  10 213
 195  12 213
 173  13 213
   7  17 213
  23  20 213
  73  20 213
 119  21 213
 229  21 213
 266  23 213
  80  27 213
   0  28 213
  43  31 213
 312  31 213
 340  34 213
 112  35 213
 195  35 213
  59  37 213
  27  39 213
  11  40 213
 178  42 213
 292  42 213
 320  42 213
 157  48 213
  21  54 213
  63  54 213
  46  60 213
 193  62 213
 127  67 213
 202  67 213
 219  68 213
 344  70 213
  75  71 213
 334  71 213
 151  74 213
 170  77 213
  96  78 213
 315  78 213
 356  78 213
 106  82 213
  57  84 213
 241  91 213
  90  95 213
 128 100 213
 232 101 213
 112 105 213
  98 106 213
  45 108 213
 249 108 213
 311 110 213
  73 113 213
 150 114 213
 170 116 213
 114 119 213
 200 119 213
 255 122 213
  16 128 213
  72 130 213
 122 130 213
   4 135 213
 128 137 213
 349 140 213
 151 141 213
  80 146 213
  89 150 213
 108 151 213
 339 153 213
   7 155 213
  58 155 213
 230 155 213
 248 155 213
  69 157 213
 189 157 213
 214 161 213
 351 161 213
 166 162 213
 102 164 213
  60 169 213
 145 171 213
  27 172 213
 248 178 213
 271 179 213
 148   5 214
  64  10 214
 321  14 214
 341  14 214
  42  15 214
  95  20 214
 198  24 214
 155  25 214
 205  27 214
 292  27 214
 161  31 214
 181  31 214
 244  31 214
 140  34 214
  90  37 214
 246  39 214
  43  40 214
  95  42 214
 234  46 214
 277  46 214
 144  47 214
  76  54 214
 333  54 214
 310  55 214
   8  56 214
  28  57 214
 108  62 214
 255  63 214
 289  66 214
  47  68 214
 190  72 214
  56  73 214
 117  75 214
  85  77 214
 216  78 214
 230  78 214
  15  80 214
 240  83 214
 206  86 214
   4  88 214
 121  90 214
 109  93 214
 279  93 214
  70  97 214
 288  99 214
 187 103 214
 300 105 214
 354 115 214
  42 119 214
 213 120 214
 302 126 214
 273 129 214
 353 129 214
  32 130 214
 259 131 214
 108 136 214
  73 139 214
 335 141 214
 201 142 214
 357 146 214
 260 147 214
  19 150 214
 328 157 214
  79 160 214
  14 164 214
 192 164 214
 169 169 214
 241 169 214
  57 179 214
 135 179 214
 147 179 214
  63   0 215
 350   0 215
 278   2 215
  95   4 215
 122   8 215
  53  15 215
 214  16 215
 179  17 215
 309  19 215
 128  21 215
 357  21 215
 340  24 215
 218  27 215
 260  34 215
 125  42 215
 329  42 215
 186  44 215
 303  45 215
 351  49 215
  97  50 215
 270  57 215
 340  57 215
 357  63 215
 143  65 215
 308  65 215
 270  69 215
 314  69 215
   4  79 215
 267  79 215
 294  84 215
  44  85 215
 142  86 215
  82  87 215
 223  95 215
  15 100 215
 359 101 215
 342 102 215
 328 104 215
 134 105 215
 221 107 215
 231 110 215
  88 114 215
 265 114 215
 131 115 215
 159 116 215
 185 116 215
  76 120 215
 103 125 215
  58 128 215
 190 128 215
 325 133 215
 141 136 215
  49 139 215
 279 139 215
   8 141 215
 167 141 215
 293 142 215
  56 143 215
  45 153 215
 264 153 215
 156 155 215
 107 169 215
  68 170 215
 205 170 215
 283 171 215
 299 172 215
 259 173 215
 122 176 215
 344 178 215
  30 179 215
  47 179 215
  79 179 215
 211 179 215
 323 179 215
  41   0 216
 162   0 216
 261   0 216
 203   2 216
 214   5 216
   5   6 216
  82   9 216
 225   9 216
 282   9 216
 332   9 216
  31  21 216
 138  21 216
  99  26 216
 281  26 216
  19  30 216
 329  31 216
 204  36 216
 147  37 216
 164  38 216
 113  44 216
 249  46 216
 124  52 216
 163  52 216
 256  52 216
 133  55 216
 145  55 216
 233  55 216
 208  56 216
 354  56 216
 172  58 216
 183  66 216
  37  69 216
 161  70 216
 132  72 216
 281  77 216
 194  78 216
 343  79 216
 132  81 216
  31  84 216
 159  86 216
 169  86 216
 350  88 216
  62  89 216
 336  90 216
 177  91 216
 257  91 216
  44  94 216
 183  97 216
 299  97 216
 148 101 216
 312 101 216
 196 102 216
 211 102 216
  80 103 216
 259 103 216
 276 106 216
  63 109 216
  28 114 216
  96 116 216
 248 117 216
 287 121 216
 165 126 216
 198 129 216
  88 130 216
 229 132 216
 310 132 216
  22 133 216
  37 135 216
  96 138 216
 113 141 216
 130 144 216
 118 146 216
 190 148 216
 244 148 216
  97 151 216
 214 152 216
  31 155 216
 299 155 216
  87 161 216
 123 161 216
 317 163 216
   0 165 216
  22 165 216
  93 165 216
 139 166 216
 341 166 216
 226 169 216
   3 172 216
 182 173 216
 195 179 216
 323   0 217
 178   2 217
 262   8 217
 351   8 217
 166   9 217
 153  10 217
 308  10 217
 239  16 217
  59  20 217
  12  21 217
 331  21 217
 110  23 217
 271  28 217
 128  30 217
   5  32 217
 283  36 217
 351  37 217
 270  42 217
  49  43 217
 337  43 217
 195  46 217
 218  46 217
   5  50 217
  38  50 217
 283  50 217
 291  51 217
 199  52 217
 296  56 217
 215  59 217
  66  60 217
  94  60 217
  78  61 217
  11  62 217
 154  65 217
 327  66 217
 143  74 217
 323  79 217
 334  79 217
 120  81 217
  21  84 217
 219  84 217
 195  86 217
 267  89 217
 148  90 217
  99  92 217
 326  92 217
  24 100 217
  60 101 217
 164 102 217
 118 108 217
 200 108 217
  52 112 217
 238 113 217
 314 116 217
 272 117 217
 336 119 217
  82 125 217
 178 127 217
   2 128 217
 244 128 217
 161 137 217
 227 142 217
 209 143 217
 316 143 217
 298 147 217
 347 153 217
 112 157 217
 277 157 217
 253 159 217
  48 160 217
  34 162 217
 221 163 217
 195 170 217
 114 172 217
 307 173 217
  96 176 217
   8 177 217
 228 177 217
 240 178 217
 332 178 217
 161 179 217
 171 179 217
  30   0 218
  82   0 218
 138   0 218
 240   0 218
 307   0 218
  47   4 218
  13   7 218
 106   7 218
 190   8 218
  30  10 218
 130  11 218
 203  11 218
 270  12 218
 354  15 218
 251  18 218
 186  19 218
 292  19 218
 165  21 218
 321  22 218
  64  25 218
 257  26 218
 171  27 218
 231  27 218
  72  28 218
  30  30 218
 295  33 218
 104  34 218
 316  35 218
  74  36 218
 234  36 218
 303  36 218
  19  39 218
  35  39 218
 172  39 218
 210  40 218
  63  41 218
 311  46 218
  52  50 218
 116  51 218
 320  51 218
 184  54 218
  39  58 218
 284  62 218
  28  65 218
 237  68 218
 295  69 218
 207  70 218
 255  71 218
 105  72 218
  63  75 218
 304  76 218
  75  85 218
  95  86 218
 307  86 218
 244  96 218
 123  97 218
  33 100 218
 107 102 218
 320 103 218
 349 104 218
  86 107 218
  15 111 218
 210 111 218
 303 111 218
 179 112 218
  17 119 218
 141 119 218
 359 119 218
 121 120 218
 319 121 218
  47 123 218
 150 125 218
 217 125 218
 348 125 218
 137 130 218
  64 131 218
 251 131 218
 259 139 218
 326 141 218
  38 143 218
 236 143 218
  63 145 218
 282 145 218
 340 145 218
 179 147 218
 142 149 218
 198 152 218
 316 152 218
 180 158 218
  60 161 218
 159 161 218
 288 161 218
 239 162 218
 332 162 218
 259 163 218
 276 168 218
 160 171 218
  18 178 218
  67 179 218
 284 179 218
 122   0 219
 188   0 219
 342   0 219
  20  10 219
 291  10 219
 231  12 219
  89  15 219
  43  22 219
 144  24 219
  89  29 219
 189  30 219
 348  30 219
   4  41 219
  79  41 219
 262  41 219
  84  46 219
  21  47 219
 226  47 219
  55  57 219
 105  57 219
 324  57 219
 116  62 219
  19  63 219
 343  63 219
 198  64 219
 229  65 219
  96  70 219
 357  71 219
  80  73 219
 240  75 219
 179  76 219
 258  81 219
 248  82 219
 277  87 219
  10  90 219
 315  90 219
 208  92 219
 355  93 219
 159  95 219
  51  96 219
 136  96 219
 339  96 219
 269  99 219
 173 101 219
 249 101 219
  40 106 219
 289 106 219
 151 107 219
 332 109 219
  65 116 219
  35 117 219
 280 118 219
 191 119 219
 295 122 219
 227 123 219
 325 125 219
 110 127 219
 335 128 219
 129 129 219
 155 130 219
  48 131 219
 279 131 219
 177 136 219
  25 139 219
  87 139 219
 356 139 219
 219 140 219
  72 147 219
   0 151 219
  82 151 219
  24 153 219
 148 153 219
  11 158 219
 132 160 219
 293 166 219
  49 168 219
 350 168 219
  77 169 219
 316 172 219
 263 178 219
  38 179 219
 103 179 219
  71   0 220
 291   0 220
 332   0 220
 140   8 220
 250   8 220
  71   9 220
 112  11 220
 156  18 220
 219  19 220
 300  22 220
 311  25 220
 117  27 220
  49  29 220
 133  34 220
 106  41 220
 134  42 220
 152  45 220
  67  47 220
 342  47 220
 176  48 220
  28  50 220
 153  55 220
 240  56 220
  88  57 220
 223  60 220
 134  62 220
 124  64 220
 174  65 220
  55  66 220
 276  73 220
 213  74 220
  40  75 220
 164  76 220
 152  79 220
 185  80 220
 289  80 220
 110  84 220
 229  85 220
  35  89 220
 233  91 220
 295  91 220
 198  92 220
  84  93 220
 284  95 220
 100 100 220
   7 101 220
  73 102 220
 106 111 220
 140 111 220
 351 111 220
 168 112 220
 222 114 220
 237 122 220
  23 124 220
 268 127 220
 207 128 220
 116 131 220
 293 132 220
 301 133 220
 196 138 220
 267 140 220
 310 140 220
 168 148 220
 328 148 220
 133 150 220
 288 151 220
 205 154 220
 271 154 220
 220 155 220
 234 157 220
 103 158 220
 305 158 220
  71 161 220
 148 164 220
 184 164 220
 268 167 220
  37 168 220
 130 175 220
 353 175 220
 204 178 220
  91   0 221
 223   0 221
 249   0 221
 272   0 221
 178  10 221
 316  10 221
 339  10 221
  49  11 221
 209  14 221
 273  18 221
   4  21 221
 198  30 221
 339  31 221
 118  35 221
 221  36 221
 241  38 221
 270  50 221
 303  57 221
 164  59 221
 247  59 221
 274  60 221
 349  67 221
   5  72 221
  16  73 221
 317  73 221
  27  74 221
 112  74 221
  69  78 221
  52  80 221
  90  81 221
 348  82 221
 137  84 221
 186  88 221
  22  91 221
 217  93 221
  50 105 221
 126 108 221
   8 109 221
 260 110 221
 294 111 221
 156 112 221
 111 118 221
 261 122 221
  97 123 221
   9 130 221
  71 134 221
 189 135 221
 208 136 221
 101 141 221
  14 142 221
 159 146 221
  43 147 221
 250 150 221
 122 153 221
 170 157 221
 208 161 221
 309 164 221
  84 171 221
 331 171 221
  55 172 221
 149 172 221
 250 173 221
  87 178 221
 185 178 221
 218 178 221
 275 178 221
   0   0 222
 102   0 222
 152   0 222
 169   0 222
 211   0 222
 232   0 222
 315   0 222
 129   2 222
  59   9 222
  37  11 222
 119  15 222
  74  16 222
 100  17 222
 342  17 222
  20  20 222
 241  22 222
 225  23 222
  81  26 222
 208  28 222
 151  29 222
 178  29 222
  62  34 222
  95  34 222
 156  34 222
 251  36 222
 321  39 222
 356  40 222
 293  42 222
 141  45 222
 208  49 222
 258  57 222
 189  58 222
   4  60 222
  69  65 222
 332  69 222
 226  75 222
  57  85 222
 124  85 222
 170  92 222
 235  98 222
 304  99 222
 141 100 222
 222 101 222
 251 108 222
 191 110 222
  76 111 222
 310 112 222
 200 118 222
 173 122 222
  38 123 222
 348 133 222
  80 134 222
 338 134 222
 252 138 222
 126 139 222
 144 139 222
 152 140 222
 105 147 222
  52 150 222
  90 152 222
   6 154 222
 349 159 222
 104 166 222
 173 168 222
 245 168 222
 293 178 222
 115 179 222
  11   0 223
  59   0 223
 199   0 223
 282   1 223
 300  10 223
 195  11 223
 324  11 223
 145  12 223
   3  13 223
 261  15 223
 133  19 223
 281  19 223
 263  29 223
 284  29 223
  54  33 223
 273  33 223
  42  40 223
 187  40 223
 122  41 223
 285  41 223
  95  43 223
 329  47 223
 239  48 223
 354  50 223
  74  51 223
 101  52 223
 129  53 223
 332  57 223
 310  59 223
  45  60 223
 207  62 223
 263  62 223
 289  65 223
 314  65 223
 139  66 223
 263  71 223
 301  71 223
 123  73 223
 169  80 223
   0  83 223
 266  83 223
 326  83 223
 336  84 223
  77  91 223
 112  91 223
  65  92 223
 153  92 223
  91  95 223
 259  96 223
 330  96 223
 187  99 223
 282 105 223
 236 106 223
  24 108 223
 323 108 223
  97 110 223
 269 110 223
 339 110 223
  56 115 223
  82 116 223
 212 117 223
   6 120 223
 129 120 223
  99 130 223
 236 131 223
  55 133 223
 169 133 223
 136 138 223
   4 141 223
  31 142 223
 274 142 223
 346 147 223
 260 151 223
  59 154 223
 331 154 223
  94 158 223
 194 161 223
  15 163 223
 114 165 223
 213 166 223
  25 168 223
  63 173 223
 138 176 223
 340 176 223
  26 177 223
 255 178 223
 319 178 223
   0 179 223
 151 179 223
 233 179 223
  21   0 224
  37   0 224
 114   0 224
 299   0 224
 350   0 224
 260   4 224
 220  10 224
  85  11 224
 168  13 224
 182  15 224
  38  19 224
 196  19 224
  27  22 224
 105  22 224
 248  26 224
 324  26 224
  15  31 224
  35  32 224
 312  32 224
 179  38 224
 197  39 224
  11  42 224
 163  42 224
 300  44 224
 201  45 224
 252  47 224
 167  48 224
 343  54 224
 177  55 224
  31  56 224
 358  56 224
 110  60 224
 148  66 224
  77  67 224
  90  67 224
 189  67 224
 250  69 224
 196  73 224
 200  79 224
 214  81 224
 316  82 224
 295  83 224
   8  84 224
  42  91 224
 253  91 224
 318  95 224
   0  96 224
 116  97 224
 345  98 224
 205 101 224
  65 102 224
 358 112 224
 249 120 224
  89 122 224
 145 122 224
  67 123 224
 305 123 224
 218 133 224
 324 133 224
 243 134 224
 119 137 224
 302 140 224
  92 142 224
 290 142 224
 197 145 224
 240 146 224
 186 147 224
 220 147 224
 113 149 224
 301 150 224
 227 156 224
 340 159 224
 138 162 224
 122 166 224
 223 167 224
 231 169 224
 199 172 224
 306 179 224
 160   1 225
 239  10 225
 152  14 225
  56  19 225
 170  22 225
 350  22 225
   8  26 225
 302  28 225
 332  28 225
 354  31 225
 213  32 225
 231  33 225
 341  39 225
  51  45 225
 265  45 225
  59  48 225
 124  48 225
 217  50 225
  83  53 225
 285  54 225
  18  55 225
 165  66 225
 154  70 225
 338  72 225
  47  76 225
 285  76 225
 136  77 225
  83  79 225
  99  79 225
  30  80 225
 306  80 225
 241  81 225
 145  89 225
 281  90 225
 301  93 225
 130  95 225
  20 100 225
  36 103 225
 212 104 225
 117 105 225
 341 117 225
 326 118 225
 157 119 225
 165 121 225
 182 121 225
 284 121 225
 312 126 225
 188 127 225
 200 127 225
  27 128 225
  40 130 225
 286 130 225
 357 132 225
  60 138 225
 178 142 225
 318 145 225
  79 147 225
  17 148 225
  32 150 225
 157 155 225
  41 156 225
 320 158 225
 278 160 225
  79 161 225
   0 165 225
 325 166 225
  94 167 225
 285 168 225
  13 173 225
 181 173 225
  73 178 225
 167 179 225
  46   0 226
  78   0 226
 142   0 226
 177   0 226
 323   0 226
 335   6 226
 102   8 226
 283   9 226
 358   9 226
 308  11 226
  13  12 226
 126  16 226
  64  20 226
  75  23 226
 137  24 226
 111  26 226
 141  31 226
  25  32 226
  82  33 226
  69  35 226
 312  41 226
  17  45 226
 230  49 226
 142  52 226
  61  56 226
 217  59 226
  34  62 226
 237  64 226
  48  66 226
 222  67 226
 275  67 226
 178  68 226
 235  74 226
  18  83 226
 103  85 226
 272  86 226
 247  88 226
 199  98 226
 152 101 226
 160 102 226
  92 103 226
 176 104 226
 166 106 226
 305 106 226
 243 108 226
 184 109 226
  49 113 226
  32 114 226
 144 114 226
 272 116 226
 226 117 226
 119 118 226
  20 120 226
  58 122 226
 346 122 226
 271 131 226
 317 131 226
 226 134 226
  43 138 226
  69 143 226
 231 143 226
 207 144 226
 137 153 226
  66 156 226
 186 156 226
 263 157 226
 289 157 226
 247 159 226
  46 161 226
 160 164 226
 298 167 226
 164 170 226
 126 172 226
 272 172 226
  36 175 226
  45 175 226
 100 176 226
 211 177 226
 330 179 226
 240   0 227
 190   2 227
  27   3 227
 119   5 227
 214   5 227
 271  11 227
 227  12 227
 251  16 227
  48  18 227
 295  21 227
 206  22 227
 233  22 227
 259  24 227
  94  27 227
 112  34 227
 330  38 227
  85  40 227
 277  40 227
  32  42 227
 112  44 227
 313  49 227
 188  51 227
 275  52 227
 299  53 227
 198  55 227
  62  64 227
 118  64 227
  14  66 227
 297  66 227
 354  69 227
  61  75 227
 253  75 227
 180  79 227
  73  81 227
 157  82 227
 204  84 227
 219  85 227
 350  87 227
 179  89 227
 224  92 227
  56  93 227
  31  96 227
 266  98 227
  80 100 227
 334 101 227
 225 106 227
  67 109 227
 132 110 227
 288 110 227
 196 113 227
 300 118 227
 232 121 227
 357 121 227
  72 127 227
 134 127 227
 213 127 227
  89 131 227
 109 131 227
  15 132 227
 162 132 227
 172 139 227
 258 140 227
 337 142 227
 281 143 227
 151 148 227
 353 148 227
 242 153 227
 201 162 227
 354 162 227
 264 165 227
 303 173 227
 110 175 227
 285 177 227
  16 179 227
 241 179 227
 346 179 227
  67   0 228
 255   0 228
 308   0 228
  84   3 228
 351   7 228
 163   9 228
  28  11 228
 292  11 228
  89  16 228
 313  17 228
 335  17 228
 323  19 228
 187  21 228
 160  25 228
 194  28 228
 125  29 228
  44  30 228
 171  30 228
 237  36 228
 264  36 228
   4  37 228
 214  40 228
 347  43 228
  94  51 228
 152  51 228
 104  57 228
 324  57 228
 346  60 228
 129  61 228
   6  65 228
 324  67 228
  99  69 228
 129  75 228
 262  79 228
  35  84 228
  86  88 228
 340  88 228
 166  89 228
 190  90 228
  14  94 228
 288  94 228
 134 100 228
 319 102 228
 349 105 228
 101 114 228
 258 118 228
 242 119 228
 260 128 228
 146 130 228
 333 131 228
  29 135 228
 327 144 228
   7 146 228
 125 146 228
  22 152 228
 128 153 228
 306 154 228
 175 158 228
 145 163 228
  83 166 228
   5 169 228
  51 179 228
  81 179 228
 129 179 228
 143 179 228
 200 179 228
  95   0 229
 332   0 229
 205   1 229
  50   5 229
 267   5 229
 141   9 229
 153  22 229
 272  22 229
 291  32 229
 303  35 229
 144  37 229
 245  37 229
 158  38 229
  70  43 229
 178  46 229
  41  47 229
 320  51 229
 242  52 229
 253  54 229
 265  54 229
 206  56 229
 159  59 229
  22  67 229
  36  69 229
 211  71 229
 280  71 229
 116  74 229
 292  78 229
 142  80 229
 127  89 229
 315  90 229
 105  92 229
 235  92 229
 356  92 229
 106 100 229
  57 101 229
 275 101 229
   1 103 229
  44 105 229
  10 111 229
 207 115 229
  15 116 229
 108 117 229
 120 127 229
  78 130 229
 294 130 229
 154 131 229
   4 133 229
 200 135 229
  48 142 229
 267 142 229
 103 143 229
 212 148 229
 167 152 229
 103 154 229
 219 155 229
 313 156 229
 112 157 229
  32 158 229
  73 158 229
  53 163 229
 341 166 229
  32 168 229
 315 169 229
 190 175 229
  66 177 229
  91 177 229
 221 179 229
 134   0 230
 226   0 230
  12   5 230
 178   7 230
 107  12 230
 345  19 230
   0  20 230
 214  23 230
 282  24 230
  64  28 230
 100  31 230
 176  34 230
 255  35 230
 130  36 230
 289  43 230
   2  47 230
  26  54 230
   5  55 230
 335  63 230
  73  64 230
  86  64 230
 306  72 230
  69  76 230
 328  76 230
 342  76 230
 328  87 230
  51  88 230
 119  88 230
  72  90 230
 145  99 230
 243  99 230
  81 108 230
 255 110 230
  89 113 230
 154 113 230
 315 113 230
  37 118 230
 332 120 230
 301 132 230
 189 134 230
 314 141 230
 346 141 230
  59 146 230
 292 147 230
 195 155 230
 336 155 230
 252 163 230
 177 168 230
 331 168 230
 236 171 230
 262 175 230
 275 178 230
 313 179 230
 154   0 231
 286   0 231
  66   9 231
 191   9 231
  37  11 231
 120  12 231
 245  13 231
 226  21 231
  16  24 231
  36  26 231
  53  29 231
 323  32 231
 342  32 231
 193  37 231
 204  37 231
 131  48 231
 351  48 231
 117  49 231
  50  52 231
  77  52 231
 288  58 231
 276  59 231
 139  61 231
 176  61 231
 206  66 231
 246  67 231
 193  69 231
 226  71 231
 156  75 231
   2  76 231
   9  78 231
  50  80 231
 191  81 231
 310  83 231
 261  88 231
  93  90 231
 193  96 231
 213  97 231
 302  99 231
 291 100 231
 254 101 231
 338 106 231
 121 108 231
  58 110 231
 175 112 231
 294 113 231
 324 113 231
 136 115 231
 176 120 231
 276 120 231
 209 122 231
  49 125 231
 241 128 231
 345 130 231
  61 131 231
  98 134 231
 247 136 231
 165 138 231
 123 139 231
  77 142 231
 141 142 231
  91 148 231
 280 152 231
   6 155 231
 231 158 231
  21 161 231
 152 165 231
 217 165 231
 252 174 231
   4 178 231
 292 178 231
 115 179 231
   7   0 232
 104   0 232
 295   0 232
 316   0 232
 345   0 232
 203  11 232
 147  13 232
  79  14 232
 178  16 232
 257  18 232
  90  23 232
 240  25 232
   2  27 232
  23  27 232
 102  38 232
 223  39 232
 305  42 232
 225  46 232
 163  47 232
 336  47 232
  21  48 232
 233  53 232
 168  59 232
 187  59 232
 114  60 232
 149  61 232
 307  62 232
 264  63 232
  89  71 232
  25  73 232
 107  73 232
 168  75 232
 234  81 232
 280  84 232
 210  86 232
   9  87 232
  23  93 232
  74  97 232
 115 101 232
 222 101 232
  30 104 232
 191 108 232
 165 113 232
 348 114 232
  68 116 232
  41 123 232
   2 124 232
 185 124 232
 221 127 232
 283 127 232
 136 133 232
 309 133 232
  19 136 232
  35 138 232
 206 138 232
 114 139 232
 227 140 232
 302 146 232
 271 147 232
 178 148 232
 328 153 232
 355 154 232
 140 157 232
 295 159 232
 116 162 232
 127 162 232
 206 165 232
  59 166 232
 343 173 232
 154 174 232
 163 177 232
  38   0 233
 113   0 233
 164   0 233
 247   0 233
 263   0 233
  56   7 233
 301  11 233
  72  12 233
 213  12 233
  18  13 233
 305  18 233
 118  23 233
  78  26 233
 285  30 233
 271  37 233
  62  38 233
  16  40 233
  39  41 233
 146  43 233
 105  44 233
  57  54 233
 303  56 233
 353  61 233
  54  65 233
 182  71 233
 246  76 233
 353  76 233
 118  80 233
  25  82 233
 300  84 233
 142  88 233
 158  90 233
 170  93 233
 178  96 233
 315  98 233
 329  98 233
   7 105 233
 277 107 233
 230 108 233
  24 122 233
  90 124 233
  53 130 233
   5 140 233
 151 141 233
 251 141 233
  84 144 233
  37 146 233
 188 147 233
 233 147 233
 254 149 233
  48 150 233
 160 150 233
 281 161 233
 235 163 233
 100 164 233
  74 165 233
 191 166 233
 355 169 233
 219 172 233
 176 177 233
  29 178 233
 354 179 233
  23   0 234
 173   0 234
 234   0 234
 277   1 234
 322   4 234
 136   6 234
 330   9 234
 165  14 234
 356  14 234
 268  18 234
  52  20 234
 129  20 234
 145  23 234
 314  23 234
 190  25 234
 332  31 234
  83  36 234
 280  43 234
 254  44 234
 203  46 234
  88  48 234
  69  51 234
  39  56 234
 221  58 234
 241  63 234
 317  67 234
 288  70 234
 272  72 234
  40  73 234
 136  75 234
 259  75 234
  95  78 234
 228  78 234
 200  82 234
  64  87 234
 286  89 234
 342  93 234
  94  98 234
 156 101 234
  23 102 234
 238 110 234
 203 111 234
 309 111 234
 125 113 234
  78 118 234
 143 118 234
 231 127 234
 266 134 234
 179 137 234
 323 140 234
 352 143 234
  20 145 234
  64 150 234
  93 155 234
  12 159 234
 312 164 234
  89 167 234
 135 169 234
 293 169 234
  20 170 234
 102 171 234
  41 174 234
  74 176 234
 138 176 234
  58 178 234
 302 179 234
 326 179 234
 122   0 235
 217   0 235
 344   9 235
  90  10 235
 281  12 235
 108  19 235
 327  21 235
 181  22 235
 133  25 235
 164  27 235
 228  27 235
 300  30 235
 350  32 235
  36  34 235
  52  38 235
 117  39 235
 175  42 235
 294  46 235
 318  46 235
 340  52 235
  98  57 235
 124  60 235
  14  61 235
  65  65 235
 221  67 235
 150  69 235
 339  70 235
 323  73 235
 273  81 235
 105  83 235
  38  87 235
 152  87 235
 244  88 235
 130  93 235
 272  97 235
  41 100 235
  99 110 235
 262 120 235
 111 121 235
 324 121 235
  14 123 235
 294 123 235
 164 125 235
  97 126 235
  70 132 235
 104 136 235
 216 139 235
 287 140 235
 131 145 235
 344 157 235
  49 158 235
 267 158 235
 324 165 235
 167 166 235
 241 174 235
 106 176 235
 269 176 235
 206 178 235
  45 179 235
 193 179 235
  49   0 236
 189   0 236
 303   0 236
 359   0 236
 232  10 236
  42  14 236
 206  25 236
 275  25 236
 152  29 236
 253  29 236
 242  31 236
   4  33 236
  10  36 236
 165  36 236
 136  37 236
 330  42 236
 192  45 236
 210  48 236
 149  49 236
 261  51 236
 212  55 236
  29  58 236
  83  60 236
 105  60 236
   4  62 236
 128  65 236
  62  76 236
  83  83 236
 254  87 236
 354  88 236
  11  93 236
 265  95 236
  81  98 236
 205  98 236
 355  98 236
 183 100 236
  48 107 236
 290 108 236
 261 112 236
 245 113 236
  62 114 236
   0 118 236
 152 121 236
 217 122 236
 311 122 236
 198 123 236
 334 125 236
 265 126 236
 127 127 236
 337 131 236
 153 148 236
 111 150 236
 214 152 236
 187 156 236
 163 160 236
 270 164 236
  20 179 236
  69   0 237
  78   0 237
  87   0 237
 202   0 237
 255   0 237
   9  14 237
  27  14 237
 252  14 237
 216  27 237
 189  34 237
  92  35 237
  74  37 237
 246  43 237
 353  53 237
 297  54 237
 237  58 237
 317  58 237
  41  63 237
  78  73 237
 294  73 237
 182  79 237
 341  82 237
 324  84 237
 312  88 237
 233  89 237
 110  93 237
  63  97 237
 164 105 237
 137 108 237
 114 109 237
 221 109 237
 175 127 237
 248 128 237
 198 132 237
 348 134 237
  76 135 237
 327 146 237
   7 147 237
 263 148 237
 308 150 237
  25 152 237
  71 152 237
  38 153 237
 307 160 237
 126 170 237
 227 176 237
  87 177 237
 183 179 237
 254 179 237
  14   0 238
 148   0 238
  30   1 238
 130   1 238
 179   2 238
  99  10 238
 159  11 238
 239  12 238
 290  16 238
 101  17 238
  60  20 238
  68  22 238
 107  28 238
 262  30 238
  27  35 238
 314  39 238
 236  44 238
 283  48 238
 180  49 238
 266  55 238
 194  63 238
 167  66 238
  13  70 238
 132  70 238
 197  71 238
  18  74 238
 300  76 238
 170  83 238
 203  87 238
  46  88 238
 122  89 238
 222  90 238
 301  91 238
 325  94 238
 252  97 238
 137  99 238
 305 102 238
 187 105 238
  94 106 238
 339 111 238
 355 113 238
  31 123 238
 280 123 238
 121 124 238
 152 130 238
 319 133 238
 297 138 238
 201 148 238
 139 149 238
 239 149 238
 339 149 238
  83 152 238
 118 152 238
 204 154 238
 221 154 238
 246 161 238
 148 162 238
  37 163 238
  66 165 238
 345 165 238
 284 166 238
  11 168 238
 323 174 238
 147 175 238
 279 179 238
 225   0 239
 270   0 239
 156   2 239
 196  13 239
 348  15 239
 203  17 239
 344  27 239
 293  28 239
 116  31 239
 313  31 239
 178  32 239
 127  37 239
 138  44 239
  28  48 239
   4  50 239
 120  51 239
 159  55 239
 280  59 239
 181  60 239
 338  62 239
 250  66 239
 208  68 239
 152  75 239
 220  76 239
 190  85 239
 288  95 239
  15 103 239
 329 105 239
  80 107 239
 213 108 239
  51 113 239
 194 113 239
  11 115 239
 247 120 239
 302 123 239
  64 124 239
  44 127 239
  32 131 239
 132 131 239
 279 135 239
  57 138 239
 200 139 239
 107 141 239
 294 149 239
 246 151 239
 124 158 239
 257 161 239
  54 163 239
 222 163 239
 199 167 239
 172 170 239
 298 175 239
  66 177 239
 246 177 239
 310 178 239
 111 179 239
 342 179 239
  57   0 240
 285   0 240
 311   0 240
 332   0 240
 314   6 240
 339   6 240
 187  10 240
 223  11 240
 266  12 240
 124  14 240
 313  16 240
  47  17 240
  29  21 240
 333  23 240
  72  27 240
 234  29 240
 215  36 240
 353  37 240
 276  39 240
 263  41 240
  98  44 240
  60  45 240
  77  50 240
 330  52 240
 165  58 240
 113  65 240
 257  70 240
  53  71 240
   1  73 240
  23  78 240
 137  81 240
  97  83 240
  29  84 240
  55  89 240
 239  99 240
  68 101 240
  28 109 240
 281 109 240
 144 110 240
  34 112 240
 168 114 240
 226 121 240
   0 131 240
  14 131 240
  98 133 240
 229 135 240
  44 136 240
 185 138 240
 170 139 240
  61 145 240
 180 151 240
   8 155 240
 322 159 240
 186 165 240
   0 170 240
 154 178 240
   8 179 240
  95   0 241
 294   0 241
 174  14 241
 138  15 241
  16  18 241
  45  36 241
 152  37 241
 227  43 241
  50  46 241
  62  52 241
 148  57 241
 306  57 241
  75  61 241
 328  63 241
 282  66 241
 353  66 241
  93  67 241
 164  77 241
 308  77 241
 115  79 241
 281  80 241
 152  94 241
 165  95 241
 340 102 241
 109 105 241
 122 109 241
 350 109 241
 292 118 241
  86 120 241
 187 127 241
 313 128 241
  87 131 241
 252 132 241
 162 133 241
 138 134 241
 356 145 241
 276 146 241
 100 155 241
  85 159 241
  25 160 241
 229 165 241
  39 170 241
 205 170 241
  79 177 241
 131 177 241
   6   0 242
  39   0 242
 114   0 242
  58  14 242
   0  16 242
 322  16 242
 144  18 242
 204  33 242
 303  33 242
 328  37 242
 107  46 242
 199  46 242
  18  49 242
 232  55 242
 245  57 242
 183  67 242
 100  70 242
 237  72 242
 263  75 242
 336  78 242
   3  85 242
 219  85 242
 283  87 242
 343  88 242
 177  91 242
  30  97 242
 273 104 242
 310 105 242
 320 106 242
 150 113 242
 348 126 242
 264 139 242
  26 144 242
 319 146 242
 282 149 242
 167 150 242
 143 153 242
 338 158 242
 102 162 242
 277 164 242
 294 164 242
 109 166 242
 211 179 242
 232 179 242
  22   0 243
 212   0 243
 239   0 243
 262   0 243
 352   0 243
 118   6 243
  74  10 243
 164  14 243
 297  17 243
 277  18 243
  84  23 243
 145  26 243
 170  26 243
  86  30 243
 344  35 243
   1  41 243
 297  47 243
 140  54 243
  89  59 243
 122  65 243
 213  71 243
  75  82 243
 267  84 243
 241  87 243
 194  89 243
 136  90 243
   6  91 243
  98  91 243
 202  95 243
  56  97 243
  12  98 243
 264 101 243
 208 105 243
  81 114 243
 235 120 243
 211 122 243
 272 124 243
 113 125 243
 118 137 243
 235 138 243
  68 147 243
 304 147 243
 263 164 243
  26 168 243
  55 170 243
 334 170 243
  39 179 243
  56 179 243
 287 179 243
 141   0 244
 165   0 244
 212  15 244
 228  17 244
 269  17 244
 251  20 244
 231  24 244
  99  25 244
 188  29 244
  39  31 244
  19  36 244
 193  36 244
 248  36 244
  94  39 244
 217  43 244
 280  43 244
  39  49 244
 112  50 244
 293  63 244
  45  65 244
  58  74 244
 135  74 244
 322  76 244
 151  83 244
 234  83 244
  84  89 244
 301  98 244
  72 107 244
 163 111 244
 183 115 244
 104 119 244
 333 122 244
 341 124 244
  18 135 244
 214 137 244
  49 139 244
 139 142 244
  83 143 244
 154 151 244
 358 152 244
 185 154 244
 316 157 244
 127 163 244
 164 163 244
 191 168 244
 271 178 244
 335 178 244
  24 179 244
  91 179 244
 121 179 244
 302 179 244
  48   0 245
  65   0 245
 103   0 245
 248   0 245
 302   0 245
  41  15 245
  78  15 245
   7  19 245
 185  19 245
  21  21 245
 326  22 245
 279  25 245
 257  39 245
 164  40 245
 327  46 245
 261  50 245
 225  53 245
 179  55 245
 210  58 245
 351  58 245
  22  59 245
 272  59 245
  33  63 245
 306  65 245
 192  70 245
  71  72 245
  38  82 245
 119  83 245
 317  89 245
 103 103 245
 242 104 245
 136 105 245
 177 112 245
  43 115 245
 255 118 245
 130 119 245
 313 120 245
 200 121 245
  13 124 245
 294 124 245
 358 124 245
  70 131 245
 253 139 245
 336 143 245
  94 144 245
 235 147 245
 213 149 245
  47 151 245
 256 154 245
 240 162 245
 324 165 245
 147 168 245
 108 175 245
 260 176 245
   0 178 245
 170 178 245
  76   0 246
 190   0 246
 325   0 246
 116  16 246
 127  19 246
  58  29 246
 299  29 246
 127  30 246
 147  33 246
 319  37 246
 347  48 246
 126  50 246
 202  51 246
  66  56 246
 259  61 246
 233  62 246
 154  64 246
   0  67 246
 359  81 246
 340  82 246
 295  83 246
  47  91 246
 295  93 246
 254 102 246
 222 103 246
 347 103 246
  55 115 246
 270 115 246
 215 127 246
 156 131 246
 123 142 246
 346 142 246
 295 143 246
  30 148 246
 216 155 246
  74 159 246
 354 164 246
 165 172 246
  74 174 246
 190 178 246
 204 178 246
  30   0 247
 150   0 247
 199   0 247
 220   0 247
 231   0 247
 274   0 247
 339   0 247
 354   6 247
 352  17 247
 108  32 247
 169  44 247
 318  62 247
 159  68 247
 200  75 247
  85  80 247
 173  82 247
 124  91 247
 100  97 247
  63  99 247
 203 102 247
  71 116 247
 286 117 247
 327 117 247
  94 119 247
 244 119 247
 181 125 247
 295 132 247
 193 136 247
  24 138 247
  99 148 247
 125 149 247
 195 152 247
  53 156 247
 250 168 247
 320 177 247
 349 177 247
 220 178 247
  14   0 248
 181   0 248
 315   0 248
 288   1 248
  99  13 248
 245  17 248
  56  22 248
  69  33 248
 130  36 248
  71  40 248
 343  43 248
 178  45 248
 289  48 248
   5  54 248
 184  59 248
 275  68 248
  18  71 248
 105  72 248
  30  74 248
 212  79 248
 248  88 248
 151 100 248
 336 100 248
  17 101 248
  43 103 248
 359 105 248
  16 112 248
 138 120 248
 146 123 248
  53 126 248
 279 132 248
 317 141 248
 289 157 248
  11 159 248
 303 161 248
 224 164 248
  92 166 248
 297 176 248
 146 177 248
 279 178 248
 220  18 249
 166  21 249
 258  21 249
   8  26 249
 313  28 249
  31  31 249
 281  31 249
  11  37 249
 142  46 249
  24  49 249
 315  49 249
  76  54 249
 144  57 249
  98  58 249
 339  63 249
 320  69 249
 124  70 249
 231  72 249
 290  73 249
 157  85 249
 323  91 249
  90  93 249
 167  97 249
 180  98 249
 133  99 249
 108 123 249
  19 126 249
 164 135 249
 180 135 249
 334 137 249
 353 144 249
  66 155 249
  31 157 249
 136 169 249
  32 179 249
  87   0 250
 119   0 250
 172   0 250
 157   2 250
 199  11 250
 321  12 250
 298  22 250
 357  22 250
 214  33 250
 235  34 250
 109  40 250
  52  42 250
 306  43 250
 256  47 250
  85  54 250
 108  60 250
 243  69 250
 253  74 250
  75  76 250
  43  85 250
 274  95 250
 218  99 250
 122 101 250
 317 105 250
 224 109 250
 285 109 250
 155 124 250
 252 128 250
  62 132 250
 224 133 250
 263 136 250
 277 143 250
 143 149 250
 274 157 250
 318 162 250
 105 163 250
  68 172 250
 229 178 250
 248 178 250
 113 179 250
  38   0 251
  58   0 251
  96   0 251
 135   0 251
 255   0 251
 347   0 251
 286  11 251
  54  15 251
 201  22 251
 262  28 251
  88  32 251
 161  34 251
  40  43 251
 234  50 251
  53  62 251
 282  70 251
 194 101 251
  87 116 251
 119 122 251
 238 132 251
  35 135 251
 313 136 251
 198 139 251
 115 143 251
 175 148 251
 129 155 251
 198 157 251
 348 157 251
  30 168 251
  56 173 251
  99 177 251
 266 177 251
   6 179 251
  22   1 252
 242   1 252
 266   1 252
 301   6 252
  36  14 252
 337  18 252
 147  26 252
 200  32 252
 225  32 252
 281  46 252
 149  61 252
 118  67 252
 191  76 252
 357  76 252
 206  77 252
  16  81 252
 313  84 252
 118  89 252
 256  90 252
  18  92 252
  76  95 252
  54 101 252
 277 101 252
  30 105 252
 303 105 252
 344 112 252
 231 118 252
  96 125 252
  26 129 252
  74 136 252
 162 146 252
 225 152 252
 238 157 252
 173 159 252
 178 164 252
 310 178 252
  41 179 252
 196 179 252
 141   3 253
 117  10 253
  91  14 253
 135  18 253
 175  28 253
 337  35 253
  53  53 253
 219  56 253
 197  61 253
 350  63 253
 169  64 253
 303  71 253
  60  75 253
 358  87 253
 266  94 253
  91 100 253
 180 106 253
 207 117 253
 355 121 253
 315 122 253
 262 127 253
 121 129 253
  59 143 253
  84 145 253
 259 148 253
 210 155 253
   5 157 253
 342 171 253
 138 175 253
 355 179 253
   5   0 254
 281   0 254
 193   1 254
 102  32 254
 183  33 254
   3  38 254
 120  40 254
 272  46 254
 307  50 254
  14  52 254
 243  52 254
 268  66 254
 181  68 254
 153  69 254
 305  78 254
  61  83 254
 217  91 254
 166 105 254
  48 115 254
 297 119 254
 338 126 254
 357 128 254
  55 131 254
  92 146 254
 297 158 254
  91 160 254
 172 178 254
 236 179 254
  75   0 255
 216   0 255
 227   0 255
 322   0 255
  64  24 255
 157  24 255
 359  29 255
 198  42 255
 124  53 255
  67  57 255
  88  73 255
 344  77 255
 241  79 255
  35  85 255
 166  91 255
 330  99 255
 113 102 255
  72 107 255
 233 107 255
 188 115 255
 144 119 255
 134 138 255
  36 142 255
 285 153 255
 338 154 255
 313 156 255
 142 157 255
 212 172 255
  84 178 255
 285 178 255
 323 178 255
 112   0 256
 338   0 256
 162   4 256
 252  22 256
  71  27 256
  25  32 256
 301  34 256
  41  35 256
 335  45 256
 291  52 256
  31  59 256
 123  76 256
 330  76 256
 144  93 256
 148  98 256
 287 114 256
 197 117 256
 239 124 256
 167 126 256
 297 128 256
  11 129 256
 203 144 256
  34 172 256
 152 174 256
 182 178 256
 254 179 256
  14   0 257
 205   0 257
 290   0 257
 234   2 257
 238  12 257
 300  14 257
 240  24 257
 324  24 257
 277  26 257
 332  31 257
 110  33 257
  75  38 257
 139  52 257
  95  57 257
 337  57 257
 297  69 257
 214  76 257
 237  92 257
 134  94 257
  34 114 257
  72 145 257
  36 156 257
 286 161 257
 260 162 257
 233 169 257
 301 176 257
 105 178 257
  66 179 257
  32   0 258
  44   0 258
  64   0 258
 255  30 258
 186  40 258
 126  42 258
 257  53 258
 221  79 258
  24  80 258
 192  85 258
 297  94 258
 344  94 258
 258  95 258
  31  97 258
 267 105 258
 336 113 258
  78 119 258
 151 131 258
 200 132 258
 165 153 258
  15 154 258
 129 162 258
  61 174 258
  96 174 258
 160 177 258
 127 179 258
 174   0 259
 186   0 259
 109  11 259
  11  38 259
 170  39 259
  97  88 259
  97 109 259
 274 109 259
 216 139 259
 222 149 259
  61 164 259
 219 173 259
   5 176 259
 132   0 260
 149   0 260
 158   0 260
 330   0 260
 355   0 260
 168  30 260
 290  34 260
 209  60 260
  92  81 260
 328  86 260
  26  87 260
 133 122 260
 284 125 260
 326 131 260
 110 134 260
  24 135 260
 352 155 260
 328 156 260
  22   0 261
  82   0 261
  92   0 261
 103   0 261
 219  38 261
 323  50 261
  78  53 261
  12  59 261
 158  59 261
  54  85 261
 109 125 261
 305 128 261
  22 177 261
  78 177 261
  54   0 262
 243   0 262
 268  28 262
 194  40 262
 329  57 262
  22  61 262
 177  66 262
 268  70 262
  25  71 262
 173  89 262
  71  94 262
 217 105 262
 110 112 262
 185 123 262
 339 129 262
 205 135 262
 217 162 262
  36 177 262
 318 177 262
 261 179 262
   7   0 263
 220   0 263
 269   0 263
 278   0 263
 308   0 263
  11  27 263
 139  41 263
  19  43 263
 303  55 263
  58  63 263
 201  83 263
 157 115 263
 176 122 263
 268 128 263
 209 154 263
 104 159 263
 249 166 263
 176 173 263
 274 179 263
 140   0 264
 342   0 264
 291  58 264
  87  60 264
  92  65 264
 109  84 264
  56 123 264
 257 170 264
 158 172 264
 284 178 264
 111   0 265
 166   0 265
 317   0 265
 338 139 265
  27 160 265
 114 165 265
 340 174 265
 350 175 265
 137 177 265
 229 177 265
 204   0 266
 288   0 266
 180  71 266
 119  92 266
   5 124 266
 248 140 266
  64 176 266
  75   0 267
 181  46 267
 258 112 267
 342 160 267
 326   0 268
 323  56 268
 298 148 268
 297   7 271
 136  37 271
 155 104 271
 349   7 272
 196  23 272
 288  49 272
 238  57 272
 135  62 272
 348  72 272
 310  85 272
 348 109 272
 228  42 273
  57  66 273
  83  99 273
  78  32 274
 162  71 274
 290  74 274
 169  78 274
  53  81 274
 264  82 274
  55  94 274
  60  99 274
 270 134 274
 260  27 275
 175  31 275
 298  87 275
 321  91 275
 329  99 275
 101 111 275
  48 142 275
 288  34 276
 330  45 276
   6  74 276
 191  87 276
 221  90 276
  18  72 277
 255  75 277
  83  84 277
 140  85 277
  13  91 277
  14 102 277
 251 121 277
 110 143 277
 157 143 277
 135  55 278
 346  55 278
 180  84 278
 253 101 278
 214 106 278
 133 107 278
 273  27 279
  36  37 279
 139  38 279
  92  48 279
 200  54 279
 114  88 279
 198  92 279
  37 105 279
  68 107 279
  14 114 279
 214 122 279
 320 126 279
 259 132 279
  61 137 279
  92 138 279
 120 142 279
 104  24 280
   1  25 280
  34  27 280
 121  27 280
 197  31 280
 126  34 280
 324  35 280
  79  38 280
 302  39 280
  51  47 280
 165  51 280
 327  65 280
 224  79 280
 307 112 280
 319 116 280
 153 118 280
  98 121 280
 157 127 280
 233 129 280
  23 131 280
 209 139 280
 356  13 281
  22  29 281
 247  29 281
 235  31 281
 201  37 281
 305  45 281
 268  47 281
  88  66 281
 300  69 281
 282  97 281
  88  98 281
 295 103 281
 349 107 281
  35 128 281
  69 138 281
 337 144 281
 148  21 282
  65  22 282
  73  33 282
 256  36 282
 155  43 282
 228  56 282
  60  65 282
 352  65 282
 206  66 282
 278  83 282
 256  84 282
 158  92 282
 312  95 282
 186 121 282
 347 123 282
 202 126 282
   3 133 282
 278 134 282
  47 135 282
 291 136 282
 174 141 282
 176  15 283
 304  27 283
 327  53 283
 153  54 283
 192  54 283
   7  60 283
 165  68 283
 255  68 283
  42  69 283
  63  71 283
 124  89 283
 118 129 283
 164 130 283
 247 136 283
 264 139 283
  93 145 283
 308 149 283
 303  17 284
  16  22 284
 151  33 284
  34  46 284
 112  59 284
  75  71 284
   0  76 284
   7  78 284
 117  78 284
  75  87 284
 296  91 284
  24  97 284
 329  97 284
 157 102 284
 127 106 284
   9 137 284
  32 139 284
  52 139 284
 132 145 284
  80  15 285
 188  23 285
 229  23 285
 272  35 285
 353  53 285
  36  55 285
 206  55 285
 167  57 285
 117  64 285
 227  69 285
 239  71 285
 270  78 285
  22  79 285
 195  85 285
 131  91 285
 241  91 285
 211 103 285
 265 104 285
  44 105 285
 224 131 285
 237 137 285
 298 142 285
 198 143 285
  77 147 285
 341 148 285
 104 152 285
 151 152 285
 314 152 285
 115 154 285
 116  19 286
 132  22 286
  45  23 286
 275  59 286
 330  69 286
 162  79 286
 175  92 286
 198 101 286
 101 105 286
 336 105 286
 237 109 286
  84 110 286
  78 136 286
 274 146 286
 175 148 286
 246 149 286
   7 152 286
 297 152 286
 154   7 287
 186  15 287
 327  16 287
  95  17 287
 100  22 287
 337  27 287
 192  28 287
 257  28 287
 108  35 287
 356  35 287
 337  36 287
 302  55 287
 106  56 287
 184  70 287
  89  87 287
 324  90 287
  37  92 287
  42  97 287
 225  98 287
 256  99 287
 185 103 287
  64 106 287
 166 110 287
 353 110 287
 338 112 287
 276 117 287
 144 122 287
  56 145 287
 221 145 287
 142 146 287
 184 149 287
 326 149 287
  19 159 287
 193 159 287
  88 160 287
 248 161 287
 288  12 288
 222  17 288
 251  19 288
   2  20 288
 209  21 288
 331  24 288
  29  28 288
 148  28 288
  90  40 288
 259  40 288
 284  41 288
  68  46 288
 298  46 288
 145  47 288
  52  50 288
 227  50 288
 326  61 288
 152  62 288
 309  65 288
 129  74 288
   9  84 288
  15  95 288
 133 108 288
  49 109 288
 291 112 288
 136 117 288
 108 118 288
   8 119 288
 357 119 288
 214 120 288
 312 120 288
 346 154 288
  75 157 288
  49 160 288
 267 161 288
  24   7 289
  60  19 289
  23  23 289
 237  23 289
 282  33 289
 223  45 289
 189  46 289
  26  47 289
 104  48 289
 235  54 289
  83  55 289
  51  69 289
 296  69 289
 350  72 289
  74  79 289
 109  79 289
 306  88 289
  77 106 289
 270 107 289
 108 109 289
 307 113 289
 244 118 289
  52 125 289
  23 130 289
 167 143 289
 231 156 289
  29 158 289
 353 158 289
 136 160 289
 327   5 290
  81  22 290
  60  30 290
 136  30 290
 303  33 290
 161  41 290
   4  49 290
 257  59 290
  64  65 290
  91  77 290
 226  77 290
 151  78 290
 341  91 290
 203 104 290
 293 119 290
  16 120 290
 199 121 290
 173 126 290
 109 127 290
  37 128 290
 330 128 290
 214 134 290
  13 154 290
 324 159 290
 140   7 291
 172  22 291
 214  33 291
   1  39 291
  19  45 291
  27  58 291
 261  66 291
 274  67 291
 198  69 291
 211  74 291
 333  74 291
 304  78 291
 232  84 291
 163  86 291
 250  88 291
 271  91 291
 105  94 291
  82 119 291
 265 120 291
 162 122 291
 317 127 291
 340 129 291
  55 131 291
 267 133 291
 126 134 291
 292 134 291
 112 138 291
 207 152 291
  85 155 291
 223 155 291
 305 155 291
 280 156 291
  61 157 291
 124 158 291
 297  12 292
 162  21 292
 269  23 292
 176  38 292
 214  42 292
 339  42 292
 183  43 292
  78  44 292
 139  44 292
 125  48 292
 255  52 292
 190  54 292
  34  62 292
  45  64 292
 286  64 292
   3  67 292
   7  72 292
 204  72 292
  67  76 292
 129  82 292
 178  83 292
 211  83 292
 286  86 292
  27  91 292
 355  91 292
  32 113 292
 251 120 292
 143 130 292
  88 132 292
 269 143 292
  48 146 292
 107 157 292
 160 158 292
 243 158 292
 306 164 292
 351   7 293
  49  11 293
 305  13 293
 109  19 293
 259  19 293
 307  20 293
 318  30 293
 124  34 293
 319  42 293
 341  53 293
 238  59 293
 161  60 293
 130  66 293
 168  68 293
 109  69 293
 138  82 293
  76  85 293
 259  88 293
 239  89 293
  11  90 293
 182  90 293
 312  90 293
 188  94 293
 329  94 293
 136  98 293
 288  99 293
 156 101 293
 229 111 293
 238 114 293
  93 117 293
 197 131 293
 246 133 293
 349 133 293
 158 134 293
   8 135 293
  69 138 293
 353 138 293
 312 140 293
  31 142 293
 191 152 293
 120 153 293
 170 158 293
 146 160 293
 256   7 294
 239  14 294
  55  16 294
 206  17 294
 357  17 294
 190  18 294
 120  19 294
  94  23 294
 276  28 294
 119  29 294
  40  39 294
 242  40 294
  65  42 294
 323  47 294
 283  49 294
  95  50 294
 148  59 294
  95  63 294
  54  81 294
  54  95 294
  93  98 294
  74 101 294
 163 103 294
 351 103 294
 189 105 294
  58 107 294
 330 108 294
  72 121 294
 190 122 294
  94 135 294
 257 135 294
 302 135 294
  19 141 294
 295 150 294
 264 156 294
 213 157 294
  97 158 294
  42 160 294
 331 160 294
 233  11 295
 160  13 295
 326  13 295
  71  14 295
  78  17 295
   9  18 295
  19  18 295
  34  18 295
 208  27 295
 239  33 295
  99  36 295
  59  38 295
 273  48 295
 115  50 295
 193  60 295
 346  68 295
 319  72 295
  45  81 295
 154  87 295
  93  89 295
 318  93 295
  33  99 295
 124 101 295
 212 102 295
 293 104 295
 142 105 295
   1 107 295
 218 107 295
  11 111 295
 313 114 295
 121 122 295
 207 131 295
 228 131 295
 286 132 295
 181 140 295
  73 152 295
 358 160 295
 344 161 295
  11 163 295
 290 163 295
 248 165 295
 146  14 296
 344  21 296
  35  34 296
 155  35 296
 227  36 296
  10  37 296
  20  37 296
 250  41 296
  43  47 296
 305  48 296
 292  49 296
 220  53 296
  62  54 296
 350  55 296
 319  59 296
 125  62 296
 293  66 296
 303  67 296
 238  71 296
  17  73 296
 248  73 296
  26  82 296
 273  82 296
 206  95 296
 111  96 296
 169 108 296
 297 109 296
 336 111 296
  43 112 296
 188 115 296
 143 121 296
 170 135 296
 232 136 296
 144 137 296
 325 139 296
  40 141 296
 333 142 296
   7 144 296
 201 150 296
 138 151 296
 276 152 296
 237 155 296
 188   8 297
  89  19 297
 333  21 297
 175  26 297
 143  33 297
 275  37 297
 350  38 297
 257  43 297
 151  47 297
  81  49 297
  20  55 297
 207  55 297
   3  57 297
 223  59 297
  82  68 297
 266  68 297
 332  68 297
 173  72 297
  43  73 297
 348  77 297
 112  80 297
 349  88 297
 285  94 297
  44  97 297
 119  97 297
 269  99 297
 255 102 297
 305 111 297
  67 115 297
 116 116 297
 344 117 297
  55 118 297
 137 118 297
 278 128 297
 100 139 297
  73 142 297
 153 146 297
 188 146 297
 259 146 297
  54 156 297
  77 157 297
  88 159 297
  31 160 297
 315 162 297
 222 163 297
  19 164 297
 276 166 297
 190 167 297
 271  14 298
 282  15 298
 194  22 298
 291  30 298
 204  39 298
 167  41 298
 189  44 298
 108  45 298
  47  55 298
 331  55 298
  81  58 298
 170  58 298
  63  62 298
 226  65 298
 149  66 298
 103  67 298
 129  74 298
 175  79 298
  85  85 298
 202  86 298
 176 110 298
 265 111 298
  24 115 298
 106 115 298
 276 115 298
 247 117 298
  12 119 298
 354 121 298
 223 123 298
  25 125 298
  64 135 298
 118 137 298
 125 140 298
 167 146 298
 352 146 298
 134 163 298
 135   8 299
 220   9 299
  33  11 299
 137  15 299
 171  17 299
  57  22 299
 310  24 299
 140  27 299
 222  27 299
  95  30 299
 341  32 299
   2  34 299
  77  36 299
 180  40 299
 128  51 299
 258  55 299
 279  66 299
  28  72 299
 229  72 299
 152  73 299
 190  73 299
 286  80 299
 302  83 299
 332  85 299
  68  86 299
 248  86 299
 220  88 299
 230  89 299
 335  95 299
  28  96 299
  17  97 299
 246  97 299
  97 102 299
 230 102 299
 201 118 299
  42 121 299
 174 121 299
 330 124 299
 298 131 299
  56 134 299
 244 141 299
 231 145 299
 340 146 299
 214 148 299
  18 149 299
 307 157 299
 118 161 299
 106 163 299
 176 163 299
 149 164 299
  54 165 299
  10   9 300
 334  12 300
 292  14 300
 254  15 300
  47  18 300
 242  18 300
  62  28 300
  74  28 300
 312  31 300
 109  33 300
 208  45 300
  19  46 300
  31  52 300
 311  53 300
 203  68 300
  13  69 300
 205  75 300
 331  77 300
 156  78 300
 313  84 300
   7  88 300
 158  91 300
 135 104 300
 155 116 300
  87 118 300
 212 119 300
 316 119 300
 262 122 300
  90 125 300
 319 125 300
 159 127 300
 247 127 300
 269 129 300
 133 141 300
 288 147 300
 166 156 300
 241 163 300
 335 163 300
 213 164 300
 107  11 301
 310  11 301
 121  13 301
 223  15 301
 160  20 301
 203  25 301
 252  26 301
 355  26 301
 265  27 301
 329  32 301
 293  37 301
  78  44 301
 126  44 301
 140  47 301
   2  50 301
 346  51 301
 187  54 301
 274  54 301
   5  63 301
  65  69 301
 112  70 301
  90  72 301
  69  74 301
 262  79 301
 132  80 301
 189  85 301
   0  86 301
 173  89 301
 138  90 301
  71  92 301
  11  94 301
 321 101 301
  83 102 301
 156 105 301
 203 105 301
 238 118 301
 359 125 301
 340 128 301
  39 132 301
 111 135 301
  88 136 301
 217 136 301
 205 139 301
 274 139 301
 315 141 301
 252 144 301
  27 149 301
  47 149 301
 109 152 301
 352 159 301
 187 160 301
 323 162 301
   1 164 301
 261 164 301
 270 164 301
  63 165 301
 123 165 301
 272   5 302
  79  11 302
 196  11 302
 347  11 302
 357  12 302
  43  13 302
  17  25 302
  23  28 302
 131  28 302
 318  34 302
 234  42 302
 240  45 302
  60  49 302
 242  53 302
 106  55 302
 164  55 302
 249  56 302
 136  59 302
  32  60 302
 292  60 302
  40  68 302
 257  70 302
 306  71 302
 215  80 302
  96  81 302
  48  84 302
 113  87 302
 262  88 302
 271  90 302
 312  94 302
 297  95 302
 198  97 302
 172  99 302
  47 102 302
 339 102 302
  68 103 302
 105 107 302
  82 112 302
 286 114 302
 131 116 302
 291 120 302
 185 124 302
  52 128 302
   8 130 302
 102 130 302
 196 130 302
  27 131 302
  72 135 302
 284 139 302
 302 140 302
  11 147 302
 322 148 302
 102 150 302
 298 152 302
 259 156 302
 145 159 302
 206 162 302
  40 165 302
  76 165 302
  91 166 302
 292 167 302
  26  10 303
 159  10 303
 240  10 303
 208  12 303
 122  27 303
 181  27 303
 276  27 303
 105  28 303
 167  28 303
  31  29 303
  44  29 303
 237  30 303
 226  31 303
  48  36 303
 339  42 303
  52  43 303
 326  43 303
  92  44 303
 220  46 303
  96  49 303
 153  52 303
 283  54 303
 188  62 303
 330  63 303
 317  68 303
 350  68 303
 244  70 303
  49  74 303
 241  85 303
 100  86 303
 189  94 303
 351 101 303
 283 102 303
  55 103 303
 215 103 303
  26 106 303
 231 109 303
 306 117 303
 120 119 303
 185 133 303
 343 135 303
 151 141 303
   1 144 303
  41 146 303
 181 146 303
 135 148 303
  71 150 303
 169 162 303
 232 164 303
  97   9 304
  71  10 304
 319  10 304
 327  11 304
  15  13 304
 298  16 304
  92  22 304
 208  29 304
 279  39 304
   3  41 304
 266  42 304
  29  44 304
 298  46 304
 218  58 304
 115  59 304
  93  60 304
 347  61 304
 173  62 304
 121  69 304
 284  74 304
   0  75 304
 163  79 304
  32  82 304
 290  84 304
  54  88 304
 129  91 304
 123 104 304
 356 105 304
 146 106 304
  14 107 304
   3 108 304
 259 108 304
 167 113 304
  68 120 304
 138 123 304
 215 124 304
 151 127 304
 235 129 304
 172 130 304
 199 136 304
 354 137 304
  87 145 304
 223 146 304
  56 148 304
  95 148 304
 203 152 304
 230 153 304
  11 162 304
 308 164 304
 282 165 304
 151 170 304
 149   5 305
 183  10 305
  58  13 305
 278  13 305
 112  14 305
 146  16 305
 148  25 305
   1  28 305
 193  28 305
 157  30 305
 140  39 305
 185  42 305
 151  43 305
 307  49 305
 324  53 305
  64  54 305
  74  55 305
 265  55 305
 201  57 305
 221  64 305
 298  66 305
 139  67 305
  17  73 305
  78  74 305
 144  75 305
 346  82 305
 117  92 305
 210  92 305
 275  95 305
  81  96 305
  37 103 305
 247 103 305
 311 103 305
 323 107 305
 183 108 305
 191 110 305
  53 114 305
 334 114 305
  38 116 305
  27 118 305
 261 130 305
 330 131 305
 268 137 305
 161 145 305
 120 149 305
 329 150 305
 188 151 305
  61 152 305
  25 160 305
  33 162 305
  85  13 306
 265  18 306
 334  19 306
 343  22 306
 303  23 306
 213  33 306
 304  33 306
 166  37 306
 260  38 306
 117  39 306
 174  40 306
  15  41 306
 347  43 306
 199  47 306
  16  59 306
  41  59 306
 163  64 306
 268  66 306
 333  69 306
 235  71 306
 126  73 306
 183  74 306
 275  74 306
  26  79 306
 208  79 306
 229  84 306
 168  86 306
 324  88 306
 146  90 306
  99  95 306
 227  99 306
 300 100 306
 271 107 306
  68 111 306
 208 116 306
 341 116 306
 108 117 306
 230 118 306
  76 124 306
 125 128 306
 141 129 306
 304 130 306
 250 131 306
  16 133 306
  79 136 306
  27 139 306
 253 151 306
 278 151 306
 163 152 306
 339 152 306
 347 153 306
 137 155 306
  87 162 306
 110 165 306
 195 166 306
 245 166 306
  98 167 306
 218 168 306
 298   5 307
  39   9 307
  53   9 307
 130  10 307
 252  11 307
 171  12 307
 214  14 307
 227  18 307
 322  23 307
  70  24 307
  82  24 307
 350  24 307
 284  27 307
  90  32 307
 134  33 307
 252  33 307
  64  37 307
 194  42 307
 129  54 307
   6  55 307
  80  58 307
 312  58 307
 154  59 307
 207  60 307
 102  65 307
 229  65 307
  49  66 307
 193  74 307
 317  76 307
 149  79 307
  88  80 307
 253  80 307
  36  87 307
  63  87 307
 296  87 307
 334  87 307
 348  89 307
 250  91 307
 259  98 307
 102 101 307
 115 103 307
 280 112 307
 201 113 307
 326 113 307
  12 117 307
 168 121 307
 356 121 307
 292 127 307
 321 129 307
  61 133 307
 237 136 307
 125 137 307
  39 139 307
 221 139 307
 246 143 307
 272 147 307
 313 149 307
 289 152 307
  74 159 307
 359 159 307
 341 166 307
 325 167 307
 251 169 307
 179 171 307
 262  10 308
 136  13 308
   4  14 308
 186  16 308
 198  16 308
  57  22 308
 116  23 308
  79  35 308
 109  37 308
 285  41 308
 320  41 308
 214  42 308
  35  46 308
 119  46 308
 332  54 308
 256  56 308
 286  59 308
  25  60 308
 180  63 308
  59  70 308
 204  71 308
 338  74 308
   6  77 308
  77  83 308
 319  83 308
  13  84 308
 179  88 308
  17  93 308
 152  93 308
 239  94 308
 165  98 308
 179  98 308
 132 103 308
 161 110 308
 222 111 308
 247 113 308
  93 115 308
 350 117 308
 256 118 308
  96 122 308
  39 124 308
 275 124 308
 108 131 308
 216 131 308
 176 135 308
 333 137 308
 113 142 308
 150 149 308
 197 150 308
  13 152 308
 220 156 308
 123 159 308
  59 162 308
 149 162 308
  47 164 308
 175 164 308
 316 164 308
 134 166 308
 272 168 308
 205 169 308
  11 170 308
 284  15 309
 239  17 309
  14  21 309
  25  21 309
  41  23 309
 248  23 309
  56  34 309
 310  37 309
 336  37 309
  27  38 309
 128  46 309
  43  47 309
 352  47 309
 173  49 309
 232  49 309
 144  55 309
 252  68 309
 359  68 309
  27  70 309
  67  71 309
 105  71 309
 300  72 309
 222  78 309
 287  79 309
 110  81 309
 193  85 309
   1  89 309
  39  93 309
 196  93 309
  74  94 309
  89  96 309
 215  96 309
 138 107 309
 299 109 309
 150 110 309
 267 118 309
  17 121 309
  54 121 309
 282 126 309
  96 131 309
 154 132 309
  51 134 309
 162 134 309
 292 136 309
 139 139 309
 307 141 309
  82 142 309
 176 144 309
 210 153 309
 101 156 309
 300 156 309
 166 158 309
 239 163 309
 265 164 309
 300 165 309
 354   7 310
 109   9 310
 309   9 310
 335  10 310
 225  11 310
 162  13 310
 315  19 310
  34  21 310
 267  24 310
 128  26 310
 293  26 310
 201  27 310
 351  32 310
 229  34 310
  13  35 310
  96  35 310
 236  37 310
 143  44 310
 248  44 310
 291  44 310
  77  45 310
   1  49 310
 104  49 310
  55  50 310
 253  50 310
 273  55 310
 132  60 310
 296  60 310
  86  61 310
 314  65 310
  92  67 310
 163  72 310
 265  76 310
 135  77 310
 239  81 310
 272  84 310
 304  88 310
 136  90 310
 336  94 310
 283  95 310
  23  96 310
  48  98 310
 347  98 310
 321  99 310
  88 108 310
 118 114 310
 179 118 310
 311 118 310
 125 120 310
 208 124 310
 232 124 310
 195 125 310
 315 126 310
 358 128 310
   2 135 310
 192 136 310
  21 137 310
  66 137 310
 260 138 310
 344 140 310
  48 145 310
   5 146 310
  26 148 310
 263 148 310
 180 152 310
 318 154 310
  45 156 310
 234 156 310
   1 166 310
  21 170 310
  79   6 311
 212   6 311
  68   7 311
 276   7 311
 120  12 311
 172  19 311
 154  26 311
 185  26 311
 224  28 311
 332  28 311
  43  33 311
 161  33 311
 271  33 311
   3  34 311
 272  41 311
  97  43 311
 162  47 311
 222  48 311
 181  51 311
 339  56 311
 194  58 311
 353  62 311
 117  66 311
  40  67 311
 174  75 311
 346  75 311
  53  82 311
  93  84 311
 115  85 311
 209  86 311
 260  88 311
  64  94 311
 310  96 311
   4  97 311
 157  97 311
 266  99 311
 289  99 311
 198 100 311
  25 103 311
 238 103 311
  50 105 311
  63 107 311
  77 109 311
 175 109 311
 289 111 311
 307 112 311
 136 117 311
 190 117 311
 244 124 311
  81 127 311
 205 135 311
  95 141 311
 104 142 311
 239 142 311
 210 143 311
  34 150 311
  85 155 311
 110 156 311
 335 164 311
 125 166 311
 287 167 311
  73 168 311
  88 169 311
 153   7 312
  27   8 312
 198   8 312
  99  11 312
 358  12 312
 297  13 312
 150  18 312
  67  19 312
 103  21 312
 212  23 312
 174  26 312
 183  36 312
  67  44 312
 323  47 312
  83  48 312
  23  49 312
 298  50 312
 309  53 312
  66  58 312
 240  58 312
 279  58 312
 217  62 312
 343  62 312
 156  65 312
 244  67 312
 218  72 312
  48  74 312
  72  75 312
 308  77 312
 124  90 312
 226  93 312
 352 102 312
 107 104 312
   9 105 312
 213 106 312
  35 110 312
 161 118 312
 223 118 312
 149 119 312
  64 120 312
  72 121 312
  28 123 312
 331 125 312
 345 128 312
  40 131 312
 319 138 312
 300 139 312
 130 140 312
  69 143 312
 349 144 312
 142 145 312
 247 150 312
 332 153 312
 352 155 312
 198 157 312
 261 158 312
 165 167 312
  32 168 312
  62 168 312
 347 168 312
 224 169 312
 100 172 312
  17  10 313
  46  10 313
 237  10 313
 343  11 313
  53  16 313
 140  19 313
 258  20 313
   4  22 313
  93  23 313
 302  29 313
 322  30 313
 142  31 313
  23  33 313
 206  35 313
 339  43 313
 192  50 313
 207  53 313
 108  54 313
 116  56 313
 233  56 313
 145  62 313
 323  65 313
  13  66 313
 195  66 313
 261  67 313
 283  69 313
 326  72 313
   0  75 313
  36  78 313
 162  81 313
 176  82 313
  75 101 313
 123 101 313
 335 103 313
 203 104 313
 242 108 313
 339 111 313
   7 115 313
 137 125 313
 173 130 313
 256 130 313
 231 133 313
 282 134 313
 165 144 313
 192 145 313
 225 145 313
 287 147 313
  70 151 313
  56 152 313
 121 153 313
 293 155 313
 186 157 313
 250 158 313
  14 159 313
 154 165 313
 201 165 313
 307 166 313
 186 170 313
 183   6 314
  92   8 314
 328   9 314
  80  14 314
 127  17 314
 109  24 314
 344  25 314
  74  26 314
 128  34 314
 246  34 314
 116  36 314
 190  38 314
 302  38 314
  55  42 314
 207  43 314
 154  45 314
  12  46 314
 265  53 314
 326  53 314
  44  54 314
  10  57 314
  56  57 314
  32  59 314
 168  59 314
  72  61 314
 133  67 314
 297  67 314
  19  70 314
 121  71 314
  96  73 314
 207  75 314
 144  76 314
 230  77 314
  22  80 314
 328  80 314
 247  81 314
 297  81 314
 151  83 314
 347  83 314
  59  85 314
 100  86 314
 278  90 314
 103  94 314
 142  96 314
 187  96 314
 172  98 314
 229 101 314
 271 103 314
 324 105 314
 186 106 314
 277 107 314
 109 111 314
 255 111 314
  51 113 314
 346 114 314
 294 119 314
 326 120 314
 299 124 314
 107 125 314
 268 125 314
  16 129 314
 149 129 314
 248 129 314
  86 131 314
 119 131 314
 271 133 314
 334 143 314
 280 144 314
  81 150 314
  94 154 314
 227 155 314
  37 156 314
 140 156 314
 275 159 314
  22 160 314
 113 166 314
 214 166 314
 139 168 314
 319 168 314
  49 169 314
 239 171 314
 219   7 315
 283   8 315
 249   9 315
  35  10 315
 318  10 315
 255  13 315
 206  17 315
 304  19 315
  87  20 315
 222  20 315
 285  21 315
 241  22 315
 355  22 315
 318  24 315
  16  26 315
  54  29 315
 283  31 315
 256  32 315
 173  35 315
 260  38 315
 352  39 315
 279  42 315
 312  42 315
 135  45 315
 211  59 315
 175  62 315
  83  70 315
 198  72 315
 126  80 315
  83  82 315
 187  84 315
 254  84 315
 358  85 315
  40  86 315
 217  87 315
 329  88 315
 301  97 315
  40  99 315
 255  99 315
  97 106 315
 159 106 315
 358 108 315
  26 110 315
 129 110 315
 216 112 315
  40 116 315
 320 116 315
  83 118 315
   9 122 315
 167 125 315
 184 128 315
 336 129 315
  31 132 315
 221 132 315
 120 139 315
 325 141 315
 152 142 315
  21 145 315
  10 149 315
 152 153 315
 308 154 315
 214 157 315
 280 164 315
  82 166 315
   9   5 316
 268   6 316
 170  11 316
 188  11 316
 276  20 316
 195  21 316
 115  27 316
  33  30 316
  77  32 316
  92  32 316
 153  34 316
 219  38 316
 290  38 316
  42  41 316
   2  42 316
 171  45 316
 262  46 316
  30  50 316
  96  51 316
 142  51 316
  84  55 316
 128  57 316
 313  58 316
 184  62 316
 229  67 316
 271  77 316
 282  78 316
 314  80 316
   9  82 316
  73  82 316
  24  87 316
 114  93 316
 166  94 316
 149  98 316
 314 100 316
 202 113 316
 280 113 316
  97 115 316
 261 115 316
 242 117 316
 356 118 316
 230 119 316
 204 121 316
  99 123 316
 116 125 316
  53 127 316
 306 127 316
  61 130 316
 316 132 316
 185 136 316
  41 138 316
   4 140 316
  57 141 316
 219 142 316
 247 142 316
 202 144 316
 259 145 316
 108 146 316
 133 147 316
 168 150 316
 321 158 316
 358 158 316
  44 163 316
  99 163 316
 250 167 316
 340 167 316
 174 168 316
 233   5 317
 139   9 317
 293   9 317
 114  10 317
  61  16 317
 268  16 317
 332  17 317
 233  20 317
  28  22 317
  64  28 317
 331  35 317
  34  38 317
 106  39 317
 127  43 317
 233  44 317
 241  45 317
 290  50 317
 348  52 317
 335  53 317
 156  56 317
 250  57 317
  97  59 317
 254  63 317
 358  64 317
  34  66 317
 110  67 317
 269  67 317
  58  68 317
 344  69 317
 185  70 317
 158  71 317
  62  74 317
 202  86 317
 133  87 317
 298  89 317
  84  90 317
 242  92 317
 267  92 317
 346  92 317
  71  93 317
  12  95 317
  56  95 317
 248  96 317
 133  97 317
  91  98 317
  17 104 317
 150 106 317
 169 108 317
 192 109 317
  65 112 317
 283 120 317
 212 126 317
  71 129 317
 352 129 317
 200 132 317
 357 134 317
  91 135 317
 104 135 317
 236 137 317
  49 139 317
 271 142 317
 308 144 317
 178 148 317
 346 153 317
 270 155 317
 131 157 317
  59 158 317
 237 159 317
 296 161 317
 331 161 317
  72 162 317
 259 167 317
 130 168 317
  10 169 317
 296 170 317
  63   5 318
 206   6 318
 306   7 318
 163   8 318
 127   9 318
 350  12 318
 103  14 318
  14  19 318
  43  19 318
 155  20 318
 294  21 318
 165  22 318
 183  22 318
 247  25 318
  46  26 318
 203  29 318
 216  31 318
 235  33 318
 344  33 318
 100  35 318
  66  37 318
  79  39 318
  23  41 318
 117  43 318
 319  44 318
 179  46 318
 249  47 318
  68  50 318
 280  50 318
   0  53 318
 302  53 318
 290  59 318
 223  63 318
 336  63 318
  46  67 318
  75  67 318
 308  69 318
 138  72 318
 243  74 318
 111  75 318
 291  78 318
 168  83 318
 231  84 318
 316  87 318
 286  90 318
 336  90 318
  29  92 318
 206  93 318
 359  93 318
 219  94 318
 116 100 318
  59 102 318
  44 104 318
 303 104 318
 230 108 318
 138 109 318
 314 109 318
  82 110 318
 117 111 318
 181 120 318
 142 128 318
 156 130 318
  22 132 318
 291 135 318
 163 136 318
 341 145 318
  30 148 318
 117 149 318
 207 150 318
 179 156 318
   5 160 318
 166 160 318
  26 165 318
 353 169 318
 268 170 318
  73   8 319
 177  16 319
 131  21 319
 311  21 319
 338  21 319
 142  24 319
   3  29 319
 166  30 319
 184  30 319
  16  34 319
 273  35 319
 311  35 319
 195  41 319
 223  43 319
 332  43 319
  56  49 319
  76  51 319
 197  52 319
 222  54 319
  19  56 319
 268  58 319
 105  62 319
 238  66 319
  90  71 319
 173  71 319
  99  78 319
 217  78 319
 118  80 319
 197  81 319
  48  86 319
 177  88 319
 235  90 319
  33  98 319
 347 100 319
 291 101 319
 220 102 319
 176 112 319
 157 115 319
  27 117 319
 140 117 319
 268 117 319
 127 119 319
  50 121 319
 249 121 319
 194 124 319
 129 127 319
  78 132 319
 259 134 319
 174 138 319
  66 140 319
  78 141 319
  91 146 319
 294 146 319
  47 152 319
 317 152 319
 260 153 319
 194 155 319
 157 157 319
 109 161 319
 195 164 319
 222 165 319
 120 167 319
 205 168 319
 311 169 319
 232 170 319
 148   8 320
  10  12 320
  26  12 320
 222  12 320
 193  30 320
 146  33 320
  53  37 320
 163  41 320
  88  42 320
  43  48 320
 106  48 320
 184  51 320
 148  54 320
 200  59 320
 161  60 320
  24  61 320
 280  61 320
 320  62 320
   7  65 320
 212  66 320
 149  67 320
 253  72 320
   8  73 320
  23  73 320
 348  74 320
  33  75 320
 189  75 320
 147  80 320
 155  86 320
 260  86 320
 181  94 320
 193  97 320
 323  98 320
  81 100 320
 266 101 320
 354 104 320
 292 109 320
 334 109 320
 303 113 320
  71 115 320
 338 117 320
 347 120 320
 231 126 320
 327 126 320
 285 127 320
   8 130 320
 340 133 320
 307 134 320
 130 135 320
 212 135 320
  34 137 320
 143 138 320
  11 141 320
 189 141 320
 238 144 320
 101 145 320
  38 149 320
 224 151 320
 357 151 320
 248 153 320
  83 158 320
  92 162 320
  36 163 320
  63 163 320
 183 166 320
 146 167 320
 285 167 320
 330 170 320
   0 171 320
  84   6 321
  43   8 321
  96  10 321
 241  10 321
 359  11 321
 195  12 321
 152  14 321
  85  15 321
 259  16 321
  72  17 321
 115  17 321
 104  22 321
 266  25 321
  88  26 321
 254  27 321
 327  27 321
 296  28 321
 229  30 321
 354  30 321
 123  32 321
 303  32 321
 205  39 321
 343  42 321
 271  45 321
 300  45 321
 209  47 321
 116  52 321
 125  52 321
 237  55 321
  45  59 321
 305  59 321
 349  59 321
  87  60 321
 133  60 321
 294  64 321
 326  66 321
 333  73 321
 312  74 321
  47  75 321
 356  75 321
  67  78 321
  14  85 321
 106  86 321
 125  87 321
  93  89 321
 158  95 321
 335  99 321
  72 100 321
 208 100 321
 283 100 321
 105 103 321
   7 105 321
 240 106 321
 254 106 321
  18 111 321
 193 116 321
 164 118 321
   2 120 321
  87 121 321
  41 122 321
 319 123 321
 255 125 321
 272 127 321
 112 135 321
 322 137 321
 281 138 321
 355 143 321
 284 146 321
 143 147 321
  67 148 321
  73 152 321
 298 152 321
  18 153 321
 123 155 321
 282 156 321
 143 159 321
 206 159 321
 306 162 321
 246 163 321
 155 168 321
  73 169 321
 165 169 321
  42 172 321
 103 172 321
 315   7 322
  51   9 322
 324   9 322
 341   9 322
 211  10 322
 284  13 322
 229  14 322
 248  15 322
 211  19 322
 348  21 322
  26  31 322
   9  32 322
 132  33 322
 242  35 322
 285  35 322
 155  39 322
 357  40 322
 143  43 322
  95  45 322
  13  49 322
 321  51 322
 173  56 322
  58  59 322
  68  62 322
 119  63 322
 204  65 322
 167  67 322
 281  69 322
 128  71 322
 211  75 322
 227  75 322
 260  75 322
 322  77 322
 337  79 322
 301  80 322
 274  81 322
  35  82 322
 281  85 322
 325  85 322
 306  88 322
  54  89 322
  66  90 322
 144  90 322
  99  98 322
 125  98 322
 168  99 322
 137 101 322
  34 106 322
 272 106 322
  49 108 322
  60 109 322
 323 109 322
  90 110 322
 210 111 322
 105 112 322
 220 114 322
 122 115 322
 312 118 322
  33 120 322
 107 120 322
 221 122 322
 295 124 322
 238 128 322
 173 130 322
 100 131 322
 228 138 322
 267 138 322
 199 140 322
 329 143 322
 129 144 322
 163 144 322
 151 148 322
  57 150 322
 189 150 322
 330 151 322
 107 153 322
 231 155 322
 349 162 322
 322 169 322
  52 170 322
  91 171 322
 122   6 323
 177   7 323
 186   7 323
  20   8 323
 272   8 323
 131  13 323
  56  14 323
 290  17 323
 325  17 323
  21  23 323
  60  23 323
 217  23 323
 278  24 323
  73  25 323
 109  28 323
 174  30 323
  49  31 323
 265  34 323
 255  36 323
 317  38 323
  71  40 323
 135  40 323
 292  42 323
   7  43 323
  26  46 323
 164  49 323
 214  52 323
 258  53 323
  34  58 323
 139  64 323
 300  70 323
  79  71 323
  91  78 323
 140  78 323
 178  78 323
  80  79 323
 249  82 323
   2  84 323
 346  85 323
  19  94 323
 259  95 323
   5  96 323
 312  96 323
 233  99 323
 183 101 323
 186 108 323
 154 109 323
 258 112 323
  78 119 323
  17 120 323
  60 121 323
 172 122 323
 209 122 323
 151 125 323
  92 126 323
  18 128 323
  45 131 323
 244 133 323
  26 136 323
 220 136 323
 115 142 323
  84 144 323
  15 146 323
 312 147 323
 218 148 323
 242 149 323
 339 154 323
  26 157 323
  51 161 323
 215 161 323
 271 161 323
  17 168 323
  81 170 323
 195 172 323
 237 174 323
 114   4 324
 356   4 324
 300   6 324
 260   7 324
 166  12 324
  32  15 324
 302  15 324
 200  17 324
 140  18 324
   0  19 324
 120  22 324
 226  24 324
 157  25 324
 314  26 324
  38  27 324
 337  29 324
  96  32 324
 114  33 324
 175  38 324
  38  40 324
 187  40 324
 257  45 324
 346  48 324
 234  49 324
 331  51 324
  83  52 324
 246  55 324
 188  56 324
 247  64 324
 182  67 324
 271  71 324
 119  72 324
 286  74 324
  56  75 324
 236  75 324
  13  77 324
 157  77 324
 187  84 324
 208  85 324
 218  85 324
  40  87 324
  81  87 324
 112  89 324
 169  89 324
 191  90 324
 226  93 324
  42  95 324
 278  95 324
 300  99 324
  24 100 324
 198 101 324
 146 103 324
 279 110 324
 356 111 324
 243 112 324
 293 116 324
 145 120 324
  66 125 324
 112 125 324
 184 126 324
 336 126 324
 302 127 324
 198 128 324
  53 132 324
 351 135 324
  59 136 324
 155 137 324
 250 137 324
 313 137 324
 295 138 324
 180 140 324
 254 143 324
 205 145 324
 270 148 324
 171 151 324
   4 152 324
 262 159 324
 134 160 324
 316 160 324
 340 162 324
  10 163 324
 230 164 324
 114 165 324
 278 166 324
 292 168 324
 135 169 324
 252 169 324
  25 172 324
 123 172 324
 338 172 324
  67   7 325
 237  20 325
 189  22 325
 241  26 325
  62  33 325
  86  35 325
 218  35 325
 326  37 325
 231  40 325
 123  42 325
  54  44 325
 245  45 325
 309  49 325
 356  49 325
  31  51 325
  97  52 325
 133  52 325
 289  54 325
   3  56 325
 102  57 325
 275  57 325
 335  57 325
 259  61 325
 312  61 325
 177  62 325
  15  64 325
 228  64 325
 352  65 325
 106  68 325
 155  69 325
 131  77 325
 165  78 325
  24  80 325
 240  81 325
 137  88 325
 292  89 325
 250  90 325
 351  90 325
 271  92 325
  87 102 325
 173 104 325
 313 104 325
 127 105 325
 115 107 325
 342 108 325
 231 115 325
 283 116 325
 353 122 325
 263 125 325
 122 127 325
   2 128 325
 208 131 325
 138 135 325
   5 139 325
 339 141 325
  37 142 325
  48 143 325
 135 147 325
 181 149 325
  92 152 325
 200 156 325
 302 157 325
 172 159 325
 181 160 325
 101 164 325
  65 169 325
 214 170 325
 260 170 325
 141   9 326
 346  13 326
 275  14 326
  99  15 326
 185  16 326
  40  17 326
 171  17 326
  11  18 326
 333  18 326
 264  19 326
 305  22 326
 148  23 326
  82  24 326
 201  25 326
 284  27 326
 207  29 326
 338  37 326
  17  39 326
 115  41 326
  76  45 326
 279  45 326
 196  46 326
 155  47 326
 174  47 326
  62  49 326
 145  50 326
 298  54 326
 152  57 326
 224  58 326
 340  62 326
  76  63 326
  91  64 326
 192  64 326
  36  65 326
   0  66 326
  97  68 326
  41  70 326
 204  73 326
 107  76 326
 330  89 326
 116  95 326
  56  96 326
 354  97 326
  66  98 326
 249 100 326
 215 101 326
  13 107 326
  73 107 326
  40 109 326
 202 109 326
 132 111 326
  97 112 326
 346 114 326
 264 115 326
 328 117 326
 133 120 326
  72 129 326
 277 130 326
  82 134 326
 104 136 326
 234 141 326
 301 142 326
  27 144 326
 259 148 326
 119 151 326
 349 152 326
 155 153 326
  40 154 326
  79 154 326
  61 157 326
 289 157 326
 161 159 326
 241 160 326
   0 163 326
  41 165 326
 188 168 326
 172 170 326
 305 170 326
 154   6 327
 249   6 327
  77   7 327
 333   8 327
   7   9 327
 219   9 327
 109  14 327
 251  22 327
  48  23 327
 127  24 327
 350  27 327
 164  28 327
 186  32 327
 151  35 327
  29  36 327
 306  36 327
 275  37 327
 104  38 327
 351  38 327
  46  41 327
 223  50 327
 201  51 327
  44  53 327
 269  53 327
  16  54 327
  67  55 327
 115  59 327
 214  60 327
 265  65 327
  25  66 327
  54  68 327
 143  69 327
 341  70 327
  66  71 327
 308  71 327
 195  73 327
 220  74 327
 291  79 327
  71  81 327
 201  83 327
 227  84 327
 315  86 327
  98  91 327
 153  92 327
 177  92 327
  85  93 327
 241  99 327
 328  99 327
 342  99 327
 223 103 327
 290 105 327
 304 105 327
  26 107 327
 163 108 327
 172 113 327
  51 114 327
 307 115 327
 186 116 327
  10 117 327
 248 117 327
 199 119 327
 163 125 327
 225 126 327
 311 126 327
 134 128 327
  36 130 327
 264 133 327
 289 133 327
  18 136 327
 164 136 327
  70 139 327
  93 141 327
 321 144 327
 105 147 327
 289 148 327
 127 158 327
 329 159 327
  30 162 327
 314 170 327
 348 170 327
 268 171 327
 106   4 328
  95   5 328
 194   6 328
 238   7 328
  30   8 328
 126  10 328
  82  12 328
 158  12 328
 316  13 328
 294  24 328
  94  25 328
 323  25 328
   1  27 328
 297  33 328
 249  34 328
 197  35 328
 165  36 328
 222  41 328
 328  44 328
 265  45 328
 181  50 328
  52  54 328
 165  56 328
 205  57 328
 322  58 328
 126  62 328
 237  63 328
 289  63 328
 319  68 328
 330  68 328
 250  70 328
   5  71 328
 350  76 328
 121  79 328
  97  80 328
 262  80 328
 310  80 328
  59  81 328
 340  83 328
  49  84 328
 266  86 328
   7  87 328
  27  87 328
  15  90 328
 239  90 328
 198  93 328
 208  93 328
 320  94 328
  33  97 328
 161  98 328
 261 101 328
 331 106 328
 228 108 328
 146 111 328
   3 113 328
  29 114 328
 115 116 328
 273 120 328
 236 121 328
  52 122 328
 321 127 328
  28 128 328
 343 128 328
 189 130 328
 149 133 328
 123 135 328
 175 135 328
 333 135 328
 195 137 328
  75 144 328
 280 144 328
 348 144 328
 213 145 328
  50 150 328
 195 151 328
 228 151 328
 143 153 328
 313 154 328
  10 155 328
  97 157 328
 252 158 328
  69 159 328
  80 162 328
 146 162 328
 204 165 328
 149 169 328
 159 170 328
 233 170 328
 282 171 328
 221 172 328
  58   6 329
 202   8 329
 228   8 329
 290   8 329
 355  12 329
  67  15 329
  20  16 329
  30  23 329
 175  23 329
 270  24 329
 138  26 329
 331  27 329
  15  31 329
  72  32 329
 231  32 329
 126  33 329
 142  33 329
 209  36 329
   3  38 329
  94  40 329
 318  46 329
 340  46 329
 127  47 329
 285  49 329
 113  50 329
  88  55 329
 137  59 329
 280  61 329
 300  61 329
 215  68 329
 186  74 329
 275  75 329
  43  77 329
 330  77 329
 147  78 329
 356  80 329
 111  82 329
 131  85 329
 150  85 329
 163  87 329
 300  89 329
 338  93 329
  75  96 329
 143  96 329
 105  97 329
  47  98 329
  11 100 329
 270 102 329
 279 102 329
 358 103 329
 108 104 329
 318 108 329
  79 111 329
  63 112 329
 214 113 329
 321 115 329
  41 117 329
  68 117 329
  86 117 329
 154 117 329
 103 118 329
 336 118 329
 216 121 329
 254 121 329
 287 125 329
  10 128 329
  94 131 329
 327 131 329
 229 132 329
 215 133 329
 275 139 329
  60 143 329
 145 143 329
 241 143 329
 168 145 329
 305 148 329
 359 149 329
 325 150 329
  21 154 329
 272 154 329
 211 155 329
 111 160 329
 224 161 329
  59 166 329
  89 167 329
 330 167 329
 119 168 329
 245 168 329
  47 169 329
   2 170 329
  44   5 330
 212   6 330
 267   7 330
 306   7 330
 180  11 330
 252  13 330
  89  15 330
 116  16 330
 207  16 330
 232  17 330
 281  17 330
 215  19 330
  72  20 330
 343  22 330
 103  24 330
 180  28 330
 260  28 330
  55  29 330
  40  32 330
 315  34 330
  78  36 330
 132  37 330
 287  37 330
 239  39 330
 138  43 330
 211  44 330
 296  44 330
  84  45 330
 106  45 330
   9  47 330
 238  53 330
 354  57 330
 171  60 330
 116  67 330
 132  69 330
 163  70 330
 173  71 330
  84  73 330
 231  73 330
 256  74 330
 279  81 330
  73  88 330
 217  92 330
 124  95 330
  95 101 330
 189 101 330
  56 104 330
 251 107 330
 239 108 330
 123 118 330
 297 120 330
 176 124 330
 105 126 330
 145 127 330
 242 127 330
 113 132 330
   0 136 330
 129 139 330
 203 140 330
 223 142 330
   9 144 330
 154 144 330
 113 148 330
 337 149 330
  35 150 330
 247 150 330
 236 153 330
 280 156 330
 353 159 330
 300 165 330
  11 170 330
 103 170 330
  74 172 330
 179 172 330
  16   7 331
 172   7 331
 341   9 331
  48  11 331
 296  12 331
 146  14 331
 324  14 331
 133  15 331
  58  16 331
 162  18 331
 222  22 331
 195  23 331
  10  26 331
 113  26 331
 308  27 331
 276  28 331
 267  36 331
 257  38 331
  62  40 331
  32  42 331
 169  42 331
  20  44 331
 306  44 331
 250  48 331
  38  50 331
 160  50 331
 348  52 331
  76  54 331
 254  54 331
 310  55 331
  23  56 331
  58  58 331
 106  61 331
 155  62 331
  63  64 331
  82  65 331
 241  69 331
  16  70 331
 292  70 331
  28  72 331
 321  75 331
   7  78 331
  18  78 331
  34  78 331
 210  78 331
 299  79 331
  87  80 331
 173  80 331
 193  82 331
 283  87 331
  62  88 331
 232  88 331
 256  91 331
 185  92 331
 306  93 331
 133  96 331
  21  97 331
 289  97 331
  37 103 331
 193 107 331
 295 109 331
 181 110 331
  19 116 331
 163 116 331
 351 117 331
  74 121 331
  92 121 331
 190 121 331
   1 122 331
 205 122 331
  22 123 331
  59 125 331
  80 127 331
 255 129 331
 350 130 331
  47 133 331
 301 133 331
 309 135 331
  85 139 331
 317 139 331
 266 140 331
  22 141 331
 185 141 331
  98 145 331
 189 147 331
  65 148 331
 127 149 331
 264 151 331
  55 155 331
 338 158 331
 188 160 331
 294 160 331
  22 162 331
 137 163 331
 258 165 331
 343 165 331
  32 169 331
 139 171 331
 242  14 332
 192  15 332
 307  15 332
 259  16 332
   5  17 332
 153  26 332
 119  30 332
 224  30 332
  23  32 332
 333  34 332
 345  36 332
 156  39 332
 180  40 332
 190  44 332
  69  47 332
 231  48 332
 215  50 332
 186  54 332
 147  55 332
 331  55 332
 193  57 332
   7  58 332
  33  60 332
  44  62 332
 205  65 332
 306  65 332
 267  71 332
  72  73 332
 246  79 332
 221  81 332
 179  84 332
 252  84 332
  36  86 332
 121  87 332
 358  87 332
 169  98 332
 232  99 332
 151 100 332
 208 101 332
  81 102 332
 179 102 332
 348 104 332
 121 105 332
 141 105 332
 155 107 332
 261 109 332
 207 111 332
 272 111 332
 282 111 332
 140 120 332
 280 122 332
 305 123 332
  65 129 332
 157 133 332
  55 135 332
  34 138 332
 255 138 332
 291 139 332
 137 141 332
 175 147 332
  87 149 332
 204 149 332
 295 150 332
 178 155 332
 219 156 332
 168 157 332
 320 160 332
 196 162 332
 270 163 332
 170 165 332
 212 166 332
 127 169 332
  22 171 332
 192 172 332
 334 173 332
 112   6 333
 276   7 333
  35  12 333
 123  19 333
 355  20 333
  42  21 333
 287  21 333
 244  22 333
  22  23 333
  86  26 333
  64  28 333
  92  33 333
 102  33 333
 323  35 333
  54  38 333
 146  44 333
 202  44 333
 273  44 333
  97  46 333
   0  47 333
 276  51 333
  99  54 333
 262  55 333
 123  56 333
 338  58 333
 228  60 333
  13  62 333
 182  64 333
 356  64 333
 258  65 333
 196  66 333
 100  71 333
 122  71 333
  56  73 333
 136  75 333
 161  79 333
 103  82 333
 322  84 333
 346  85 333
 141  87 333
  92  88 333
  53  89 333
  42  91 333
 267  93 333
   5  95 333
 223  96 333
 311  98 333
  67 103 333
 132 105 333
  20 106 333
  47 106 333
 338 107 333
 309 108 333
 111 110 333
 226 116 333
 170 120 333
 264 121 333
 341 122 333
  44 123 333
 127 124 333
 154 125 333
 204 131 333
  13 134 333
 244 134 333
 339 137 333
  44 143 333
  77 150 333
 136 150 333
 161 153 333
   3 154 333
  90 156 333
 105 156 333
  43 157 333
 120 158 333
  12 161 333
 234 162 333
 282 163 333
 309 163 333
  71 165 333
 321 169 333
 290 170 333
  94 171 333
 353 172 333
  61 173 333
 249 173 333
  81 174 333
  66   6 334
 350   7 334
  99   9 334
 332  15 334
 102  16 334
 268  16 334
  80  20 334
 169  21 334
 235  23 334
 318  23 334
 205  25 334
 300  25 334
 253  26 334
 212  28 334
  33  29 334
 354  29 334
 283  31 334
 191  33 334
  46  35 334
 357  36 334
 119  40 334
 229  40 334
 247  41 334
 335  42 334
  53  47 334
 172  51 334
 322  51 334
 133  52 334
 296  52 334
 220  56 334
 244  57 334
 271  61 334
 344  62 334
  72  64 334
  95  64 334
 315  64 334
 141  65 334
  50  66 334
 282  68 334
 154  71 334
 346  71 334
 358  72 334
 235  78 334
 337  78 334
  24  82 334
 205  88 334
 291  88 334
 332  91 334
 244  93 334
 348  93 334
  64  95 334
 200  98 334
 296  99 334
 322  99 334
 100 105 334
 169 107 334
  87 108 334
  10 111 334
  36 112 334
 198 112 334
 133 114 334
 242 114 334
 328 121 334
 114 123 334
 268 127 334
 181 128 334
 196 128 334
 295 129 334
 167 130 334
  71 133 334
 283 134 334
  99 135 334
 221 135 334
 235 135 334
  78 136 334
 115 139 334
 327 142 334
 354 145 334
 256 146 334
 150 153 334
 306 155 334
 245 159 334
 154 162 334
 112 167 334
  39 171 334
 261 172 334
 235   4 335
  89   6 335
 123   6 335
 141   6 335
 324   6 335
 157   7 335
   2   8 335
  24   8 335
 188   8 335
  79   9 335
 152  17 335
 182  18 335
 137  20 335
  51  24 335
 160  28 335
 168  30 335
 243  31 335
 110  35 335
 203  35 335
 301  35 335
  10  38 335
 348  43 335
 260  44 335
 120  49 335
 204  52 335
 163  62 335
 250  63 335
 325  64 335
 221  69 335
 335  69 335
 108  72 335
 207  72 335
 314  73 335
  76  79 335
 268  79 335
 313  83 335
 112  88 335
 196  88 335
  80  89 335
 169  89 335
 102  91 335
 275  94 335
 114  96 335
 356  96 335
  54  97 335
 249  99 335
 331 100 335
   4 104 335
 216 105 335
  72 108 335
  28 109 335
 222 110 335
  57 111 335
 252 114 335
 313 115 335
 291 118 335
  10 121 335
  31 122 335
 230 122 335
 316 122 335
 219 126 335
 137 129 335
  88 130 335
  31 131 335
 275 131 335
 180 137 335
 352 137 335
 169 138 335
 211 140 335
  52 144 335
 121 144 335
 234 144 335
  26 146 335
 273 146 335
 283 147 335
 317 147 335
  14 148 335
 329 154 335
 347 154 335
  67 155 335
  31 158 335
 129 160 335
   2 163 335
 179 163 335
 219 168 335
 272 170 335
 153 171 335
 201 171 335
 310 171 335
  52 172 335
 237 172 335
 162 173 335
 285   5 336
 336   5 336
 132   7 336
 218   7 336
 259   8 336
 164  10 336
 223  13 336
 201  14 336
  14  15 336
 342  16 336
 314  17 336
 187  24 336
 144  25 336
 327  25 336
 128  27 336
 346  27 336
 146  35 336
 176  35 336
 215  35 336
  70  38 336
  83  39 336
 291  41 336
 314  41 336
  88  49 336
  60  50 336
  16  52 336
  44  53 336
 287  53 336
 304  53 336
   1  55 336
  66  56 336
  81  58 336
  90  59 336
 114  59 336
 130  62 336
 293  62 336
  24  63 336
 233  65 336
  36  69 336
 146  70 336
 298  72 336
 180  73 336
 197  74 336
  63  76 336
 127  76 336
 286  78 336
  47  79 336
 305  81 336
  11  85 336
 226  85 336
 153  88 336
  18  91 336
 159  93 336
  29  94 336
  90  97 336
 258  98 336
 238 102 336
 353 108 336
 323 109 336
  92 113 336
 101 113 336
 342 113 336
 186 114 336
 359 114 336
 149 116 336
 108 119 336
  98 123 336
   2 129 336
 322 130 336
 333 130 336
  22 131 336
 127 133 336
 145 134 336
 106 138 336
   4 140 336
 196 140 336
 298 141 336
 246 144 336
 160 145 336
 344 145 336
 216 146 336
 105 147 336
 114 154 336
 229 154 336
 256 155 336
  80 157 336
 205 157 336
 266 157 336
  57 161 336
  95 161 336
  48 162 336
  82 165 336
 186 168 336
 226 171 336
 345 171 336
  55   4 337
 313   5 337
 179   6 337
 250   9 337
 288  12 337
 112  14 337
 278  14 337
  52  15 337
  70  16 337
 299  17 337
  92  18 337
  61  22 337
   3  25 337
 266  25 337
 336  25 337
  72  28 337
 135  31 337
 292  32 337
 311  32 337
 274  35 337
  26  38 337
 135  40 337
 163  40 337
 220  41 337
 326  41 337
 282  42 337
  38  43 337
 182  46 337
 110  47 337
 152  47 337
  26  48 337
 141  53 337
  31  54 337
 154  56 337
 177  56 337
 169  66 337
   7  70 337
  90  73 337
 114  77 337
 187  77 337
 259  77 337
 149  80 337
 135  84 337
 273  85 337
 239  86 337
 214  88 337
 177  92 337
 283  95 337
 139  97 337
  14 101 337
 274 103 337
 302 103 337
 147 108 337
 123 111 337
 160 111 337
  47 114 337
 301 114 337
  63 116 337
  81 117 337
 212 117 337
 274 117 337
 258 118 337
  53 121 337
 238 123 337
 352 123 337
 248 124 337
 119 130 337
  61 137 337
 150 140 337
 310 141 337
  72 145 337
  59 147 337
 224 148 337
 195 149 337
 287 153 337
 141 155 337
 145 162 337
 330 162 337
 105 164 337
 250 164 337
   6 169 337
 301 170 337
 172 172 337
  37   4 338
 197   7 338
  45   8 338
 241   8 338
  10   9 338
 353  13 338
 231  14 338
  27  15 338
 211  16 338
 252  17 338
  36  19 338
 107  24 338
  95  25 338
  14  28 338
 234  31 338
  79  32 338
 256  32 338
  36  35 338
  94  39 338
  16  42 338
 238  43 338
  75  48 338
 166  48 338
 194  48 338
 338  48 338
 315  49 338
 242  50 338
 353  53 338
  51  56 338
 209  57 338
 279  61 338
 120  64 338
 190  64 338
 214  64 338
  83  70 338
 251  71 338
  22  72 338
  42  73 338
 226  74 338
 169  75 338
 326  76 338
 349  77 338
 216  78 338
   0  79 338
  95  79 338
  67  82 338
  30  85 338
 329  85 338
 186  86 338
 262  88 338
 126  90 338
 298  90 338
 318  92 338
 340  92 338
 188  95 338
  46  96 338
 215  97 338
  35  98 338
  75  98 338
 127  99 338
 162 100 338
 265 101 338
 191 103 338
 285 103 338
 176 109 338
 289 110 338
 234 112 338
 330 112 338
  72 117 338
 201 118 338
 162 122 338
  16 125 338
 284 126 338
 307 129 338
 342 129 338
  40 131 338
 259 131 338
 190 136 338
  90 140 338
 130 142 338
  35 144 338
 333 145 338
 168 147 338
 182 147 338
 302 149 338
  39 151 338
 357 151 338
 240 153 338
 321 153 338
  18 154 338
 186 155 338
 275 155 338
 298 162 338
 340 162 338
 354 162 338
  36 163 338
 162 163 338
  64 164 338
  16 166 338
 120 166 338
 134 169 338
 280 171 338
 144 172 338
 104 173 338
 210   6 339
 269   6 339
 304   6 339
 148   8 339
 171  13 339
 158  20 339
 279  22 339
 199  23 339
 225  23 339
 117  25 339
  27  26 339
  54  30 339
 264  34 339
  61  35 339
 127  38 339
 304  41 339
  47  42 339
 210  44 339
 266  47 339
 128  48 339
 223  48 339
 252  50 339
 232  53 339
 269  55 339
 105  56 339
 308  59 339
  58  63 339
 264  67 339
 273  70 339
 307  70 339
 242  72 339
 160  73 339
  12  76 339
 278  76 339
 206  80 339
  54  82 339
  72  88 339
 253  89 339
 230  92 339
 105  97 339
 148  97 339
 342 100 339
 117 102 339
  57 103 339
 202 104 339
 251 106 339
 316 106 339
 266 110 339
  16 113 339
  25 118 339
 177 118 339
 124 119 339
 134 121 339
  87 122 339
 191 124 339
  63 125 339
  74 125 339
 146 125 339
 211 126 339
 105 128 339
  51 130 339
 229 130 339
 266 135 339
 160 136 339
 205 137 339
  14 140 339
 265 144 339
  94 147 339
 123 151 339
  50 153 339
 337 153 339
 214 155 339
 194 158 339
 172 159 339
 290 160 339
 208 164 339
  88 169 339
 331 170 339
  28 171 339
  72 171 339
 210 172 339
  72   7 340
 343   7 340
 106   8 340
 328  11 340
  61  13 340
 124  13 340
 135  13 340
  86  14 340
   1  16 340
 243  17 340
 261  18 340
 217  21 340
 175  24 340
 291  24 340
 307  24 340
  43  26 340
   4  33 340
 120  33 340
 319  33 340
 337  33 340
 184  34 340
 154  35 340
 195  37 340
 342  39 340
 102  40 340
 358  42 340
 175  43 340
 140  45 340
   6  46 340
 329  48 340
 345  51 340
  21  57 340
 187  57 340
 323  57 340
 333  57 340
   9  60 340
  37  60 340
 199  60 340
 351  62 340
 155  64 340
 104  65 340
  65  67 340
 133  68 340
  75  69 340
 249  80 340
 293  80 340
  83  81 340
 174  81 340
 119  82 340
 340  83 340
 162  84 340
   3  86 340
  40  86 340
 281  86 340
 351  86 340
  59  89 340
 307  90 340
  84  94 340
 175 101 340
 224 101 340
  95 102 340
  83 104 340
  38 105 340
 107 105 340
 137 106 340
 348 116 340
 220 118 340
 282 118 340
   2 120 340
 335 120 340
  39 121 340
 302 122 340
 174 128 340
 155 130 340
 250 132 340
 289 135 340
 325 136 340
 345 136 340
  24 138 340
 276 138 340
 228 139 340
  81 141 340
 140 142 340
 113 146 340
   6 147 340
 249 150 340
  27 153 340
   8 155 340
 312 156 340
 221 159 340
 316 163 340
 238 164 340
 259 164 340
 198 165 340
 267 166 340
  97   4 341
 116   4 341
 308  13 341
 189  14 341
 144  17 341
 223  32 341
 328  32 341
  19  33 341
 247  35 341
 352  35 341
 253  41 341
 295  46 341
 101  49 341
 281  50 341
 258  55 341
 168  56 341
  73  57 341
 145  59 341
 223  60 341
 241  63 341
  44  64 341
 178  64 341
   0  65 341
  16  66 341
 204  66 341
 342  68 341
 287  69 341
  51  71 341
 321  71 341
  29  75 341
  19  81 341
 195  82 341
 106  83 341
  96  87 341
 144  88 341
 200  92 341
   9  93 341
 238  94 341
 326  94 341
  66  99 341
   0 100 341
  22 100 341
 350 101 341
 230 106 341
 209 107 341
 258 109 341
 114 111 341
 167 113 341
 155 119 341
 323 120 341
 266 123 341
 274 125 341
 202 126 341
  80 130 341
 240 130 341
 354 130 341
  94 131 341
   8 132 341
 314 132 341
 214 133 341
  43 138 341
  68 139 341
 240 139 341
 254 140 341
 290 144 341
 204 146 341
 152 147 341
  83 149 341
 132 150 341
 157 153 341
  74 154 341
 102 155 341
 280 160 341
 115 161 341
 230 161 341
  25 163 341
 357 169 341
  45 170 341
 125 171 341
 293 171 341
 244 172 341
 316 172 341
  24   2 342
 226   6 342
 277   7 342
 318   9 342
 180  13 342
 336  15 342
  77  17 342
 320  18 342
  18  19 342
 127  20 342
 346  20 342
  82  23 342
 165  23 342
 353  24 342
 245  25 342
 150  26 342
 208  26 342
  87  31 342
  99  31 342
 170  34 342
 284  34 342
 208  36 342
  55  43 342
  64  43 342
 118  44 342
  84  45 342
  39  50 342
 293  55 342
 121  56 342
  96  60 342
 340  60 342
 299  63 342
 330  66 342
 124  70 342
 139  73 342
 334  75 342
 233  76 342
 319  83 342
 118  91 342
 134  92 342
 270  93 342
 208  95 342
 310  97 342
 293  98 342
 154 101 342
  48 103 342
 244 103 342
 307 107 342
   6 108 342
  64 108 342
 277 109 342
 193 110 342
 245 115 342
 184 121 342
 293 122 342
 183 130 342
 298 131 342
 111 132 342
 139 133 342
 334 136 342
 359 136 342
 120 137 342
  52 138 342
 174 139 342
 219 139 342
 351 143 342
 279 145 342
  64 151 342
  88 155 342
 134 161 342
 151 165 342
  97 167 342
 167 168 342
 112 172 342
  18 173 342
 179 173 342
 253 173 342
 127   4 343
 160   8 343
 295   8 343
  35  12 343
  99  15 343
 270  15 343
  44  16 343
   8  19 343
 234  20 343
  54  21 343
  67  23 343
 134  24 343
 254  25 343
 191  27 343
 298  27 343
  34  28 343
 272  29 343
 108  31 343
 141  32 343
  44  34 343
 296  36 343
 228  38 343
 111  39 343
  74  40 343
 275  41 343
  31  42 343
 202  45 343
 309  46 343
  20  47 343
 159  47 343
 215  49 343
  11  51 343
  92  51 343
  64  52 343
 133  53 343
  83  62 343
 314  63 343
 256  64 343
  28  65 343
 112  66 343
 194  69 343
 217  70 343
 150  73 343
  58  74 343
 102  74 343
 311  76 343
 266  77 343
 129  80 343
 155  81 343
 221  82 343
 288  89 343
 165  91 343
 222  91 343
 355  92 343
 253  97 343
 334 101 343
 183 102 343
 325 103 343
  28 105 343
 338 108 343
  88 109 343
  98 109 343
 217 109 343
 297 109 343
 153 110 343
 357 110 343
  41 112 343
 140 113 343
 318 113 343
  54 114 343
 105 115 343
 309 115 343
  96 119 343
 116 119 343
 228 119 343
 169 123 343
  46 124 343
  27 125 343
 126 126 343
 328 127 343
  33 136 343
 100 136 343
 303 137 343
 165 141 343
 316 142 343
 190 144 343
 326 144 343
  18 146 343
 231 147 343
 270 149 343
 174 150 343
 294 151 343
 345 152 343
 165 155 343
 326 157 343
 125 158 343
 247 159 343
  12 161 343
  76 162 343
 183 163 343
 305 163 343
 346 165 343
  54 167 343
 222 169 343
 157 170 343
  36 171 343
 190 171 343
  62 172 343
 231 172 343
 306 173 343
 254   4 344
 189   5 344
 236   5 344
   4   6 344
  80   7 344
 351   7 344
  16  10 344
 202  10 344
 261  10 344
 217  11 344
 153  16 344
 116  17 344
 289  17 344
 195  18 344
 328  21 344
 183  23 344
 314  26 344
 216  29 344
 305  33 344
  69  34 344
 239  34 344
  10  37 344
 321  40 344
 186  41 344
 261  42 344
 149  43 344
 231  46 344
 177  50 344
  48  51 344
 206  52 344
 113  53 344
 237  57 344
 273  60 344
 229  64 344
 163  65 344
  95  69 344
 184  69 344
 350  70 344
 208  72 344
 294  72 344
  67  74 344
 357  74 344
  77  76 344
 302  77 344
  36  78 344
 240  80 344
 141  81 344
 182  81 344
 211  84 344
  88  86 344
  23  87 344
  47  88 344
  79  89 344
 110  89 344
 155  90 344
  32  91 344
 100  93 344
 182  93 344
 277  97 344
 130 104 344
 166 104 344
  73 105 344
 182 111 344
  32 112 344
  78 112 344
 131 113 344
 252 119 344
  10 120 344
 313 122 344
 257 125 344
  67 130 344
  17 131 344
 130 134 344
 197 135 344
 147 136 344
 183 139 344
 107 141 344
 340 144 344
  27 145 344
  45 146 344
 212 147 344
 142 149 344
 257 149 344
 308 150 344
 202 155 344
   0 156 344
  42 156 344
 146 156 344
  33 157 344
  55 157 344
 324 166 344
 141 167 344
 274 168 344
  80 169 344
 202 171 344
 338 172 344
 286   6 345
  51   7 345
 141   7 345
 169   7 345
  28   8 345
 108  15 345
 224  15 345
 281  15 345
 205  18 345
  91  22 345
 283  26 345
 262  27 345
   0  28 345
 345  29 345
 162  32 345
 216  38 345
 330  39 345
 287  41 345
 244  43 345
 347  43 345
 188  49 345
 321  49 345
  27  51 345
 359  51 345
 195  53 345
 302  53 345
  81  54 345
 246  55 345
 158  56 345
 284  57 345
 214  58 345
 137  60 345
  52  61 345
 127  61 345
 280  66 345
  36  68 345
 170  69 345
 258  72 345
   6  74 345
 111  75 345
 284  77 345
  45  78 345
 256  81 345
 272  82 345
  11  83 345
 230  85 345
 244  87 345
 333  88 345
 174  89 345
 192  90 345
 345  93 345
  52  94 345
  16  95 345
  91  95 345
 318  98 345
 301  99 345
 197 100 345
 145 104 345
  15 106 345
 347 109 345
 201 111 345
  68 114 345
 208 115 345
 269 115 345
 146 118 345
 354 119 345
  59 120 345
 237 120 345
  81 121 345
 342 122 345
 138 125 345
 220 126 345
 279 130 345
  86 134 345
   5 140 345
  59 141 345
 124 143 345
 246 143 345
 222 146 345
 283 151 345
 116 152 345
 192 152 345
 181 154 345
 262 155 345
 300 156 345
  94 159 345
 108 159 345
 334 160 345
 214 165 345
 284 166 345
   9 170 345
 179   5 346
 245   6 346
  89   7 346
 250  13 346
  67  14 346
 300  14 346
 163  15 346
 355  15 346
 312  18 346
  26  19 346
 338  22 346
 100  23 346
  11  26 346
 200  28 346
 231  29 346
  60  30 346
 127  31 346
 178  32 346
  26  34 346
  52  36 346
  91  37 346
 133  37 346
 312  37 346
 167  42 346
 336  44 346
 273  50 346
 142  51 346
 151  52 346
 312  53 346
 349  55 346
 174  59 346
 264  59 346
  65  60 346
 148  65 346
 247  66 346
  86  71 346
  18  73 346
 342  76 346
 164  77 346
 327  81 346
 348  81 346
  60  82 346
  70  83 346
 358  83 346
 306  84 346
 297  86 346
 263  91 346
  64  92 346
 125  94 346
  39  95 346
 140  96 346
 110  98 346
 217  99 346
 285  99 346
 260 100 346
 268 102 346
 121 105 346
 289 106 346
 237 109 346
 328 110 346
  22 113 346
 289 115 346
 300 116 346
 192 118 346
  19 122 346
 102 124 346
   2 127 346
 348 127 346
  57 129 346
 192 129 346
 162 130 346
 206 131 346
 263 131 346
  76 138 346
 269 139 346
 134 141 346
  92 142 346
  36 147 346
  72 147 346
 357 147 346
  99 148 346
 238 150 346
 317 150 346
  20 156 346
 271 157 346
 351 157 346
  66 158 346
 252 165 346
 105 168 346
 261 171 346
 349 172 346
  65   6 347
 152   6 347
 333   8 347
 132   9 347
 172  16 347
  35  20 347
 142  24 347
  74  25 347
 120  26 347
  79  31 347
 254  33 347
 148  34 347
 269  37 347
 200  38 347
  17  40 347
  39  42 347
  96  43 347
 126  44 347
  76  47 347
 108  47 347
  57  50 347
 222  52 347
 338  52 347
 328  54 347
  16  56 347
  33  56 347
   4  57 347
 191  62 347
  74  63 347
 291  63 347
 322  63 347
 306  64 347
  10  65 347
 267  68 347
 237  69 347
 224  72 347
 176  74 347
 199  74 347
 249  74 347
  93  78 347
 202  82 347
 313  89 347
   3  92 347
 231  95 347
 246  95 347
  81  99 347
   7 100 347
 101 101 347
  54 106 347
 173 107 347
 224 111 347
 160 112 347
 277 117 347
 330 118 347
 162 120 347
 214 120 347
  72 121 347
 244 124 347
  88 125 347
 150 125 347
  35 126 347
 118 126 347
 305 127 347
 320 127 347
 233 129 347
 288 129 347
  41 132 347
 170 133 347
 155 137 347
 234 138 347
 283 138 347
 294 138 347
 208 139 347
 198 143 347
 301 145 347
  52 149 347
 108 149 347
 331 149 347
 224 154 347
 210 156 347
 237 159 347
 158 161 347
 191 161 347
  47 162 347
 173 162 347
   3 163 347
 293 163 347
  18 165 347
 119 165 347
  30 166 347
 132 169 347
 239 169 347
  89 172 347
 172 172 347
 327 173 347
 102   5 348
 271   5 348
  43   6 348
 309   6 348
 119   8 348
 210   8 348
 194  10 348
 324  10 348
 342  11 348
  57  12 348
 233  13 348
 136  16 348
 213  19 348
 241  21 348
 273  21 348
  46  23 348
 109  23 348
 157  23 348
 225  23 348
 171  25 348
  20  27 348
 321  28 348
 290  29 348
 192  34 348
  35  35 348
   1  36 348
 119  37 348
  82  39 348
 157  40 348
 140  41 348
 300  41 348
 251  47 348
 265  48 348
 289  49 348
 169  50 348
 230  54 348
 102  55 348
 183  57 348
  41  58 348
 253  58 348
  23  60 348
 203  60 348
 355  60 348
 108  61 348
  57  67 348
 119  67 348
 336  67 348
  45  69 348
 130  71 348
 326  72 348
 273  73 348
 119  76 348
 190  76 348
  24  78 348
 100  82 348
 170  82 348
 122  84 348
 133  85 348
 277  88 348
 322  89 348
 215  90 348
  72  95 348
 161  98 348
 173  98 348
 237 100 348
 205 102 348
 344 102 348
 355 103 348
 189 105 348
 250 105 348
 112 106 348
 314 107 348
 263 110 348
 123 113 348
   2 114 348
  91 115 348
 339 115 348
  46 116 348
 173 116 348
 200 120 348
 177 123 348
  75 129 348
 335 129 348
 246 132 348
  24 133 348
 223 133 348
 254 134 348
 322 135 348
 341 135 348
 350 135 348
 311 137 348
  14 139 348
 260 140 348
  82 144 348
 158 145 348
 170 145 348
   9 148 348
  80 154 348
 133 155 348
 288 157 348
 313 159 348
  84 161 348
 202 163 348
  68 166 348
 315 167 348
 299 169 348
 147 171 348
  72 173 348
 138 175 348
   8  11 349
 145  13 349
  82  14 349
  92  14 349
 185  14 349
 124  15 349
 257  17 349
   1  20 349
  61  21 349
 303  21 349
 330  28 349
 246  30 349
 352  31 349
 337  32 349
 278  34 349
 102  35 349
  61  38 349
 179  40 349
 222  42 349
   5  44 349
  47  44 349
 209  44 349
 355  44 349
 126  53 349
  89  58 349
 219  63 349
 345  63 349
 139  67 349
 156  69 349
 315  70 349
 213  76 349
 318  78 349
  52  80 349
  82  80 349
 149  80 349
 291  80 349
  38  85 349
 187  85 349
 341  87 349
 147  89 349
 254  89 349
 204  90 349
  24  94 349
 329  96 349
 151  97 349
  62 101 349
  42 102 349
 224 102 349
  92 103 349
 137 105 349
 112 115 349
 134 119 349
 283 122 349
 269 124 349
 297 125 349
  11 127 349
 109 127 349
  49 134 349
 115 135 349
 116 144 349
 149 145 349
 126 150 349
 248 150 349
  28 152 349
 342 159 349
 226 162 349
 354 164 349
 184 169 349
  48 171 349
   0 172 349
 288 172 349
  74   6 350
 222   6 350
 276  11 350
  21  13 350
 265  19 350
 349  22 350
 129  23 350
  53  27 350
  92  29 350
 209  29 350
 113  32 350
 222  32 350
 344  37 350
 233  39 350
  25  42 350
  68  42 350
 315  44 350
 280  45 350
  87  46 350
 237  47 350
 118  48 350
  72  55 350
 117  57 350
 331  61 350
 178  65 350
 209  65 350
   0  66 350
  66  68 350
  79  69 350
 107  70 350
 143  74 350
 229  78 350
 263  82 350
  30  83 350
 109  83 350
 159  84 350
  17  86 350
 292  93 350
 132  96 350
 186  97 350
  31  98 350
 308 101 350
  23 103 350
 275 104 350
 212 106 350
  83 107 350
 103 110 350
  60 111 350
 254 112 350
  11 113 350
  36 116 350
 185 116 350
 348 116 350
 321 117 350
  27 118 350
 261 119 350
  52 124 350
 185 125 350
  95 129 350
 142 130 350
 124 132 350
 214 132 350
 179 133 350
  68 136 350
 190 137 350
 330 137 350
 142 141 350
 275 143 350
 347 144 350
  64 145 350
 179 145 350
 290 146 350
 264 147 350
 204 148 350
  89 150 350
 339 151 350
 153 153 350
 101 155 350
  11 156 350
 254 156 350
 279 158 350
 139 160 350
  38 162 350
  58 162 350
 148 162 350
 263 162 350
 164 166 350
 335 167 350
  57 171 350
  22 172 350
 123 172 350
 195 172 350
 208 172 350
 217 172 350
  98 173 350
 355   2 351
 299   7 351
 109   8 351
  34   9 351
 316   9 351
 290  10 351
 157  11 351
  47  13 351
 331  16 351
  73  17 351
  12  18 351
 320  18 351
 293  20 351
 189  21 351
  84  22 351
  29  27 351
 308  27 351
 135  29 351
 268  29 351
 299  30 351
 168  34 351
 261  36 351
 192  43 351
 328  46 351
  14  48 351
 134  48 351
 201  49 351
 297  50 351
 212  52 351
 279  54 351
 318  56 351
 144  58 351
 164  58 351
 241  60 351
 299  60 351
  96  62 351
  32  64 351
 299  69 351
 284  70 351
  32  74 351
 334  76 351
 249  82 351
 237  85 351
 223  86 351
 351  87 351
  93  88 351
  57  89 351
 115  90 351
  84  91 351
 302  91 351
 269  94 351
 338  96 351
 351  96 351
 118  98 351
 153 105 351
 297 105 351
 335 105 351
  31 107 351
 197 107 351
 282 109 351
 144 111 351
 243 112 351
 152 114 351
 230 115 351
 312 116 351
 125 121 351
  64 123 351
 227 124 351
 272 132 351
   3 134 351
 104 135 351
  29 139 351
  39 140 351
 217 140 351
 226 140 351
 240 142 351
 312 145 351
  21 147 351
 187 148 351
 163 151 351
 217 151 351
 323 153 351
 171 154 351
 119 157 351
 182 160 351
 304 160 351
 327 161 351
 127 162 351
 244 162 351
  97 164 351
 231 168 351
 112 170 351
 269 171 351
 278 171 351
  39 172 351
 253 172 351
  58   4 352
 204   4 352
 261   5 352
   0   9 352
 350  11 352
 241  12 352
 101  13 352
 203  13 352
 150  19 352
 284  19 352
 178  20 352
 165  21 352
 198  21 352
 233  21 352
 249  21 352
  38  27 352
  67  28 352
 238  29 352
 185  30 352
 157  31 352
  13  32 352
  43  35 352
 320  36 352
 291  37 352
 242  38 352
 272  43 352
 146  45 352
  32  46 352
 157  48 352
 345  49 352
  40  50 352
  64  51 352
  95  51 352
 133  57 352
  59  59 352
 153  59 352
 258  63 352
 274  63 352
 196  67 352
 230  67 352
  23  68 352
 165  68 352
  98  71 352
 351  73 352
 306  74 352
   0  75 352
  11  75 352
  60  75 352
  70  75 352
 240  75 352
 134  77 352
 182  77 352
   5  83 352
  44  90 352
 179  90 352
 104  91 352
 167  91 352
 284  91 352
  11  93 352
 195  94 352
 255  97 352
  51 100 352
 322 102 352
 180 104 352
  69 107 352
  75 114 352
  98 118 352
 358 122 352
 168 123 352
 207 123 352
 252 123 352
  43 124 352
 157 126 352
 328 126 352
 133 131 352
 199 131 352
  81 133 352
 300 133 352
 163 138 352
 128 139 352
  54 140 352
 356 141 352
 321 143 352
 337 143 352
 231 147 352
  42 148 352
   0 152 352
 296 152 352
  72 154 352
 197 154 352
  76 162 352
 307 170 352
 343 170 352
 155 171 352
 320 172 352
   5  29 353
  80  59 353
 284  61 353
  41  77 353
 257  77 353
  53 155 353
  80 171 353