 34202   Scan angles: step 8 (+-1)
   0   0   0
   8   0   0
  16   0   0
  24   0   0
  32   0   0
  40   0   0
  48   0   0
  56   0   0
  64   0   0
  72   0   0
  80   0   0
  88   0   0
  96   0   0
 104   0   0
 112   0   0
 120   0   0
 128   0   0
 136   0   0
 144   0   0
 152   0   0
 160   0   0
 168   0   0
 176   0   0
 184   0   0
 192   0   0
 200   0   0
 208   0   0
 216   0   0
 224   0   0
 232   0   0
 240   0   0
 248   0   0
 256   0   0
 264   0   0
 272   0   0
 280   0   0
 288   0   0
 296   0   0
 304   0   0
 312   0   0
 320   0   0
 328   0   0
 336   0   0
 344   0   0
 352   0   0
   3   7   0
  11   7   0
  19   7   0
  27   7   0
  35   7   0
  43   7   0
  51   7   0
  59   7   0
  67   7   0
  75   7   0
  83   7   0
  91   7   0
  99   7   0
 107   7   0
 115   7   0
 123   7   0
 131   7   0
 139   7   0
 147   7   0
 155   7   0
 163   7   0
 171   7   0
 179   7   0
 187   7   0
 195   7   0
 203   7   0
 211   7   0
 219   7   0
 227   7   0
 235   7   0
 243   7   0
 251   7   0
 259   7   0
 267   7   0
 275   7   0
 283   7   0
 291   7   0
 299   7   0
 307   7   0
 315   7   0
 323   7   0
 331   7   0
 339   7   0
 347   7   0
 355   7   0
   0  14   0
   8  14   0
  16  14   0
  24  14   0
  32  14   0
  40  14   0
  48  14   0
  56  14   0
  64  14   0
  72  14   0
  80  14   0
  88  14   0
  96  14   0
 104  14   0
 112  14   0
 120  14   0
 128  14   0
 136  14   0
 144  14   0
 152  14   0
 160  14   0
 168  14   0
 176  14   0
 184  14   0
 192  14   0
 200  14   0
 208  14   0
 216  14   0
 224  14   0
 232  14   0
 240  14   0
 248  14   0
 256  14   0
 264  14   0
 272  14   0
 280  14   0
 288  14   0
 296  14   0
 304  14   0
 312  14   0
 320  14   0
 328  14   0
 336  14   0
 344  14   0
 352  14   0
   3  21   0
  11  21   0
  19  21   0
  27  21   0
  35  21   0
  43  21   0
  51  21   0
  59  21   0
  67  21   0
  75  21   0
  83  21   0
  91  21   0
  99  21   0
 107  21   0
 115  21   0
 123  21   0
 131  21   0
 139  21   0
 147  21   0
 155  21   0
 163  21   0
 171  21   0
 179  21   0
 187  21   0
 195  21   0
 203  21   0
 211  21   0
 219  21   0
 227  21   0
 235  21   0
 243  21   0
 251  21   0
 259  21   0
 267  21   0
 275  21   0
 283  21   0
 291  21   0
 299  21   0
 307  21   0
 315  21   0
 323  21   0
 331  21   0
 339  21   0
 347  21   0
 355  21   0
   0  28   0
   8  28   0
  16  28   0
  24  28   0
  32  28   0
  40  28   0
  48  28   0
  56  28   0
  64  28   0
  72  28   0
  80  28   0
  88  28   0
  96  28   0
 104  28   0
 112  28   0
 120  28   0
 128  28   0
 136  28   0
 144  28   0
 152  28   0
 160  28   0
 168  28   0
 176  28   0
 184  28   0
 192  28   0
 200  28   0
 208  28   0
 216  28   0
 224  28   0
 232  28   0
 240  28   0
 248  28   0
 256  28   0
 264  28   0
 272  28   0
 280  28   0
 288  28   0
 296  28   0
 304  28   0
 312  28   0
 320  28   0
 328  28   0
 336  28   0
 344  28   0
 352  28   0
   3  35   0
  11  35   0
  19  35   0
  27  35   0
  35  35   0
  43  35   0
  51  35   0
  59  35   0
  67  35   0
  75  35   0
  83  35   0
  91  35   0
  99  35   0
 107  35   0
 115  35   0
 123  35   0
 131  35   0
 139  35   0
 147  35   0
 155  35   0
 163  35   0
 171  35   0
 179  35   0
 187  35   0
 195  35   0
 203  35   0
 211  35   0
 219  35   0
 227  35   0
 235  35   0
 243  35   0
 251  35   0
 259  35   0
 267  35   0
 275  35   0
 283  35   0
 291  35   0
 299  35   0
 307  35   0
 315  35   0
 323  35   0
 331  35   0
 339  35   0
 347  35   0
 355  35   0
   0  42   0
   8  42   0
  16  42   0
  24  42   0
  32  42   0
  40  42   0
  48  42   0
  56  42   0
  64  42   0
  72  42   0
  80  42   0
  88  42   0
  96  42   0
 104  42   0
 112  42   0
 120  42   0
 128  42   0
 136  42   0
 144  42   0
 152  42   0
 160  42   0
 168  42   0
 176  42   0
 184  42   0
 192  42   0
 200  42   0
 208  42   0
 216  42   0
 224  42   0
 232  42   0
 240  42   0
 248  42   0
 256  42   0
 264  42   0
 272  42   0
 280  42   0
 288  42   0
 296  42   0
 304  42   0
 312  42   0
 320  42   0
 328  42   0
 336  42   0
 344  42   0
 352  42   0
   3  49   0
  11  49   0
  19  49   0
  27  49   0
  35  49   0
  43  49   0
  51  49   0
  59  49   0
  67  49   0
  75  49   0
  83  49   0
  91  49   0
  99  49   0
 107  49   0
 115  49   0
 123  49   0
 131  49   0
 139  49   0
 147  49   0
 155  49   0
 163  49   0
 171  49   0
 179  49   0
 187  49   0
 195  49   0
 203  49   0
 211  49   0
 219  49   0
 227  49   0
 235  49   0
 243  49   0
 251  49   0
 259  49   0
 267  49   0
 275  49   0
 283  49   0
 291  49   0
 299  49   0
 307  49   0
 315  49   0
 323  49   0
 331  49   0
 339  49   0
 347  49   0
 355  49   0
   0  56   0
   8  56   0
  16  56   0
  24  56   0
  32  56   0
  40  56   0
  48  56   0
  56  56   0
  64  56   0
  72  56   0
  80  56   0
  88  56   0
  96  56   0
 104  56   0
 112  56   0
 120  56   0
 128  56   0
 136  56   0
 144  56   0
 152  56   0
 160  56   0
 168  56   0
 176  56   0
 184  56   0
 192  56   0
 200  56   0
 208  56   0
 216  56   0
 224  56   0
 232  56   0
 240  56   0
 248  56   0
 256  56   0
 264  56   0
 272  56   0
 280  56   0
 288  56   0
 296  56   0
 304  56   0
 312  56   0
 320  56   0
 328  56   0
 336  56   0
 344  56   0
 352  56   0
   3  63   0
  11  63   0
  19  63   0
  27  63   0
  35  63   0
  43  63   0
  51  63   0
  59  63   0
  67  63   0
  75  63   0
  83  63   0
  91  63   0
  99  63   0
 107  63   0
 115  63   0
 123  63   0
 131  63   0
 139  63   0
 147  63   0
 155  63   0
 163  63   0
 171  63   0
 179  63   0
 187  63   0
 195  63   0
 203  63   0
 211  63   0
 219  63   0
 227  63   0
 235  63   0
 243  63   0
 251  63   0
 259  63   0
 267  63   0
 275  63   0
 283  63   0
 291  63   0
 299  63   0
 307  63   0
 315  63   0
 323  63   0
 331  63   0
 339  63   0
 347  63   0
 355  63   0
   0  70   0
   8  70   0
  16  70   0
  24  70   0
  32  70   0
  40  70   0
  48  70   0
  56  70   0
  64  70   0
  72  70   0
  80  70   0
  88  70   0
  96  70   0
 104  70   0
 112  70   0
 120  70   0
 128  70   0
 136  70   0
 144  70   0
 152  70   0
 160  70   0
 168  70   0
 176  70   0
 184  70   0
 192  70   0
 200  70   0
 208  70   0
 216  70   0
 224  70   0
 232  70   0
 240  70   0
 248  70   0
 256  70   0
 264  70   0
 272  70   0
 280  70   0
 288  70   0
 296  70   0
 304  70   0
 312  70   0
 320  70   0
 328  70   0
 336  70   0
 344  70   0
 352  70   0
   3  77   0
  11  77   0
  19  77   0
  27  77   0
  35  77   0
  43  77   0
  51  77   0
  59  77   0
  67  77   0
  75  77   0
  83  77   0
  91  77   0
  99  77   0
 107  77   0
 115  77   0
 123  77   0
 131  77   0
 139  77   0
 147  77   0
 155  77   0
 163  77   0
 171  77   0
 179  77   0
 187  77   0
 195  77   0
 203  77   0
 211  77   0
 219  77   0
 227  77   0
 235  77   0
 243  77   0
 251  77   0
 259  77   0
 267  77   0
 275  77   0
 283  77   0
 291  77   0
 299  77   0
 307  77   0
 315  77   0
 323  77   0
 331  77   0
 339  77   0
 347  77   0
 355  77   0
   0  84   0
   8  84   0
  16  84   0
  24  84   0
  32  84   0
  40  84   0
  48  84   0
  56  84   0
  64  84   0
  72  84   0
  80  84   0
  88  84   0
  96  84   0
 104  84   0
 112  84   0
 120  84   0
 128  84   0
 136  84   0
 144  84   0
 152  84   0
 160  84   0
 168  84   0
 176  84   0
 184  84   0
 192  84   0
 200  84   0
 208  84   0
 216  84   0
 224  84   0
 232  84   0
 240  84   0
 248  84   0
 256  84   0
 264  84   0
 272  84   0
 280  84   0
 288  84   0
 296  84   0
 304  84   0
 312  84   0
 320  84   0
 328  84   0
 336  84   0
 344  84   0
 352  84   0
   3  91   0
  11  91   0
  19  91   0
  27  91   0
  35  91   0
  43  91   0
  51  91   0
  59  91   0
  67  91   0
  75  91   0
  83  91   0
  91  91   0
  99  91   0
 107  91   0
 115  91   0
 123  91   0
 131  91   0
 139  91   0
 147  91   0
 155  91   0
 163  91   0
 171  91   0
 179  91   0
 187  91   0
 195  91   0
 203  91   0
 211  91   0
 219  91   0
 227  91   0
 235  91   0
 243  91   0
 251  91   0
 259  91   0
 267  91   0
 275  91   0
 283  91   0
 291  91   0
 299  91   0
 307  91   0
 315  91   0
 323  91   0
 331  91   0
 339  91   0
 347  91   0
 355  91   0
   0  98   0
   8  98   0
  16  98   0
  24  98   0
  32  98   0
  40  98   0
  48  98   0
  56  98   0
  64  98   0
  72  98   0
  80  98   0
  88  98   0
  96  98   0
 104  98   0
 112  98   0
 120  98   0
 128  98   0
 136  98   0
 144  98   0
 152  98   0
 160  98   0
 168  98   0
 176  98   0
 184  98   0
 192  98   0
 200  98   0
 208  98   0
 216  98   0
 224  98   0
 232  98   0
 240  98   0
 248  98   0
 256  98   0
 264  98   0
 272  98   0
 280  98   0
 288  98   0
 296  98   0
 304  98   0
 312  98   0
 320  98   0
 328  98   0
 336  98   0
 344  98   0
 352  98   0
   3 105   0
  11 105   0
  19 105   0
  27 105   0
  35 105   0
  43 105   0
  51 105   0
  59 105   0
  67 105   0
  75 105   0
  83 105   0
  91 105   0
  99 105   0
 107 105   0
 115 105   0
 123 105   0
 131 105   0
 139 105   0
 147 105   0
 155 105   0
 163 105   0
 171 105   0
 179 105   0
 187 105   0
 195 105   0
 203 105   0
 211 105   0
 219 105   0
 227 105   0
 235 105   0
 243 105   0
 251 105   0
 259 105   0
 267 105   0
 275 105   0
 283 105   0
 291 105   0
 299 105   0
 307 105   0
 315 105   0
 323 105   0
 331 105   0
 339 105   0
 347 105   0
 355 105   0
   0 112   0
   8 112   0
  16 112   0
  24 112   0
  32 112   0
  40 112   0
  48 112   0
  56 112   0
  64 112   0
  72 112   0
  80 112   0
  88 112   0
  96 112   0
 104 112   0
 112 112   0
 120 112   0
 128 112   0
 136 112   0
 144 112   0
 152 112   0
 160 112   0
 168 112   0
 176 112   0
 184 112   0
 192 112   0
 200 112   0
 208 112   0
 216 112   0
 224 112   0
 232 112   0
 240 112   0
 248 112   0
 256 112   0
 264 112   0
 272 112   0
 280 112   0
 288 112   0
 296 112   0
 304 112   0
 312 112   0
 320 112   0
 328 112   0
 336 112   0
 344 112   0
 352 112   0
   3 119   0
  11 119   0
  19 119   0
  27 119   0
  35 119   0
  43 119   0
  51 119   0
  59 119   0
  67 119   0
  75 119   0
  83 119   0
  91 119   0
  99 119   0
 107 119   0
 115 119   0
 123 119   0
 131 119   0
 139 119   0
 147 119   0
 155 119   0
 163 119   0
 171 119   0
 179 119   0
 187 119   0
 195 119   0
 203 119   0
 211 119   0
 219 119   0
 227 119   0
 235 119   0
 243 119   0
 251 119   0
 259 119   0
 267 119   0
 275 119   0
 283 119   0
 291 119   0
 299 119   0
 307 119   0
 315 119   0
 323 119   0
 331 119   0
 339 119   0
 347 119   0
 355 119   0
   0 126   0
   8 126   0
  16 126   0
  24 126   0
  32 126   0
  40 126   0
  48 126   0
  56 126   0
  64 126   0
  72 126   0
  80 126   0
  88 126   0
  96 126   0
 104 126   0
 112 126   0
 120 126   0
 128 126   0
 136 126   0
 144 126   0
 152 126   0
 160 126   0
 168 126   0
 176 126   0
 184 126   0
 192 126   0
 200 126   0
 208 126   0
 216 126   0
 224 126   0
 232 126   0
 240 126   0
 248 126   0
 256 126   0
 264 126   0
 272 126   0
 280 126   0
 288 126   0
 296 126   0
 304 126   0
 312 126   0
 320 126   0
 328 126   0
 336 126   0
 344 126   0
 352 126   0
   3 133   0
  11 133   0
  19 133   0
  27 133   0
  35 133   0
  43 133   0
  51 133   0
  59 133   0
  67 133   0
  75 133   0
  83 133   0
  91 133   0
  99 133   0
 107 133   0
 115 133   0
 123 133   0
 131 133   0
 139 133   0
 147 133   0
 155 133   0
 163 133   0
 171 133   0
 179 133   0
 187 133   0
 195 133   0
 203 133   0
 211 133   0
 219 133   0
 227 133   0
 235 133   0
 243 133   0
 251 133   0
 259 133   0
 267 133   0
 275 133   0
 283 133   0
 291 133   0
 299 133   0
 307 133   0
 315 133   0
 323 133   0
 331 133   0
 339 133   0
 347 133   0
 355 133   0
   0 140   0
   8 140   0
  16 140   0
  24 140   0
  32 140   0
  40 140   0
  48 140   0
  56 140   0
  64 140   0
  72 140   0
  80 140   0
  88 140   0
  96 140   0
 104 140   0
 112 140   0
 120 140   0
 128 140   0
 136 140   0
 144 140   0
 152 140   0
 160 140   0
 168 140   0
 176 140   0
 184 140   0
 192 140   0
 200 140   0
 208 140   0
 216 140   0
 224 140   0
 232 140   0
 240 140   0
 248 140   0
 256 140   0
 264 140   0
 272 140   0
 280 140   0
 288 140   0
 296 140   0
 304 140   0
 312 140   0
 320 140   0
 328 140   0
 336 140   0
 344 140   0
 352 140   0
   3 147   0
  11 147   0
  19 147   0
  27 147   0
  35 147   0
  43 147   0
  51 147   0
  59 147   0
  67 147   0
  75 147   0
  83 147   0
  91 147   0
  99 147   0
 107 147   0
 115 147   0
 123 147   0
 131 147   0
 139 147   0
 147 147   0
 155 147   0
 163 147   0
 171 147   0
 179 147   0
 187 147   0
 195 147   0
 203 147   0
 211 147   0
 219 147   0
 227 147   0
 235 147   0
 243 147   0
 251 147   0
 259 147   0
 267 147   0
 275 147   0
 283 147   0
 291 147   0
 299 147   0
 307 147   0
 315 147   0
 323 147   0
 331 147   0
 339 147   0
 347 147   0
 355 147   0
   0 154   0
   8 154   0
  16 154   0
  24 154   0
  32 154   0
  40 154   0
  48 154   0
  56 154   0
  64 154   0
  72 154   0
  80 154   0
  88 154   0
  96 154   0
 104 154   0
 112 154   0
 120 154   0
 128 154   0
 136 154   0
 144 154   0
 152 154   0
 160 154   0
 168 154   0
 176 154   0
 184 154   0
 192 154   0
 200 154   0
 208 154   0
 216 154   0
 224 154   0
 232 154   0
 240 154   0
 248 154   0
 256 154   0
 264 154   0
 272 154   0
 280 154   0
 288 154   0
 296 154   0
 304 154   0
 312 154   0
 320 154   0
 328 154   0
 336 154   0
 344 154   0
 352 154   0
   3 161   0
  11 161   0
  19 161   0
  27 161   0
  35 161   0
  43 161   0
  51 161   0
  59 161   0
  67 161   0
  75 161   0
  83 161   0
  91 161   0
  99 161   0
 107 161   0
 115 161   0
 123 161   0
 131 161   0
 139 161   0
 147 161   0
 155 161   0
 163 161   0
 171 161   0
 179 161   0
 187 161   0
 195 161   0
 203 161   0
 211 161   0
 219 161   0
 227 161   0
 235 161   0
 243 161   0
 251 161   0
 259 161   0
 267 161   0
 275 161   0
 283 161   0
 291 161   0
 299 161   0
 307 161   0
 315 161   0
 323 161   0
 331 161   0
 339 161   0
 347 161   0
 355 161   0
   0 168   0
   8 168   0
  16 168   0
  24 168   0
  32 168   0
  40 168   0
  48 168   0
  56 168   0
  64 168   0
  72 168   0
  80 168   0
  88 168   0
  96 168   0
 104 168   0
 112 168   0
 120 168   0
 128 168   0
 136 168   0
 144 168   0
 152 168   0
 160 168   0
 168 168   0
 176 168   0
 184 168   0
 192 168   0
 200 168   0
 208 168   0
 216 168   0
 224 168   0
 232 168   0
 240 168   0
 248 168   0
 256 168   0
 264 168   0
 272 168   0
 280 168   0
 288 168   0
 296 168   0
 304 168   0
 312 168   0
 320 168   0
 328 168   0
 336 168   0
 344 168   0
 352 168   0
   3 175   0
  11 175   0
  19 175   0
  27 175   0
  35 175   0
  43 175   0
  51 175   0
  59 175   0
  67 175   0
  75 175   0
  83 175   0
  91 175   0
  99 175   0
 107 175   0
 115 175   0
 123 175   0
 131 175   0
 139 175   0
 147 175   0
 155 175   0
 163 175   0
 171 175   0
 179 175   0
 187 175   0
 195 175   0
 203 175   0
 211 175   0
 219 175   0
 227 175   0
 235 175   0
 243 175   0
 251 175   0
 259 175   0
 267 175   0
 275 175   0
 283 175   0
 291 175   0
 299 175   0
 307 175   0
 315 175   0
 323 175   0
 331 175   0
 339 175   0
 347 175   0
 355 175   0
   7 178   6
  15 178   6
  23 178   6
  31 178   6
  39 178   6
  47 178   6
  55 178   6
  63 178   6
  71 178   6
  79 178   6
  87 178   6
  95 178   6
 103 178   6
 111 178   6
 119 178   6
 127 178   6
 135 178   6
 143 178   6
 151 178   6
 159 178   6
 167 178   6
 175 178   6
 183 178   6
 191 178   6
 199 178   6
 207 178   6
 215 178   6
 223 178   6
 231 178   6
 239 178   6
 247 178   6
 255 178   6
 263 178   6
 271 178   6
 279 178   6
 287 178   6
 295 178   6
 303 178   6
 311 178   6
 319 178   6
 327 178   6
 335 178   6
 343 178   6
 351 178   6
 359 178   6
   3   0   7
  11   0   7
  19   0   7
  27   0   7
  35   0   7
  43   0   7
  51   0   7
  59   0   7
  67   0   7
  75   0   7
  83   0   7
  91   0   7
  99   0   7
 107   0   7
 115   0   7
 123   0   7
 131   0   7
 139   0   7
 147   0   7
 155   0   7
 163   0   7
 171   0   7
 179   0   7
 187   0   7
 195   0   7
 203   0   7
 211   0   7
 219   0   7
 227   0   7
 235   0   7
 243   0   7
 251   0   7
 259   0   7
 267   0   7
 275   0   7
 283   0   7
 291   0   7
 299   0   7
 307   0   7
 315   0   7
 323   0   7
 331   0   7
 339   0   7
 347   0   7
 355   0   7
   0   7   7
   8   7   7
  16   7   7
  24   7   7
  32   7   7
  40   7   7
  48   7   7
  56   7   7
  64   7   7
  72   7   7
  80   7   7
  88   7   7
  96   7   7
 104   7   7
 112   7   7
 120   7   7
 128   7   7
 136   7   7
 144   7   7
 152   7   7
 160   7   7
 168   7   7
 176   7   7
 184   7   7
 192   7   7
 200   7   7
 208   7   7
 216   7   7
 224   7   7
 232   7   7
 240   7   7
 248   7   7
 256   7   7
 264   7   7
 272   7   7
 280   7   7
 288   7   7
 296   7   7
 304   7   7
 312   7   7
 320   7   7
 328   7   7
 336   7   7
 344   7   7
 352   7   7
   4  14   7
  12  14   7
  20  14   7
  28  14   7
  36  14   7
  44  14   7
  52  14   7
  60  14   7
  68  14   7
  76  14   7
  84  14   7
  92  14   7
 100  14   7
 108  14   7
 116  14   7
 124  14   7
 132  14   7
 140  14   7
 148  14   7
 156  14   7
 164  14   7
 172  14   7
 180  14   7
 188  14   7
 196  14   7
 204  14   7
 212  14   7
 220  14   7
 228  14   7
 236  14   7
 244  14   7
 252  14   7
 260  14   7
 268  14   7
 276  14   7
 284  14   7
 292  14   7
 300  14   7
 308  14   7
 316  14   7
 324  14   7
 332  14   7
 340  14   7
 348  14   7
 356  14   7
   0  21   7
   8  21   7
  16  21   7
  24  21   7
  32  21   7
  40  21   7
  48  21   7
  56  21   7
  64  21   7
  72  21   7
  80  21   7
  88  21   7
  96  21   7
 104  21   7
 112  21   7
 120  21   7
 128  21   7
 136  21   7
 144  21   7
 152  21   7
 160  21   7
 168  21   7
 176  21   7
 184  21   7
 192  21   7
 200  21   7
 208  21   7
 216  21   7
 224  21   7
 232  21   7
 240  21   7
 248  21   7
 256  21   7
 264  21   7
 272  21   7
 280  21   7
 288  21   7
 296  21   7
 304  21   7
 312  21   7
 320  21   7
 328  21   7
 336  21   7
 344  21   7
 352  21   7
   4  28   7
  12  28   7
  20  28   7
  28  28   7
  36  28   7
  44  28   7
  52  28   7
  60  28   7
  68  28   7
  76  28   7
  84  28   7
  92  28   7
 100  28   7
 108  28   7
 116  28   7
 124  28   7
 132  28   7
 140  28   7
 148  28   7
 156  28   7
 164  28   7
 172  28   7
 180  28   7
 188  28   7
 196  28   7
 204  28   7
 212  28   7
 220  28   7
 228  28   7
 236  28   7
 244  28   7
 252  28   7
 260  28   7
 268  28   7
 276  28   7
 284  28   7
 292  28   7
 300  28   7
 308  28   7
 316  28   7
 324  28   7
 332  28   7
 340  28   7
 348  28   7
 356  28   7
   0  35   7
   8  35   7
  16  35   7
  24  35   7
  32  35   7
  40  35   7
  48  35   7
  56  35   7
  64  35   7
  72  35   7
  80  35   7
  88  35   7
  96  35   7
 104  35   7
 112  35   7
 120  35   7
 128  35   7
 136  35   7
 144  35   7
 152  35   7
 160  35   7
 168  35   7
 176  35   7
 184  35   7
 192  35   7
 200  35   7
 208  35   7
 216  35   7
 224  35   7
 232  35   7
 240  35   7
 248  35   7
 256  35   7
 264  35   7
 272  35   7
 280  35   7
 288  35   7
 296  35   7
 304  35   7
 312  35   7
 320  35   7
 328  35   7
 336  35   7
 344  35   7
 352  35   7
   4  42   7
  12  42   7
  20  42   7
  28  42   7
  36  42   7
  44  42   7
  52  42   7
  60  42   7
  68  42   7
  76  42   7
  84  42   7
  92  42   7
 100  42   7
 108  42   7
 116  42   7
 124  42   7
 132  42   7
 140  42   7
 148  42   7
 156  42   7
 164  42   7
 172  42   7
 180  42   7
 188  42   7
 196  42   7
 204  42   7
 212  42   7
 220  42   7
 228  42   7
 236  42   7
 244  42   7
 252  42   7
 260  42   7
 268  42   7
 276  42   7
 284  42   7
 292  42   7
 300  42   7
 308  42   7
 316  42   7
 324  42   7
 332  42   7
 340  42   7
 348  42   7
 356  42   7
   0  49   7
   8  49   7
  16  49   7
  24  49   7
  32  49   7
  40  49   7
  48  49   7
  56  49   7
  64  49   7
  72  49   7
  80  49   7
  88  49   7
  96  49   7
 104  49   7
 112  49   7
 120  49   7
 128  49   7
 136  49   7
 144  49   7
 152  49   7
 160  49   7
 168  49   7
 176  49   7
 184  49   7
 192  49   7
 200  49   7
 208  49   7
 216  49   7
 224  49   7
 232  49   7
 240  49   7
 248  49   7
 256  49   7
 264  49   7
 272  49   7
 280  49   7
 288  49   7
 296  49   7
 304  49   7
 312  49   7
 320  49   7
 328  49   7
 336  49   7
 344  49   7
 352  49   7
   4  56   7
  12  56   7
  20  56   7
  28  56   7
  36  56   7
  44  56   7
  52  56   7
  60  56   7
  68  56   7
  76  56   7
  84  56   7
  92  56   7
 100  56   7
 108  56   7
 116  56   7
 124  56   7
 132  56   7
 140  56   7
 148  56   7
 156  56   7
 164  56   7
 172  56   7
 180  56   7
 188  56   7
 196  56   7
 204  56   7
 212  56   7
 220  56   7
 228  56   7
 236  56   7
 244  56   7
 252  56   7
 260  56   7
 268  56   7
 276  56   7
 284  56   7
 292  56   7
 300  56   7
 308  56   7
 316  56   7
 324  56   7
 332  56   7
 340  56   7
 348  56   7
 356  56   7
   0  63   7
   8  63   7
  16  63   7
  24  63   7
  32  63   7
  40  63   7
  48  63   7
  56  63   7
  64  63   7
  72  63   7
  80  63   7
  88  63   7
  96  63   7
 104  63   7
 112  63   7
 120  63   7
 128  63   7
 136  63   7
 144  63   7
 152  63   7
 160  63   7
 168  63   7
 176  63   7
 184  63   7
 192  63   7
 200  63   7
 208  63   7
 216  63   7
 224  63   7
 232  63   7
 240  63   7
 248  63   7
 256  63   7
 264  63   7
 272  63   7
 280  63   7
 288  63   7
 296  63   7
 304  63   7
 312  63   7
 320  63   7
 328  63   7
 336  63   7
 344  63   7
 352  63   7
   4  70   7
  12  70   7
  20  70   7
  28  70   7
  36  70   7
  44  70   7
  52  70   7
  60  70   7
  68  70   7
  76  70   7
  84  70   7
  92  70   7
 100  70   7
 108  70   7
 116  70   7
 124  70   7
 132  70   7
 140  70   7
 148  70   7
 156  70   7
 164  70   7
 172  70   7
 180  70   7
 188  70   7
 196  70   7
 204  70   7
 212  70   7
 220  70   7
 228  70   7
 236  70   7
 244  70   7
 252  70   7
 260  70   7
 268  70   7
 276  70   7
 284  70   7
 292  70   7
 300  70   7
 308  70   7
 316  70   7
 324  70   7
 332  70   7
 340  70   7
 348  70   7
 356  70   7
   0  77   7
   8  77   7
  16  77   7
  24  77   7
  32  77   7
  40  77   7
  48  77   7
  56  77   7
  64  77   7
  72  77   7
  80  77   7
  88  77   7
  96  77   7
 104  77   7
 112  77   7
 120  77   7
 128  77   7
 136  77   7
 144  77   7
 152  77   7
 160  77   7
 168  77   7
 176  77   7
 184  77   7
 192  77   7
 200  77   7
 208  77   7
 216  77   7
 224  77   7
 232  77   7
 240  77   7
 248  77   7
 256  77   7
 264  77   7
 272  77   7
 280  77   7
 288  77   7
 296  77   7
 304  77   7
 312  77   7
 320  77   7
 328  77   7
 336  77   7
 344  77   7
 352  77   7
   4  84   7
  12  84   7
  20  84   7
  28  84   7
  36  84   7
  44  84   7
  52  84   7
  60  84   7
  68  84   7
  76  84   7
  84  84   7
  92  84   7
 100  84   7
 108  84   7
 116  84   7
 124  84   7
 132  84   7
 140  84   7
 148  84   7
 156  84   7
 164  84   7
 172  84   7
 180  84   7
 188  84   7
 196  84   7
 204  84   7
 212  84   7
 220  84   7
 228  84   7
 236  84   7
 244  84   7
 252  84   7
 260  84   7
 268  84   7
 276  84   7
 284  84   7
 292  84   7
 300  84   7
 308  84   7
 316  84   7
 324  84   7
 332  84   7
 340  84   7
 348  84   7
 356  84   7
   0  91   7
   8  91   7
  16  91   7
  24  91   7
  32  91   7
  40  91   7
  48  91   7
  56  91   7
  64  91   7
  72  91   7
  80  91   7
  88  91   7
  96  91   7
 104  91   7
 112  91   7
 120  91   7
 128  91   7
 136  91   7
 144  91   7
 152  91   7
 160  91   7
 168  91   7
 176  91   7
 184  91   7
 192  91   7
 200  91   7
 208  91   7
 216  91   7
 224  91   7
 232  91   7
 240  91   7
 248  91   7
 256  91   7
 264  91   7
 272  91   7
 280  91   7
 288  91   7
 296  91   7
 304  91   7
 312  91   7
 320  91   7
 328  91   7
 336  91   7
 344  91   7
 352  91   7
   4  98   7
  12  98   7
  20  98   7
  28  98   7
  36  98   7
  44  98   7
  52  98   7
  60  98   7
  68  98   7
  76  98   7
  84  98   7
  92  98   7
 100  98   7
 108  98   7
 116  98   7
 124  98   7
 132  98   7
 140  98   7
 148  98   7
 156  98   7
 164  98   7
 172  98   7
 180  98   7
 188  98   7
 196  98   7
 204  98   7
 212  98   7
 220  98   7
 228  98   7
 236  98   7
 244  98   7
 252  98   7
 260  98   7
 268  98   7
 276  98   7
 284  98   7
 292  98   7
 300  98   7
 308  98   7
 316  98   7
 324  98   7
 332  98   7
 340  98   7
 348  98   7
 356  98   7
   0 105   7
   8 105   7
  16 105   7
  24 105   7
  32 105   7
  40 105   7
  48 105   7
  56 105   7
  64 105   7
  72 105   7
  80 105   7
  88 105   7
  96 105   7
 104 105   7
 112 105   7
 120 105   7
 128 105   7
 136 105   7
 144 105   7
 152 105   7
 160 105   7
 168 105   7
 176 105   7
 184 105   7
 192 105   7
 200 105   7
 208 105   7
 216 105   7
 224 105   7
 232 105   7
 240 105   7
 248 105   7
 256 105   7
 264 105   7
 272 105   7
 280 105   7
 288 105   7
 296 105   7
 304 105   7
 312 105   7
 320 105   7
 328 105   7
 336 105   7
 344 105   7
 352 105   7
   4 112   7
  12 112   7
  20 112   7
  28 112   7
  36 112   7
  44 112   7
  52 112   7
  60 112   7
  68 112   7
  76 112   7
  84 112   7
  92 112   7
 100 112   7
 108 112   7
 116 112   7
 124 112   7
 132 112   7
 140 112   7
 148 112   7
 156 112   7
 164 112   7
 172 112   7
 180 112   7
 188 112   7
 196 112   7
 204 112   7
 212 112   7
 220 112   7
 228 112   7
 236 112   7
 244 112   7
 252 112   7
 260 112   7
 268 112   7
 276 112   7
 284 112   7
 292 112   7
 300 112   7
 308 112   7
 316 112   7
 324 112   7
 332 112   7
 340 112   7
 348 112   7
 356 112   7
   0 119   7
   8 119   7
  16 119   7
  24 119   7
  32 119   7
  40 119   7
  48 119   7
  56 119   7
  64 119   7
  72 119   7
  80 119   7
  88 119   7
  96 119   7
 104 119   7
 112 119   7
 120 119   7
 128 119   7
 136 119   7
 144 119   7
 152 119   7
 160 119   7
 168 119   7
 176 119   7
 184 119   7
 192 119   7
 200 119   7
 208 119   7
 216 119   7
 224 119   7
 232 119   7
 240 119   7
 248 119   7
 256 119   7
 264 119   7
 272 119   7
 280 119   7
 288 119   7
 296 119   7
 304 119   7
 312 119   7
 320 119   7
 328 119   7
 336 119   7
 344 119   7
 352 119   7
   4 126   7
  12 126   7
  20 126   7
  28 126   7
  36 126   7
  44 126   7
  52 126   7
  60 126   7
  68 126   7
  76 126   7
  84 126   7
  92 126   7
 100 126   7
 108 126   7
 116 126   7
 124 126   7
 132 126   7
 140 126   7
 148 126   7
 156 126   7
 164 126   7
 172 126   7
 180 126   7
 188 126   7
 196 126   7
 204 126   7
 212 126   7
 220 126   7
 228 126   7
 236 126   7
 244 126   7
 252 126   7
 260 126   7
 268 126   7
 276 126   7
 284 126   7
 292 126   7
 300 126   7
 308 126   7
 316 126   7
 324 126   7
 332 126   7
 340 126   7
 348 126   7
 356 126   7
   0 133   7
   8 133   7
  16 133   7
  24 133   7
  32 133   7
  40 133   7
  48 133   7
  56 133   7
  64 133   7
  72 133   7
  80 133   7
  88 133   7
  96 133   7
 104 133   7
 112 133   7
 120 133   7
 128 133   7
 136 133   7
 144 133   7
 152 133   7
 160 133   7
 168 133   7
 176 133   7
 184 133   7
 192 133   7
 200 133   7
 208 133   7
 216 133   7
 224 133   7
 232 133   7
 240 133   7
 248 133   7
 256 133   7
 264 133   7
 272 133   7
 280 133   7
 288 133   7
 296 133   7
 304 133   7
 312 133   7
 320 133   7
 328 133   7
 336 133   7
 344 133   7
 352 133   7
   4 140   7
  12 140   7
  20 140   7
  28 140   7
  36 140   7
  44 140   7
  52 140   7
  60 140   7
  68 140   7
  76 140   7
  84 140   7
  92 140   7
 100 140   7
 108 140   7
 116 140   7
 124 140   7
 132 140   7
 140 140   7
 148 140   7
 156 140   7
 164 140   7
 172 140   7
 180 140   7
 188 140   7
 196 140   7
 204 140   7
 212 140   7
 220 140   7
 228 140   7
 236 140   7
 244 140   7
 252 140   7
 260 140   7
 268 140   7
 276 140   7
 284 140   7
 292 140   7
 300 140   7
 308 140   7
 316 140   7
 324 140   7
 332 140   7
 340 140   7
 348 140   7
 356 140   7
   0 147   7
   8 147   7
  16 147   7
  24 147   7
  32 147   7
  40 147   7
  48 147   7
  56 147   7
  64 147   7
  72 147   7
  80 147   7
  88 147   7
  96 147   7
 104 147   7
 112 147   7
 120 147   7
 128 147   7
 136 147   7
 144 147   7
 152 147   7
 160 147   7
 168 147   7
 176 147   7
 184 147   7
 192 147   7
 200 147   7
 208 147   7
 216 147   7
 224 147   7
 232 147   7
 240 147   7
 248 147   7
 256 147   7
 264 147   7
 272 147   7
 280 147   7
 288 147   7
 296 147   7
 304 147   7
 312 147   7
 320 147   7
 328 147   7
 336 147   7
 344 147   7
 352 147   7
   4 154   7
  12 154   7
  20 154   7
  28 154   7
  36 154   7
  44 154   7
  52 154   7
  60 154   7
  68 154   7
  76 154   7
  84 154   7
  92 154   7
 100 154   7
 108 154   7
 116 154   7
 124 154   7
 132 154   7
 140 154   7
 148 154   7
 156 154   7
 164 154   7
 172 154   7
 180 154   7
 188 154   7
 196 154   7
 204 154   7
 212 154   7
 220 154   7
 228 154   7
 236 154   7
 244 154   7
 252 154   7
 260 154   7
 268 154   7
 276 154   7
 284 154   7
 292 154   7
 300 154   7
 308 154   7
 316 154   7
 324 154   7
 332 154   7
 340 154   7
 348 154   7
 356 154   7
   0 161   7
   8 161   7
  16 161   7
  24 161   7
  32 161   7
  40 161   7
  48 161   7
  56 161   7
  64 161   7
  72 161   7
  80 161   7
  88 161   7
  96 161   7
 104 161   7
 112 161   7
 120 161   7
 128 161   7
 136 161   7
 144 161   7
 152 161   7
 160 161   7
 168 161   7
 176 161   7
 184 161   7
 192 161   7
 200 161   7
 208 161   7
 216 161   7
 224 161   7
 232 161   7
 240 161   7
 248 161   7
 256 161   7
 264 161   7
 272 161   7
 280 161   7
 288 161   7
 296 161   7
 304 161   7
 312 161   7
 320 161   7
 328 161   7
 336 161   7
 344 161   7
 352 161   7
   4 168   7
  12 168   7
  20 168   7
  28 168   7
  36 168   7
  44 168   7
  52 168   7
  60 168   7
  68 168   7
  76 168   7
  84 168   7
  92 168   7
 100 168   7
 108 168   7
 116 168   7
 124 168   7
 132 168   7
 140 168   7
 148 168   7
 156 168   7
 164 168   7
 172 168   7
 180 168   7
 188 168   7
 196 168   7
 204 168   7
 212 168   7
 220 168   7
 228 168   7
 236 168   7
 244 168   7
 252 168   7
 260 168   7
 268 168   7
 276 168   7
 284 168   7
 292 168   7
 300 168   7
 308 168   7
 316 168   7
 324 168   7
 332 168   7
 340 168   7
 348 168   7
 356 168   7
   0 173  12
   8 173  12
  16 173  12
  24 173  12
  32 173  12
  40 173  12
  48 173  12
  56 173  12
  64 173  12
  72 173  12
  80 173  12
  88 173  12
  96 173  12
 104 173  12
 112 173  12
 120 173  12
 128 173  12
 136 173  12
 144 173  12
 152 173  12
 160 173  12
 168 173  12
 176 173  12
 184 173  12
 192 173  12
 200 173  12
 208 173  12
 216 173  12
 224 173  12
 232 173  12
 240 173  12
 248 173  12
 256 173  12
 264 173  12
 272 173  12
 280 173  12
 288 173  12
 296 173  12
 304 173  12
 312 173  12
 320 173  12
 328 173  12
 336 173  12
 344 173  12
 352 173  12
   0   0  14
   8   0  14
  16   0  14
  24   0  14
  32   0  14
  40   0  14
  48   0  14
  56   0  14
  64   0  14
  72   0  14
  80   0  14
  88   0  14
  96   0  14
 104   0  14
 112   0  14
 120   0  14
 128   0  14
 136   0  14
 144   0  14
 152   0  14
 160   0  14
 168   0  14
 176   0  14
 184   0  14
 192   0  14
 200   0  14
 208   0  14
 216   0  14
 224   0  14
 232   0  14
 240   0  14
 248   0  14
 256   0  14
 264   0  14
 272   0  14
 280   0  14
 288   0  14
 296   0  14
 304   0  14
 312   0  14
 320   0  14
 328   0  14
 336   0  14
 344   0  14
 352   0  14
   3   8  14
  11   8  14
  19   8  14
  27   8  14
  35   8  14
  43   8  14
  51   8  14
  59   8  14
  67   8  14
  75   8  14
  83   8  14
  91   8  14
  99   8  14
 107   8  14
 115   8  14
 123   8  14
 131   8  14
 139   8  14
 147   8  14
 155   8  14
 163   8  14
 171   8  14
 179   8  14
 187   8  14
 195   8  14
 203   8  14
 211   8  14
 219   8  14
 227   8  14
 235   8  14
 243   8  14
 251   8  14
 259   8  14
 267   8  14
 275   8  14
 283   8  14
 291   8  14
 299   8  14
 307   8  14
 315   8  14
 323   8  14
 331   8  14
 339   8  14
 347   8  14
 355   8  14
   1  15  14
   9  15  14
  17  15  14
  25  15  14
  33  15  14
  41  15  14
  49  15  14
  57  15  14
  65  15  14
  73  15  14
  81  15  14
  89  15  14
  97  15  14
 105  15  14
 113  15  14
 121  15  14
 129  15  14
 137  15  14
 145  15  14
 153  15  14
 161  15  14
 169  15  14
 177  15  14
 185  15  14
 193  15  14
 201  15  14
 209  15  14
 217  15  14
 225  15  14
 233  15  14
 241  15  14
 249  15  14
 257  15  14
 265  15  14
 273  15  14
 281  15  14
 289  15  14
 297  15  14
 305  15  14
 313  15  14
 321  15  14
 329  15  14
 337  15  14
 345  15  14
 353  15  14
   3  23  14
  11  23  14
  19  23  14
  27  23  14
  35  23  14
  43  23  14
  51  23  14
  59  23  14
  67  23  14
  75  23  14
  83  23  14
  91  23  14
  99  23  14
 107  23  14
 115  23  14
 123  23  14
 131  23  14
 139  23  14
 147  23  14
 155  23  14
 163  23  14
 171  23  14
 179  23  14
 187  23  14
 195  23  14
 203  23  14
 211  23  14
 219  23  14
 227  23  14
 235  23  14
 243  23  14
 251  23  14
 259  23  14
 267  23  14
 275  23  14
 283  23  14
 291  23  14
 299  23  14
 307  23  14
 315  23  14
 323  23  14
 331  23  14
 339  23  14
 347  23  14
 355  23  14
   1  30  14
   9  30  14
  17  30  14
  25  30  14
  33  30  14
  41  30  14
  49  30  14
  57  30  14
  65  30  14
  73  30  14
  81  30  14
  89  30  14
  97  30  14
 105  30  14
 113  30  14
 121  30  14
 129  30  14
 137  30  14
 145  30  14
 153  30  14
 161  30  14
 169  30  14
 177  30  14
 185  30  14
 193  30  14
 201  30  14
 209  30  14
 217  30  14
 225  30  14
 233  30  14
 241  30  14
 249  30  14
 257  30  14
 265  30  14
 273  30  14
 281  30  14
 289  30  14
 297  30  14
 305  30  14
 313  30  14
 321  30  14
 329  30  14
 337  30  14
 345  30  14
 353  30  14
   0  38  14
   8  38  14
  16  38  14
  24  38  14
  32  38  14
  40  38  14
  48  38  14
  56  38  14
  64  38  14
  72  38  14
  80  38  14
  88  38  14
  96  38  14
 104  38  14
 112  38  14
 120  38  14
 128  38  14
 136  38  14
 144  38  14
 152  38  14
 160  38  14
 168  38  14
 176  38  14
 184  38  14
 192  38  14
 200  38  14
 208  38  14
 216  38  14
 224  38  14
 232  38  14
 240  38  14
 248  38  14
 256  38  14
 264  38  14
 272  38  14
 280  38  14
 288  38  14
 296  38  14
 304  38  14
 312  38  14
 320  38  14
 328  38  14
 336  38  14
 344  38  14
 352  38  14
   6  45  14
  14  45  14
  22  45  14
  30  45  14
  38  45  14
  46  45  14
  54  45  14
  62  45  14
  70  45  14
  78  45  14
  86  45  14
  94  45  14
 102  45  14
 110  45  14
 118  45  14
 126  45  14
 134  45  14
 142  45  14
 150  45  14
 158  45  14
 166  45  14
 174  45  14
 182  45  14
 190  45  14
 198  45  14
 206  45  14
 214  45  14
 222  45  14
 230  45  14
 238  45  14
 246  45  14
 254  45  14
 262  45  14
 270  45  14
 278  45  14
 286  45  14
 294  45  14
 302  45  14
 310  45  14
 318  45  14
 326  45  14
 334  45  14
 342  45  14
 350  45  14
 358  45  14
   4  52  14
  12  52  14
  20  52  14
  28  52  14
  36  52  14
  44  52  14
  52  52  14
  60  52  14
  68  52  14
  76  52  14
  84  52  14
  92  52  14
 100  52  14
 108  52  14
 116  52  14
 124  52  14
 132  52  14
 140  52  14
 148  52  14
 156  52  14
 164  52  14
 172  52  14
 180  52  14
 188  52  14
 196  52  14
 204  52  14
 212  52  14
 220  52  14
 228  52  14
 236  52  14
 244  52  14
 252  52  14
 260  52  14
 268  52  14
 276  52  14
 284  52  14
 292  52  14
 300  52  14
 308  52  14
 316  52  14
 324  52  14
 332  52  14
 340  52  14
 348  52  14
 356  52  14
   2  59  14
  10  59  14
  18  59  14
  26  59  14
  34  59  14
  42  59  14
  50  59  14
  58  59  14
  66  59  14
  74  59  14
  82  59  14
  90  59  14
  98  59  14
 106  59  14
 114  59  14
 122  59  14
 130  59  14
 138  59  14
 146  59  14
 154  59  14
 162  59  14
 170  59  14
 178  59  14
 186  59  14
 194  59  14
 202  59  14
 210  59  14
 218  59  14
 226  59  14
 234  59  14
 242  59  14
 250  59  14
 258  59  14
 266  59  14
 274  59  14
 282  59  14
 290  59  14
 298  59  14
 306  59  14
 314  59  14
 322  59  14
 330  59  14
 338  59  14
 346  59  14
 354  59  14
   0  66  14
   8  66  14
  16  66  14
  24  66  14
  32  66  14
  40  66  14
  48  66  14
  56  66  14
  64  66  14
  72  66  14
  80  66  14
  88  66  14
  96  66  14
 104  66  14
 112  66  14
 120  66  14
 128  66  14
 136  66  14
 144  66  14
 152  66  14
 160  66  14
 168  66  14
 176  66  14
 184  66  14
 192  66  14
 200  66  14
 208  66  14
 216  66  14
 224  66  14
 232  66  14
 240  66  14
 248  66  14
 256  66  14
 264  66  14
 272  66  14
 280  66  14
 288  66  14
 296  66  14
 304  66  14
 312  66  14
 320  66  14
 328  66  14
 336  66  14
 344  66  14
 352  66  14
   6  73  14
  14  73  14
  22  73  14
  30  73  14
  38  73  14
  46  73  14
  54  73  14
  62  73  14
  70  73  14
  78  73  14
  86  73  14
  94  73  14
 102  73  14
 110  73  14
 118  73  14
 126  73  14
 134  73  14
 142  73  14
 150  73  14
 158  73  14
 166  73  14
 174  73  14
 182  73  14
 190  73  14
 198  73  14
 206  73  14
 214  73  14
 222  73  14
 230  73  14
 238  73  14
 246  73  14
 254  73  14
 262  73  14
 270  73  14
 278  73  14
 286  73  14
 294  73  14
 302  73  14
 310  73  14
 318  73  14
 326  73  14
 334  73  14
 342  73  14
 350  73  14
 358  73  14
   4  80  14
  12  80  14
  20  80  14
  28  80  14
  36  80  14
  44  80  14
  52  80  14
  60  80  14
  68  80  14
  76  80  14
  84  80  14
  92  80  14
 100  80  14
 108  80  14
 116  80  14
 124  80  14
 132  80  14
 140  80  14
 148  80  14
 156  80  14
 164  80  14
 172  80  14
 180  80  14
 188  80  14
 196  80  14
 204  80  14
 212  80  14
 220  80  14
 228  80  14
 236  80  14
 244  80  14
 252  80  14
 260  80  14
 268  80  14
 276  80  14
 284  80  14
 292  80  14
 300  80  14
 308  80  14
 316  80  14
 324  80  14
 332  80  14
 340  80  14
 348  80  14
 356  80  14
   2  87  14
  10  87  14
  18  87  14
  26  87  14
  34  87  14
  42  87  14
  50  87  14
  58  87  14
  66  87  14
  74  87  14
  82  87  14
  90  87  14
  98  87  14
 106  87  14
 114  87  14
 122  87  14
 130  87  14
 138  87  14
 146  87  14
 154  87  14
 162  87  14
 170  87  14
 178  87  14
 186  87  14
 194  87  14
 202  87  14
 210  87  14
 218  87  14
 226  87  14
 234  87  14
 242  87  14
 250  87  14
 258  87  14
 266  87  14
 274  87  14
 282  87  14
 290  87  14
 298  87  14
 306  87  14
 314  87  14
 322  87  14
 330  87  14
 338  87  14
 346  87  14
 354  87  14
   0  94  14
   8  94  14
  16  94  14
  24  94  14
  32  94  14
  40  94  14
  48  94  14
  56  94  14
  64  94  14
  72  94  14
  80  94  14
  88  94  14
  96  94  14
 104  94  14
 112  94  14
 120  94  14
 128  94  14
 136  94  14
 144  94  14
 152  94  14
 160  94  14
 168  94  14
 176  94  14
 184  94  14
 192  94  14
 200  94  14
 208  94  14
 216  94  14
 224  94  14
 232  94  14
 240  94  14
 248  94  14
 256  94  14
 264  94  14
 272  94  14
 280  94  14
 288  94  14
 296  94  14
 304  94  14
 312  94  14
 320  94  14
 328  94  14
 336  94  14
 344  94  14
 352  94  14
   6 101  14
  14 101  14
  22 101  14
  30 101  14
  38 101  14
  46 101  14
  54 101  14
  62 101  14
  70 101  14
  78 101  14
  86 101  14
  94 101  14
 102 101  14
 110 101  14
 118 101  14
 126 101  14
 134 101  14
 142 101  14
 150 101  14
 158 101  14
 166 101  14
 174 101  14
 182 101  14
 190 101  14
 198 101  14
 206 101  14
 214 101  14
 222 101  14
 230 101  14
 238 101  14
 246 101  14
 254 101  14
 262 101  14
 270 101  14
 278 101  14
 286 101  14
 294 101  14
 302 101  14
 310 101  14
 318 101  14
 326 101  14
 334 101  14
 342 101  14
 350 101  14
 358 101  14
   4 108  14
  12 108  14
  20 108  14
  28 108  14
  36 108  14
  44 108  14
  52 108  14
  60 108  14
  68 108  14
  76 108  14
  84 108  14
  92 108  14
 100 108  14
 108 108  14
 116 108  14
 124 108  14
 132 108  14
 140 108  14
 148 108  14
 156 108  14
 164 108  14
 172 108  14
 180 108  14
 188 108  14
 196 108  14
 204 108  14
 212 108  14
 220 108  14
 228 108  14
 236 108  14
 244 108  14
 252 108  14
 260 108  14
 268 108  14
 276 108  14
 284 108  14
 292 108  14
 300 108  14
 308 108  14
 316 108  14
 324 108  14
 332 108  14
 340 108  14
 348 108  14
 356 108  14
   2 115  14
  10 115  14
  18 115  14
  26 115  14
  34 115  14
  42 115  14
  50 115  14
  58 115  14
  66 115  14
  74 115  14
  82 115  14
  90 115  14
  98 115  14
 106 115  14
 114 115  14
 122 115  14
 130 115  14
 138 115  14
 146 115  14
 154 115  14
 162 115  14
 170 115  14
 178 115  14
 186 115  14
 194 115  14
 202 115  14
 210 115  14
 218 115  14
 226 115  14
 234 115  14
 242 115  14
 250 115  14
 258 115  14
 266 115  14
 274 115  14
 282 115  14
 290 115  14
 298 115  14
 306 115  14
 314 115  14
 322 115  14
 330 115  14
 338 115  14
 346 115  14
 354 115  14
   0 122  14
   8 122  14
  16 122  14
  24 122  14
  32 122  14
  40 122  14
  48 122  14
  56 122  14
  64 122  14
  72 122  14
  80 122  14
  88 122  14
  96 122  14
 104 122  14
 112 122  14
 120 122  14
 128 122  14
 136 122  14
 144 122  14
 152 122  14
 160 122  14
 168 122  14
 176 122  14
 184 122  14
 192 122  14
 200 122  14
 208 122  14
 216 122  14
 224 122  14
 232 122  14
 240 122  14
 248 122  14
 256 122  14
 264 122  14
 272 122  14
 280 122  14
 288 122  14
 296 122  14
 304 122  14
 312 122  14
 320 122  14
 328 122  14
 336 122  14
 344 122  14
 352 122  14
   6 129  14
  14 129  14
  22 129  14
  30 129  14
  38 129  14
  46 129  14
  54 129  14
  62 129  14
  70 129  14
  78 129  14
  86 129  14
  94 129  14
 102 129  14
 110 129  14
 118 129  14
 126 129  14
 134 129  14
 142 129  14
 150 129  14
 158 129  14
 166 129  14
 174 129  14
 182 129  14
 190 129  14
 198 129  14
 206 129  14
 214 129  14
 222 129  14
 230 129  14
 238 129  14
 246 129  14
 254 129  14
 262 129  14
 270 129  14
 278 129  14
 286 129  14
 294 129  14
 302 129  14
 310 129  14
 318 129  14
 326 129  14
 334 129  14
 342 129  14
 350 129  14
 358 129  14
   4 136  14
  12 136  14
  20 136  14
  28 136  14
  36 136  14
  44 136  14
  52 136  14
  60 136  14
  68 136  14
  76 136  14
  84 136  14
  92 136  14
 100 136  14
 108 136  14
 116 136  14
 124 136  14
 132 136  14
 140 136  14
 148 136  14
 156 136  14
 164 136  14
 172 136  14
 180 136  14
 188 136  14
 196 136  14
 204 136  14
 212 136  14
 220 136  14
 228 136  14
 236 136  14
 244 136  14
 252 136  14
 260 136  14
 268 136  14
 276 136  14
 284 136  14
 292 136  14
 300 136  14
 308 136  14
 316 136  14
 324 136  14
 332 136  14
 340 136  14
 348 136  14
 356 136  14
   2 143  14
  10 143  14
  18 143  14
  26 143  14
  34 143  14
  42 143  14
  50 143  14
  58 143  14
  66 143  14
  74 143  14
  82 143  14
  90 143  14
  98 143  14
 106 143  14
 114 143  14
 122 143  14
 130 143  14
 138 143  14
 146 143  14
 154 143  14
 162 143  14
 170 143  14
 178 143  14
 186 143  14
 194 143  14
 202 143  14
 210 143  14
 218 143  14
 226 143  14
 234 143  14
 242 143  14
 250 143  14
 258 143  14
 266 143  14
 274 143  14
 282 143  14
 290 143  14
 298 143  14
 306 143  14
 314 143  14
 322 143  14
 330 143  14
 338 143  14
 346 143  14
 354 143  14
   0 150  14
   8 150  14
  16 150  14
  24 150  14
  32 150  14
  40 150  14
  48 150  14
  56 150  14
  64 150  14
  72 150  14
  80 150  14
  88 150  14
  96 150  14
 104 150  14
 112 150  14
 120 150  14
 128 150  14
 136 150  14
 144 150  14
 152 150  14
 160 150  14
 168 150  14
 176 150  14
 184 150  14
 192 150  14
 200 150  14
 208 150  14
 216 150  14
 224 150  14
 232 150  14
 240 150  14
 248 150  14
 256 150  14
 264 150  14
 272 150  14
 280 150  14
 288 150  14
 296 150  14
 304 150  14
 312 150  14
 320 150  14
 328 150  14
 336 150  14
 344 150  14
 352 150  14
   6 157  14
  14 157  14
  22 157  14
  30 157  14
  38 157  14
  46 157  14
  54 157  14
  62 157  14
  70 157  14
  78 157  14
  86 157  14
  94 157  14
 102 157  14
 110 157  14
 118 157  14
 126 157  14
 134 157  14
 142 157  14
 150 157  14
 158 157  14
 166 157  14
 174 157  14
 182 157  14
 190 157  14
 198 157  14
 206 157  14
 214 157  14
 222 157  14
 230 157  14
 238 157  14
 246 157  14
 254 157  14
 262 157  14
 270 157  14
 278 157  14
 286 157  14
 294 157  14
 302 157  14
 310 157  14
 318 157  14
 326 157  14
 334 157  14
 342 157  14
 350 157  14
 358 157  14
   4 164  14
  12 164  14
  20 164  14
  28 164  14
  36 164  14
  44 164  14
  52 164  14
  60 164  14
  68 164  14
  76 164  14
  84 164  14
  92 164  14
 100 164  14
 108 164  14
 116 164  14
 124 164  14
 132 164  14
 140 164  14
 148 164  14
 156 164  14
 164 164  14
 172 164  14
 180 164  14
 188 164  14
 196 164  14
 204 164  14
 212 164  14
 220 164  14
 228 164  14
 236 164  14
 244 164  14
 252 164  14
 260 164  14
 268 164  14
 276 164  14
 284 164  14
 292 164  14
 300 164  14
 308 164  14
 316 164  14
 324 164  14
 332 164  14
 340 164  14
 348 164  14
 356 164  14
   5 179  16
  13 179  16
  21 179  16
  29 179  16
  37 179  16
  45 179  16
  53 179  16
  61 179  16
  69 179  16
  77 179  16
  85 179  16
  93 179  16
 101 179  16
 109 179  16
 117 179  16
 125 179  16
 133 179  16
 141 179  16
 149 179  16
 157 179  16
 165 179  16
 173 179  16
 181 179  16
 189 179  16
 197 179  16
 205 179  16
 213 179  16
 221 179  16
 229 179  16
 237 179  16
 245 179  16
 253 179  16
 261 179  16
 269 179  16
 277 179  16
 285 179  16
 293 179  16
 301 179  16
 309 179  16
 317 179  16
 325 179  16
 333 179  16
 341 179  16
 349 179  16
 357 179  16
   1 169  19
   9 169  19
  17 169  19
  25 169  19
  33 169  19
  41 169  19
  49 169  19
  57 169  19
  65 169  19
  73 169  19
  81 169  19
  89 169  19
  97 169  19
 105 169  19
 113 169  19
 121 169  19
 129 169  19
 137 169  19
 145 169  19
 153 169  19
 161 169  19
 169 169  19
 177 169  19
 185 169  19
 193 169  19
 201 169  19
 209 169  19
 217 169  19
 225 169  19
 233 169  19
 241 169  19
 249 169  19
 257 169  19
 265 169  19
 273 169  19
 281 169  19
 289 169  19
 297 169  19
 305 169  19
 313 169  19
 321 169  19
 329 169  19
 337 169  19
 345 169  19
 353 169  19
   5   3  20
  13   3  20
  21   3  20
  29   3  20
  37   3  20
  45   3  20
  53   3  20
  61   3  20
  69   3  20
  77   3  20
  85   3  20
  93   3  20
 101   3  20
 109   3  20
 117   3  20
 125   3  20
 133   3  20
 141   3  20
 149   3  20
 157   3  20
 165   3  20
 173   3  20
 181   3  20
 189   3  20
 197   3  20
 205   3  20
 213   3  20
 221   3  20
 229   3  20
 237   3  20
 245   3  20
 253   3  20
 261   3  20
 269   3  20
 277   3  20
 285   3  20
 293   3  20
 301   3  20
 309   3  20
 317   3  20
 325   3  20
 333   3  20
 341   3  20
 349   3  20
 357   3  20
   6  18  20
  14  18  20
  22  18  20
  30  18  20
  38  18  20
  46  18  20
  54  18  20
  62  18  20
  70  18  20
  78  18  20
  86  18  20
  94  18  20
 102  18  20
 110  18  20
 118  18  20
 126  18  20
 134  18  20
 142  18  20
 150  18  20
 158  18  20
 166  18  20
 174  18  20
 182  18  20
 190  18  20
 198  18  20
 206  18  20
 214  18  20
 222  18  20
 230  18  20
 238  18  20
 246  18  20
 254  18  20
 262  18  20
 270  18  20
 278  18  20
 286  18  20
 294  18  20
 302  18  20
 310  18  20
 318  18  20
 326  18  20
 334  18  20
 342  18  20
 350  18  20
 358  18  20
   6  33  20
  14  33  20
  22  33  20
  30  33  20
  38  33  20
  46  33  20
  54  33  20
  62  33  20
  70  33  20
  78  33  20
  86  33  20
  94  33  20
 102  33  20
 110  33  20
 118  33  20
 126  33  20
 134  33  20
 142  33  20
 150  33  20
 158  33  20
 166  33  20
 174  33  20
 182  33  20
 190  33  20
 198  33  20
 206  33  20
 214  33  20
 222  33  20
 230  33  20
 238  33  20
 246  33  20
 254  33  20
 262  33  20
 270  33  20
 278  33  20
 286  33  20
 294  33  20
 302  33  20
 310  33  20
 318  33  20
 326  33  20
 334  33  20
 342  33  20
 350  33  20
 358  33  20
   0  41  21
   8  41  21
  16  41  21
  24  41  21
  32  41  21
  40  41  21
  48  41  21
  56  41  21
  64  41  21
  72  41  21
  80  41  21
  88  41  21
  96  41  21
 104  41  21
 112  41  21
 120  41  21
 128  41  21
 136  41  21
 144  41  21
 152  41  21
 160  41  21
 168  41  21
 176  41  21
 184  41  21
 192  41  21
 200  41  21
 208  41  21
 216  41  21
 224  41  21
 232  41  21
 240  41  21
 248  41  21
 256  41  21
 264  41  21
 272  41  21
 280  41  21
 288  41  21
 296  41  21
 304  41  21
 312  41  21
 320  41  21
 328  41  21
 336  41  21
 344  41  21
 352  41  21
   0  49  21
   8  49  21
  16  49  21
  24  49  21
  32  49  21
  40  49  21
  48  49  21
  56  49  21
  64  49  21
  72  49  21
  80  49  21
  88  49  21
  96  49  21
 104  49  21
 112  49  21
 120  49  21
 128  49  21
 136  49  21
 144  49  21
 152  49  21
 160  49  21
 168  49  21
 176  49  21
 184  49  21
 192  49  21
 200  49  21
 208  49  21
 216  49  21
 224  49  21
 232  49  21
 240  49  21
 248  49  21
 256  49  21
 264  49  21
 272  49  21
 280  49  21
 288  49  21
 296  49  21
 304  49  21
 312  49  21
 320  49  21
 328  49  21
 336  49  21
 344  49  21
 352  49  21
   5  57  21
  13  57  21
  21  57  21
  29  57  21
  37  57  21
  45  57  21
  53  57  21
  61  57  21
  69  57  21
  77  57  21
  85  57  21
  93  57  21
 101  57  21
 109  57  21
 117  57  21
 125  57  21
 133  57  21
 141  57  21
 149  57  21
 157  57  21
 165  57  21
 173  57  21
 181  57  21
 189  57  21
 197  57  21
 205  57  21
 213  57  21
 221  57  21
 229  57  21
 237  57  21
 245  57  21
 253  57  21
 261  57  21
 269  57  21
 277  57  21
 285  57  21
 293  57  21
 301  57  21
 309  57  21
 317  57  21
 325  57  21
 333  57  21
 341  57  21
 349  57  21
 357  57  21
   3  65  21
  11  65  21
  19  65  21
  27  65  21
  35  65  21
  43  65  21
  51  65  21
  59  65  21
  67  65  21
  75  65  21
  83  65  21
  91  65  21
  99  65  21
 107  65  21
 115  65  21
 123  65  21
 131  65  21
 139  65  21
 147  65  21
 155  65  21
 163  65  21
 171  65  21
 179  65  21
 187  65  21
 195  65  21
 203  65  21
 211  65  21
 219  65  21
 227  65  21
 235  65  21
 243  65  21
 251  65  21
 259  65  21
 267  65  21
 275  65  21
 283  65  21
 291  65  21
 299  65  21
 307  65  21
 315  65  21
 323  65  21
 331  65  21
 339  65  21
 347  65  21
 355  65  21
   1  73  21
   9  73  21
  17  73  21
  25  73  21
  33  73  21
  41  73  21
  49  73  21
  57  73  21
  65  73  21
  73  73  21
  81  73  21
  89  73  21
  97  73  21
 105  73  21
 113  73  21
 121  73  21
 129  73  21
 137  73  21
 145  73  21
 153  73  21
 161  73  21
 169  73  21
 177  73  21
 185  73  21
 193  73  21
 201  73  21
 209  73  21
 217  73  21
 225  73  21
 233  73  21
 241  73  21
 249  73  21
 257  73  21
 265  73  21
 273  73  21
 281  73  21
 289  73  21
 297  73  21
 305  73  21
 313  73  21
 321  73  21
 329  73  21
 337  73  21
 345  73  21
 353  73  21
   0  81  21
   8  81  21
  16  81  21
  24  81  21
  32  81  21
  40  81  21
  48  81  21
  56  81  21
  64  81  21
  72  81  21
  80  81  21
  88  81  21
  96  81  21
 104  81  21
 112  81  21
 120  81  21
 128  81  21
 136  81  21
 144  81  21
 152  81  21
 160  81  21
 168  81  21
 176  81  21
 184  81  21
 192  81  21
 200  81  21
 208  81  21
 216  81  21
 224  81  21
 232  81  21
 240  81  21
 248  81  21
 256  81  21
 264  81  21
 272  81  21
 280  81  21
 288  81  21
 296  81  21
 304  81  21
 312  81  21
 320  81  21
 328  81  21
 336  81  21
 344  81  21
 352  81  21
   0  89  21
   8  89  21
  16  89  21
  24  89  21
  32  89  21
  40  89  21
  48  89  21
  56  89  21
  64  89  21
  72  89  21
  80  89  21
  88  89  21
  96  89  21
 104  89  21
 112  89  21
 120  89  21
 128  89  21
 136  89  21
 144  89  21
 152  89  21
 160  89  21
 168  89  21
 176  89  21
 184  89  21
 192  89  21
 200  89  21
 208  89  21
 216  89  21
 224  89  21
 232  89  21
 240  89  21
 248  89  21
 256  89  21
 264  89  21
 272  89  21
 280  89  21
 288  89  21
 296  89  21
 304  89  21
 312  89  21
 320  89  21
 328  89  21
 336  89  21
 344  89  21
 352  89  21
   0  97  21
   8  97  21
  16  97  21
  24  97  21
  32  97  21
  40  97  21
  48  97  21
  56  97  21
  64  97  21
  72  97  21
  80  97  21
  88  97  21
  96  97  21
 104  97  21
 112  97  21
 120  97  21
 128  97  21
 136  97  21
 144  97  21
 152  97  21
 160  97  21
 168  97  21
 176  97  21
 184  97  21
 192  97  21
 200  97  21
 208  97  21
 216  97  21
 224  97  21
 232  97  21
 240  97  21
 248  97  21
 256  97  21
 264  97  21
 272  97  21
 280  97  21
 288  97  21
 296  97  21
 304  97  21
 312  97  21
 320  97  21
 328  97  21
 336  97  21
 344  97  21
 352  97  21
   0 105  21
   8 105  21
  16 105  21
  24 105  21
  32 105  21
  40 105  21
  48 105  21
  56 105  21
  64 105  21
  72 105  21
  80 105  21
  88 105  21
  96 105  21
 104 105  21
 112 105  21
 120 105  21
 128 105  21
 136 105  21
 144 105  21
 152 105  21
 160 105  21
 168 105  21
 176 105  21
 184 105  21
 192 105  21
 200 105  21
 208 105  21
 216 105  21
 224 105  21
 232 105  21
 240 105  21
 248 105  21
 256 105  21
 264 105  21
 272 105  21
 280 105  21
 288 105  21
 296 105  21
 304 105  21
 312 105  21
 320 105  21
 328 105  21
 336 105  21
 344 105  21
 352 105  21
   5 113  21
  13 113  21
  21 113  21
  29 113  21
  37 113  21
  45 113  21
  53 113  21
  61 113  21
  69 113  21
  77 113  21
  85 113  21
  93 113  21
 101 113  21
 109 113  21
 117 113  21
 125 113  21
 133 113  21
 141 113  21
 149 113  21
 157 113  21
 165 113  21
 173 113  21
 181 113  21
 189 113  21
 197 113  21
 205 113  21
 213 113  21
 221 113  21
 229 113  21
 237 113  21
 245 113  21
 253 113  21
 261 113  21
 269 113  21
 277 113  21
 285 113  21
 293 113  21
 301 113  21
 309 113  21
 317 113  21
 325 113  21
 333 113  21
 341 113  21
 349 113  21
 357 113  21
   3 121  21
  11 121  21
  19 121  21
  27 121  21
  35 121  21
  43 121  21
  51 121  21
  59 121  21
  67 121  21
  75 121  21
  83 121  21
  91 121  21
  99 121  21
 107 121  21
 115 121  21
 123 121  21
 131 121  21
 139 121  21
 147 121  21
 155 121  21
 163 121  21
 171 121  21
 179 121  21
 187 121  21
 195 121  21
 203 121  21
 211 121  21
 219 121  21
 227 121  21
 235 121  21
 243 121  21
 251 121  21
 259 121  21
 267 121  21
 275 121  21
 283 121  21
 291 121  21
 299 121  21
 307 121  21
 315 121  21
 323 121  21
 331 121  21
 339 121  21
 347 121  21
 355 121  21
   1 129  21
   9 129  21
  17 129  21
  25 129  21
  33 129  21
  41 129  21
  49 129  21
  57 129  21
  65 129  21
  73 129  21
  81 129  21
  89 129  21
  97 129  21
 105 129  21
 113 129  21
 121 129  21
 129 129  21
 137 129  21
 145 129  21
 153 129  21
 161 129  21
 169 129  21
 177 129  21
 185 129  21
 193 129  21
 201 129  21
 209 129  21
 217 129  21
 225 129  21
 233 129  21
 241 129  21
 249 129  21
 257 129  21
 265 129  21
 273 129  21
 281 129  21
 289 129  21
 297 129  21
 305 129  21
 313 129  21
 321 129  21
 329 129  21
 337 129  21
 345 129  21
 353 129  21
   0 137  21
   8 137  21
  16 137  21
  24 137  21
  32 137  21
  40 137  21
  48 137  21
  56 137  21
  64 137  21
  72 137  21
  80 137  21
  88 137  21
  96 137  21
 104 137  21
 112 137  21
 120 137  21
 128 137  21
 136 137  21
 144 137  21
 152 137  21
 160 137  21
 168 137  21
 176 137  21
 184 137  21
 192 137  21
 200 137  21
 208 137  21
 216 137  21
 224 137  21
 232 137  21
 240 137  21
 248 137  21
 256 137  21
 264 137  21
 272 137  21
 280 137  21
 288 137  21
 296 137  21
 304 137  21
 312 137  21
 320 137  21
 328 137  21
 336 137  21
 344 137  21
 352 137  21
   0 145  21
   8 145  21
  16 145  21
  24 145  21
  32 145  21
  40 145  21
  48 145  21
  56 145  21
  64 145  21
  72 145  21
  80 145  21
  88 145  21
  96 145  21
 104 145  21
 112 145  21
 120 145  21
 128 145  21
 136 145  21
 144 145  21
 152 145  21
 160 145  21
 168 145  21
 176 145  21
 184 145  21
 192 145  21
 200 145  21
 208 145  21
 216 145  21
 224 145  21
 232 145  21
 240 145  21
 248 145  21
 256 145  21
 264 145  21
 272 145  21
 280 145  21
 288 145  21
 296 145  21
 304 145  21
 312 145  21
 320 145  21
 328 145  21
 336 145  21
 344 145  21
 352 145  21
   0 153  21
   8 153  21
  16 153  21
  24 153  21
  32 153  21
  40 153  21
  48 153  21
  56 153  21
  64 153  21
  72 153  21
  80 153  21
  88 153  21
  96 153  21
 104 153  21
 112 153  21
 120 153  21
 128 153  21
 136 153  21
 144 153  21
 152 153  21
 160 153  21
 168 153  21
 176 153  21
 184 153  21
 192 153  21
 200 153  21
 208 153  21
 216 153  21
 224 153  21
 232 153  21
 240 153  21
 248 153  21
 256 153  21
 264 153  21
 272 153  21
 280 153  21
 288 153  21
 296 153  21
 304 153  21
 312 153  21
 320 153  21
 328 153  21
 336 153  21
 344 153  21
 352 153  21
   0 161  21
   8 161  21
  16 161  21
  24 161  21
  32 161  21
  40 161  21
  48 161  21
  56 161  21
  64 161  21
  72 161  21
  80 161  21
  88 161  21
  96 161  21
 104 161  21
 112 161  21
 120 161  21
 128 161  21
 136 161  21
 144 161  21
 152 161  21
 160 161  21
 168 161  21
 176 161  21
 184 161  21
 192 161  21
 200 161  21
 208 161  21
 216 161  21
 224 161  21
 232 161  21
 240 161  21
 248 161  21
 256 161  21
 264 161  21
 272 161  21
 280 161  21
 288 161  21
 296 161  21
 304 161  21
 312 161  21
 320 161  21
 328 161  21
 336 161  21
 344 161  21
 352 161  21
   3  10  22
  11  10  22
  19  10  22
  27  10  22
  35  10  22
  43  10  22
  51  10  22
  59  10  22
  67  10  22
  75  10  22
  83  10  22
  91  10  22
  99  10  22
 107  10  22
 115  10  22
 123  10  22
 131  10  22
 139  10  22
 147  10  22
 155  10  22
 163  10  22
 171  10  22
 179  10  22
 187  10  22
 195  10  22
 203  10  22
 211  10  22
 219  10  22
 227  10  22
 235  10  22
 243  10  22
 251  10  22
 259  10  22
 267  10  22
 275  10  22
 283  10  22
 291  10  22
 299  10  22
 307  10  22
 315  10  22
 323  10  22
 331  10  22
 339  10  22
 347  10  22
 355  10  22
   4  25  22
  12  25  22
  20  25  22
  28  25  22
  36  25  22
  44  25  22
  52  25  22
  60  25  22
  68  25  22
  76  25  22
  84  25  22
  92  25  22
 100  25  22
 108  25  22
 116  25  22
 124  25  22
 132  25  22
 140  25  22
 148  25  22
 156  25  22
 164  25  22
 172  25  22
 180  25  22
 188  25  22
 196  25  22
 204  25  22
 212  25  22
 220  25  22
 228  25  22
 236  25  22
 244  25  22
 252  25  22
 260  25  22
 268  25  22
 276  25  22
 284  25  22
 292  25  22
 300  25  22
 308  25  22
 316  25  22
 324  25  22
 332  25  22
 340  25  22
 348  25  22
 356  25  22
   0 176  22
   8 176  22
  16 176  22
  24 176  22
  32 176  22
  40 176  22
  48 176  22
  56 176  22
  64 176  22
  72 176  22
  80 176  22
  88 176  22
  96 176  22
 104 176  22
 112 176  22
 120 176  22
 128 176  22
 136 176  22
 144 176  22
 152 176  22
 160 176  22
 168 176  22
 176 176  22
 184 176  22
 192 176  22
 200 176  22
 208 176  22
 216 176  22
 224 176  22
 232 176  22
 240 176  22
 248 176  22
 256 176  22
 264 176  22
 272 176  22
 280 176  22
 288 176  22
 296 176  22
 304 176  22
 312 176  22
 320 176  22
 328 176  22
 336 176  22
 344 176  22
 352 176  22
   0   0  26
   8   0  26
  16   0  26
  24   0  26
  32   0  26
  40   0  26
  48   0  26
  56   0  26
  64   0  26
  72   0  26
  80   0  26
  88   0  26
  96   0  26
 104   0  26
 112   0  26
 120   0  26
 128   0  26
 136   0  26
 144   0  26
 152   0  26
 160   0  26
 168   0  26
 176   0  26
 184   0  26
 192   0  26
 200   0  26
 208   0  26
 216   0  26
 224   0  26
 232   0  26
 240   0  26
 248   0  26
 256   0  26
 264   0  26
 272   0  26
 280   0  26
 288   0  26
 296   0  26
 304   0  26
 312   0  26
 320   0  26
 328   0  26
 336   0  26
 344   0  26
 352   0  26
   6 166  26
  14 166  26
  22 166  26
  30 166  26
  38 166  26
  46 166  26
  54 166  26
  62 166  26
  70 166  26
  78 166  26
  86 166  26
  94 166  26
 102 166  26
 110 166  26
 118 166  26
 126 166  26
 134 166  26
 142 166  26
 150 166  26
 158 166  26
 166 166  26
 174 166  26
 182 166  26
 190 166  26
 198 166  26
 206 166  26
 214 166  26
 222 166  26
 230 166  26
 238 166  26
 246 166  26
 254 166  26
 262 166  26
 270 166  26
 278 166  26
 286 166  26
 294 166  26
 302 166  26
 310 166  26
 318 166  26
 326 166  26
 334 166  26
 342 166  26
 350 166  26
 358 166  26
   1  15  27
   9  15  27
  17  15  27
  25  15  27
  33  15  27
  41  15  27
  49  15  27
  57  15  27
  65  15  27
  73  15  27
  81  15  27
  89  15  27
  97  15  27
 105  15  27
 113  15  27
 121  15  27
 129  15  27
 137  15  27
 145  15  27
 153  15  27
 161  15  27
 169  15  27
 177  15  27
 185  15  27
 193  15  27
 201  15  27
 209  15  27
 217  15  27
 225  15  27
 233  15  27
 241  15  27
 249  15  27
 257  15  27
 265  15  27
 273  15  27
 281  15  27
 289  15  27
 297  15  27
 305  15  27
 313  15  27
 321  15  27
 329  15  27
 337  15  27
 345  15  27
 353  15  27
   2  30  27
  10  30  27
  18  30  27
  26  30  27
  34  30  27
  42  30  27
  50  30  27
  58  30  27
  66  30  27
  74  30  27
  82  30  27
  90  30  27
  98  30  27
 106  30  27
 114  30  27
 122  30  27
 130  30  27
 138  30  27
 146  30  27
 154  30  27
 162  30  27
 170  30  27
 178  30  27
 186  30  27
 194  30  27
 202  30  27
 210  30  27
 218  30  27
 226  30  27
 234  30  27
 242  30  27
 250  30  27
 258  30  27
 266  30  27
 274  30  27
 282  30  27
 290  30  27
 298  30  27
 306  30  27
 314  30  27
 322  30  27
 330  30  27
 338  30  27
 346  30  27
 354  30  27
   3  38  27
  11  38  27
  19  38  27
  27  38  27
  35  38  27
  43  38  27
  51  38  27
  59  38  27
  67  38  27
  75  38  27
  83  38  27
  91  38  27
  99  38  27
 107  38  27
 115  38  27
 123  38  27
 131  38  27
 139  38  27
 147  38  27
 155  38  27
 163  38  27
 171  38  27
 179  38  27
 187  38  27
 195  38  27
 203  38  27
 211  38  27
 219  38  27
 227  38  27
 235  38  27
 243  38  27
 251  38  27
 259  38  27
 267  38  27
 275  38  27
 283  38  27
 291  38  27
 299  38  27
 307  38  27
 315  38  27
 323  38  27
 331  38  27
 339  38  27
 347  38  27
 355  38  27
   3  46  27
  11  46  27
  19  46  27
  27  46  27
  35  46  27
  43  46  27
  51  46  27
  59  46  27
  67  46  27
  75  46  27
  83  46  27
  91  46  27
  99  46  27
 107  46  27
 115  46  27
 123  46  27
 131  46  27
 139  46  27
 147  46  27
 155  46  27
 163  46  27
 171  46  27
 179  46  27
 187  46  27
 195  46  27
 203  46  27
 211  46  27
 219  46  27
 227  46  27
 235  46  27
 243  46  27
 251  46  27
 259  46  27
 267  46  27
 275  46  27
 283  46  27
 291  46  27
 299  46  27
 307  46  27
 315  46  27
 323  46  27
 331  46  27
 339  46  27
 347  46  27
 355  46  27
   2  60  27
  10  60  27
  18  60  27
  26  60  27
  34  60  27
  42  60  27
  50  60  27
  58  60  27
  66  60  27
  74  60  27
  82  60  27
  90  60  27
  98  60  27
 106  60  27
 114  60  27
 122  60  27
 130  60  27
 138  60  27
 146  60  27
 154  60  27
 162  60  27
 170  60  27
 178  60  27
 186  60  27
 194  60  27
 202  60  27
 210  60  27
 218  60  27
 226  60  27
 234  60  27
 242  60  27
 250  60  27
 258  60  27
 266  60  27
 274  60  27
 282  60  27
 290  60  27
 298  60  27
 306  60  27
 314  60  27
 322  60  27
 330  60  27
 338  60  27
 346  60  27
 354  60  27
   4  70  27
  12  70  27
  20  70  27
  28  70  27
  36  70  27
  44  70  27
  52  70  27
  60  70  27
  68  70  27
  76  70  27
  84  70  27
  92  70  27
 100  70  27
 108  70  27
 116  70  27
 124  70  27
 132  70  27
 140  70  27
 148  70  27
 156  70  27
 164  70  27
 172  70  27
 180  70  27
 188  70  27
 196  70  27
 204  70  27
 212  70  27
 220  70  27
 228  70  27
 236  70  27
 244  70  27
 252  70  27
 260  70  27
 268  70  27
 276  70  27
 284  70  27
 292  70  27
 300  70  27
 308  70  27
 316  70  27
 324  70  27
 332  70  27
 340  70  27
 348  70  27
 356  70  27
   5  84  27
  13  84  27
  21  84  27
  29  84  27
  37  84  27
  45  84  27
  53  84  27
  61  84  27
  69  84  27
  77  84  27
  85  84  27
  93  84  27
 101  84  27
 109  84  27
 117  84  27
 125  84  27
 133  84  27
 141  84  27
 149  84  27
 157  84  27
 165  84  27
 173  84  27
 181  84  27
 189  84  27
 197  84  27
 205  84  27
 213  84  27
 221  84  27
 229  84  27
 237  84  27
 245  84  27
 253  84  27
 261  84  27
 269  84  27
 277  84  27
 285  84  27
 293  84  27
 301  84  27
 309  84  27
 317  84  27
 325  84  27
 333  84  27
 341  84  27
 349  84  27
 357  84  27
   5  92  27
  13  92  27
  21  92  27
  29  92  27
  37  92  27
  45  92  27
  53  92  27
  61  92  27
  69  92  27
  77  92  27
  85  92  27
  93  92  27
 101  92  27
 109  92  27
 117  92  27
 125  92  27
 133  92  27
 141  92  27
 149  92  27
 157  92  27
 165  92  27
 173  92  27
 181  92  27
 189  92  27
 197  92  27
 205  92  27
 213  92  27
 221  92  27
 229  92  27
 237  92  27
 245  92  27
 253  92  27
 261  92  27
 269  92  27
 277  92  27
 285  92  27
 293  92  27
 301  92  27
 309  92  27
 317  92  27
 325  92  27
 333  92  27
 341  92  27
 349  92  27
 357  92  27
   5 100  27
  13 100  27
  21 100  27
  29 100  27
  37 100  27
  45 100  27
  53 100  27
  61 100  27
  69 100  27
  77 100  27
  85 100  27
  93 100  27
 101 100  27
 109 100  27
 117 100  27
 125 100  27
 133 100  27
 141 100  27
 149 100  27
 157 100  27
 165 100  27
 173 100  27
 181 100  27
 189 100  27
 197 100  27
 205 100  27
 213 100  27
 221 100  27
 229 100  27
 237 100  27
 245 100  27
 253 100  27
 261 100  27
 269 100  27
 277 100  27
 285 100  27
 293 100  27
 301 100  27
 309 100  27
 317 100  27
 325 100  27
 333 100  27
 341 100  27
 349 100  27
 357 100  27
   5 108  27
  13 108  27
  21 108  27
  29 108  27
  37 108  27
  45 108  27
  53 108  27
  61 108  27
  69 108  27
  77 108  27
  85 108  27
  93 108  27
 101 108  27
 109 108  27
 117 108  27
 125 108  27
 133 108  27
 141 108  27
 149 108  27
 157 108  27
 165 108  27
 173 108  27
 181 108  27
 189 108  27
 197 108  27
 205 108  27
 213 108  27
 221 108  27
 229 108  27
 237 108  27
 245 108  27
 253 108  27
 261 108  27
 269 108  27
 277 108  27
 285 108  27
 293 108  27
 301 108  27
 309 108  27
 317 108  27
 325 108  27
 333 108  27
 341 108  27
 349 108  27
 357 108  27
   6 118  27
  14 118  27
  22 118  27
  30 118  27
  38 118  27
  46 118  27
  54 118  27
  62 118  27
  70 118  27
  78 118  27
  86 118  27
  94 118  27
 102 118  27
 110 118  27
 118 118  27
 126 118  27
 134 118  27
 142 118  27
 150 118  27
 158 118  27
 166 118  27
 174 118  27
 182 118  27
 190 118  27
 198 118  27
 206 118  27
 214 118  27
 222 118  27
 230 118  27
 238 118  27
 246 118  27
 254 118  27
 262 118  27
 270 118  27
 278 118  27
 286 118  27
 294 118  27
 302 118  27
 310 118  27
 318 118  27
 326 118  27
 334 118  27
 342 118  27
 350 118  27
 358 118  27
   5 140  27
  13 140  27
  21 140  27
  29 140  27
  37 140  27
  45 140  27
  53 140  27
  61 140  27
  69 140  27
  77 140  27
  85 140  27
  93 140  27
 101 140  27
 109 140  27
 117 140  27
 125 140  27
 133 140  27
 141 140  27
 149 140  27
 157 140  27
 165 140  27
 173 140  27
 181 140  27
 189 140  27
 197 140  27
 205 140  27
 213 140  27
 221 140  27
 229 140  27
 237 140  27
 245 140  27
 253 140  27
 261 140  27
 269 140  27
 277 140  27
 285 140  27
 293 140  27
 301 140  27
 309 140  27
 317 140  27
 325 140  27
 333 140  27
 341 140  27
 349 140  27
 357 140  27
   5 148  27
  13 148  27
  21 148  27
  29 148  27
  37 148  27
  45 148  27
  53 148  27
  61 148  27
  69 148  27
  77 148  27
  85 148  27
  93 148  27
 101 148  27
 109 148  27
 117 148  27
 125 148  27
 133 148  27
 141 148  27
 149 148  27
 157 148  27
 165 148  27
 173 148  27
 181 148  27
 189 148  27
 197 148  27
 205 148  27
 213 148  27
 221 148  27
 229 148  27
 237 148  27
 245 148  27
 253 148  27
 261 148  27
 269 148  27
 277 148  27
 285 148  27
 293 148  27
 301 148  27
 309 148  27
 317 148  27
 325 148  27
 333 148  27
 341 148  27
 349 148  27
 357 148  27
   5 156  27
  13 156  27
  21 156  27
  29 156  27
  37 156  27
  45 156  27
  53 156  27
  61 156  27
  69 156  27
  77 156  27
  85 156  27
  93 156  27
 101 156  27
 109 156  27
 117 156  27
 125 156  27
 133 156  27
 141 156  27
 149 156  27
 157 156  27
 165 156  27
 173 156  27
 181 156  27
 189 156  27
 197 156  27
 205 156  27
 213 156  27
 221 156  27
 229 156  27
 237 156  27
 245 156  27
 253 156  27
 261 156  27
 269 156  27
 277 156  27
 285 156  27
 293 156  27
 301 156  27
 309 156  27
 317 156  27
 325 156  27
 333 156  27
 341 156  27
 349 156  27
 357 156  27
   5 126  28
  13 126  28
  21 126  28
  29 126  28
  37 126  28
  45 126  28
  53 126  28
  61 126  28
  69 126  28
  77 126  28
  85 126  28
  93 126  28
 101 126  28
 109 126  28
 117 126  28
 125 126  28
 133 126  28
 141 126  28
 149 126  28
 157 126  28
 165 126  28
 173 126  28
 181 126  28
 189 126  28
 197 126  28
 205 126  28
 213 126  28
 221 126  28
 229 126  28
 237 126  28
 245 126  28
 253 126  28
 261 126  28
 269 126  28
 277 126  28
 285 126  28
 293 126  28
 301 126  28
 309 126  28
 317 126  28
 325 126  28
 333 126  28
 341 126  28
 349 126  28
 357 126  28
   0   7  29
   8   7  29
  16   7  29
  24   7  29
  32   7  29
  40   7  29
  48   7  29
  56   7  29
  64   7  29
  72   7  29
  80   7  29
  88   7  29
  96   7  29
 104   7  29
 112   7  29
 120   7  29
 128   7  29
 136   7  29
 144   7  29
 152   7  29
 160   7  29
 168   7  29
 176   7  29
 184   7  29
 192   7  29
 200   7  29
 208   7  29
 216   7  29
 224   7  29
 232   7  29
 240   7  29
 248   7  29
 256   7  29
 264   7  29
 272   7  29
 280   7  29
 288   7  29
 296   7  29
 304   7  29
 312   7  29
 320   7  29
 328   7  29
 336   7  29
 344   7  29
 352   7  29
   5 173  29
  13 173  29
  21 173  29
  29 173  29
  37 173  29
  45 173  29
  53 173  29
  61 173  29
  69 173  29
  77 173  29
  85 173  29
  93 173  29
 101 173  29
 109 173  29
 117 173  29
 125 173  29
 133 173  29
 141 173  29
 149 173  29
 157 173  29
 165 173  29
 173 173  29
 181 173  29
 189 173  29
 197 173  29
 205 173  29
 213 173  29
 221 173  29
 229 173  29
 237 173  29
 245 173  29
 253 173  29
 261 173  29
 269 173  29
 277 173  29
 285 173  29
 293 173  29
 301 173  29
 309 173  29
 317 173  29
 325 173  29
 333 173  29
 341 173  29
 349 173  29
 357 173  29
   0  22  30
   8  22  30
  16  22  30
  24  22  30
  32  22  30
  40  22  30
  48  22  30
  56  22  30
  64  22  30
  72  22  30
  80  22  30
  88  22  30
  96  22  30
 104  22  30
 112  22  30
 120  22  30
 128  22  30
 136  22  30
 144  22  30
 152  22  30
 160  22  30
 168  22  30
 176  22  30
 184  22  30
 192  22  30
 200  22  30
 208  22  30
 216  22  30
 224  22  30
 232  22  30
 240  22  30
 248  22  30
 256  22  30
 264  22  30
 272  22  30
 280  22  30
 288  22  30
 296  22  30
 304  22  30
 312  22  30
 320  22  30
 328  22  30
 336  22  30
 344  22  30
 352  22  30
   2  53  30
  10  53  30
  18  53  30
  26  53  30
  34  53  30
  42  53  30
  50  53  30
  58  53  30
  66  53  30
  74  53  30
  82  53  30
  90  53  30
  98  53  30
 106  53  30
 114  53  30
 122  53  30
 130  53  30
 138  53  30
 146  53  30
 154  53  30
 162  53  30
 170  53  30
 178  53  30
 186  53  30
 194  53  30
 202  53  30
 210  53  30
 218  53  30
 226  53  30
 234  53  30
 242  53  30
 250  53  30
 258  53  30
 266  53  30
 274  53  30
 282  53  30
 290  53  30
 298  53  30
 306  53  30
 314  53  30
 322  53  30
 330  53  30
 338  53  30
 346  53  30
 354  53  30
   3  76  31
  11  76  31
  19  76  31
  27  76  31
  35  76  31
  43  76  31
  51  76  31
  59  76  31
  67  76  31
  75  76  31
  83  76  31
  91  76  31
  99  76  31
 107  76  31
 115  76  31
 123  76  31
 131  76  31
 139  76  31
 147  76  31
 155  76  31
 163  76  31
 171  76  31
 179  76  31
 187  76  31
 195  76  31
 203  76  31
 211  76  31
 219  76  31
 227  76  31
 235  76  31
 243  76  31
 251  76  31
 259  76  31
 267  76  31
 275  76  31
 283  76  31
 291  76  31
 299  76  31
 307  76  31
 315  76  31
 323  76  31
 331  76  31
 339  76  31
 347  76  31
 355  76  31
   4 133  31
  12 133  31
  20 133  31
  28 133  31
  36 133  31
  44 133  31
  52 133  31
  60 133  31
  68 133  31
  76 133  31
  84 133  31
  92 133  31
 100 133  31
 108 133  31
 116 133  31
 124 133  31
 132 133  31
 140 133  31
 148 133  31
 156 133  31
 164 133  31
 172 133  31
 180 133  31
 188 133  31
 196 133  31
 204 133  31
 212 133  31
 220 133  31
 228 133  31
 236 133  31
 244 133  31
 252 133  31
 260 133  31
 268 133  31
 276 133  31
 284 133  31
 292 133  31
 300 133  31
 308 133  31
 316 133  31
 324 133  31
 332 133  31
 340 133  31
 348 133  31
 356 133  31
   0  64  33
   8  64  33
  16  64  33
  24  64  33
  32  64  33
  40  64  33
  48  64  33
  56  64  33
  64  64  33
  72  64  33
  80  64  33
  88  64  33
  96  64  33
 104  64  33
 112  64  33
 120  64  33
 128  64  33
 136  64  33
 144  64  33
 152  64  33
 160  64  33
 168  64  33
 176  64  33
 184  64  33
 192  64  33
 200  64  33
 208  64  33
 216  64  33
 224  64  33
 232  64  33
 240  64  33
 248  64  33
 256  64  33
 264  64  33
 272  64  33
 280  64  33
 288  64  33
 296  64  33
 304  64  33
 312  64  33
 320  64  33
 328  64  33
 336  64  33
 344  64  33
 352  64  33
   3 112  33
  11 112  33
  19 112  33
  27 112  33
  35 112  33
  43 112  33
  51 112  33
  59 112  33
  67 112  33
  75 112  33
  83 112  33
  91 112  33
  99 112  33
 107 112  33
 115 112  33
 123 112  33
 131 112  33
 139 112  33
 147 112  33
 155 112  33
 163 112  33
 171 112  33
 179 112  33
 187 112  33
 195 112  33
 203 112  33
 211 112  33
 219 112  33
 227 112  33
 235 112  33
 243 112  33
 251 112  33
 259 112  33
 267 112  33
 275 112  33
 283 112  33
 291 112  33
 299 112  33
 307 112  33
 315 112  33
 323 112  33
 331 112  33
 339 112  33
 347 112  33
 355 112  33
   3 160  33
  11 160  33
  19 160  33
  27 160  33
  35 160  33
  43 160  33
  51 160  33
  59 160  33
  67 160  33
  75 160  33
  83 160  33
  91 160  33
  99 160  33
 107 160  33
 115 160  33
 123 160  33
 131 160  33
 139 160  33
 147 160  33
 155 160  33
 163 160  33
 171 160  33
 179 160  33
 187 160  33
 195 160  33
 203 160  33
 211 160  33
 219 160  33
 227 160  33
 235 160  33
 243 160  33
 251 160  33
 259 160  33
 267 160  33
 275 160  33
 283 160  33
 291 160  33
 299 160  33
 307 160  33
 315 160  33
 323 160  33
 331 160  33
 339 160  33
 347 160  33
 355 160  33
   4 179  33
  12 179  33
  20 179  33
  28 179  33
  36 179  33
  44 179  33
  52 179  33
  60 179  33
  68 179  33
  76 179  33
  84 179  33
  92 179  33
 100 179  33
 108 179  33
 116 179  33
 124 179  33
 132 179  33
 140 179  33
 148 179  33
 156 179  33
 164 179  33
 172 179  33
 180 179  33
 188 179  33
 196 179  33
 204 179  33
 212 179  33
 220 179  33
 228 179  33
 236 179  33
 244 179  33
 252 179  33
 260 179  33
 268 179  33
 276 179  33
 284 179  33
 292 179  33
 300 179  33
 308 179  33
 316 179  33
 324 179  33
 332 179  33
 340 179  33
 348 179  33
 356 179  33
   0   0  34
   8   0  34
  16   0  34
  24   0  34
  32   0  34
  40   0  34
  48   0  34
  56   0  34
  64   0  34
  72   0  34
  80   0  34
  88   0  34
  96   0  34
 104   0  34
 112   0  34
 120   0  34
 128   0  34
 136   0  34
 144   0  34
 152   0  34
 160   0  34
 168   0  34
 176   0  34
 184   0  34
 192   0  34
 200   0  34
 208   0  34
 216   0  34
 224   0  34
 232   0  34
 240   0  34
 248   0  34
 256   0  34
 264   0  34
 272   0  34
 280   0  34
 288   0  34
 296   0  34
 304   0  34
 312   0  34
 320   0  34
 328   0  34
 336   0  34
 344   0  34
 352   0  34
   4  14  34
  12  14  34
  20  14  34
  28  14  34
  36  14  34
  44  14  34
  52  14  34
  60  14  34
  68  14  34
  76  14  34
  84  14  34
  92  14  34
 100  14  34
 108  14  34
 116  14  34
 124  14  34
 132  14  34
 140  14  34
 148  14  34
 156  14  34
 164  14  34
 172  14  34
 180  14  34
 188  14  34
 196  14  34
 204  14  34
 212  14  34
 220  14  34
 228  14  34
 236  14  34
 244  14  34
 252  14  34
 260  14  34
 268  14  34
 276  14  34
 284  14  34
 292  14  34
 300  14  34
 308  14  34
 316  14  34
 324  14  34
 332  14  34
 340  14  34
 348  14  34
 356  14  34
   5  30  34
  13  30  34
  21  30  34
  29  30  34
  37  30  34
  45  30  34
  53  30  34
  61  30  34
  69  30  34
  77  30  34
  85  30  34
  93  30  34
 101  30  34
 109  30  34
 117  30  34
 125  30  34
 133  30  34
 141  30  34
 149  30  34
 157  30  34
 165  30  34
 173  30  34
 181  30  34
 189  30  34
 197  30  34
 205  30  34
 213  30  34
 221  30  34
 229  30  34
 237  30  34
 245  30  34
 253  30  34
 261  30  34
 269  30  34
 277  30  34
 285  30  34
 293  30  34
 301  30  34
 309  30  34
 317  30  34
 325  30  34
 333  30  34
 341  30  34
 349  30  34
 357  30  34
   0  39  34
   8  39  34
  16  39  34
  24  39  34
  32  39  34
  40  39  34
  48  39  34
  56  39  34
  64  39  34
  72  39  34
  80  39  34
  88  39  34
  96  39  34
 104  39  34
 112  39  34
 120  39  34
 128  39  34
 136  39  34
 144  39  34
 152  39  34
 160  39  34
 168  39  34
 176  39  34
 184  39  34
 192  39  34
 200  39  34
 208  39  34
 216  39  34
 224  39  34
 232  39  34
 240  39  34
 248  39  34
 256  39  34
 264  39  34
 272  39  34
 280  39  34
 288  39  34
 296  39  34
 304  39  34
 312  39  34
 320  39  34
 328  39  34
 336  39  34
 344  39  34
 352  39  34
   2  84  34
  10  84  34
  18  84  34
  26  84  34
  34  84  34
  42  84  34
  50  84  34
  58  84  34
  66  84  34
  74  84  34
  82  84  34
  90  84  34
  98  84  34
 106  84  34
 114  84  34
 122  84  34
 130  84  34
 138  84  34
 146  84  34
 154  84  34
 162  84  34
 170  84  34
 178  84  34
 186  84  34
 194  84  34
 202  84  34
 210  84  34
 218  84  34
 226  84  34
 234  84  34
 242  84  34
 250  84  34
 258  84  34
 266  84  34
 274  84  34
 282  84  34
 290  84  34
 298  84  34
 306  84  34
 314  84  34
 322  84  34
 330  84  34
 338  84  34
 346  84  34
 354  84  34
   1  93  34
   9  93  34
  17  93  34
  25  93  34
  33  93  34
  41  93  34
  49  93  34
  57  93  34
  65  93  34
  73  93  34
  81  93  34
  89  93  34
  97  93  34
 105  93  34
 113  93  34
 121  93  34
 129  93  34
 137  93  34
 145  93  34
 153  93  34
 161  93  34
 169  93  34
 177  93  34
 185  93  34
 193  93  34
 201  93  34
 209  93  34
 217  93  34
 225  93  34
 233  93  34
 241  93  34
 249  93  34
 257  93  34
 265  93  34
 273  93  34
 281  93  34
 289  93  34
 297  93  34
 305  93  34
 313  93  34
 321  93  34
 329  93  34
 337  93  34
 345  93  34
 353  93  34
   1 102  34
   9 102  34
  17 102  34
  25 102  34
  33 102  34
  41 102  34
  49 102  34
  57 102  34
  65 102  34
  73 102  34
  81 102  34
  89 102  34
  97 102  34
 105 102  34
 113 102  34
 121 102  34
 129 102  34
 137 102  34
 145 102  34
 153 102  34
 161 102  34
 169 102  34
 177 102  34
 185 102  34
 193 102  34
 201 102  34
 209 102  34
 217 102  34
 225 102  34
 233 102  34
 241 102  34
 249 102  34
 257 102  34
 265 102  34
 273 102  34
 281 102  34
 289 102  34
 297 102  34
 305 102  34
 313 102  34
 321 102  34
 329 102  34
 337 102  34
 345 102  34
 353 102  34
   3 120  34
  11 120  34
  19 120  34
  27 120  34
  35 120  34
  43 120  34
  51 120  34
  59 120  34
  67 120  34
  75 120  34
  83 120  34
  91 120  34
  99 120  34
 107 120  34
 115 120  34
 123 120  34
 131 120  34
 139 120  34
 147 120  34
 155 120  34
 163 120  34
 171 120  34
 179 120  34
 187 120  34
 195 120  34
 203 120  34
 211 120  34
 219 120  34
 227 120  34
 235 120  34
 243 120  34
 251 120  34
 259 120  34
 267 120  34
 275 120  34
 283 120  34
 291 120  34
 299 120  34
 307 120  34
 315 120  34
 323 120  34
 331 120  34
 339 120  34
 347 120  34
 355 120  34
   1 142  34
   9 142  34
  17 142  34
  25 142  34
  33 142  34
  41 142  34
  49 142  34
  57 142  34
  65 142  34
  73 142  34
  81 142  34
  89 142  34
  97 142  34
 105 142  34
 113 142  34
 121 142  34
 129 142  34
 137 142  34
 145 142  34
 153 142  34
 161 142  34
 169 142  34
 177 142  34
 185 142  34
 193 142  34
 201 142  34
 209 142  34
 217 142  34
 225 142  34
 233 142  34
 241 142  34
 249 142  34
 257 142  34
 265 142  34
 273 142  34
 281 142  34
 289 142  34
 297 142  34
 305 142  34
 313 142  34
 321 142  34
 329 142  34
 337 142  34
 345 142  34
 353 142  34
   0 151  34
   8 151  34
  16 151  34
  24 151  34
  32 151  34
  40 151  34
  48 151  34
  56 151  34
  64 151  34
  72 151  34
  80 151  34
  88 151  34
  96 151  34
 104 151  34
 112 151  34
 120 151  34
 128 151  34
 136 151  34
 144 151  34
 152 151  34
 160 151  34
 168 151  34
 176 151  34
 184 151  34
 192 151  34
 200 151  34
 208 151  34
 216 151  34
 224 151  34
 232 151  34
 240 151  34
 248 151  34
 256 151  34
 264 151  34
 272 151  34
 280 151  34
 288 151  34
 296 151  34
 304 151  34
 312 151  34
 320 151  34
 328 151  34
 336 151  34
 344 151  34
 352 151  34
   7 169  35
  15 169  35
  23 169  35
  31 169  35
  39 169  35
  47 169  35
  55 169  35
  63 169  35
  71 169  35
  79 169  35
  87 169  35
  95 169  35
 103 169  35
 111 169  35
 119 169  35
 127 169  35
 135 169  35
 143 169  35
 151 169  35
 159 169  35
 167 169  35
 175 169  35
 183 169  35
 191 169  35
 199 169  35
 207 169  35
 215 169  35
 223 169  35
 231 169  35
 239 169  35
 247 169  35
 255 169  35
 263 169  35
 271 169  35
 279 169  35
 287 169  35
 295 169  35
 303 169  35
 311 169  35
 319 169  35
 327 169  35
 335 169  35
 343 169  35
 351 169  35
 359 169  35
   0  47  36
   8  47  36
  16  47  36
  24  47  36
  32  47  36
  40  47  36
  48  47  36
  56  47  36
  64  47  36
  72  47  36
  80  47  36
  88  47  36
  96  47  36
 104  47  36
 112  47  36
 120  47  36
 128  47  36
 136  47  36
 144  47  36
 152  47  36
 160  47  36
 168  47  36
 176  47  36
 184  47  36
 192  47  36
 200  47  36
 208  47  36
 216  47  36
 224  47  36
 232  47  36
 240  47  36
 248  47  36
 256  47  36
 264  47  36
 272  47  36
 280  47  36
 288  47  36
 296  47  36
 304  47  36
 312  47  36
 320  47  36
 328  47  36
 336  47  36
 344  47  36
 352  47  36
   0  57  36
   8  57  36
  16  57  36
  24  57  36
  32  57  36
  40  57  36
  48  57  36
  56  57  36
  64  57  36
  72  57  36
  80  57  36
  88  57  36
  96  57  36
 104  57  36
 112  57  36
 120  57  36
 128  57  36
 136  57  36
 144  57  36
 152  57  36
 160  57  36
 168  57  36
 176  57  36
 184  57  36
 192  57  36
 200  57  36
 208  57  36
 216  57  36
 224  57  36
 232  57  36
 240  57  36
 248  57  36
 256  57  36
 264  57  36
 272  57  36
 280  57  36
 288  57  36
 296  57  36
 304  57  36
 312  57  36
 320  57  36
 328  57  36
 336  57  36
 344  57  36
 352  57  36
   4  22  37
  12  22  37
  20  22  37
  28  22  37
  36  22  37
  44  22  37
  52  22  37
  60  22  37
  68  22  37
  76  22  37
  84  22  37
  92  22  37
 100  22  37
 108  22  37
 116  22  37
 124  22  37
 132  22  37
 140  22  37
 148  22  37
 156  22  37
 164  22  37
 172  22  37
 180  22  37
 188  22  37
 196  22  37
 204  22  37
 212  22  37
 220  22  37
 228  22  37
 236  22  37
 244  22  37
 252  22  37
 260  22  37
 268  22  37
 276  22  37
 284  22  37
 292  22  37
 300  22  37
 308  22  37
 316  22  37
 324  22  37
 332  22  37
 340  22  37
 348  22  37
 356  22  37
   4  72  37
  12  72  37
  20  72  37
  28  72  37
  36  72  37
  44  72  37
  52  72  37
  60  72  37
  68  72  37
  76  72  37
  84  72  37
  92  72  37
 100  72  37
 108  72  37
 116  72  37
 124  72  37
 132  72  37
 140  72  37
 148  72  37
 156  72  37
 164  72  37
 172  72  37
 180  72  37
 188  72  37
 196  72  37
 204  72  37
 212  72  37
 220  72  37
 228  72  37
 236  72  37
 244  72  37
 252  72  37
 260  72  37
 268  72  37
 276  72  37
 284  72  37
 292  72  37
 300  72  37
 308  72  37
 316  72  37
 324  72  37
 332  72  37
 340  72  37
 348  72  37
 356  72  37
   4 128  37
  12 128  37
  20 128  37
  28 128  37
  36 128  37
  44 128  37
  52 128  37
  60 128  37
  68 128  37
  76 128  37
  84 128  37
  92 128  37
 100 128  37
 108 128  37
 116 128  37
 124 128  37
 132 128  37
 140 128  37
 148 128  37
 156 128  37
 164 128  37
 172 128  37
 180 128  37
 188 128  37
 196 128  37
 204 128  37
 212 128  37
 220 128  37
 228 128  37
 236 128  37
 244 128  37
 252 128  37
 260 128  37
 268 128  37
 276 128  37
 284 128  37
 292 128  37
 300 128  37
 308 128  37
 316 128  37
 324 128  37
 332 128  37
 340 128  37
 348 128  37
 356 128  37
   0   6  39
   8   6  39
  16   6  39
  24   6  39
  32   6  39
  40   6  39
  48   6  39
  56   6  39
  64   6  39
  72   6  39
  80   6  39
  88   6  39
  96   6  39
 104   6  39
 112   6  39
 120   6  39
 128   6  39
 136   6  39
 144   6  39
 152   6  39
 160   6  39
 168   6  39
 176   6  39
 184   6  39
 192   6  39
 200   6  39
 208   6  39
 216   6  39
 224   6  39
 232   6  39
 240   6  39
 248   6  39
 256   6  39
 264   6  39
 272   6  39
 280   6  39
 288   6  39
 296   6  39
 304   6  39
 312   6  39
 320   6  39
 328   6  39
 336   6  39
 344   6  39
 352   6  39
   1  88  40
   9  88  40
  17  88  40
  25  88  40
  33  88  40
  41  88  40
  49  88  40
  57  88  40
  65  88  40
  73  88  40
  81  88  40
  89  88  40
  97  88  40
 105  88  40
 113  88  40
 121  88  40
 129  88  40
 137  88  40
 145  88  40
 153  88  40
 161  88  40
 169  88  40
 177  88  40
 185  88  40
 193  88  40
 201  88  40
 209  88  40
 217  88  40
 225  88  40
 233  88  40
 241  88  40
 249  88  40
 257  88  40
 265  88  40
 273  88  40
 281  88  40
 289  88  40
 297  88  40
 305  88  40
 313  88  40
 321  88  40
 329  88  40
 337  88  40
 345  88  40
 353  88  40
   0 106  40
   8 106  40
  16 106  40
  24 106  40
  32 106  40
  40 106  40
  48 106  40
  56 106  40
  64 106  40
  72 106  40
  80 106  40
  88 106  40
  96 106  40
 104 106  40
 112 106  40
 120 106  40
 128 106  40
 136 106  40
 144 106  40
 152 106  40
 160 106  40
 168 106  40
 176 106  40
 184 106  40
 192 106  40
 200 106  40
 208 106  40
 216 106  40
 224 106  40
 232 106  40
 240 106  40
 248 106  40
 256 106  40
 264 106  40
 272 106  40
 280 106  40
 288 106  40
 296 106  40
 304 106  40
 312 106  40
 320 106  40
 328 106  40
 336 106  40
 344 106  40
 352 106  40
   4 116  40
  12 116  40
  20 116  40
  28 116  40
  36 116  40
  44 116  40
  52 116  40
  60 116  40
  68 116  40
  76 116  40
  84 116  40
  92 116  40
 100 116  40
 108 116  40
 116 116  40
 124 116  40
 132 116  40
 140 116  40
 148 116  40
 156 116  40
 164 116  40
 172 116  40
 180 116  40
 188 116  40
 196 116  40
 204 116  40
 212 116  40
 220 116  40
 228 116  40
 236 116  40
 244 116  40
 252 116  40
 260 116  40
 268 116  40
 276 116  40
 284 116  40
 292 116  40
 300 116  40
 308 116  40
 316 116  40
 324 116  40
 332 116  40
 340 116  40
 348 116  40
 356 116  40
   5 136  40
  13 136  40
  21 136  40
  29 136  40
  37 136  40
  45 136  40
  53 136  40
  61 136  40
  69 136  40
  77 136  40
  85 136  40
  93 136  40
 101 136  40
 109 136  40
 117 136  40
 125 136  40
 133 136  40
 141 136  40
 149 136  40
 157 136  40
 165 136  40
 173 136  40
 181 136  40
 189 136  40
 197 136  40
 205 136  40
 213 136  40
 221 136  40
 229 136  40
 237 136  40
 245 136  40
 253 136  40
 261 136  40
 269 136  40
 277 136  40
 285 136  40
 293 136  40
 301 136  40
 309 136  40
 317 136  40
 325 136  40
 333 136  40
 341 136  40
 349 136  40
 357 136  40
   0 146  40
   8 146  40
  16 146  40
  24 146  40
  32 146  40
  40 146  40
  48 146  40
  56 146  40
  64 146  40
  72 146  40
  80 146  40
  88 146  40
  96 146  40
 104 146  40
 112 146  40
 120 146  40
 128 146  40
 136 146  40
 144 146  40
 152 146  40
 160 146  40
 168 146  40
 176 146  40
 184 146  40
 192 146  40
 200 146  40
 208 146  40
 216 146  40
 224 146  40
 232 146  40
 240 146  40
 248 146  40
 256 146  40
 264 146  40
 272 146  40
 280 146  40
 288 146  40
 296 146  40
 304 146  40
 312 146  40
 320 146  40
 328 146  40
 336 146  40
 344 146  40
 352 146  40
   0 156  40
   8 156  40
  16 156  40
  24 156  40
  32 156  40
  40 156  40
  48 156  40
  56 156  40
  64 156  40
  72 156  40
  80 156  40
  88 156  40
  96 156  40
 104 156  40
 112 156  40
 120 156  40
 128 156  40
 136 156  40
 144 156  40
 152 156  40
 160 156  40
 168 156  40
 176 156  40
 184 156  40
 192 156  40
 200 156  40
 208 156  40
 216 156  40
 224 156  40
 232 156  40
 240 156  40
 248 156  40
 256 156  40
 264 156  40
 272 156  40
 280 156  40
 288 156  40
 296 156  40
 304 156  40
 312 156  40
 320 156  40
 328 156  40
 336 156  40
 344 156  40
 352 156  40
   6 175  40
  14 175  40
  22 175  40
  30 175  40
  38 175  40
  46 175  40
  54 175  40
  62 175  40
  70 175  40
  78 175  40
  86 175  40
  94 175  40
 102 175  40
 110 175  40
 118 175  40
 126 175  40
 134 175  40
 142 175  40
 150 175  40
 158 175  40
 166 175  40
 174 175  40
 182 175  40
 190 175  40
 198 175  40
 206 175  40
 214 175  40
 222 175  40
 230 175  40
 238 175  40
 246 175  40
 254 175  40
 262 175  40
 270 175  40
 278 175  40
 286 175  40
 294 175  40
 302 175  40
 310 175  40
 318 175  40
 326 175  40
 334 175  40
 342 175  40
 350 175  40
 358 175  40
   1  31  41
   9  31  41
  17  31  41
  25  31  41
  33  31  41
  41  31  41
  49  31  41
  57  31  41
  65  31  41
  73  31  41
  81  31  41
  89  31  41
  97  31  41
 105  31  41
 113  31  41
 121  31  41
 129  31  41
 137  31  41
 145  31  41
 153  31  41
 161  31  41
 169  31  41
 177  31  41
 185  31  41
 193  31  41
 201  31  41
 209  31  41
 217  31  41
 225  31  41
 233  31  41
 241  31  41
 249  31  41
 257  31  41
 265  31  41
 273  31  41
 281  31  41
 289  31  41
 297  31  41
 305  31  41
 313  31  41
 321  31  41
 329  31  41
 337  31  41
 345  31  41
 353  31  41
   0  63  41
   8  63  41
  16  63  41
  24  63  41
  32  63  41
  40  63  41
  48  63  41
  56  63  41
  64  63  41
  72  63  41
  80  63  41
  88  63  41
  96  63  41
 104  63  41
 112  63  41
 120  63  41
 128  63  41
 136  63  41
 144  63  41
 152  63  41
 160  63  41
 168  63  41
 176  63  41
 184  63  41
 192  63  41
 200  63  41
 208  63  41
 216  63  41
 224  63  41
 232  63  41
 240  63  41
 248  63  41
 256  63  41
 264  63  41
 272  63  41
 280  63  41
 288  63  41
 296  63  41
 304  63  41
 312  63  41
 320  63  41
 328  63  41
 336  63  41
 344  63  41
 352  63  41
   1 165  41
   9 165  41
  17 165  41
  25 165  41
  33 165  41
  41 165  41
  49 165  41
  57 165  41
  65 165  41
  73 165  41
  81 165  41
  89 165  41
  97 165  41
 105 165  41
 113 165  41
 121 165  41
 129 165  41
 137 165  41
 145 165  41
 153 165  41
 161 165  41
 169 165  41
 177 165  41
 185 165  41
 193 165  41
 201 165  41
 209 165  41
 217 165  41
 225 165  41
 233 165  41
 241 165  41
 249 165  41
 257 165  41
 265 165  41
 273 165  41
 281 165  41
 289 165  41
 297 165  41
 305 165  41
 313 165  41
 321 165  41
 329 165  41
 337 165  41
 345 165  41
 353 165  41
   1  14  42
   9  14  42
  17  14  42
  25  14  42
  33  14  42
  41  14  42
  49  14  42
  57  14  42
  65  14  42
  73  14  42
  81  14  42
  89  14  42
  97  14  42
 105  14  42
 113  14  42
 121  14  42
 129  14  42
 137  14  42
 145  14  42
 153  14  42
 161  14  42
 169  14  42
 177  14  42
 185  14  42
 193  14  42
 201  14  42
 209  14  42
 217  14  42
 225  14  42
 233  14  42
 241  14  42
 249  14  42
 257  14  42
 265  14  42
 273  14  42
 281  14  42
 289  14  42
 297  14  42
 305  14  42
 313  14  42
 321  14  42
 329  14  42
 337  14  42
 345  14  42
 353  14  42
   3  40  42
  11  40  42
  19  40  42
  27  40  42
  35  40  42
  43  40  42
  51  40  42
  59  40  42
  67  40  42
  75  40  42
  83  40  42
  91  40  42
  99  40  42
 107  40  42
 115  40  42
 123  40  42
 131  40  42
 139  40  42
 147  40  42
 155  40  42
 163  40  42
 171  40  42
 179  40  42
 187  40  42
 195  40  42
 203  40  42
 211  40  42
 219  40  42
 227  40  42
 235  40  42
 243  40  42
 251  40  42
 259  40  42
 267  40  42
 275  40  42
 283  40  42
 291  40  42
 299  40  42
 307  40  42
 315  40  42
 323  40  42
 331  40  42
 339  40  42
 347  40  42
 355  40  42
   6  51  42
  14  51  42
  22  51  42
  30  51  42
  38  51  42
  46  51  42
  54  51  42
  62  51  42
  70  51  42
  78  51  42
  86  51  42
  94  51  42
 102  51  42
 110  51  42
 118  51  42
 126  51  42
 134  51  42
 142  51  42
 150  51  42
 158  51  42
 166  51  42
 174  51  42
 182  51  42
 190  51  42
 198  51  42
 206  51  42
 214  51  42
 222  51  42
 230  51  42
 238  51  42
 246  51  42
 254  51  42
 262  51  42
 270  51  42
 278  51  42
 286  51  42
 294  51  42
 302  51  42
 310  51  42
 318  51  42
 326  51  42
 334  51  42
 342  51  42
 350  51  42
 358  51  42
   4  78  42
  12  78  42
  20  78  42
  28  78  42
  36  78  42
  44  78  42
  52  78  42
  60  78  42
  68  78  42
  76  78  42
  84  78  42
  92  78  42
 100  78  42
 108  78  42
 116  78  42
 124  78  42
 132  78  42
 140  78  42
 148  78  42
 156  78  42
 164  78  42
 172  78  42
 180  78  42
 188  78  42
 196  78  42
 204  78  42
 212  78  42
 220  78  42
 228  78  42
 236  78  42
 244  78  42
 252  78  42
 260  78  42
 268  78  42
 276  78  42
 284  78  42
 292  78  42
 300  78  42
 308  78  42
 316  78  42
 324  78  42
 332  78  42
 340  78  42
 348  78  42
 356  78  42
   2  96  43
  10  96  43
  18  96  43
  26  96  43
  34  96  43
  42  96  43
  50  96  43
  58  96  43
  66  96  43
  74  96  43
  82  96  43
  90  96  43
  98  96  43
 106  96  43
 114  96  43
 122  96  43
 130  96  43
 138  96  43
 146  96  43
 154  96  43
 162  96  43
 170  96  43
 178  96  43
 186  96  43
 194  96  43
 202  96  43
 210  96  43
 218  96  43
 226  96  43
 234  96  43
 242  96  43
 250  96  43
 258  96  43
 266  96  43
 274  96  43
 282  96  43
 290  96  43
 298  96  43
 306  96  43
 314  96  43
 322  96  43
 330  96  43
 338  96  43
 346  96  43
 354  96  43
   5 124  43
  13 124  43
  21 124  43
  29 124  43
  37 124  43
  45 124  43
  53 124  43
  61 124  43
  69 124  43
  77 124  43
  85 124  43
  93 124  43
 101 124  43
 109 124  43
 117 124  43
 125 124  43
 133 124  43
 141 124  43
 149 124  43
 157 124  43
 165 124  43
 173 124  43
 181 124  43
 189 124  43
 197 124  43
 205 124  43
 213 124  43
 221 124  43
 229 124  43
 237 124  43
 245 124  43
 253 124  43
 261 124  43
 269 124  43
 277 124  43
 285 124  43
 293 124  43
 301 124  43
 309 124  43
 317 124  43
 325 124  43
 333 124  43
 341 124  43
 349 124  43
 357 124  43
   0   0  44
   8   0  44
  16   0  44
  24   0  44
  32   0  44
  40   0  44
  48   0  44
  56   0  44
  64   0  44
  72   0  44
  80   0  44
  88   0  44
  96   0  44
 104   0  44
 112   0  44
 120   0  44
 128   0  44
 136   0  44
 144   0  44
 152   0  44
 160   0  44
 168   0  44
 176   0  44
 184   0  44
 192   0  44
 200   0  44
 208   0  44
 216   0  44
 224   0  44
 232   0  44
 240   0  44
 248   0  44
 256   0  44
 264   0  44
 272   0  44
 280   0  44
 288   0  44
 296   0  44
 304   0  44
 312   0  44
 320   0  44
 328   0  44
 336   0  44
 344   0  44
 352   0  44
   2  22  46
  10  22  46
  18  22  46
  26  22  46
  34  22  46
  42  22  46
  50  22  46
  58  22  46
  66  22  46
  74  22  46
  82  22  46
  90  22  46
  98  22  46
 106  22  46
 114  22  46
 122  22  46
 130  22  46
 138  22  46
 146  22  46
 154  22  46
 162  22  46
 170  22  46
 178  22  46
 186  22  46
 194  22  46
 202  22  46
 210  22  46
 218  22  46
 226  22  46
 234  22  46
 242  22  46
 250  22  46
 258  22  46
 266  22  46
 274  22  46
 282  22  46
 290  22  46
 298  22  46
 306  22  46
 314  22  46
 322  22  46
 330  22  46
 338  22  46
 346  22  46
 354  22  46
   0  69  46
   8  69  46
  16  69  46
  24  69  46
  32  69  46
  40  69  46
  48  69  46
  56  69  46
  64  69  46
  72  69  46
  80  69  46
  88  69  46
  96  69  46
 104  69  46
 112  69  46
 120  69  46
 128  69  46
 136  69  46
 144  69  46
 152  69  46
 160  69  46
 168  69  46
 176  69  46
 184  69  46
 192  69  46
 200  69  46
 208  69  46
 216  69  46
 224  69  46
 232  69  46
 240  69  46
 248  69  46
 256  69  46
 264  69  46
 272  69  46
 280  69  46
 288  69  46
 296  69  46
 304  69  46
 312  69  46
 320  69  46
 328  69  46
 336  69  46
 344  69  46
 352  69  46
   7 150  46
  15 150  46
  23 150  46
  31 150  46
  39 150  46
  47 150  46
  55 150  46
  63 150  46
  71 150  46
  79 150  46
  87 150  46
  95 150  46
 103 150  46
 111 150  46
 119 150  46
 127 150  46
 135 150  46
 143 150  46
 151 150  46
 159 150  46
 167 150  46
 175 150  46
 183 150  46
 191 150  46
 199 150  46
 207 150  46
 215 150  46
 223 150  46
 231 150  46
 239 150  46
 247 150  46
 255 150  46
 263 150  46
 271 150  46
 279 150  46
 287 150  46
 295 150  46
 303 150  46
 311 150  46
 319 150  46
 327 150  46
 335 150  46
 343 150  46
 351 150  46
 359 150  46
   5 179  46
  13 179  46
  21 179  46
  29 179  46
  37 179  46
  45 179  46
  53 179  46
  61 179  46
  69 179  46
  77 179  46
  85 179  46
  93 179  46
 101 179  46
 109 179  46
 117 179  46
 125 179  46
 133 179  46
 141 179  46
 149 179  46
 157 179  46
 165 179  46
 173 179  46
 181 179  46
 189 179  46
 197 179  46
 205 179  46
 213 179  46
 221 179  46
 229 179  46
 237 179  46
 245 179  46
 253 179  46
 261 179  46
 269 179  46
 277 179  46
 285 179  46
 293 179  46
 301 179  46
 309 179  46
 317 179  46
 325 179  46
 333 179  46
 341 179  46
 349 179  46
 357 179  46
   6  57  47
  14  57  47
  22  57  47
  30  57  47
  38  57  47
  46  57  47
  54  57  47
  62  57  47
  70  57  47
  78  57  47
  86  57  47
  94  57  47
 102  57  47
 110  57  47
 118  57  47
 126  57  47
 134  57  47
 142  57  47
 150  57  47
 158  57  47
 166  57  47
 174  57  47
 182  57  47
 190  57  47
 198  57  47
 206  57  47
 214  57  47
 222  57  47
 230  57  47
 238  57  47
 246  57  47
 254  57  47
 262  57  47
 270  57  47
 278  57  47
 286  57  47
 294  57  47
 302  57  47
 310  57  47
 318  57  47
 326  57  47
 334  57  47
 342  57  47
 350  57  47
 358  57  47
   4  84  47
  12  84  47
  20  84  47
  28  84  47
  36  84  47
  44  84  47
  52  84  47
  60  84  47
  68  84  47
  76  84  47
  84  84  47
  92  84  47
 100  84  47
 108  84  47
 116  84  47
 124  84  47
 132  84  47
 140  84  47
 148  84  47
 156  84  47
 164  84  47
 172  84  47
 180  84  47
 188  84  47
 196  84  47
 204  84  47
 212  84  47
 220  84  47
 228  84  47
 236  84  47
 244  84  47
 252  84  47
 260  84  47
 268  84  47
 276  84  47
 284  84  47
 292  84  47
 300  84  47
 308  84  47
 316  84  47
 324  84  47
 332  84  47
 340  84  47
 348  84  47
 356  84  47
   3 104  47
  11 104  47
  19 104  47
  27 104  47
  35 104  47
  43 104  47
  51 104  47
  59 104  47
  67 104  47
  75 104  47
  83 104  47
  91 104  47
  99 104  47
 107 104  47
 115 104  47
 123 104  47
 131 104  47
 139 104  47
 147 104  47
 155 104  47
 163 104  47
 171 104  47
 179 104  47
 187 104  47
 195 104  47
 203 104  47
 211 104  47
 219 104  47
 227 104  47
 235 104  47
 243 104  47
 251 104  47
 259 104  47
 267 104  47
 275 104  47
 283 104  47
 291 104  47
 299 104  47
 307 104  47
 315 104  47
 323 104  47
 331 104  47
 339 104  47
 347 104  47
 355 104  47
   6 114  47
  14 114  47
  22 114  47
  30 114  47
  38 114  47
  46 114  47
  54 114  47
  62 114  47
  70 114  47
  78 114  47
  86 114  47
  94 114  47
 102 114  47
 110 114  47
 118 114  47
 126 114  47
 134 114  47
 142 114  47
 150 114  47
 158 114  47
 166 114  47
 174 114  47
 182 114  47
 190 114  47
 198 114  47
 206 114  47
 214 114  47
 222 114  47
 230 114  47
 238 114  47
 246 114  47
 254 114  47
 262 114  47
 270 114  47
 278 114  47
 286 114  47
 294 114  47
 302 114  47
 310 114  47
 318 114  47
 326 114  47
 334 114  47
 342 114  47
 350 114  47
 358 114  47
   6 132  47
  14 132  47
  22 132  47
  30 132  47
  38 132  47
  46 132  47
  54 132  47
  62 132  47
  70 132  47
  78 132  47
  86 132  47
  94 132  47
 102 132  47
 110 132  47
 118 132  47
 126 132  47
 134 132  47
 142 132  47
 150 132  47
 158 132  47
 166 132  47
 174 132  47
 182 132  47
 190 132  47
 198 132  47
 206 132  47
 214 132  47
 222 132  47
 230 132  47
 238 132  47
 246 132  47
 254 132  47
 262 132  47
 270 132  47
 278 132  47
 286 132  47
 294 132  47
 302 132  47
 310 132  47
 318 132  47
 326 132  47
 334 132  47
 342 132  47
 350 132  47
 358 132  47
   2 160  47
  10 160  47
  18 160  47
  26 160  47
  34 160  47
  42 160  47
  50 160  47
  58 160  47
  66 160  47
  74 160  47
  82 160  47
  90 160  47
  98 160  47
 106 160  47
 114 160  47
 122 160  47
 130 160  47
 138 160  47
 146 160  47
 154 160  47
 162 160  47
 170 160  47
 178 160  47
 186 160  47
 194 160  47
 202 160  47
 210 160  47
 218 160  47
 226 160  47
 234 160  47
 242 160  47
 250 160  47
 258 160  47
 266 160  47
 274 160  47
 282 160  47
 290 160  47
 298 160  47
 306 160  47
 314 160  47
 322 160  47
 330 160  47
 338 160  47
 346 160  47
 354 160  47
   2   8  48
  10   8  48
  18   8  48
  26   8  48
  34   8  48
  42   8  48
  50   8  48
  58   8  48
  66   8  48
  74   8  48
  82   8  48
  90   8  48
  98   8  48
 106   8  48
 114   8  48
 122   8  48
 130   8  48
 138   8  48
 146   8  48
 154   8  48
 162   8  48
 170   8  48
 178   8  48
 186   8  48
 194   8  48
 202   8  48
 210   8  48
 218   8  48
 226   8  48
 234   8  48
 242   8  48
 250   8  48
 258   8  48
 266   8  48
 274   8  48
 282   8  48
 290   8  48
 298   8  48
 306   8  48
 314   8  48
 322   8  48
 330   8  48
 338   8  48
 346   8  48
 354   8  48
   5  32  48
  13  32  48
  21  32  48
  29  32  48
  37  32  48
  45  32  48
  53  32  48
  61  32  48
  69  32  48
  77  32  48
  85  32  48
  93  32  48
 101  32  48
 109  32  48
 117  32  48
 125  32  48
 133  32  48
 141  32  48
 149  32  48
 157  32  48
 165  32  48
 173  32  48
 181  32  48
 189  32  48
 197  32  48
 205  32  48
 213  32  48
 221  32  48
 229  32  48
 237  32  48
 245  32  48
 253  32  48
 261  32  48
 269  32  48
 277  32  48
 285  32  48
 293  32  48
 301  32  48
 309  32  48
 317  32  48
 325  32  48
 333  32  48
 341  32  48
 349  32  48
 357  32  48
   2  44  48
  10  44  48
  18  44  48
  26  44  48
  34  44  48
  42  44  48
  50  44  48
  58  44  48
  66  44  48
  74  44  48
  82  44  48
  90  44  48
  98  44  48
 106  44  48
 114  44  48
 122  44  48
 130  44  48
 138  44  48
 146  44  48
 154  44  48
 162  44  48
 170  44  48
 178  44  48
 186  44  48
 194  44  48
 202  44  48
 210  44  48
 218  44  48
 226  44  48
 234  44  48
 242  44  48
 250  44  48
 258  44  48
 266  44  48
 274  44  48
 282  44  48
 290  44  48
 298  44  48
 306  44  48
 314  44  48
 322  44  48
 330  44  48
 338  44  48
 346  44  48
 354  44  48
   5 169  50
  13 169  50
  21 169  50
  29 169  50
  37 169  50
  45 169  50
  53 169  50
  61 169  50
  69 169  50
  77 169  50
  85 169  50
  93 169  50
 101 169  50
 109 169  50
 117 169  50
 125 169  50
 133 169  50
 141 169  50
 149 169  50
 157 169  50
 165 169  50
 173 169  50
 181 169  50
 189 169  50
 197 169  50
 205 169  50
 213 169  50
 221 169  50
 229 169  50
 237 169  50
 245 169  50
 253 169  50
 261 169  50
 269 169  50
 277 169  50
 285 169  50
 293 169  50
 301 169  50
 309 169  50
 317 169  50
 325 169  50
 333 169  50
 341 169  50
 349 169  50
 357 169  50
   6  92  51
  14  92  51
  22  92  51
  30  92  51
  38  92  51
  46  92  51
  54  92  51
  62  92  51
  70  92  51
  78  92  51
  86  92  51
  94  92  51
 102  92  51
 110  92  51
 118  92  51
 126  92  51
 134  92  51
 142  92  51
 150  92  51
 158  92  51
 166  92  51
 174  92  51
 182  92  51
 190  92  51
 198  92  51
 206  92  51
 214  92  51
 222  92  51
 230  92  51
 238  92  51
 246  92  51
 254  92  51
 262  92  51
 270  92  51
 278  92  51
 286  92  51
 294  92  51
 302  92  51
 310  92  51
 318  92  51
 326  92  51
 334  92  51
 342  92  51
 350  92  51
 358  92  51
   0 122  51
   8 122  51
  16 122  51
  24 122  51
  32 122  51
  40 122  51
  48 122  51
  56 122  51
  64 122  51
  72 122  51
  80 122  51
  88 122  51
  96 122  51
 104 122  51
 112 122  51
 120 122  51
 128 122  51
 136 122  51
 144 122  51
 152 122  51
 160 122  51
 168 122  51
 176 122  51
 184 122  51
 192 122  51
 200 122  51
 208 122  51
 216 122  51
 224 122  51
 232 122  51
 240 122  51
 248 122  51
 256 122  51
 264 122  51
 272 122  51
 280 122  51
 288 122  51
 296 122  51
 304 122  51
 312 122  51
 320 122  51
 328 122  51
 336 122  51
 344 122  51
 352 122  51
   0 140  51
   8 140  51
  16 140  51
  24 140  51
  32 140  51
  40 140  51
  48 140  51
  56 140  51
  64 140  51
  72 140  51
  80 140  51
  88 140  51
  96 140  51
 104 140  51
 112 140  51
 120 140  51
 128 140  51
 136 140  51
 144 140  51
 152 140  51
 160 140  51
 168 140  51
 176 140  51
 184 140  51
 192 140  51
 200 140  51
 208 140  51
 216 140  51
 224 140  51
 232 140  51
 240 140  51
 248 140  51
 256 140  51
 264 140  51
 272 140  51
 280 140  51
 288 140  51
 296 140  51
 304 140  51
 312 140  51
 320 140  51
 328 140  51
 336 140  51
 344 140  51
 352 140  51
   3  18  52
  11  18  52
  19  18  52
  27  18  52
  35  18  52
  43  18  52
  51  18  52
  59  18  52
  67  18  52
  75  18  52
  83  18  52
  91  18  52
  99  18  52
 107  18  52
 115  18  52
 123  18  52
 131  18  52
 139  18  52
 147  18  52
 155  18  52
 163  18  52
 171  18  52
 179  18  52
 187  18  52
 195  18  52
 203  18  52
 211  18  52
 219  18  52
 227  18  52
 235  18  52
 243  18  52
 251  18  52
 259  18  52
 267  18  52
 275  18  52
 283  18  52
 291  18  52
 299  18  52
 307  18  52
 315  18  52
 323  18  52
 331  18  52
 339  18  52
 347  18  52
 355  18  52
   1  65  52
   9  65  52
  17  65  52
  25  65  52
  33  65  52
  41  65  52
  49  65  52
  57  65  52
  65  65  52
  73  65  52
  81  65  52
  89  65  52
  97  65  52
 105  65  52
 113  65  52
 121  65  52
 129  65  52
 137  65  52
 145  65  52
 153  65  52
 161  65  52
 169  65  52
 177  65  52
 185  65  52
 193  65  52
 201  65  52
 209  65  52
 217  65  52
 225  65  52
 233  65  52
 241  65  52
 249  65  52
 257  65  52
 265  65  52
 273  65  52
 281  65  52
 289  65  52
 297  65  52
 305  65  52
 313  65  52
 321  65  52
 329  65  52
 337  65  52
 345  65  52
 353  65  52
   0   0  53
   8   0  53
  16   0  53
  24   0  53
  32   0  53
  40   0  53
  48   0  53
  56   0  53
  64   0  53
  72   0  53
  80   0  53
  88   0  53
  96   0  53
 104   0  53
 112   0  53
 120   0  53
 128   0  53
 136   0  53
 144   0  53
 152   0  53
 160   0  53
 168   0  53
 176   0  53
 184   0  53
 192   0  53
 200   0  53
 208   0  53
 216   0  53
 224   0  53
 232   0  53
 240   0  53
 248   0  53
 256   0  53
 264   0  53
 272   0  53
 280   0  53
 288   0  53
 296   0  53
 304   0  53
 312   0  53
 320   0  53
 328   0  53
 336   0  53
 344   0  53
 352   0  53
   6  76  53
  14  76  53
  22  76  53
  30  76  53
  38  76  53
  46  76  53
  54  76  53
  62  76  53
  70  76  53
  78  76  53
  86  76  53
  94  76  53
 102  76  53
 110  76  53
 118  76  53
 126  76  53
 134  76  53
 142  76  53
 150  76  53
 158  76  53
 166  76  53
 174  76  53
 182  76  53
 190  76  53
 198  76  53
 206  76  53
 214  76  53
 222  76  53
 230  76  53
 238  76  53
 246  76  53
 254  76  53
 262  76  53
 270  76  53
 278  76  53
 286  76  53
 294  76  53
 302  76  53
 310  76  53
 318  76  53
 326  76  53
 334  76  53
 342  76  53
 350  76  53
 358  76  53
   4 151  53
  12 151  53
  20 151  53
  28 151  53
  36 151  53
  44 151  53
  52 151  53
  60 151  53
  68 151  53
  76 151  53
  84 151  53
  92 151  53
 100 151  53
 108 151  53
 116 151  53
 124 151  53
 132 151  53
 140 151  53
 148 151  53
 156 151  53
 164 151  53
 172 151  53
 180 151  53
 188 151  53
 196 151  53
 204 151  53
 212 151  53
 220 151  53
 228 151  53
 236 151  53
 244 151  53
 252 151  53
 260 151  53
 268 151  53
 276 151  53
 284 151  53
 292 151  53
 300 151  53
 308 151  53
 316 151  53
 324 151  53
 332 151  53
 340 151  53
 348 151  53
 356 151  53
   0 179  53
   8 179  53
  16 179  53
  24 179  53
  32 179  53
  40 179  53
  48 179  53
  56 179  53
  64 179  53
  72 179  53
  80 179  53
  88 179  53
  96 179  53
 104 179  53
 112 179  53
 120 179  53
 128 179  53
 136 179  53
 144 179  53
 152 179  53
 160 179  53
 168 179  53
 176 179  53
 184 179  53
 192 179  53
 200 179  53
 208 179  53
 216 179  53
 224 179  53
 232 179  53
 240 179  53
 248 179  53
 256 179  53
 264 179  53
 272 179  53
 280 179  53
 288 179  53
 296 179  53
 304 179  53
 312 179  53
 320 179  53
 328 179  53
 336 179  53
 344 179  53
 352 179  53
   4  36  54
 355  40  54
  10  49  54
  18  49  54
  26  49  54
  34  49  54
  42  49  54
  50  49  54
  58  49  54
  66  49  54
  74  49  54
  82  49  54
  90  49  54
  98  49  54
 106  49  54
 114  49  54
 122  49  54
 130  49  54
 138  49  54
 146  49  54
 154  49  54
 162  49  54
 170  49  54
 178  49  54
 186  49  54
 194  49  54
 202  49  54
 210  49  54
 218  49  54
 226  49  54
 234  49  54
 242  49  54
 250  49  54
 258  49  54
 266  49  54
 274  49  54
 282  49  54
 290  49  54
 298  49  54
 306  49  54
 314  49  54
 322  49  54
 330  49  54
 338  49  54
 346  49  54
 354  49  54
   5  53  54
   0 104  54
   8 104  54
  16 104  54
  24 104  54
  32 104  54
  40 104  54
  48 104  54
  56 104  54
  64 104  54
  72 104  54
  80 104  54
  88 104  54
  96 104  54
 104 104  54
 112 104  54
 120 104  54
 128 104  54
 136 104  54
 144 104  54
 152 104  54
 160 104  54
 168 104  54
 176 104  54
 184 104  54
 192 104  54
 200 104  54
 208 104  54
 216 104  54
 224 104  54
 232 104  54
 240 104  54
 248 104  54
 256 104  54
 264 104  54
 272 104  54
 280 104  54
 288 104  54
 296 104  54
 304 104  54
 312 104  54
 320 104  54
 328 104  54
 336 104  54
 344 104  54
 352 104  54
   7  28  55
  15  28  55
  23  28  55
  31  28  55
  39  28  55
  47  28  55
  55  28  55
  63  28  55
  71  28  55
  79  28  55
  87  28  55
  95  28  55
 103  28  55
 111  28  55
 119  28  55
 127  28  55
 135  28  55
 143  28  55
 151  28  55
 159  28  55
 167  28  55
 175  28  55
 183  28  55
 191  28  55
 199  28  55
 207  28  55
 215  28  55
 223  28  55
 231  28  55
 239  28  55
 247  28  55
 255  28  55
 263  28  55
 271  28  55
 279  28  55
 287  28  55
 295  28  55
 303  28  55
 311  28  55
 319  28  55
 327  28  55
 335  28  55
 351  28  55
 342  27  56
   2 130  56
  10 130  56
  18 130  56
  26 130  56
  34 130  56
  42 130  56
  50 130  56
  58 130  56
  66 130  56
  74 130  56
  82 130  56
  90 130  56
  98 130  56
 106 130  56
 114 130  56
 122 130  56
 130 130  56
 138 130  56
 146 130  56
 154 130  56
 162 130  56
 170 130  56
 178 130  56
 186 130  56
 194 130  56
 202 130  56
 210 130  56
 218 130  56
 226 130  56
 234 130  56
 242 130  56
 250 130  56
 258 130  56
 266 130  56
 274 130  56
 282 130  56
 290 130  56
 298 130  56
 306 130  56
 314 130  56
 322 130  56
 330 130  56
 338 130  56
 346 130  56
 354 130  56
   0 161  56
   8 161  56
  16 161  56
  24 161  56
  32 161  56
  40 161  56
  48 161  56
  56 161  56
  64 161  56
  72 161  56
  80 161  56
  96 161  56
 104 161  56
 112 161  56
 120 161  56
 136 161  56
 144 161  56
 152 161  56
 176 161  56
 184 161  56
 192 161  56
 200 161  56
 208 161  56
 216 161  56
 232 161  56
 248 161  56
 256 161  56
 264 161  56
 272 161  56
 280 161  56
 288 161  56
 296 161  56
 304 161  56
 312 161  56
 320 161  56
 336 161  56
 162 162  56
 346 162  56
   5 115  57
  13 115  57
  21 115  57
  29 115  57
  37 115  57
  45 115  57
  53 115  57
  61 115  57
  69 115  57
  77 115  57
  85 115  57
  93 115  57
 101 115  57
 109 115  57
 117 115  57
 125 115  57
 133 115  57
 141 115  57
 149 115  57
 157 115  57
 165 115  57
 173 115  57
 181 115  57
 189 115  57
 197 115  57
 205 115  57
 213 115  57
 221 115  57
 229 115  57
 237 115  57
 245 115  57
 253 115  57
 261 115  57
 269 115  57
 277 115  57
 285 115  57
 293 115  57
 301 115  57
 309 115  57
 317 115  57
 325 115  57
 333 115  57
 341 115  57
 349 115  57
 357 115  57
  88 161  57
 128 161  57
 224 161  57
 240 161  57
 328 161  57
 172 165  57
 356 165  57
   3   8  58
  11   8  58
  19   8  58
  27   8  58
  35   8  58
  43   8  58
  51   8  58
  59   8  58
  67   8  58
  75   8  58
  83   8  58
  91   8  58
  99   8  58
 107   8  58
 115   8  58
 123   8  58
 131   8  58
 139   8  58
 147   8  58
 155   8  58
 163   8  58
 171   8  58
 179   8  58
 187   8  58
 195   8  58
 203   8  58
 211   8  58
 219   8  58
 227   8  58
 235   8  58
 243   8  58
 251   8  58
 259   8  58
 267   8  58
 275   8  58
 283   8  58
 291   8  58
 299   8  58
 307   8  58
 315   8  58
 323   8  58
 331   8  58
 339   8  58
 347   8  58
 355   8  58
 355  23  58
   1  60  58
  17  60  58
  25  60  58
  33  60  58
  41  60  58
  49  60  58
  57  60  58
  65  60  58
  73  60  58
  81  60  58
  89  60  58
  97  60  58
 105  60  58
 113  60  58
 121  60  58
 129  60  58
 137  60  58
 145  60  58
 153  60  58
 161  60  58
 169  60  58
 177  60  58
 185  60  58
 193  60  58
 201  60  58
 209  60  58
 217  60  58
 225  60  58
 233  60  58
 241  60  58
 249  60  58
 257  60  58
 265  60  58
 273  60  58
 281  60  58
 289  60  58
 297  60  58
 305  60  58
 313  60  58
 321  60  58
 329  60  58
 337  60  58
 345  60  58
 353  60  58
   1  84  58
   9  84  58
  17  84  58
  25  84  58
  33  84  58
  41  84  58
  49  84  58
  57  84  58
  65  84  58
  73  84  58
  81  84  58
  89  84  58
  97  84  58
 105  84  58
 113  84  58
 121  84  58
 129  84  58
 137  84  58
 145  84  58
 153  84  58
 161  84  58
 169  84  58
 177  84  58
 185  84  58
 193  84  58
 201  84  58
 209  84  58
 217  84  58
 225  84  58
 233  84  58
 241  84  58
 249  84  58
 257  84  58
 265  84  58
 273  84  58
 281  84  58
 289  84  58
 297  84  58
 305  84  58
 313  84  58
 321  84  58
 329  84  58
 337  84  58
 345  84  58
 353  84  58
  19  38  59
  27  38  59
  35  38  59
  43  38  59
  51  38  59
  59  38  59
  67  38  59
  75  38  59
  83  38  59
  91  38  59
  99  38  59
 107  38  59
 115  38  59
 123  38  59
 131  38  59
 139  38  59
 147  38  59
 155  38  59
 163  38  59
 171  38  59
 179  38  59
 187  38  59
 195  38  59
 203  38  59
 211  38  59
 219  38  59
 227  38  59
 235  38  59
 243  38  59
 251  38  59
 259  38  59
 267  38  59
 275  38  59
 283  38  59
 291  38  59
 299  38  59
 307  38  59
 315  38  59
 323  38  59
 331  38  59
 339  38  59
 347  38  59
  12  39  59
  11  63  59
   7 141  59
  15 141  59
  23 141  59
  31 141  59
  39 141  59
  47 141  59
  55 141  59
  63 141  59
  71 141  59
  79 141  59
  87 141  59
  95 141  59
 103 141  59
 111 141  59
 119 141  59
 127 141  59
 135 141  59
 143 141  59
 151 141  59
 159 141  59
 167 141  59
 175 141  59
 183 141  59
 191 141  59
 199 141  59
 207 141  59
 215 141  59
 223 141  59
 231 141  59
 239 141  59
 247 141  59
 255 141  59
 263 141  59
 271 141  59
 279 141  59
 287 141  59
 295 141  59
 303 141  59
 311 141  59
 319 141  59
 327 141  59
 335 141  59
 343 141  59
 351 141  59
 359 141  59
  13 172  59
  21 172  59
  29 172  59
  37 172  59
  45 172  59
  53 172  59
  61 172  59
  69 172  59
  77 172  59
  85 172  59
 109 172  59
 117 172  59
 125 172  59
 149 172  59
 157 172  59
 165 172  59
 189 172  59
 197 172  59
 205 172  59
 213 172  59
 221 172  59
 261 172  59
 269 172  59
 277 172  59
 285 172  59
 293 172  59
 301 172  59
 309 172  59
 317 172  59
 325 172  59
 349 172  59
 239 173  59
  96 174  59
 136 174  59
 232 174  59
 248 174  59
 336 174  59
   0  39  60
   7  98  60
  15  98  60
  23  98  60
  31  98  60
  39  98  60
  47  98  60
  55  98  60
  63  98  60
  71  98  60
  79  98  60
  87  98  60
  95  98  60
 103  98  60
 111  98  60
 119  98  60
 127  98  60
 135  98  60
 143  98  60
 151  98  60
 159  98  60
 167  98  60
 175  98  60
 183  98  60
 191  98  60
 199  98  60
 207  98  60
 215  98  60
 223  98  60
 231  98  60
 239  98  60
 247  98  60
 255  98  60
 263  98  60
 271  98  60
 279  98  60
 287  98  60
 295  98  60
 303  98  60
 311  98  60
 319  98  60
 327  98  60
 335  98  60
 343  98  60
 351  98  60
 359  98  60
 175 175  60
 359 175  60
  10 177  60
 106 177  60
 146 177  60
 186 177  60
 258 177  60
 346 177  60
   6  22  61
  14  22  61
  22  22  61
  30  22  61
  38  22  61
  46  22  61
  54  22  61
  62  22  61
  70  22  61
  78  22  61
  86  22  61
  94  22  61
 102  22  61
 110  22  61
 118  22  61
 126  22  61
 134  22  61
 142  22  61
 150  22  61
 158  22  61
 166  22  61
 174  22  61
 182  22  61
 190  22  61
 198  22  61
 206  22  61
 214  22  61
 222  22  61
 230  22  61
 238  22  61
 246  22  61
 254  22  61
 262  22  61
 270  22  61
 278  22  61
 286  22  61
 294  22  61
 302  22  61
 310  22  61
 318  22  61
 326  22  61
 344  19  62
 333  21  62
   1  48  62
   6  71  62
  30  71  62
  38  71  62
  46  71  62
  54  71  62
  62  71  62
  70  71  62
  78  71  62
  86  71  62
  94  71  62
 102  71  62
 110  71  62
 118  71  62
 126  71  62
 134  71  62
 142  71  62
 150  71  62
 158  71  62
 166  71  62
 174  71  62
 182  71  62
 190  71  62
 198  71  62
 206  71  62
 214  71  62
 222  71  62
 230  71  62
 238  71  62
 246  71  62
 254  71  62
 262  71  62
 270  71  62
 278  71  62
 286  71  62
 294  71  62
 302  71  62
 310  71  62
 318  71  62
 326  71  62
 334  71  62
 342  71  62
 350  71  62
 358  71  62
   1 124  62
   9 124  62
  17 124  62
  25 124  62
  33 124  62
  41 124  62
  49 124  62
  57 124  62
  65 124  62
  73 124  62
  81 124  62
  89 124  62
  97 124  62
 105 124  62
 113 124  62
 121 124  62
 129 124  62
 137 124  62
 145 124  62
 153 124  62
 161 124  62
 169 124  62
 177 124  62
 185 124  62
 193 124  62
 201 124  62
 209 124  62
 217 124  62
 225 124  62
 233 124  62
 241 124  62
 249 124  62
 257 124  62
 265 124  62
 273 124  62
 281 124  62
 289 124  62
 297 124  62
 305 124  62
 313 124  62
 321 124  62
 329 124  62
 337 124  62
 345 124  62
 353 124  62
   6 154  62
  14 154  62
  22 154  62
  30 154  62
  38 154  62
  46 154  62
  54 154  62
  62 154  62
  70 154  62
  87 154  62
  95 154  62
 103 154  62
 111 154  62
 127 154  62
 135 154  62
 143 154  62
 151 154  62
 159 154  62
 167 154  62
 175 154  62
 183 154  62
 191 154  62
 199 154  62
 207 154  62
 223 154  62
 239 154  62
 247 154  62
 255 154  62
 263 154  62
 271 154  62
 279 154  62
 287 154  62
 295 154  62
 303 154  62
 311 154  62
 327 154  62
 335 154  62
 343 154  62
 351 154  62
  13  47  63
  77 152  63
 117 152  63
 213 152  63
 229 152  63
 317 152  63
   2 158  63
   0   0  64
   8   0  64
  16   0  64
  24   0  64
  32   0  64
  40   0  64
  48   0  64
  56   0  64
  64   0  64
  72   0  64
  80   0  64
  88   0  64
  96   0  64
 104   0  64
 112   0  64
 120   0  64
 128   0  64
 136   0  64
 144   0  64
 152   0  64
 160   0  64
 168   0  64
 176   0  64
 184   0  64
 192   0  64
 200   0  64
 208   0  64
 216   0  64
 224   0  64
 232   0  64
 240   0  64
 248   0  64
 256   0  64
 264   0  64
 272   0  64
 280   0  64
 288   0  64
 296   0  64
 304   0  64
 312   0  64
 320   0  64
 328   0  64
 336   0  64
 344   0  64
 352   0  64
 355  18  64
  31  47  64
  39  47  64
  47  47  64
  55  47  64
  63  47  64
  71  47  64
  79  47  64
  87  47  64
  95  47  64
 103  47  64
 111  47  64
 119  47  64
 127  47  64
 135  47  64
 143  47  64
 151  47  64
 159  47  64
 167  47  64
 175  47  64
 183  47  64
 191  47  64
 199  47  64
 207  47  64
 215  47  64
 223  47  64
 231  47  64
 239  47  64
 247  47  64
 255  47  64
 263  47  64
 271  47  64
 279  47  64
 287  47  64
 295  47  64
 303  47  64
 311  47  64
 319  47  64
 327  47  64
 335  47  64
 343  47  64
 351  47  64
  24  48  64
  15  72  64
  23  72  64
 345  27  65
 359  29  65
   6  85  65
  14  85  65
  46  85  65
  54  85  65
  62  85  65
  70  85  65
  78  85  65
  86  85  65
  94  85  65
 102  85  65
 110  85  65
 118  85  65
 126  85  65
 134  85  65
 142  85  65
 150  85  65
 158  85  65
 166  85  65
 174  85  65
 182  85  65
 190  85  65
 198  85  65
 206  85  65
 214  85  65
 222  85  65
 230  85  65
 238  85  65
 246  85  65
 254  85  65
 262  85  65
 270  85  65
 278  85  65
 286  85  65
 294  85  65
 302  85  65
 310  85  65
 318  85  65
 326  85  65
 334  85  65
 342  85  65
 350  85  65
 358  85  65
  23  86  65
  34  88  65
   3 107  65
  11 107  65
  19 107  65
  27 107  65
  35 107  65
  43 107  65
  51 107  65
  59 107  65
  67 107  65
  75 107  65
  83 107  65
  91 107  65
  99 107  65
 107 107  65
 115 107  65
 123 107  65
 131 107  65
 139 107  65
 147 107  65
 155 107  65
 163 107  65
 171 107  65
 179 107  65
 187 107  65
 195 107  65
 203 107  65
 211 107  65
 219 107  65
 227 107  65
 235 107  65
 243 107  65
 251 107  65
 259 107  65
 267 107  65
 275 107  65
 283 107  65
 291 107  65
 299 107  65
 307 107  65
 315 107  65
 323 107  65
 331 107  65
 339 107  65
 347 107  65
 355 107  65
  86 167  65
 230 167  65
 127 168  65
 223 168  65
 239 168  65
 327 168  65
  22 178  65
  30 178  65
  38 178  65
  46 178  65
  54 178  65
  62 178  65
  70 178  65
  78 178  65
  86 178  65
 118 178  65
 126 178  65
 158 178  65
 166 178  65
 198 178  65
 206 178  65
 214 178  65
 222 178  65
 270 178  65
 278 178  65
 286 178  65
 294 178  65
 302 178  65
 310 178  65
 318 178  65
 326 178  65
  13  54  66
   0 136  66
   8 136  66
  16 136  66
  24 136  66
  32 136  66
  40 136  66
  48 136  66
  56 136  66
  64 136  66
  72 136  66
  80 136  66
  88 136  66
  96 136  66
 104 136  66
 112 136  66
 120 136  66
 128 136  66
 136 136  66
 144 136  66
 152 136  66
 160 136  66
 168 136  66
 176 136  66
 184 136  66
 192 136  66
 200 136  66
 208 136  66
 216 136  66
 224 136  66
 232 136  66
 240 136  66
 248 136  66
 256 136  66
 264 136  66
 272 136  66
 280 136  66
 288 136  66
 296 136  66
 304 136  66
 312 136  66
 320 136  66
 328 136  66
 336 136  66
 344 136  66
 352 136  66
  94 166  66
 134 166  66
 174 166  66
 246 166  66
 334 166  66
 342 166  66
 358 166  66
 165 169  66
  16  29  67
  24  29  67
  32  29  67
  40  29  67
  48  29  67
  56  29  67
  64  29  67
  72  29  67
  80  29  67
  88  29  67
  96  29  67
 104  29  67
 112  29  67
 120  29  67
 128  29  67
 136  29  67
 144  29  67
 152  29  67
 160  29  67
 168  29  67
 176  29  67
 184  29  67
 192  29  67
 200  29  67
 208  29  67
 216  29  67
 224  29  67
 232  29  67
 240  29  67
 248  29  67
 256  29  67
 264  29  67
 272  29  67
 280  29  67
 288  29  67
 296  29  67
 304  29  67
 312  29  67
 320  29  67
 328  29  67
 345  35  67
 100 164  67
 140 164  67
 180 164  67
 252 164  67
 348 164  67
 320  13  68
  11  32  68
   5  56  68
  27  58  68
  47  60  68
  55  60  68
  63  60  68
  71  60  68
  79  60  68
  87  60  68
  95  60  68
 103  60  68
 111  60  68
 119  60  68
 127  60  68
 135  60  68
 143  60  68
 151  60  68
 159  60  68
 167  60  68
 175  60  68
 183  60  68
 191  60  68
 199  60  68
 207  60  68
 215  60  68
 223  60  68
 231  60  68
 239  60  68
 247  60  68
 255  60  68
 263  60  68
 271  60  68
 279  60  68
 287  60  68
 295  60  68
 303  60  68
 311  60  68
 319  60  68
 327  60  68
 335  60  68
 343  60  68
 351  60  68
 359  60  68
  40  61  68
  39  85  68
 105 161  68
 113 161  68
 145 161  68
 185 161  68
 193 161  68
 201 161  68
 209 161  68
 257 161  68
 265 161  68
 273 161  68
 281 161  68
 289 161  68
 297 161  68
 305 161  68
 313 161  68
  15 178  68
 326  11  69
 334  11  69
 342  11  69
 359  36  69
 155 153  69
   3 154  69
  11 154  69
  19 154  69
  27 154  69
  35 154  69
  43 154  69
  51 154  69
  59 154  69
  67 154  69
 146 154  69
 354 154  69
 181 179  69
   3   8  70
  11   8  70
  19   8  70
  27   8  70
  35   8  70
  43   8  70
  51   8  70
  59   8  70
  67   8  70
  75   8  70
  83   8  70
  91   8  70
  99   8  70
 107   8  70
 115   8  70
 123   8  70
 131   8  70
 139   8  70
 147   8  70
 155   8  70
 163   8  70
 171   8  70
 179   8  70
 187   8  70
 195   8  70
 203   8  70
 211   8  70
 219   8  70
 227   8  70
 235   8  70
 243   8  70
 251   8  70
 259   8  70
 267   8  70
 275   8  70
 283   8  70
 291   8  70
 299   8  70
 307   8  70
 355   8  70
  31  69  70
   2 119  70
  10 119  70
  18 119  70
  26 119  70
  34 119  70
  42 119  70
  50 119  70
  58 119  70
  66 119  70
  74 119  70
  82 119  70
  90 119  70
  98 119  70
 106 119  70
 114 119  70
 122 119  70
 130 119  70
 138 119  70
 146 119  70
 154 119  70
 162 119  70
 170 119  70
 178 119  70
 186 119  70
 194 119  70
 202 119  70
 210 119  70
 218 119  70
 226 119  70
 234 119  70
 242 119  70
 250 119  70
 258 119  70
 266 119  70
 274 119  70
 282 119  70
 290 119  70
 298 119  70
 306 119  70
 314 119  70
 322 119  70
 330 119  70
 338 119  70
 346 119  70
 354 119  70
 217 150  70
  74 152  70
 114 152  70
 210 152  70
 314 152  70
  91 177  70
 101 179  70
 245 179  70
 339   0  71
  48  75  71
   3  77  71
  11  77  71
  67  77  71
  75  77  71
  83  77  71
  91  77  71
  99  77  71
 107  77  71
 115  77  71
 123  77  71
 131  77  71
 139  77  71
 147  77  71
 155  77  71
 163  77  71
 171  77  71
 179  77  71
 187  77  71
 195  77  71
 203  77  71
 211  77  71
 219  77  71
 227  77  71
 235  77  71
 243  77  71
 251  77  71
 259  77  71
 267  77  71
 275  77  71
 283  77  71
 291  77  71
 299  77  71
 307  77  71
 315  77  71
 323  77  71
 331  77  71
 339  77  71
 347  77  71
 355  77  71
  22  80  71
  57  93  71
  73  93  71
  79 148  71
 119 148  71
 159 148  71
 223 148  71
 231 148  71
 319 148  71
 327 148  71
 342 152  71
 138 176  71
 234 176  71
 250 176  71
 338 176  71
 109 178  71
 149 178  71
 189 178  71
 261 178  71
 349 178  71
 357 178  71
   6 179  71
 133 179  71
 229 179  71
 333 179  71
   6  34  72
 350  34  72
 339  35  72
  34  43  72
  42  43  72
  50  43  72
  58  43  72
  66  43  72
  74  43  72
  82  43  72
  90  43  72
  98  43  72
 106  43  72
 114  43  72
 122  43  72
 130  43  72
 138  43  72
 146  43  72
 154  43  72
 162  43  72
 170  43  72
 178  43  72
 186  43  72
 194  43  72
 202  43  72
 210  43  72
 218  43  72
 226  43  72
 234  43  72
 242  43  72
 250  43  72
 258  43  72
 266  43  72
 274  43  72
 282  43  72
 290  43  72
 298  43  72
 306  43  72
 314  43  72
 322  43  72
 330  43  72
 338  43  72
  18  63  72
  43  96  72
   3  98  72
  11  98  72
  19  98  72
  27  98  72
  91  98  72
  99  98  72
 107  98  72
 115  98  72
 123  98  72
 131  98  72
 139  98  72
 147  98  72
 155  98  72
 163  98  72
 171  98  72
 179  98  72
 187  98  72
 195  98  72
 203  98  72
 211  98  72
 219  98  72
 227  98  72
 235  98  72
 243  98  72
 251  98  72
 259  98  72
 267  98  72
 275  98  72
 283  98  72
 291  98  72
 299  98  72
 307  98  72
 315  98  72
 323  98  72
 331  98  72
 339  98  72
 347  98  72
 355  98  72
  84 145  72
 124 145  72
 164 145  72
 236 145  72
  22 175  72
  30 175  72
  38 175  72
  46 175  72
  54 175  72
  62 175  72
  70 175  72
  78 175  72
 167 176  72
 124 179  72
 204 179  72
 212 179  72
 220 179  72
 276 179  72
 284 179  72
 292 179  72
 300 179  72
 308 179  72
 316 179  72
 324 179  72
  26  43  73
  88 139  73
  96 139  73
 168 139  73
 176 139  73
 184 139  73
 192 139  73
 240 139  73
 248 139  73
 256 139  73
 264 139  73
 272 139  73
 280 139  73
 288 139  73
 296 139  73
 128 141  73
 152 173  73
 310   0  74
  53  70  74
  53  97  74
  36  99  74
   6 136  74
  14 136  74
  22 136  74
  30 136  74
  38 136  74
  46 136  74
  54 136  74
 134 136  74
 334 136  74
 342 136  74
 350 136  74
 358 136  74
   1 166  74
 109 171  74
 189 171  74
 261 171  74
 319   0  75
 327   0  75
  14  49  75
   4  58  75
  68  97  75
  85  99  75
  60 134  75
 100 134  75
 140 134  75
 196 134  75
 300 134  75
 169 164  75
 358  16  76
   9  19  76
  17  19  76
  25  19  76
  33  19  76
  41  19  76
  49  19  76
  57  19  76
  65  19  76
  73  19  76
  81  19  76
  89  19  76
  97  19  76
 105  19  76
 113  19  76
 121  19  76
 129  19  76
 137  19  76
 145  19  76
 153  19  76
 161  19  76
 169  19  76
 177  19  76
 185  19  76
 193  19  76
 201  19  76
 209  19  76
 217  19  76
 225  19  76
 233  19  76
 241  19  76
 249  19  76
 257  19  76
 265  19  76
 273  19  76
 281  19  76
 289  19  76
 297  19  76
 305  19  76
 313  19  76
  27  51  76
 200 130  76
 209 130  76
 305 130  76
 313 130  76
 321 130  76
 345 161  76
 232 162  76
  75 164  76
  90 165  76
 177 179  76
 302   0  77
 340   6  77
 338  28  77
  54  60  77
  62  60  77
  70  60  77
  78  60  77
  86  60  77
  94  60  77
 102  60  77
 110  60  77
 118  60  77
 126  60  77
 134  60  77
 142  60  77
 150  60  77
 158  60  77
 166  60  77
 174  60  77
 182  60  77
 190  60  77
 198  60  77
 206  60  77
 214  60  77
 222  60  77
 230  60  77
 238  60  77
 246  60  77
 254  60  77
 262  60  77
 270  60  77
 278  60  77
 286  60  77
 294  60  77
 302  60  77
 310  60  77
 318  60  77
 326  60  77
 334  60  77
 342  60  77
 350  60  77
 358  60  77
  89 112  77
  57 114  77
 132 118  77
 140 118  77
 212 118  77
 112 120  77
  60 126  77
 112 160  77
 208 160  77
 312 160  77
 121 161  77
 217 161  77
 321 161  77
 131 163  77
 241 163  77
 331 163  77
 339 163  77
   7 165  77
 153 167  77
 241 178  77
  30  71  78
  28  77  78
  67 104  78
 147 110  78
 155 110  78
 163 110  78
 219 110  78
 227 110  78
 235 110  78
 243 110  78
 251 110  78
 259 110  78
 267 110  78
   3 111  78
  11 111  78
  19 111  78
  27 111  78
 315 111  78
 323 111  78
 331 111  78
 339 111  78
 347 111  78
 355 111  78
 200 114  78
 237 151  78
  97 153  78
 177 153  78
 249 153  78
 169 156  78
 190 158  78
 198 158  78
 262 158  78
 270 158  78
 278 158  78
 286 158  78
 294 158  78
 302 158  78
  13 162  78
  21 162  78
  29 162  78
  37 162  78
  45 162  78
  53 162  78
  61 162  78
  97 179  78
 348  27  79
  39  70  79
  16  91  79
  88  91  79
  96  91  79
 120  91  79
 152  91  79
 160  91  79
 168  91  79
 192  91  79
 256  91  79
 264  91  79
 272  91  79
 280  91  79
 288  91  79
  67 116  79
 113 130  79
 123 148  79
  94 162  79
  32  46  80
 148 154  80
   0 170  80
 337  34  81
  54  75  81
  23  90  81
 130 129  81
  57 136  81
  56 150  81
   2   0  82
  10   0  82
  18   0  82
  26   0  82
  34   0  82
  42   0  82
  50   0  82
  58   0  82
  66   0  82
  74   0  82
  82   0  82
  90   0  82
  98   0  82
 106   0  82
 114   0  82
 122   0  82
 130   0  82
 138   0  82
 146   0  82
 154   0  82
 162   0  82
 170   0  82
 178   0  82
 186   0  82
 194   0  82
 202   0  82
 210   0  82
 218   0  82
 226   0  82
 234   0  82
 242   0  82
 250   0  82
 258   0  82
 266   0  82
 274   0  82
 282   0  82
 290   0  82
 314   0  82
 354   0  82
 342  14  82
  76  86  82
  83 113  82
 194 129  82
 298 129  82
  89 131  82
 332 134  82
 215 141  82
 182 175  82
 156 176  82
 196 178  82
 269 179  82
 339   0  83
  91  77  83
  99  77  83
 163  77  83
 171  77  83
  31  86  83
  70 131  83
 309 131  83
 317 131  83
 350 144  83
 125 177  83
 230 178  83
 334 178  83
 261 179  83
 329  33  84
  93  55  84
 101  55  84
 109  55  84
 165  55  84
 173  55  84
 181  55  84
 189  55  84
 197  55  84
 205  55  84
 213  55  84
 261  55  84
 269  55  84
 277  55  84
 285  55  84
 293  55  84
 301  55  84
 309  55  84
 317  55  84
 325  55  84
 333  55  84
 157 125  84
 229 125  84
   2 130  84
  10 130  84
  18 130  84
  26 130  84
 346 130  84
 354 130  84
  60 132  84
  50 137  84
 187 142  84
 291 142  84
 126 161  84
 292 176  84
 300 176  84
 308 176  84
 316 176  84
 237 177  84
 341 177  84
  24  62  85
  21  67  85
  68  67  85
 140  67  85
 260  67  85
 135 148  85
 198 173  85
 270 173  85
 213 175  85
 346   0  86
 117  55  86
 221  55  86
 229  55  86
 237  55  86
 145 172  86
 177 179  86
 307   0  87
 245 176  87
  80 178  87
  72  64  88
 144  64  88
  97 175  88
 111 177  88
 199   0  89
  17   0  90
  89   0  90
 225  15  91
 243  55  91
  38  58  91
 154 104  91
 258 104  91
 124  15  92
 340  22  92
 266  46  92
 274  46  92
 282  46  92
 290  46  92
 298  46  92
 332  63  92
 211  66  92
 110  79  92
 212  92  92
 220  92  92
 228  92  92
  71 104  92
 214 112  92
 332  30  93
 218  41  93
 234  65  93
  76  84  93
 140  98  93
 160 102  93
 150  75  94
 246  85  94
  91  88  94
  24  96  94
  19 103  94
  60  49  95
  16  65  95
 157  74  95
 111  88  95
 183  88  95
   9 111  95
  98 124  95
 213  17  96
 237  33  96
 148  83  96
 288  94  96
  44 107  96
 220 107  96
 291 109  96
 316 111  96
 336 121  96
 108 147  96
  27  42  97
   2 114  97
 338 114  97
 346 114  97
 354 114  97
 131 117  97
 294 120  97
 187   5  98
 229  14  98
 303  16  98
 121  17  98
  70  26  98
 175  26  98
 299  26  98
 290  33  98
   7  44  98
  27  50  98
 109  55  98
  96  60  98
 328  64  98
 348  66  98
 177  71  98
 231  80  98
  52  95  98
  46 101  98
  83 101  98
 243 102  98
 112 115  98
 152 117  98
 205 117  98
  24 118  98
 196 126  98
 292 126  98
 175 128  98
 325  10  99
 308  11  99
 184  13  99
  88  14  99
 239  16  99
 247  16  99
 255  16  99
 263  16  99
  49  18  99
  12  20  99
 224  36  99
 164  44  99
 172  44  99
 180  44  99
  69  51  99
 142  52  99
 345  53  99
  53  56  99
 268  58  99
  42  73  99
 212  88  99
 220  88  99
 273 117  99
  41 119  99
 200 121  99
 229 124  99
 115 126  99
  81 130  99
 251 132  99
 260 133  99
 356  26 100
  95  29 100
 140  29 100
 198  38 100
  48  43 100
 348  43 100
 233  53 100
 275  57 100
 284  58 100
 292  58 100
 300  58 100
 308  58 100
 231  59 100
  91  63 100
 118  72 100
 346  75 100
  99  91 100
 158 103 100
  86 119 100
 147 120 100
 312 124 100
 274 126 100
 188 127 100
  59 128 100
 135 131 100
 329 131 100
 229 132 100
 268 133 100
  85 144 100
 277  13 101
 127  30 101
 121  41 101
 197  54 101
 253  55 101
 129  57 101
 236  72 101
  63  73 101
 267  80 101
 346  92 101
  28 115 101
  27 133 101
  29  17 102
  42  18 102
   5  49 102
 121  60 102
 165  66 102
 179  66 102
   8  69 102
 157  79 102
 284  81 102
  15  87 102
 108  88 102
  65  89 102
 270  92 102
 305  92 102
 335 126 102
 105 128 102
 151 132 102
 314 135 102
 354 135 102
 179 139 102
 251 139 102
  10 142 102
  18 142 102
  26 142 102
 195 142 102
 132 149 102
  71  15 103
 224  16 103
 158  17 103
 217  18 103
  57  19 103
 311  30 103
 201  48 103
  20  71 103
  83  82 103
 168  82 103
 126  87 103
 309  88 103
  52  89 103
 157  89 103
 318  89 103
 326  89 103
 334  89 103
 185  92 103
 211  94 103
 265  95 103
 358  96 103
  82 122 103
 151 140 103
  42 141 103
 227 143 103
 303 143 103
 314 143 103
  61 144 103
 140 146 103
  56 147 103
 179 147 103
 290 148 103
  75 150 103
 120 150 103
 338  14 104
 180  15 104
 325  16 104
 103  17 104
   0  18 104
 195  18 104
 143  19 104
 151  19 104
 272  19 104
  80  31 104
 306  38 104
 149  44 104
  89  48 104
  32  50 104
  62  50 104
 311  51 104
 337  60 104
 231  74 104
 218  80 104
 228  82 104
 278  84 104
   9  90 104
 121  90 104
 195  92 104
  34  99 104
  52 100 104
  94 101 104
 150 102 104
 267 105 104
 183 109 104
 215 141 104
 211 145 104
 339 147 104
 104 149 104
 301 149 104
 352 149 104
 253 151 104
 243 152 104
 100 153 104
 178 154 104
   7 155 104
  89 155 104
 202 156 104
 341 157 104
 280 162 104
 289 163 104
  26 164 104
 299 165 104
  19  14 105
 234  16 105
 312  20 105
 323  22 105
 210  26 105
  26  30 105
 257  30 105
 265  30 105
 273  30 105
  12  37 105
 232  39 105
  72  40 105
 211  44 105
 332  45 105
 251  46 105
  14  48 105
  72  49 105
 182  58 105
 190  58 105
 120  68 105
  63  80 105
 252 100 105
 115 102 105
 230 102 105
  49 107 105
 217 107 105
  93 108 105
 315 112 105
   2 113 105
 113 113 105
 256 113 105
 157 156 105
  48 158 105
 219 160 105
 177 161 105
 329 164 105
 340 164 105
 243 165 105
 275 167 105
  39 168 105
  47 168 105
 156 168 105
 205 168 105
  93  16 106
 167  18 106
 176  19 106
 137  21 106
  94  33 106
 127  36 106
 253  40 106
 340  45 106
  52  52 106
 239  54 106
 155  63 106
  37  65 106
 333  67 106
  33  76 106
 146  87 106
   5  96 106
 287 103 106
 189 107 106
 245 110 106
 147 112 106
 307 112 106
 336 112 106
  38 113 106
  85 113 106
 345 113 106
 353 113 106
 290 116 106
 206 117 106
 238 117 106
 223 121 106
 264 134 106
 109 146 106
  63 166 106
 175 167 106
 237 167 106
  82 169 106
  36  18 107
  87  18 107
 293  19 107
 337  20 107
  10  21 107
 181  42 107
 352  42 107
 292  43 107
 113  45 107
 220  45 107
 164  47 107
  38  49 107
 270  49 107
 134  50 107
 283  53 107
 291  53 107
 316  63 107
 100  65 107
 276  66 107
  85  68 107
 246  68 107
 238  69 107
   5  72 107
  82  74 107
  99  74 107
 127 103 107
 171 108 107
 327 111 107
  12 115 107
 170 116 107
 128 121 107
  28 122 107
 278 122 107
  71 124 107
 291 125 107
  60 126 107
 117 127 107
 175 129 107
 314 129 107
 129 152 107
   3 166 107
 312 166 107
 264 168 107
 207  15 108
 279  19 108
 120  20 108
 128  20 108
 352  22 108
  44  37 108
 118  41 108
 201  41 108
 191  44 108
 143  45 108
 352  50 108
 172  64 108
 110  65 108
 139  65 108
 265  66 108
 310  66 108
 351  68 108
  62  69 108
 290  73 108
  20  77 108
 338  79 108
 206  83 108
 339  88 108
  59  90 108
 299  91 108
  29 113 108
 152 124 108
 276 128 108
 192 133 108
 271 133 108
 332 134 108
  79 139 108
 320 163 108
 249 164 108
  70 165 108
  95 167 108
 304  19 109
  48  20 109
  64  20 109
 193  22 109
 228  25 109
 162  35 109
  93  39 109
   0  40 109
 317  42 109
 255  64 109
 215  65 109
 131  67 109
  34  70 109
 187  71 109
 298  73 109
 155  74 109
 307  74 109
 176  76 109
 263  79 109
 213  81 109
 244  82 109
 133  89 109
 162  89 109
 289  89 109
 267  92 109
  75  97 109
 104  98 109
  57  99 109
 196  99 109
  75 111 109
 135 118 109
  77 122 109
 191 122 109
 237 123 109
 105 125 109
 222 127 109
  14 130 109
 211 131 109
 359 132 109
 345 133 109
 171 134 109
  27 135 109
 133 135 109
  58 136 109
 243 136 109
 314 138 109
 262 140 109
  17 144 109
   4 146 109
 261 147 109
 205 153 109
  80 160 109
 103 162 109
 191 162 109
  11 165 109
 227  16 110
 265  17 110
 159  22 110
  16  34 110
  75  37 110
  58  40 110
 151  41 110
 114  56 110
  12  58 110
 203  62 110
  43  64 110
 344  71 110
  31  81 110
  81  83 110
 172  83 110
 195  86 110
  13  87 110
 123  87 110
 139  87 110
 327  87 110
  76  88 110
 108  89 110
 232  91 110
 264  97 110
 154 112 110
 102 133 110
  46 134 110
 156 135 110
 225 138 110
 126 142 110
 150 143 110
  73 144 110
 313 145 110
 140 149 110
 191 149 110
  37 153 110
 294 155 110
 127 159 110
 350 161 110
 120 163 110
 161 166 110
 103  14 111
 239  14 111
 247  14 111
 311  14 111
 351  14 111
  70  16 111
  53  17 111
 199  19 111
 286  19 111
 326  20 111
  25  24 111
 250  31 111
 223  35 111
 300  38 111
  86  40 111
 242  44 111
 328  46 111
  18  47 111
  78  50 111
 222  58 111
 235  81 111
 277  86 111
  24  88 111
 153  88 111
   5  89 111
 311  92 111
 209  93 111
 320  93 111
 358  95 111
 258 101 111
 249 102 111
  50 103 111
 101 105 111
  38 107 111
 299 110 111
 320 112 111
 245 118 111
 298 118 111
  33 133 111
 325 134 111
 296 136 111
  91 141 111
 213 142 111
 242 143 111
 162 148 111
 330 148 111
 212 149 111
 282 150 111
  19 154 111
 178 157 111
 262 158 111
 284 161 111
 335 164 111
  20 166 111
   6  11 112
 178  13 112
 338  14 112
 139  16 112
  29  17 112
  80  18 112
 259  19 112
 103  22 112
 170  26 112
 180  28 112
 284  30 112
 321  30 112
  25  32 112
 332  33 112
 265  35 112
 245  37 112
 283  40 112
 176  43 112
 228  47 112
 317  49 112
  62  51 112
 141  51 112
 340  51 112
 267  52 112
 186  59 112
 318  59 112
  65  62 112
  54  68 112
 116  88 112
 174  94 112
 345 100 112
 225 102 112
 191 104 112
 208 104 112
 136 105 112
  45 106 112
 358 106 112
  97 109 112
 309 109 112
 190 114 112
 254 114 112
 342 122 112
 358 123 112
  92 131 112
 185 133 112
 338 133 112
 171 141 112
 293 141 112
  51 146 112
 229 151 112
  47 152 112
 244 153 112
  67 154 112
  89 154 112
  37 161 112
 110 162 112
 165 162 112
 147 163 112
 211 166 112
  88  14 113
 221  25 113
 120  26 113
 343  30 113
 148  31 113
  99  32 113
 136  33 113
 121  35 113
 202  36 113
  43  44 113
 200  46 113
 156  53 113
  95  55 113
 280  55 113
   3  56 113
 352  56 113
 229  57 113
 262  57 113
 114  63 113
 159  64 113
  87  65 113
  98  68 113
 322  73 113
  46  74 113
 249  76 113
 282  76 113
  91  78 113
 278  97 113
 155  98 113
 232  98 113
 334 100 113
 115 102 113
  14 104 113
  27 105 113
  76 105 113
 160 110 113
 282 110 113
 275 113 113
 117 115 113
 260 127 113
 115 140 113
 349 150 113
 312 161 113
 324 161 113
 198 162 113
 168  10 114
 328  11 114
 290  13 114
  37  14 114
   0  16 114
 129  16 114
 148  17 114
 302  30 114
 357  31 114
 208  34 114
  60  35 114
 116  44 114
 166  45 114
  32  46 114
 282  47 114
 300  49 114
 130  50 114
  15  52 114
 168  55 114
 299  59 114
 246  61 114
 196  62 114
 333  68 114
  28  70 114
 359  70 114
 131  73 114
  84  79 114
 227  80 114
  60  81 114
 295  82 114
  49  86 114
 171 103 114
 220 109 114
 135 112 114
 339 112 114
  13 113 114
 206 113 114
 174 114 114
 266 115 114
  94 119 114
 154 119 114
  63 120 114
  46 121 114
 131 121 114
 116 123 114
 224 123 114
 245 125 114
 172 129 114
 273 130 114
  68 132 114
  20 141 114
 111 147 114
 357 148 114
 135 160 114
 228 160 114
 277 161 114
 219 162 114
 180   6 115
 199   9 115
  16  10 115
 301  11 115
 117  14 115
 233  16 115
 187  28 115
 308  28 115
   4  30 115
  95  36 115
 183  43 115
  25  47 115
 114  50 115
 198  52 115
  47  55 115
 330  55 115
 218  61 115
 257  61 115
 131  62 115
 296  66 115
 346  66 115
 145  68 115
 154  68 115
   9  69 115
  65  69 115
 175  70 115
 291  71 115
 113  72 115
 193  72 115
 239  73 115
 214  77 115
 275  77 115
 333  77 115
 208  81 115
 177  82 115
  28  84 115
 353  84 115
  43  88 115
 190  88 115
 299  94 115
 292  97 115
  81  98 115
 138  98 115
  60 107 115
 322 107 115
   1 118 115
  37 121 115
  28 122 115
 206 122 115
  14 124 115
 292 126 115
 312 127 115
 192 128 115
 135 132 115
 248 136 115
  81 138 115
 268 141 115
 200 143 115
 102 146 115
  71 148 115
 145 148 115
 293 148 115
 257 160 115
  50 162 115
  62 162 115
  89 164 115
  64   5 116
  57   7 116
 340   8 116
 164  14 116
 220  14 116
 268  14 116
 276  14 116
  63  22 116
  75  26 116
  44  28 116
  35  29 116
 213  30 116
  64  31 116
 342  37 116
 263  40 116
 137  41 116
 359  42 116
 236  44 116
  96  45 116
  82  48 116
  70  51 116
 185  72 116
 312  76 116
 257  77 116
 127  80 116
   4  82 116
 153  82 116
 245  86 116
  80  87 116
  22  92 116
 265  93 116
  99  97 116
  66 103 116
 312 119 116
  88 121 116
 105 122 116
  75 125 116
 152 125 116
 299 125 116
 325 125 116
 337 125 116
 143 126 116
 282 126 116
 206 130 116
 223 131 116
 357 133 116
  55 137 116
   9 138 116
 354 138 116
  29 142 116
 180 143 116
 262 143 116
 316 143 116
 193 146 116
 336 148 116
 309 151 116
  12 153 116
 239 155 116
 184 157 116
 335 158 116
 171 161 116
   5 162 116
  32 163 116
 297 163 116
  73   5 117
  93   8 117
  44  13 117
 155  13 117
 315  13 117
 190  21 117
 250  22 117
 269  24 117
  16  29 117
 153  29 117
 164  29 117
 233  31 117
 142  32 117
 247  33 117
  52  46 117
  28  59 117
 239  61 117
  75  65 117
  17  66 117
 278  66 117
 262  73 117
 103  79 117
 306  81 117
 116  82 117
 326  83 117
 171  85 117
  61  89 117
 201  89 117
 340  90 117
 350  91 117
 243  92 117
 144  94 117
 116  96 117
 239  96 117
 261  97 117
 293 109 117
  50 116 117
  77 119 117
  29 134 117
 122 135 117
 240 136 117
 147 137 117
 221 139 117
 275 139 117
 161 142 117
 132 150 117
 262 153 117
  98 154 117
 148 158 117
 353 160 117
  79 162 117
 117 163 117
 127 163 117
 307 165 117
 206   9 118
 191  10 118
 106  12 118
 282  12 118
 322  12 118
 250  14 118
  16  17 118
  79  22 118
 343  23 118
 102  26 118
 322  26 118
 292  27 118
 266  30 118
 180  33 118
 320  34 118
 285  36 118
 294  37 118
  79  38 118
 169  41 118
 335  42 118
 203  43 118
 308  44 118
 215  46 118
 249  47 118
 335  51 118
 114  57 118
  41  60 118
 315  61 118
 308  62 118
 214  65 118
 140  76 118
  65  77 118
 163  85 118
 208  88 118
 277  90 118
 101  91 118
 321  91 118
  32  95 118
  43  95 118
 158  95 118
  12  96 118
 224  96 118
 190  98 118
 320  98 118
 340 100 118
 176 101 118
  96 103 118
 203 104 118
 187 105 118
 223 105 118
 153 109 118
 246 110 118
 315 110 118
 256 111 118
 237 112 118
 186 116 118
 173 120 118
  60 131 118
  43 133 118
 104 134 118
  40 138 118
 207 139 118
 239 143 118
  77 146 118
 221 147 118
  59 150 118
 120 150 118
 154 150 118
  36 155 118
 284 156 118
 209 158 118
 177 159 118
 328 159 118
  12 161 118
 238 162 118
  96 164 118
 161 164 118
 348 164 118
   0   7 119
  21   7 119
 129  10 119
 293  10 119
 352  14 119
  89  20 119
 109  23 119
 213  23 119
  29  33 119
 315  40 119
  10  42 119
 157  42 119
 273  43 119
 132  44 119
 221  44 119
 229  44 119
  73  46 119
 287  46 119
 258  48 119
 353  52 119
 274  55 119
 148  56 119
 179  56 119
 102  57 119
 201  61 119
  98  63 119
 163  63 119
 194  66 119
  85  68 119
 340  69 119
  37  73 119
 229  75 119
 308  93 119
 123  95 119
   3  98 119
  76 100 119
 257 101 119
 282 105 119
   1 106 119
  34 107 119
 114 107 119
 141 107 119
  50 108 119
 277 110 119
 126 111 119
 216 111 119
 344 111 119
 334 114 119
 233 120 119
 253 125 119
 165 132 119
 129 133 119
 282 133 119
 327 134 119
 341 139 119
  90 140 119
 306 140 119
 322 141 119
 214 152 119
 199 158 119
 251 161 119
  75 166 119
 147 166 119
 324 166 119
  46   7 120
 118   7 120
 134   7 120
 142   7 120
 230   7 120
 254   7 120
 173  10 120
 176  21 120
 232  21 120
 352  22 120
 121  23 120
  47  24 120
   8  28 120
 105  36 120
 117  37 120
 191  37 120
 143  40 120
  56  42 120
 354  44 120
 181  47 120
  49  51 120
 126  51 120
 158  51 120
 322  53 120
  13  55 120
 347  57 120
 141  58 120
 221  58 120
 248  58 120
  64  61 120
  88  61 120
 264  62 120
 287  62 120
 324  63 120
   2  68 120
 163  71 120
  47  72 120
  77  77 120
 354  78 120
 250  80 120
 288  80 120
 223  81 120
 142  85 120
 288  88 120
 158 104 120
 303 104 120
 352 105 120
  27 108 120
  21 110 120
  91 111 120
 110 111 120
 359 122 120
 262 123 120
 187 129 120
  14 130 120
  92 131 120
 112 134 120
 296 137 120
 168 142 120
 298 147 120
  86 148 120
  23 149 120
  41 149 120
  16 150 120
 253 151 120
 290 151 120
 193 160 120
  57 163 120
  26 165 120
 285 165 120
 268 166 120
 277 166 120
 229 167 120
 316 167 120
  29   7 121
 302   7 121
 329   9 121
  87  11 121
 295  20 121
 127  21 121
 242  22 121
 199  23 121
 280  23 121
 336  23 121
 142  25 121
 222  25 121
 329  25 121
  25  42 121
  35  45 121
 288  55 121
 230  58 121
 174  59 121
 124  60 121
   8  63 121
  51  63 121
 116  66 121
 140  68 121
 354  70 121
 323  74 121
  30  75 121
 339  76 121
 209  77 121
  19  78 121
 178  78 121
   9  81 121
 188  81 121
 123  82 121
 100  83 121
  66  85 121
  52  86 121
 267  89 121
  52  94 121
 230  94 121
 296 105 121
  75 107 121
 173 108 121
 136 110 121
 200 112 121
  16 113 121
 272 113 121
  62 114 121
 106 117 121
 195 118 121
 213 118 121
 346 120 121
  16 121 121
  42 121 121
 125 122 121
 302 122 121
  62 123 121
 163 123 121
 330 124 121
 228 129 121
 176 130 121
 248 131 121
 347 137 121
 230 142 121
 107 146 121
  66 149 121
 161 149 121
 135 163 121
 168 164 121
 104 165 121
 112 165 121
  41 166 121
 249 167 121
  51 168 121
 191 168 121
   6 169 121
 214 169 121
 223 169 121
 342 169 121
 239 170 121
  72 171 121
 110   8 122
 239   8 122
  65  11 122
  73  11 122
  58  13 122
   0  14 122
  22  16 122
 306  18 122
 149  20 122
  34  21 122
  56  21 122
 167  22 122
 187  24 122
  90  28 122
  60  32 122
  85  33 122
 201  33 122
 356  33 122
 242  35 122
 339  39 122
 237  40 122
 258  40 122
  17  42 122
  99  42 122
 188  45 122
 298  47 122
 200  51 122
 211  55 122
  31  56 122
 338  60 122
 300  61 122
 250  67 122
 127  70 122
 287  70 122
 189  71 122
 266  71 122
 303  71 122
 151  72 122
 235  72 122
  85  77 122
 177  85 122
 322  85 122
  78  90 122
  90  92 122
 162  92 122
 138  94 122
  19  95 122
 202  96 122
 214 102 122
 331 104 122
 319 107 122
  65 109 122
 265 114 122
  89 117 122
 308 120 122
 291 121 122
 146 124 122
 135 125 122
 213 127 122
 346 128 122
  74 129 122
 267 137 122
 141 138 122
 249 140 122
 193 141 122
   2 142 122
 134 144 122
 186 144 122
 341 146 122
 270 147 122
  51 151 122
 104 151 122
 266 151 122
 355 151 122
  78 154 122
 297 168 122
  90 169 122
 181 169 122
  15 170 122
 128 170 122
 158 170 122
   0 171 122
 265 171 122
 336 171 122
  25 172 122
 209 172 122
 184   9 123
 199  10 123
 214  11 123
 338  11 123
 267  16 123
 259  18 123
 156  19 123
  12  20 123
  72  26 123
 308  28 123
  33  30 123
 121  30 123
 260  30 123
 275  33 123
 302  33 123
  70  34 123
 173  34 123
 161  39 123
  63  42 123
 324  43 123
  89  44 123
  85  48 123
 308  50 123
  20  55 123
  69  55 123
 171  64 123
  60  65 123
 109  69 123
 314  72 123
 102  73 123
 202  78 123
 130  80 123
 265  80 123
 335  80 123
 301  81 123
  31  84 123
 352  84 123
 234  86 123
 242  86 123
 279  86 123
  21  87 123
 336  91 123
 174  92 123
 190  92 123
 301  93 123
 129  94 123
 263  94 123
 348  94 123
 111  97 123
  91 104 123
  40 106 123
 163 115 123
 316 117 123
  48 119 123
 150 120 123
  35 122 123
  76 123 123
  30 125 123
 192 126 123
   0 130 123
 305 132 123
  56 133 123
 149 134 123
 212 134 123
 276 134 123
  25 135 123
  52 137 123
 201 140 123
 178 144 123
 125 147 123
 322 148 123
   1 149 123
 229 149 123
 334 149 123
 146 150 123
 312 151 123
 223 155 123
 302 165 123
 160   9 124
  98  10 124
 226  10 124
 272  10 124
  39  11 124
 316  11 124
 206  23 124
 320  29 124
 163  32 124
 223  34 124
  45  36 124
 133  36 124
 148  38 124
 269  45 124
 110  47 124
 149  51 124
 104  53 124
 233  53 124
 250  53 124
  77  55 124
 269  56 124
 193  59 124
 211  67 124
 243  68 124
 275  68 124
 162  77 124
 149  83 124
 312  84 124
 200  85 124
   6  86 124
 110  86 124
 216  92 124
  99  94 124
   6  95 124
  39  97 124
 280  97 124
 248  98 124
 334  99 124
 122 100 124
 187 100 124
  52 101 124
 243 102 124
 234 104 124
 349 109 124
 150 111 124
 232 112 124
 170 113 124
   5 116 124
  78 117 124
 333 119 124
 227 120 124
 118 123 124
 285 123 124
 115 130 124
 330 131 124
  11 134 124
  67 134 124
 321 134 124
  33 135 124
  49 142 124
  25 143 124
 281 148 124
 168 149 124
 209 153 124
 180 154 124
 201 154 124
 120 155 124
 138 155 124
  14 156 124
 301 156 124
  29 160 124
   9  10 125
  80  11 125
 129  15 125
 210  15 125
 314  17 125
 285  18 125
  99  19 125
 227  23 125
   0  25 125
 179  29 125
 279  29 125
  47  30 125
 292  31 125
 107  32 125
 348  32 125
  24  33 125
 342  34 125
 210  35 125
 197  37 125
  38  41 125
 277  42 125
 332  43 125
   1  45 125
 116  45 125
 128  45 125
 210  46 125
 174  47 125
 236  47 125
 253  48 125
  53  49 125
 348  52 125
  37  54 125
  10  58 125
 310  60 125
 151  63 125
 331  64 125
  34  66 125
  49  68 125
 220  68 125
  91  69 125
  72  78 125
 114  80 125
  41  81 125
  56  83 125
 248  84 125
 145  93 125
 314  94 125
 155  95 125
  78  97 125
  62  98 125
 259  98 125
 359  99 125
 176 104 125
 277 105 125
 201 106 125
 293 110 125
 133 114 125
 248 115 125
 102 121 125
 245 121 125
 278 124 125
 179 126 125
  96 129 125
  90 135 125
 110 138 125
 240 138 125
  86 142 125
 241 148 125
  83 151 125
  38 152 125
 261 154 125
  65 155 125
 100 155 125
 309 156 125
 324 158 125
 336 158 125
 347 158 125
  77 161 125
  96 167 125
 289  10 126
 345  10 126
 169  11 126
 107  12 126
 134  12 126
 325  12 126
 180  13 126
 251  17 126
 244  18 126
 339  19 126
  77  21 126
  93  21 126
 240  26 126
  12  27 126
 112  28 126
   5  36 126
 221  40 126
 288  42 126
 315  43 126
  76  46 126
 138  47 126
 351  47 126
 161  48 126
 220  48 126
  47  54 126
 318  54 126
  97  56 126
 341  56 126
 115  58 126
 128  58 126
 136  58 126
 279  58 126
  92  60 126
 185  60 126
   1  62 126
  22  64 126
  71  64 126
 160  64 126
 321  65 126
  81  67 126
 134  70 126
  19  71 126
 345  71 126
  61  73 126
 277  77 126
 216  78 126
 256  78 126
 294  81 126
 160  84 126
  68  96 126
 292  96 126
  17 100 126
  98 104 126
 309 105 126
  31 107 126
 111 107 126
 186 107 126
 326 107 126
 211 108 126
 121 110 126
 256 111 126
  52 113 126
 349 117 126
 239 127 126
 221 129 126
 202 130 126
 158 132 126
 298 132 126
 312 132 126
 173 133 126
 256 134 126
 288 137 126
  13 143 126
 151 143 126
 211 143 126
 312 144 126
  32 155 126
 157 155 126
 193 155 126
 241 156 126
 353 156 126
 254 157 126
 282 157 126
 115 158 126
 233 159 126
  51 162 126
 278 162 126
 160 165 126
 143 166 126
 254 166 126
 133 167 126
 196 167 126
 349 168 126
  25  10 127
 153  10 127
 192  11 127
 119  12 127
  37  17 127
  21  22 127
  51  22 127
 193  22 127
 349  22 127
 124  23 127
 147  24 127
 136  27 127
 327  28 127
 251  30 127
 100  33 127
 251  39 127
 191  41 127
 184  47 127
 290  52 127
 328  53 127
 159  55 127
 197  55 127
 225  59 127
 290  62 127
 254  63 127
 353  63 127
 181  68 127
 119  73 127
   6  74 127
  82  80 127
  93  80 127
 289  84 127
 345  85 127
 229  88 127
  41  89 127
 221  89 127
 121  92 127
 150 104 127
 136 105 127
  15 107 127
 272 108 127
 304 109 127
   9 112 127
 322 115 127
 199 116 127
 180 117 127
 189 117 127
 339 117 127
 295 119 127
   1 120 127
 269 123 127
 160 125 127
 261 126 127
 130 130 127
 354 131 127
 338 132 127
 222 138 127
  68 142 127
 299 142 127
 287 145 127
 127 155 127
 169 157 127
  95 158 127
 148 158 127
   6 159 127
 220 159 127
  61 160 127
 180 161 127
 213 163 127
 321 163 127
 273 166 127
 313 167 127
   1  10 128
  49  10 128
 145  10 128
 257  10 128
 297  10 128
 221  12 128
 356  15 128
  65  16 128
  62  21 128
 181  23 128
 268  23 128
 300  25 128
 264  28 128
 227  30 128
  89  32 128
 317  33 128
  77  35 128
 152  35 128
 239  37 128
 141  38 128
 292  38 128
  19  39 128
 304  41 128
  56  42 128
  10  47 128
  20  49 128
 172  53 128
 299  54 128
 261  60 128
 204  67 128
 227  68 128
 198  69 128
 238  70 128
 145  71 128
 172  71 128
  13  73 128
 354  73 128
 310  74 128
 301  75 128
 168  76 128
 323  77 128
 269  78 128
 135  79 128
 185  81 128
 357  83 128
  25  85 128
  69  85 128
 129  86 128
  14  87 128
  83  90 128
 323  91 128
 267  92 128
 211  94 128
  28  97 128
 310  98 128
 346  98 128
 138  99 128
 165  99 128
 159 105 128
 259 105 128
  80 107 128
 222 107 128
  90 109 128
  28 112 128
  65 114 128
 208 118 128
 219 120 128
  64 121 128
  22 122 128
 315 122 128
  16 124 128
  43 125 128
  14 130 128
 189 130 128
  40 131 128
  74 134 128
 125 134 128
 347 134 128
 183 136 128
 252 138 128
 100 139 128
 331 139 128
 170 143 128
 324 143 128
 343 143 128
 128 144 128
 220 144 128
  38 145 128
 292 156 128
  25 163 128
  44 163 128
 206 164 128
 336 165 128
 232 166 128
  73 167 128
 109 167 128
 117 167 128
 245 167 128
 174 168 128
  63 169 128
  16  10 129
  88  10 129
 232  10 129
 267  11 129
 167  19 129
 280  20 129
  28  21 129
  84  21 129
 329  22 129
 212  23 129
 164  25 129
  63  31 129
  56  33 129
  86  37 129
 118  40 129
 336  40 129
  32  44 129
 263  45 129
 104  47 129
 203  48 129
 278  50 129
 215  56 129
 232  58 129
 242  58 129
 208  59 129
  60  60 129
  36  61 129
 279  65 129
 104  69 129
 290  70 129
 193  72 129
 333  72 129
  45  74 129
  30  76 129
 222  76 129
 232  79 129
 209  81 129
 180  84 129
 335  85 129
  51  86 129
 105  87 129
 175  88 129
 197  88 129
 328  88 129
 282  93 129
  53  96 129
 190  97 129
 198  97 129
 226 101 129
 336 107 129
  73 108 129
 102 114 129
 141 116 129
 159 116 129
 284 116 129
 122 118 129
 304 119 129
  94 120 129
 135 122 129
  56 123 129
 171 124 129
  88 127 129
 146 127 129
  77 129 129
 111 132 129
 273 136 129
 157 139 129
  59 140 129
 267 140 129
  43 142 129
 137 142 129
 197 142 129
 359 142 129
  95 145 129
 352 145 129
 264 146 129
  83 159 129
  17 164 129
   5 166 129
  39 167 129
 266 167 129
 293 168 129
  71   9 130
 280   9 130
 304   9 130
 217  16 130
 309  20 130
 153  22 130
 114  23 130
 201  23 130
 294  27 130
  38  33 130
 126  33 130
 176  33 130
 199  33 130
 355  33 130
 159  34 130
 261  34 130
 171  37 130
 352  41 130
  68  44 130
 241  46 130
 330  47 130
 303  49 130
 261  51 130
  62  53 130
 118  53 130
   2  55 130
  72  55 130
 140  55 130
  84  58 130
 169  59 130
 107  60 130
  49  62 130
 310  66 130
 149  67 130
 123  69 130
 254  70 130
  33  71 130
 101  76 130
 344  77 130
  57  78 130
 250  79 130
 146  85 130
 268  85 130
 304  86 130
 247  89 130
 355  89 130
  92  91 130
 239  91 130
 258  91 130
 102  92 130
 171  92 130
 299  95 130
 233  98 130
 116  99 130
  46 100 130
 209 100 130
 340 100 130
  38 101 130
 279 101 130
 357 103 130
 294 105 130
  40 110 130
 109 112 130
 240 112 130
 148 114 130
  26 118 130
  76 120 130
 254 126 130
   0 127 130
  52 127 130
 206 127 130
 231 128 130
 288 130 130
 140 133 130
 199 134 130
 232 137 130
  26 139 130
  19 142 130
 249 143 130
 120 144 130
 181 144 130
  56 145 130
 111 145 130
  84 146 130
  10 147 130
 208 147 130
 193 148 130
 297 148 130
 325 153 130
  50 154 130
 338 154 130
 186 155 130
 357 166 130
 126 167 130
 151 168 130
 301 168 130
 224 169 130
  88 170 130
 104 170 130
 192 170 130
 182   9 131
 198   9 131
 334   9 131
  42  10 131
 111  10 131
 138  10 131
 241  10 131
 250  10 131
 313  11 131
  98  13 131
  12  19 131
 137  20 131
 232  23 131
 338  24 131
  38  25 131
   7  28 131
  29  33 131
 275  34 131
 325  34 131
 228  38 131
 152  43 131
  81  45 131
  46  46 131
  97  48 131
 342  51 131
 182  52 131
 148  54 131
  21  57 131
 339  60 131
 298  63 131
 272  68 131
  71  71 131
 116  77 131
 238  77 131
 162  80 131
 152  82 131
 313  88 131
   8  91 131
 140  93 131
  83  97 131
  21  98 131
 324  99 131
 127 102 131
 190 105 131
 245 107 131
 169 109 131
 352 109 131
 220 113 131
 270 113 131
 314 114 131
 233 116 131
 333 122 131
 114 123 131
 325 125 131
 245 126 131
 302 130 131
 316 130 131
  28 133 131
 279 133 131
 314 140 131
 146 144 131
 233 146 131
 244 146 131
 309 148 131
 343 150 131
  70 151 131
  22 152 131
 220 152 131
 107 155 131
 134 155 131
 247 156 131
 268 156 131
 302 160 131
 331 168 131
 182 169 131
  15 170 131
 123   9 132
 172   9 132
 352  18 132
 186  21 132
 240  21 132
  99  22 132
 274  22 132
 318  22 132
  75  25 132
 212  30 132
  20  32 132
 184  32 132
 336  33 132
 283  34 132
 310  34 132
 108  36 132
 210  38 132
 272  39 132
 125  40 132
 138  42 132
 162  44 132
 189  46 132
 224  47 132
 250  48 132
 347  48 132
  28  49 132
 215  49 132
   5  50 132
 123  50 132
 320  51 132
 314  55 132
 193  58 132
  15  62 132
 182  62 132
 333  62 132
 135  65 132
 156  66 132
 243  66 132
  60  67 132
  86  67 132
 263  68 132
 319  68 132
  79  70 132
 284  75 132
 188  77 132
   4  80 132
 111  80 132
  15  81 132
  72  81 132
  30  83 132
 200  83 132
 279  84 132
  60  88 132
 125  89 132
  71  93 132
 150  95 132
   7  98 132
 103 101 132
 250 101 132
 271 101 132
 112 103 132
 179 104 132
  64 105 132
 320 107 132
 206 108 132
 126 110 132
   3 114 132
 263 114 132
  37 115 132
  84 116 132
 257 117 132
 175 120 132
 347 120 132
 189 123 132
 152 124 132
 345 126 132
 215 128 132
 101 131 132
  65 134 132
 166 134 132
 210 137 132
 278 146 132
  77 147 132
 159 148 132
 168 148 132
  32 150 132
 138 150 132
 230 151 132
 274 151 132
  95 152 132
   6 153 132
 204 153 132
 256 154 132
  43 155 132
 152 155 132
 357 155 132
 121 156 132
  90 159 132
 313 161 132
 164 162 132
 198 163 132
  77 164 132
 135 164 132
 286 168 132
  54 169 132
 345 169 132
  96 170 132
 160 170 132
 241 170 132
 216 171 132
  29   9 133
 157   9 133
 325   9 133
  55  10 133
  79  10 133
 273  10 133
 166  11 133
 207  11 133
 226  11 133
 290  14 133
 300  18 133
  43  19 133
  53  19 133
 126  19 133
 343  20 133
 249  21 133
  93  24 133
   0  30 133
 131  30 133
 289  30 133
 143  31 133
 243  31 133
  49  33 133
  97  35 133
 194  36 133
  12  39 133
  49  41 133
 170  44 133
 286  44 133
 321  44 133
  42  50 133
  92  51 133
 273  52 133
 287  54 133
 252  57 133
 159  60 133
 355  60 133
 126  64 133
 349  64 133
  95  65 133
 218  65 133
  46  67 133
 210  67 133
 211  76 133
 128  79 133
  89  81 133
  40  82 133
 295  85 133
 223  86 133
 113  89 133
 344  89 133
 163  91 133
 215  91 133
  92  98 133
 258  98 133
   5 104 133
  18 104 133
  56 105 133
 147 106 133
 290 109 133
 331 110 133
 345 110 133
  54 111 133
 178 111 133
 164 114 133
 191 114 133
  99 118 133
 277 124 133
 166 126 133
 292 126 133
  31 128 133
  85 131 133
 240 131 133
  48 134 133
 119 134 133
   1 135 133
  84 139 133
  56 152 133
 320 156 133
 286 158 133
 258 165 133
 250 166 133
  68 168 133
  34 169 133
 280 170 133
 325 170 133
 354 171 133
  21   9 134
 149   9 134
 341   9 134
   9  10 134
  63  10 134
 103  10 134
 356  10 134
 192  14 134
 261  17 134
 119  21 134
 108  24 134
 219  24 134
  69  27 134
 232  30 134
 253  35 134
 304  36 134
  71  40 134
 108  44 134
  63  46 134
 233  48 134
 113  55 134
  39  56 134
 134  56 134
 284  60 134
  31  62 134
 225  62 134
 325  62 134
   5  64 134
 295  68 134
 175  69 134
 344  70 134
  16  71 134
 137  74 134
 306  75 134
 316  76 134
 330  76 134
  95  78 134
 256  78 134
  81  83 134
 289  87 134
 189  88 134
  26  91 134
 156  92 134
 313  95 134
 290  96 134
 331  96 134
  66  99 134
 133 100 134
 309 102 134
  81 103 134
 301 103 134
  93 107 134
 200 110 134
  16 111 134
 304 113 134
  13 117 134
  34 120 134
 299 120 134
 121 123 134
   6 124 134
 198 125 134
 221 126 134
 268 126 134
  66 127 134
 183 131 134
 264 131 134
 325 132 134
 177 134 134
 256 134 134
 336 134 134
 148 135 134
 298 137 134
 219 138 134
 289 138 134
  96 140 134
 327 141 134
  12 142 134
 282 142 134
 258 146 134
 107 148 134
  65 154 134
 179 155 134
  16 157 134
 214 157 134
 334 157 134
 231 160 134
 225 163 134
  26 169 134
  47 170 134
 146 170 134
 312 170 134
 261   9 135
 131  10 135
 321  13 135
  20  17 135
  74  17 135
 284  17 135
 202  18 135
   6  20 135
 144  20 135
 176  21 135
 257  22 135
 195  24 135
  54  27 135
  84  27 135
 162  28 135
 312  28 135
 151  31 135
 348  32 135
  80  35 135
  92  38 135
   4  40 135
 299  40 135
 179  41 135
 252  42 135
 205  43 135
 293  43 135
 195  44 135
 147  45 135
  56  53 135
 160  53 135
 296  54 135
 199  55 135
 261  57 135
 270  57 135
 306  57 135
 102  61 135
  67  62 135
 189  62 135
 234  64 135
  25  67 135
 115  68 135
   1  71 135
  56  71 135
 166  71 135
 199  73 135
 150  74 135
  41  75 135
 263  75 135
 294  77 135
 355  77 135
 170  81 135
 229  81 135
 327  82 135
 139  84 135
 248  84 135
 239  85 135
 317  85 135
  41  90 135
 181  90 135
 234  92 135
 337  92 135
  35  93 135
  55  93 135
 271  93 135
 225  95 135
 180  97 135
 214  99 135
  30 102 135
 153 104 135
 225 105 135
 282 109 135
  46 110 135
 274 110 135
 115 112 135
 136 116 135
 248 116 135
 322 116 135
  65 117 135
 126 117 135
  48 119 135
 202 119 135
 230 120 135
  16 127 135
 132 129 135
 309 130 135
 342 131 135
 155 133 135
 128 134 135
 193 135 135
  42 136 135
 111 137 135
  75 138 135
 353 140 135
  65 141 135
  38 142 135
 175 144 135
 293 151 135
 190 152 135
 126 153 135
 240 156 135
  32 157 135
 169 157 135
 201 158 135
 116 159 135
 148 159 135
 347 159 135
 105 161 135
  54 162 135
 267 162 135
 122 170 135
 116   9 136
 213   9 136
 298   9 136
 235  10 136
  88  13 136
 146  14 136
 159  18 136
 224  19 136
 170  24 136
 296  24 136
 326  24 136
  31  26 136
 271  26 136
 119  30 136
 113  34 136
  16  35 136
  37  37 136
 222  38 136
 324  39 136
 346  39 136
  31  40 136
 263  40 136
 334  42 136
 135  46 136
  15  48 136
 357  48 136
  75  50 136
 337  52 136
  85  53 136
 171  53 136
 206  53 136
 234  56 136
 244  56 136
 306  67 136
 336  71 136
 190  72 136
 228  72 136
  50  77 136
 279  77 136
 177  78 136
 304  81 136
  64  82 136
 344  82 136
 353  83 136
 273  85 136
  14  87 136
 131  88 136
 260  88 136
 105  90 136
 202  91 136
 354  93 136
 281  96 136
 194  98 136
 348  99 136
 204 100 136
 166 101 136
 235 105 136
 102 107 136
 138 110 136
  74 112 136
  89 114 136
 238 115 136
 154 116 136
 216 116 136
 355 117 136
 282 121 136
 315 121 136
 109 124 136
  45 125 136
  91 126 136
   7 132 136
 235 135 136
  17 136 136
 225 136 136
 306 138 136
 206 140 136
 188 141 136
 335 141 136
 347 142 136
  59 143 136
 125 144 136
 322 144 136
   4 145 136
 220 146 136
 300 146 136
 142 147 136
 155 151 136
  78 155 136
 276 159 136
 295 160 136
   7 161 136
 330 161 136
 190 162 136
  99 163 136
 359 163 136
 130 166 136
 174 168 136
 208 169 136
 297 169 136
  35   8 137
 244   8 137
  46   9 137
 307   9 137
 348   9 137
 179  11 137
  31  17 137
 334  17 137
  83  19 137
 278  19 137
   0  22 137
  19  24 137
 335  26 137
  62  27 137
 205  28 137
 352  28 137
 183  37 137
 232  37 137
 242  37 137
  62  38 137
 124  45 137
 274  46 137
 310  46 137
 102  47 137
 223  52 137
 329  53 137
  13  54 137
 215  55 137
  69  56 137
 144  56 137
  52  57 137
   7  58 137
 127  58 137
 201  65 137
 254  65 137
 281  65 137
 104  70 137
 155  71 137
 128  72 137
 244  73 137
  26  75 137
 218  76 137
 105  80 137
  21  81 137
 147  82 137
 210  82 137
 166  87 137
  75  89 137
  97  90 137
 122  93 137
 249  94 137
 119  99 137
 244 101 137
 159 102 137
 331 103 137
 258 105 137
  26 106 137
  76 106 137
   1 107 137
 328 114 137
 210 118 137
  56 119 137
 180 119 137
  76 123 137
 137 124 137
 171 124 137
 248 124 137
  23 126 137
 356 126 137
  57 130 137
  75 130 137
 248 133 137
  26 136 137
 100 136 137
 266 140 137
 246 143 137
 236 144 137
 202 145 137
  22 147 137
  96 147 137
 316 147 137
  84 149 137
 267 149 137
 337 150 137
 358 150 137
 349 151 137
 249 153 137
 311 154 137
 303 156 137
  24 158 137
  42 160 137
 141 160 137
 179 162 137
 211 162 137
 159 163 137
  71 164 137
 241 164 137
  87 165 137
  18 168 137
 235 170 137
 267 170 137
  10 171 137
 114 171 137
 202 171 137
  67   7 138
  90   7 138
 194   7 138
 251   7 138
 282   7 138
 330   7 138
   1   8 138
  63  17 138
  99  17 138
 131  17 138
 209  18 138
 308  18 138
 110  19 138
 232  19 138
  42  24 138
 186  26 138
 247  26 138
 135  27 138
 101  28 138
 319  28 138
 257  29 138
 267  30 138
  41  31 138
 198  33 138
 160  34 138
 129  35 138
 279  36 138
 151  38 138
 170  38 138
 216  40 138
  26  43 138
 114  43 138
  90  44 138
 281  45 138
 242  46 138
 262  47 138
  23  49 138
 178  50 138
 188  50 138
 345  51 138
 354  53 138
 106  57 138
  34  58 138
  79  60 138
 170  60 138
 316  61 138
 143  63 138
  89  65 138
 180  65 138
 267  67 138
 314  68 138
  66  69 138
  84  70 138
  76  72 138
  10  73 138
 236  73 138
 120  78 138
 185  79 138
   4  86 138
 302  87 138
 207  88 138
  90  91 138
 317  92 138
 298  93 138
 144  94 138
  14  95 138
  51  97 138
 171  97 138
 138  98 138
 264  98 138
  45 100 138
 340 101 138
 190 102 138
 322 102 138
 291 104 138
 214 106 138
 119 107 138
 254 110 138
 310 110 138
 169 112 138
  24 113 138
 340 113 138
 186 115 138
 269 116 138
 110 117 138
 291 118 138
 146 122 138
 308 122 138
 239 123 138
  97 124 138
 226 124 138
 331 125 138
 158 126 138
 207 129 138
 196 130 138
 289 131 138
 352 131 138
 273 135 138
 142 136 138
 165 138 138
 157 142 138
  52 144 138
 111 144 138
  34 147 138
  48 149 138
 214 150 138
 285 151 138
  60 160 138
 343 163 138
 325 164 138
 221 166 138
  39 168 138
 317 168 138
 152 169 138
 340 169 138
 190 170 138
 305 170 138
  82 171 138
 258 171 138
 105   5 139
 121   5 139
 137   5 139
 185   5 139
 201   5 139
 217   5 139
 225   5 139
 265   5 139
 273   5 139
 289   6 139
  13   7 139
 167   7 139
  47  17 139
 346  17 139
 270  18 139
 316  18 139
 142  25 139
 290  26 139
  92  28 139
 214  28 139
 280  28 139
 306  29 139
   6  32 139
 333  34 139
  72  35 139
 138  37 139
  55  39 139
 314  39 139
 357  40 139
  82  44 139
  47  45 139
 161  47 139
 304  49 139
 252  52 139
 149  53 139
 320  54 139
  23  58 139
 294  59 139
  47  60 139
 339  61 139
 117  63 139
 211  63 139
 244  63 139
  17  66 139
 274  66 139
 139  69 139
  34  75 139
 272  77 139
 288  79 139
 115  82 139
 155  83 139
 264  83 139
  46  84 139
 335  84 139
  56  87 139
 325  87 139
 283  88 139
  66  91 139
   1  93 139
  85  95 139
 106  99 139
  35 100 139
  11 102 139
  61 105 139
 184 106 139
 129 107 139
 317 107 139
 354 109 139
  39 110 139
 224 111 139
   7 118 139
 257 120 139
 338 120 139
  35 127 139
 118 127 139
 275 128 139
 299 128 139
 318 130 139
 168 132 139
 180 142 139
  73 143 139
 132 143 139
 227 145 139
 171 148 139
  14 149 139
 276 149 139
 199 150 139
 256 151 139
 106 153 139
 232 155 139
  73 158 139
 250 161 139
 285 162 139
 139 168 139
  63 170 139
  99 170 139
 358 170 139
 169 171 139
 275 171 139
  23   5 140
  50   5 140
  73   5 140
  96   5 140
 151   5 140
 311   5 140
 319   5 140
 161  10 140
 114  14 140
 188  15 140
 244  15 140
 294  16 140
  55  17 140
 124  21 140
  73  22 140
 154  22 140
  14  27 140
 169  30 140
 247  34 140
 290  34 140
 189  35 140
 102  36 140
 208  39 140
 167  44 140
  40  46 140
 226  47 140
  57  48 140
 114  51 140
 283  54 140
  93  55 140
 346  59 140
 162  60 140
 330  61 140
 154  63 140
 359  63 140
  43  67 140
 290  68 140
 326  68 140
 349  69 140
 254  72 140
  64  75 140
   0  76 140
 312  77 140
  74  79 140
  85  81 140
 194  81 140
 132  82 140
 218  83 140
  30  84 140
 147  89 140
 239  91 140
 196  92 140
  23  94 140
 217  95 140
 233  97 140
 309  97 140
 273 100 140
 283 104 140
  87 105 140
 202 106 140
 175 107 140
  55 108 140
 143 108 140
 244 108 140
  10 109 140
 100 112 140
 158 112 140
 194 112 140
 294 113 140
  34 115 140
  83 116 140
 264 119 140
 324 126 140
  85 127 140
 213 127 140
 236 128 140
 257 128 140
 107 129 140
  65 131 140
  32 134 140
  51 134 140
  84 134 140
 117 136 140
   5 137 140
 136 138 140
 283 138 140
 313 138 140
 258 140 140
  84 142 140
 305 144 140
 119 145 140
  93 152 140
 182 152 140
   7 154 140
  44 154 140
 117 154 140
 224 155 140
 267 156 140
  87 158 140
 164 158 140
 195 160 140
 258 161 140
 113 163 140
  52 167 140
  30 168 140
 282 168 140
 183 171 140
 162 172 140
 218 172 140
 250 172 140
 292 172 140
  58   5 141
  81   5 141
 236   5 141
 336   5 141
 352   5 141
 138  13 141
  11  14 141
  23  14 141
 176  16 141
 215  16 141
 255  16 141
 198  19 141
 343  23 141
 224  25 141
 178  27 141
 233  27 141
  28  30 141
  82  31 141
 300  32 141
 121  37 141
 267  37 141
 199  41 141
 230  42 141
 288  44 141
 345  44 141
 191  45 141
  67  47 141
 153  47 141
   4  50 141
  35  51 141
 133  51 141
 271  51 141
 182  59 141
 192  59 141
 228  62 141
 125  63 141
 219  64 141
  33  66 141
 109  66 141
 171  69 141
 299  69 141
 341  70 141
 204  73 141
  93  74 141
 163  74 141
 223  74 141
  55  75 141
 324  75 141
 137  77 141
 336  77 141
 253  79 141
 176  83 141
 243  84 141
 227  85 141
 113  88 141
 125  88 141
 186  88 141
 255  89 141
 345  89 141
 174  90 141
 160  93 141
 293  96 141
  62  97 141
  76  97 141
 227 101 141
 148 104 141
 300 106 141
 266 107 141
 346 111 141
 281 113 141
 130 115 141
  20 117 141
 121 118 141
  64 121 141
 196 121 141
 162 122 141
   2 124 141
 178 124 141
  12 128 141
 126 128 141
 146 129 141
 226 131 141
 180 133 141
 339 134 141
 211 138 141
 193 140 141
 251 141 141
 100 143 141
 293 144 141
 147 146 141
  67 147 141
 330 150 141
 132 151 141
  61 152 141
 141 152 141
 209 154 141
 128 159 141
  18 161 141
 123 164 141
 308 165 141
  71 171 141
 107 171 141
 326 172 141
 334 172 141
 351 172 141
 132 173 141
 243 173 141
  92 174 141
 128   5 142
 256   5 142
 146   9 142
  34  13 142
 234  14 142
 280  14 142
   0  15 142
 325  15 142
  88  18 142
 265  21 142
 108  24 142
 191  24 142
 355  24 142
 119  25 142
  50  26 142
  67  26 142
 151  28 142
 343  31 142
 223  32 142
 315  32 142
   0  34 142
 255  34 142
  23  35 142
  92  35 142
 327  36 142
  15  39 142
  69  40 142
   9  43 142
 323  43 142
 179  44 142
 139  45 142
 252  45 142
 209  47 142
 123  50 142
 298  51 142
 236  52 142
 201  53 142
 261  54 142
  81  55 142
  58  57 142
 134  60 142
 257  61 142
 304  61 142
 236  62 142
  71  63 142
  94  63 142
   7  64 142
  56  65 142
 192  67 142
 209  69 142
 262  71 142
 121  72 142
  17  73 142
  44  75 142
 199  77 142
 233  78 142
   9  79 142
 159  79 142
  93  82 142
 310  83 142
  38  84 142
  28  90 142
 273  90 142
 334  92 142
 325  94 142
 111  95 142
 208  96 142
 130  98 142
 257  98 142
 354  98 142
  98  99 142
 249 100 142
 108 108 142
 331 109 142
  49 110 142
 231 111 142
  70 113 142
 242 114 142
 220 115 142
  95 116 142
 309 116 142
 319 116 142
 150 118 142
  44 119 142
 348 121 142
 278 122 142
 288 123 142
 302 123 142
 131 124 142
 187 126 142
 345 131 142
 297 134 142
 105 135 142
 327 135 142
  13 137 142
 218 137 142
  42 139 142
 322 139 142
 356 140 142
  23 141 142
 341 143 142
 189 147 142
 165 150 142
 236 150 142
  30 151 142
 316 153 142
 324 153 142
 293 154 142
 345 154 142
 357 155 142
 151 156 142
  31 160 142
 334 160 142
 184 161 142
 204 162 142
 174 163 142
 233 163 142
 226 164 142
  47 171 142
 148 173 142
  39   6 143
 209   6 143
 300   7 143
 120  11 143
 225  12 143
  67  13 143
  76  14 143
 156  14 143
 301  16 143
 170  18 143
  21  20 143
  31  23 143
  83  24 143
 240  24 143
 324  26 143
 201  29 143
  60  31 143
 109  33 143
 143  33 143
 236  36 143
  40  37 143
 157  38 143
 299  39 143
 351  41 143
 332  46 143
 217  47 143
  98  48 143
 312  52 143
 246  54 143
 280  59 143
  18  60 143
 355  67 143
 147  71 143
 180  71 143
 100  73 143
 293  77 143
 350  78 143
 283  81 143
 102  83 143
  68  84 143
 351  87 143
 264  90 143
 136  91 143
 224  92 143
  37  93 143
 184  94 143
 343  95 143
 284  96 143
 152  98 143
 304 101 143
  19 103 143
  29 103 143
  93 103 143
 165 104 143
  71 106 143
  82 108 143
 211 112 143
 138 113 143
 202 113 143
 167 117 143
 231 119 143
  15 121 143
  53 122 143
 217 122 143
  40 124 143
 265 127 143
  95 129 143
 154 129 143
 251 130 143
  74 134 143
 125 135 143
  60 136 143
 267 136 143
 239 137 143
 149 138 143
 199 138 143
 229 140 143
 173 142 143
  37 143 143
 277 143 143
 351 144 143
 242 146 143
 156 148 143
 303 150 143
  22 152 143
  78 152 143
 273 154 143
 102 157 143
  53 158 143
 311 159 143
 242 160 143
 290 160 143
 355 162 143
  11 163 143
 267 163 143
   4 165 143
  82 165 143
 194 167 143
  24 171 143
 122 171 143
 176   6 144
 344   6 144
 247   8 144
 105  11 144
 200  11 144
  90  12 144
 271  12 144
 336  12 144
 352  15 144
 290  20 144
  98  21 144
 206  21 144
 335  21 144
 252  22 144
 282  23 144
   4  24 144
 274  28 144
 333  28 144
 131  29 144
  45  30 144
 161  30 144
 210  31 144
 351  31 144
 178  34 144
  78  35 144
 273  35 144
 220  38 144
  32  39 144
  49  40 144
 308  40 144
 130  41 144
 101  42 144
 264  42 144
 337  42 144
 318  47 144
  18  50 144
 288  51 144
 108  52 144
 169  52 144
 358  52 144
  48  53 144
  28  55 144
 210  55 144
  72  56 144
 219  56 144
 351  56 144
 101  57 144
 270  58 144
 144  59 144
 199  59 144
 310  59 144
  85  66 144
  27  68 144
 281  68 144
 245  70 144
  80  71 144
 274  72 144
 108  73 144
 242  76 144
 144  77 144
 179  78 144
 320  79 144
  18  81 144
 269  81 144
  60  84 144
 208  84 144
  82  86 144
 294  86 144
 359  86 144
  10  87 144
 163  88 144
 308  89 144
  94  90 144
  47  91 144
   8  94 144
 121  96 144
 193  97 144
 177  99 144
   3 100 144
 203 100 144
 334 101 144
 120 103 144
 217 103 144
 346 104 144
 258 108 144
   1 110 144
 175 114 144
 325 114 144
  28 119 144
 107 120 144
  71 121 144
 204 122 144
 335 124 144
 171 127 144
  23 130 144
 201 130 144
 311 130 144
 356 130 144
 244 131 144
 284 132 144
  92 135 144
 305 135 144
 160 139 144
  91 142 144
  56 143 144
 266 143 144
   5 144 144
 209 144 144
 334 144 144
 219 146 144
 260 148 144
 217 156 144
 339 156 144
  39 160 144
  95 160 144
 136 160 144
  66 161 144
 145 161 144
 215 163 144
 300 163 144
 163 164 144
  76 168 144
 205 170 144
 262 170 144
 298 170 144
 175 171 144
 227 172 144
 191   8 145
 286   9 145
 327   9 145
  48  10 145
 309  10 145
  57  11 145
  98  12 145
 128  12 145
 264  13 145
 146  16 145
 223  18 145
 137  19 145
 312  19 145
 165  22 145
 215  23 145
 300  23 145
 261  25 145
  97  28 145
 193  32 145
 284  34 145
  59  38 145
  88  39 145
 110  41 145
 144  41 145
 275  44 145
  24  45 145
  78  45 145
 238  45 145
  88  47 145
  11  51 145
 328  52 145
 161  53 145
 183  53 145
 226  53 145
 338  55 145
  10  59 145
  38  59 145
 290  60 145
 321  60 145
 176  61 145
 249  63 145
 265  63 145
  49  66 145
  66  66 145
 162  66 145
 133  67 145
 227  68 145
 332  68 145
 153  69 145
 186  69 145
 306  69 145
   5  70 145
 128  71 145
  25  75 145
 170  75 145
 300  76 145
 218  77 145
 124  81 145
 189  83 145
 151  86 145
 201  87 145
  77  90 145
 247  92 145
 103  93 145
 317  96 145
  69  97 145
 239  97 145
  56  98 145
 169  99 145
  48 100 145
  41 102 145
 112 103 145
 187 103 145
 235 104 145
 272 106 145
 250 108 145
  16 109 145
 183 110 145
 122 112 145
 152 112 145
 287 112 145
 300 113 145
 354 114 145
 250 116 145
 113 117 145
  79 119 145
 239 119 145
  91 120 145
 189 120 145
 138 121 145
 317 124 145
  51 128 145
 162 129 145
 140 130 145
  44 133 145
 275 133 145
 124 142 145
  78 143 145
 107 143 145
 312 144 145
  50 147 145
 250 147 145
 110 152 145
 174 154 145
 246 155 145
 301 156 145
 325 161 145
 274 162 145
 348 163 145
 155 165 145
  90 166 145
 252 167 145
 343 168 145
 113 169 145
  37 170 145
 235 171 145
 316 171 145
   0   7 146
   8   7 146
  16   7 146
 111   8 146
 165   9 146
 317   9 146
  41  14 146
 182  15 146
   8  18 146
  51  19 146
 243  19 146
 128  20 146
  37  21 146
 182  23 146
  18  25 146
 291  30 146
  13  31 146
 241  32 146
  68  33 146
 309  33 146
 170  36 146
 342  37 146
   1  41 146
 118  41 146
 256  41 146
 293  41 146
 245  44 146
 173  45 146
  61  47 146
 187  48 146
  53  49 146
 146  53 146
  87  54 146
 120  55 146
 155  56 146
 111  61 146
 335  61 146
 168  62 146
 198  66 146
 215  67 146
 318  67 146
  36  73 146
  75  75 146
 260  77 146
 342  77 146
 332  80 146
 167  82 146
  49  83 146
 138  84 146
 278  84 146
 233  85 146
 318  85 146
 118  86 146
 303  93 146
  18  95 146
 263  97 146
 277  98 146
  84  99 146
 137  99 146
 293 103 146
 312 103 146
 129 104 146
  59 107 146
 158 107 146
  28 110 146
 310 110 146
 338 110 146
  43 111 146
  57 114 146
 267 114 146
   4 119 146
 341 120 146
 294 121 146
 225 123 146
 270 123 146
 327 123 146
 101 124 146
  29 127 146
  80 128 146
 115 128 146
 219 130 146
   4 131 146
 209 131 146
 186 132 146
 333 134 146
 112 136 146
 175 136 146
  68 137 146
 293 138 146
 135 142 146
  12 143 146
 285 144 146
  31 145 146
 321 145 146
 182 146 146
 200 146 146
   0 148 146
 100 149 146
 117 149 146
 228 149 146
  87 150 146
 349 150 146
 126 151 146
  13 152 146
 197 152 146
 280 152 146
  68 154 146
 189 155 146
 259 155 146
  24 160 146
  47 160 146
 282 162 146
 320 165 146
  61 166 146
 130 166 146
 187 169 146
 212 169 146
   2 171 146
  13 171 146
 308 171 146
 136   7 147
 216   7 147
 232   7 147
  27   8 147
  78   8 147
 294   8 147
 208  12 147
 256  12 147
 344  13 147
 192  16 147
 114  17 147
 319  18 147
  65  19 147
 232  19 147
  75  20 147
 273  20 147
 157  21 147
 347  22 147
  60  23 147
 308  24 147
 115  28 147
 318  28 147
 248  29 147
   4  31 147
 259  31 147
 124  32 147
 184  32 147
 202  36 147
 230  37 147
 135  38 147
 151  39 147
 164  39 147
 211  39 147
 192  40 147
 282  40 147
 229  46 147
  72  47 147
 127  47 147
 201  47 147
 302  47 147
  38  48 147
 264  49 147
 137  50 147
 253  52 147
  64  56 147
  44  57 147
 297  57 147
  24  59 147
 240  59 147
   0  60 147
 120  63 147
 346  63 147
 101  64 147
  39  67 147
 234  67 147
  58  72 147
 115  72 147
 353  73 147
  50  75 147
  67  75 147
  89  75 147
 210  76 147
 152  79 147
   2  80 147
 107  80 147
  26  83 147
 250  83 147
 216  85 147
 327  87 147
 288  89 147
  22  90 147
  58  90 147
 230  91 147
 144  93 147
 212  93 147
  89  94 147
  31  97 147
 158  97 147
 221  97 147
 326 101 147
 286 104 147
 321 105 147
 101 106 147
 212 106 147
  89 109 147
 224 111 147
   9 112 147
  37 114 147
 192 114 147
 276 115 147
 258 116 147
 145 120 147
 248 122 147
 355 122 147
  60 123 147
 257 125 147
 194 130 147
 132 131 147
  18 133 147
 259 134 147
  82 137 147
 141 138 147
 254 138 147
 184 139 147
 144 149 147
  44 150 147
 157 155 147
 167 157 147
 119 158 147
 255 161 147
 104 165 147
 240 166 147
 334 166 147
  99 169 147
 139 169 147
  56 170 147
 274 170 147
 153 171 147
 286 171 147
 152   7 148
 240   7 148
  69   8 148
 184   8 148
 275   8 148
 352   8 148
  27  16 148
  83  18 148
 174  25 148
 137  26 148
 145  26 148
  28  27 148
  73  27 148
 228  27 148
  90  28 148
  38  29 148
 330  33 148
 321  37 148
  43  44 148
 160  45 148
 349  46 148
 341  50 148
 274  51 148
 128  56 148
 206  59 148
  57  61 148
 186  62 148
 140  63 148
 287  65 148
  18  66 148
  92  67 148
 344  70 148
 267  71 148
 327  71 148
 227  75 148
 285  76 148
 193  77 148
 308  77 148
  84  79 148
 239  81 148
 300  83 148
 341  84 148
 180  85 148
 109  89 148
 129  90 148
 171  91 148
 196  91 148
 254  92 148
 349  92 148
 358  92 148
 297  96 148
 351 101 148
 262 104 148
 195 105 148
 138 107 148
 204 107 148
  78 111 148
 167 111 148
  98 112 148
 130 112 148
 332 115 148
 161 117 148
 209 117 148
 174 120 148
 308 120 148
 125 121 148
 284 124 148
  88 125 148
 234 126 148
  69 127 148
 122 127 148
 349 129 148
 150 132 148
 230 132 148
 319 132 148
 341 132 148
  31 136 148
  99 136 148
 166 138 148
 302 140 148
  19 142 148
  63 143 148
 294 148 148
 134 149 148
 309 149 148
 209 151 148
 329 153 148
  58 154 148
 181 154 148
 223 154 148
   8 156 148
  85 157 148
 206 157 148
  77 158 148
 109 159 148
 198 160 148
  18 164 148
  29 169 148
 329 170 148
 164 171 148
  84 172 148
 355 172 148
 172   9 149
 161  13 149
 304  13 149
  16  14 149
 248  15 149
 293  16 149
 106  18 149
 327  19 149
 357  22 149
  45  23 149
 123  23 149
 200  23 149
 152  25 149
 105  26 149
 342  26 149
 296  27 149
  54  28 149
  82  28 149
 216  30 149
  25  33 149
 348  35 149
 101  36 149
 268  37 149
  11  39 149
 179  41 149
 220  44 149
 357  45 149
 152  47 149
 212  47 149
 291  47 149
 312  47 149
 111  48 149
 195  50 149
  32  51 149
 282  51 149
 176  54 149
 322  54 149
  78  56 149
 191  57 149
 226  60 149
 217  61 149
 152  62 149
  74  63 149
 256  64 149
 273  65 149
 298  65 149
 310  65 149
 205  66 149
  11  67 149
 174  71 149
 161  72 149
 198  73 149
 136  75 149
 252  75 149
  97  76 149
  33  78 149
 129  78 149
  75  82 149
  13  83 149
  42  83 149
  97  84 149
 258  84 149
 267  86 149
  35  87 149
  67  88 149
 336  89 149
 276  90 149
 180  95 149
  75  96 149
 338  98 149
  63  99 149
 102  99 149
 252 100 149
  10 101 149
 145 101 149
 228 105 149
 242 105 149
 301 105 149
 279 106 149
  49 107 149
 172 107 149
  67 108 149
 112 110 149
 345 110 149
 238 112 149
 318 112 149
 217 115 149
  18 117 149
 182 119 149
 154 120 149
 197 123 149
  35 124 149
 303 127 149
   9 128 149
 293 128 149
  59 130 149
 178 130 149
  38 134 149
  52 135 149
   0 137 149
 203 137 149
 244 137 149
 312 137 149
 350 137 149
 216 139 149
 327 140 149
 342 140 149
 155 141 149
 235 141 149
 272 143 149
 149 145 149
  72 146 149
 164 146 149
 341 148 149
 267 150 149
  26 151 149
 319 151 149
  95 152 149
 287 152 149
  38 153 149
 237 154 149
   0 155 149
 349 157 149
 232 158 149
 177 162 149
 189 162 149
 221 163 149
 308 163 149
 118 165 149
 291 166 149
  42 167 149
  69 168 149
 127 171 149
 181 171 149
 220 171 149
 196 173 149
  88   6 150
 120   6 150
 128   6 150
 144   6 150
 200   6 150
 224   6 150
 264   6 150
 336   6 150
  34   7 150
  61   8 150
 119  14 150
 216  14 150
 284  14 150
   0  15 150
 333  15 150
  90  17 150
 173  17 150
 278  17 150
 264  19 150
 189  22 150
 165  28 150
 268  28 150
 355  29 150
 153  33 150
  51  34 150
  35  35 150
 299  36 150
  93  37 150
  20  38 150
  65  38 150
 248  39 150
  81  41 150
 315  41 150
 330  41 150
  29  42 150
  94  46 150
 119  48 150
 238  51 150
 103  52 150
  94  54 150
 261  54 150
 302  54 150
 310  54 150
 233  59 150
 277  60 150
 353  62 150
 141  71 150
 359  71 150
 184  74 150
 293  74 150
 314  74 150
  12  75 150
 323  76 150
 113  78 150
 159  79 150
 350  81 150
 225  82 150
 144  83 150
 311  86 150
 158  88 150
 188  92 150
 241  92 150
 324  93 150
 205  94 150
 268  94 150
  41  96 150
 126  96 150
 311  96 150
 116  97 150
 228  97 150
 358 100 150
  25 102 150
  35 106 150
 293 112 150
  23 113 150
 199 114 150
  64 115 150
 283 115 150
  51 116 150
  11 120 150
  45 120 150
 134 124 150
 210 125 150
 244 126 150
 278 127 150
 324 128 150
 265 131 150
 104 132 150
 122 135 150
 282 136 150
 194 137 150
 223 138 150
  47 140 150
 173 146 150
 334 149 150
 150 157 150
 316 157 150
 126 158 150
 267 158 150
  31 160 150
 337 160 150
 246 161 150
  72 162 150
 358 162 150
 263 163 150
 142 164 150
 229 164 150
 169 165 150
 249 171 150
 268 172 150
  21 173 150
  51 173 150
  92 173 150
 259 173 150
 323 173 150
  95   5 151
 103   5 151
 207   5 151
 247   5 151
 255   5 151
 303   5 151
  41   6 151
 321   6 151
  51   7 151
 197  12 151
 223  13 151
 137  14 151
 151  14 151
 236  15 151
  98  17 151
 206  18 151
 287  23 151
   7  24 151
 240  24 151
 252  25 151
 280  26 151
 337  30 151
 207  31 151
 174  32 151
 277  32 151
 112  34 151
 139  34 151
 236  34 151
  44  37 151
 121  37 151
 223  38 151
 260  38 151
 340  42 151
  53  43 151
   8  45 151
 141  45 151
 324  45 151
  19  46 151
 168  47 151
 245  50 151
 333  50 151
  68  51 151
   5  52 151
  17  53 151
 167  55 151
  31  59 151
 126  62 151
 329  62 151
 108  65 151
 241  66 151
  30  67 151
  83  68 151
 148  69 151
 100  70 151
 121  70 151
 233  73 151
  19  74 151
 335  74 151
  43  75 151
 276  76 151
  58  79 151
 206  80 151
   3  87 151
  90  87 151
 134  87 151
  50  90 151
 151  91 151
  11  94 151
 285  94 151
 174  99 151
 197  99 151
 152 100 151
  91 102 151
  72 103 151
  81 105 151
 183 105 151
 118 106 151
 146 109 151
 354 109 151
  86 114 151
 106 114 151
 138 114 151
 232 115 151
  73 117 151
  95 117 151
 313 117 151
 346 118 151
 107 123 151
 169 123 151
 217 123 151
 264 123 151
 338 124 151
  20 126 151
  44 127 151
 153 127 151
 168 131 151
  87 132 151
 287 132 151
  74 136 151
  25 139 151
  94 140 151
  39 142 151
 112 142 151
  88 144 151
 192 144 151
 212 144 151
 253 144 151
 103 145 151
 244 145 151
 299 145 151
 351 145 151
  56 146 151
   6 148 151
  18 150 151
 251 153 151
 305 154 151
 276 155 151
  51 156 151
 133 156 151
 142 156 151
 296 156 151
   7 163 151
 298 165 151
 200 168 151
 110 172 151
 230 172 151
 341 172 151
 158   5 152
 280   5 152
 311   5 152
 328   5 152
 343   5 152
   6  11 152
 312  13 152
  33  14 152
 351  14 152
  58  15 152
 128  15 152
 256  18 152
 301  18 152
 218  23 152
  97  25 152
 322  25 152
 131  27 152
 303  27 152
 188  29 152
 197  29 152
 313  31 152
 160  32 152
 288  33 152
  85  36 152
 196  37 152
 184  38 152
 130  40 152
 276  40 152
  74  42 152
 102  44 152
 179  48 152
  82  49 152
  49  51 152
 220  51 152
 208  52 152
 356  52 152
 133  53 152
 290  54 152
 112  56 152
 143  56 152
 160  56 152
 199  58 152
 246  58 152
  86  59 152
 339  59 152
 318  61 152
  41  62 152
  51  62 152
  64  62 152
 174  63 152
 165  65 152
 249  67 152
  72  69 152
 213  71 152
 260  72 152
 300  73 152
 241  74 152
 121  78 152
 169  78 152
 268  79 152
  67  81 152
 185  82 152
 292  82 152
  20  83 152
 200  83 152
 246  87 152
  83  88 152
  28  90 152
 107  95 152
 344  95 152
 165  96 152
  49  97 152
 236  97 152
 305  99 152
 214 100 152
 332 100 152
 268 102 152
  18 103 152
 161 104 152
 153 108 152
 253 108 152
 331 108 152
   2 109 152
  13 109 152
 269 110 152
 180 111 152
 246 113 152
  32 116 152
 326 116 152
 117 118 152
 225 118 152
 358 118 152
 301 119 152
  94 124 152
 142 124 152
 186 127 152
 311 128 152
 332 128 152
 355 128 152
 272 130 152
 143 133 152
 301 133 152
   9 136 152
 130 136 152
 158 136 152
 277 140 152
 334 140 152
 119 141 152
 261 141 152
  81 146 152
 231 146 152
 222 147 152
 157 149 152
 188 149 152
 112 150 152
 243 152 152
 171 154 152
 217 155 152
  92 157 152
 285 158 152
 326 158 152
 159 162 152
 213 163 152
  84 164 152
 278 164 152
 206 165 152
 346 165 152
   7 171 152
  77 171 152
 238 171 152
 313 171 152
 118 172 152
  37 173 152
   6   3 153
  14   3 153
  22   3 153
  78   3 153
 110   3 153
 174   3 153
 190   3 153
 294   3 153
 358   3 153
 288   6 153
 111  11 153
  76  12 153
 320  13 153
  47  14 153
  69  14 153
 268  14 153
 179  15 153
 340  15 153
 146  18 153
  13  19 153
  23  20 153
 162  20 153
 310  20 153
  33  22 153
 114  22 153
 232  24 153
  66  25 153
  16  28 153
  61  29 153
 225  31 153
  73  33 153
 146  33 153
   2  36 153
 306  36 153
 169  39 153
  59  40 153
 109  40 153
 235  42 153
 297  42 153
 256  44 153
 268  44 153
 227  50 153
  59  51 153
 149  52 153
 348  52 153
 269  54 153
  13  58 153
 283  58 153
   5  60 153
 261  61 153
 134  63 153
 193  65 153
 183  66 153
 225  66 153
   5  68 153
  60  68 153
 281  68 153
  49  69 153
 306  69 153
 220  70 153
  25  71 153
 356  79 153
 216  80 153
  51  81 153
 233  81 153
 284  82 153
 318  82 153
 103  83 153
 112  85 153
 121  86 153
 174  87 153
 212  88 153
 223  88 153
  74  89 153
 300  89 153
  17  91 153
 260  92 153
  64  93 153
 317  94 153
 137  96 153
 280  98 153
 188  99 153
 245 100 153
 293 100 153
  58 102 153
 124 102 153
 206 102 153
  41 103 153
 235 104 153
 218 109 153
 262 111 153
 300 111 153
 124 114 153
 189 117 153
  81 118 153
 270 118 153
 291 118 153
 255 119 153
  26 121 153
  74 125 153
   2 127 153
 253 127 153
 204 129 153
 113 131 153
 223 131 153
 186 135 153
  65 137 153
 319 138 153
 174 139 153
 290 141 153
 139 142 153
 309 142 153
 128 143 153
 202 143 153
 326 146 153
 120 149 153
  65 150 153
 200 150 153
 259 152 153
 102 153 153
  14 156 153
 342 156 153
  44 160 153
  64 160 153
  57 164 153
 134 164 153
 149 164 153
 315 164 153
 323 164 153
  92 165 153
 158 171 153
 134 172 153
 147 172 153
  67   2 154
 235   2 154
 133   3 154
 165   3 154
 213   3 154
 269   3 154
  20  11 154
 166  11 154
 189  12 154
 244  18 154
  55  21 154
  79  21 154
 137  21 154
 350  21 154
 334  22 154
 180  23 154
 272  23 154
  42  27 154
 260  27 154
   7  31 154
 242  32 154
 251  32 154
 321  32 154
 354  35 154
 215  36 154
 206  38 154
 285  39 154
 160  40 154
 346  40 154
 146  41 154
  36  42 154
 243  42 154
 195  44 154
 186  46 154
 251  48 154
  38  51 154
 328  54 154
 119  55 154
 300  60 154
  22  61 154
  94  61 154
 211  63 154
 292  65 154
 337  66 154
 346  66 154
 317  68 154
 128  70 154
 202  70 154
 343  75 154
   6  77 154
  78  77 154
 148  77 154
  89  78 154
 331  79 154
  27  80 154
 250  80 154
 261  80 154
 136  81 154
 193  84 154
 277  84 154
 327  84 154
 165  86 154
 347  86 154
  42  89 154
 142  89 154
 292  90 154
  98  91 154
   4  95 154
  82  95 154
  93  95 154
 257  98 154
 133 102 154
 318 102 154
 109 103 154
 345 103 154
 312 106 154
 191 108 154
  56 109 154
 339 110 154
 209 111 154
  42 112 154
 162 112 154
 173 114 154
 146 116 154
  59 118 154
 243 119 154
 278 119 154
 321 120 154
 161 122 154
  53 124 154
 116 125 154
 193 126 154
 227 126 154
  63 127 154
 127 127 154
  28 130 154
 239 130 154
  94 132 154
  80 133 154
 250 133 154
  16 135 154
 295 136 154
 357 141 154
  33 144 154
  47 147 154
 180 147 154
 279 148 154
 349 151 154
  78 152 154
 163 157 154
  23 158 154
 114 158 154
 192 158 154
 181 159 154
 101 161 154
 239 161 154
 123 163 154
 254 164 154
 110 165 154
 271 166 154
 354 166 154
 187 167 154
 102 169 154
  65 171 154
 214 171 154
 289 171 154
 148   3 155
 182   4 155
 350   4 155
 230   6 155
  85  10 155
 141  10 155
 243  10 155
 102  11 155
 206  11 155
 260  12 155
  41  17 155
  87  21 155
 170  21 155
 293  21 155
 155  22 155
  73  24 155
 211  25 155
  25  28 155
 122  28 155
 330  29 155
  88  30 155
 104  32 155
 117  41 155
 305  43 155
 155  44 155
 203  44 155
  25  45 155
 126  45 155
  88  46 155
 318  48 155
  74  49 155
 276  49 155
 201  52 155
  24  53 155
 341  53 155
 182  56 155
 252  56 155
 101  57 155
 238  57 155
  69  58 155
 220  58 155
 308  59 155
  78  61 155
 157  62 155
 120  63 155
 232  65 155
  36  66 155
  89  67 155
 269  67 155
 326  67 155
 154  68 155
 107  71 155
 191  72 155
  35  74 155
  68  74 155
 176  77 155
 300  80 155
   9  86 155
 339  86 155
 355  87 155
 231  88 155
 333  92 155
 119  93 155
 220  94 155
 353  94 155
  25  96 155
 158  96 155
 325 100 155
   5 103 155
  99 103 155
 222 103 155
 288 104 155
 199 107 155
  30 108 155
  89 108 155
 131 109 155
 276 109 155
  73 110 155
 285 110 155
 307 110 155
 350 114 155
 336 116 155
 206 117 155
 134 118 155
   6 122 155
 233 122 155
 177 123 155
 287 123 155
 101 124 155
 345 124 155
 317 125 155
 161 130 155
 215 131 155
 344 132 155
  43 133 155
  56 133 155
 136 133 155
 234 134 155
 261 134 155
 324 134 155
 151 136 155
 103 138 155
 182 140 155
   5 141 155
 166 141 155
  22 145 155
 285 145 155
 318 145 155
 269 146 155
 137 149 155
 146 149 155
   0 150 155
  41 150 155
  31 151 155
 209 154 155
  73 156 155
 226 157 155
  14 164 155
 334 164 155
  23 166 155
 305 166 155
  51 167 155
 176 167 155
 166 169 155
 297 171 155
 333 172 155
  55   4 156
  12  10 156
  93  10 156
 155  10 156
 276  10 156
 300  10 156
 327  11 156
 294  13 156
 230  15 156
 197  18 156
 221  18 156
 120  19 156
 358  19 156
 105  21 156
 342  23 156
  49  24 156
 146  25 156
 112  28 156
  33  29 156
 292  29 156
 179  30 156
  96  31 156
  55  32 156
 344  32 156
 268  33 156
 131  34 156
  23  35 156
  15  37 156
 318  38 156
 333  38 156
   0  43 156
  44  43 156
 214  43 156
 229  44 156
 283  46 156
 135  47 156
 295  48 156
 126  53 156
 173  54 156
 191  54 156
  56  57 156
 322  57 156
 355  58 156
 140  61 156
 273  62 156
  13  65 156
 354  67 156
 115  70 156
 136  71 156
 164  71 156
 288  74 156
 308  77 156
 240  80 156
  35  82 156
 156  82 156
  45  83 156
  63  85 156
 181  86 156
 271  87 156
 307  88 156
  56  89 156
 129  89 156
  35  90 156
 193  92 156
 247  94 156
 177  95 156
  72  96 156
  33  97 156
 145  98 156
 273  98 156
 352 102 156
  48 103 156
  66 103 156
 170 103 156
 325 109 156
  64 110 156
  98 111 156
 116 111 156
   9 114 156
 153 115 156
 196 117 156
 307 118 156
  40 119 156
 298 124 156
  81 125 156
  34 127 156
 174 129 156
 307 132 156
 352 133 156
 198 134 156
 337 135 156
 210 136 156
  52 138 156
 229 138 156
 146 141 156
  61 142 156
  73 142 156
 159 143 156
 342 144 156
 237 145 156
  95 147 156
 306 148 156
 294 149 156
 128 150 156
 315 151 156
  55 152 156
 230 152 156
 267 153 156
 332 153 156
 154 155 156
 357 156 156
   7 157 156
 199 157 156
  86 158 156
 257 158 156
 292 159 156
  36 160 156
  31 165 156
  78 165 156
 221 166 156
 263 168 156
  42 170 156
 244 170 156
 124 171 156
 279 171 156
  14 172 156
  85 172 156
 207 172 156
 254 172 156
 347 172 156
  29   4 157
  45   4 157
 122   4 157
 260   4 157
 221   6 157
  38   9 157
 117   9 157
 131   9 157
 172   9 157
 252   9 157
 213  10 157
 358  10 157
 285  11 157
   5  17 157
  65  18 157
 187  18 157
 282  18 157
 317  19 157
 326  19 157
 264  22 157
 202  26 157
 357  27 157
 168  28 157
 138  29 157
 231  30 157
  48  34 157
  67  35 157
 188  35 157
 175  37 157
  92  40 157
  10  41 157
 327  41 157
  66  45 157
 109  47 157
  98  48 157
 163  48 157
 240  49 157
   9  50 157
 304  50 157
 261  51 157
 312  51 157
  32  53 157
  88  54 157
  46  55 157
 227  57 157
 109  60 157
 167  60 157
 204  64 157
 253  64 157
 172  68 157
  78  69 157
 245  71 157
  14  73 157
  57  73 157
  97  73 157
 254  73 157
 228  74 157
 280  74 157
 271  75 157
 126  76 157
 159  76 157
 199  76 157
 319  76 157
 187  77 157
 221  77 157
 106  78 157
 142  79 157
  74  82 157
  85  83 157
 150  85 157
 314  86 157
 239  88 157
 205  89 157
 323  89 157
 109  90 157
 298  97 157
 114  99 157
 141 104 157
 178 104 157
 242 105 157
 263 105 157
 230 107 157
  23 109 157
 107 109 157
  81 110 157
  49 111 157
 319 112 157
  18 115 157
 217 115 157
 261 117 157
 181 118 157
  67 119 157
 332 121 157
  15 122 157
 355 122 157
 260 126 157
 281 127 157
  71 130 157
  21 131 157
 107 132 157
 122 132 157
   1 133 157
 269 134 157
  35 136 157
  88 137 157
 245 137 157
 219 139 157
 194 140 157
 347 140 157
  14 142 157
 258 145 157
 332 145 157
 249 146 157
  88 149 157
 173 149 157
 217 149 157
 301 156 157
 311 156 157
 139 159 157
   2 164 157
 233 164 157
  70 166 157
 194 166 157
 140 171 157
   1 172 157
  30 173 157
 326 173 157
 197   4 158
 306   4 158
 316   4 158
 333   4 158
  63   6 158
 341   9 158
  26  10 158
  52  11 158
 237  12 158
 250  16 158
  92  17 158
 212  18 158
 128  20 158
 238  20 158
 305  23 158
 246  25 158
 283  26 158
 315  26 158
 154  29 158
  80  30 158
 300  30 158
 218  31 158
 280  32 158
 258  33 158
 124  36 158
 139  37 158
  79  38 158
 248  38 158
 101  39 158
 312  41 158
 221  42 158
 261  42 158
 353  44 158
 340  45 158
  52  46 158
 171  46 158
 117  48 158
 211  49 158
   1  51 158
 155  51 158
 276  56 158
 212  57 158
 149  58 158
 348  59 158
 285  65 158
 299  66 158
 262  68 158
 143  69 158
  44  71 158
 350  73 158
 209  74 158
 359  75 158
 114  77 158
 337  78 158
  13  81 158
  96  82 158
 257  84 158
 251  87 158
  21  88 158
 284  88 158
 160  90 158
 265  90 158
 149  93 158
 169  93 158
  52  94 158
 228  94 158
 201  95 158
 213  95 158
  15  96 158
 127  96 158
 308  96 158
 337 100 158
  80 101 158
  12 102 158
 252 102 158
 155 103 158
  36 105 158
 121 106 158
 166 108 158
 139 111 158
 239 111 158
 250 111 158
 294 111 158
 358 111 158
 225 112 158
  90 116 158
 106 117 158
 168 118 158
 122 119 158
 152 122 158
  88 123 158
 204 123 158
 213 123 158
 132 124 158
 268 124 158
 242 125 158
  47 126 158
 325 127 158
 147 128 158
 294 129 158
   9 130 158
 278 133 158
 302 138 158
  79 139 158
  97 140 158
 114 140 158
 208 143 158
 107 146 158
  69 147 158
 192 147 158
  11 148 158
 164 151 158
 324 152 158
 238 153 158
 118 154 158
 184 154 158
 249 155 158
 279 155 158
  48 156 158
 145 156 158
 127 157 158
 349 158 158
 170 159 158
 207 160 158
 265 160 158
 339 160 158
 246 161 158
 284 163 158
 155 164 158
  92 171 158
  59 172 158
 184 172 158
 233 172 158
 318 172 158
  22 173 158
 174 173 158
 271 173 158
 222 174 158
 309 174 158
  74   5 159
 103   5 159
   3   6 159
 147   9 159
 268   9 159
 180  10 159
 194  10 159
 349  10 159
 314  11 159
 308  14 159
 335  14 159
  81  15 159
 109  15 159
 138  15 159
 163  15 159
 203  16 159
  18  17 159
  33  17 159
 174  17 159
 273  17 159
  11  24 159
 194  24 159
 100  25 159
 350  28 159
 309  31 159
 163  32 159
 194  32 159
 209  32 159
 337  32 159
  30  35 159
  40  35 159
 111  35 159
 151  36 159
 226  36 159
 238  36 159
 291  36 159
 271  41 159
  31  44 159
  18  45 159
 143  45 159
 179  45 159
  79  46 159
 324  47 159
 333  48 159
 268  49 159
  17  53 159
 283  53 159
 293  54 159
  80  55 159
 335  57 159
  40  58 159
 265  59 159
  28  60 159
 125  60 159
 189  60 159
 179  61 159
 245  61 159
 315  61 159
 330  62 159
  48  63 159
  62  64 159
 101  64 159
 219  64 159
 238  64 159
  70  65 159
 309  66 159
  28  68 159
 180  69 159
 235  72 159
 294  72 159
 151  73 159
 325  73 159
  22  74 159
 167  80 159
 207  81 159
 349  81 159
 123  82 159
 289  82 159
   0  84 159
 216  85 159
 135  87 159
  86  91 159
 345  92 159
 279  93 159
 184  94 159
 104  95 159
 238  95 159
  42  96 159
 288  96 159
 329  96 159
 263  97 159
 193  99 159
  88 100 159
  24 102 159
 185 102 159
 211 102 159
 281 103 159
 305 103 159
  74 104 159
 297 105 159
 332 105 159
 149 106 159
 185 110 159
 269 113 159
 282 115 159
  29 116 159
 234 116 159
 313 116 159
 343 116 159
  74 117 159
  47 118 159
 114 118 159
 249 119 159
 141 120 159
  23 124 159
 305 124 159
 110 125 159
  97 128 159
 167 129 159
 183 129 159
 314 131 159
 155 132 159
 288 133 159
  28 137 159
 256 137 159
 331 137 159
 130 139 159
  43 140 159
 122 140 159
 273 142 159
 295 142 159
 227 144 159
 153 147 159
 353 147 159
 340 150 159
  20 151 159
 285 152 159
  63 154 159
 107 154 159
  95 155 159
  28 156 159
 216 158 159
 321 158 159
  59 160 159
 273 160 159
  96 163 159
 310 163 159
 116 165 159
 201 165 159
 328 165 159
 130 166 159
 145 166 159
 109 171 159
 153 171 159
 339 171 159
  50 173 159
 192 173 159
 200 173 159
  72 174 159
 158   5 160
  17   6 160
 291   6 160
  71  11 160
 125  12 160
  47  17 160
 149  17 160
 344  17 160
  58  18 160
  26  19 160
 228  21 160
 257  22 160
 185  24 160
 219  24 160
 324  25 160
   4  26 160
  56  26 160
  64  27 160
 237  27 160
  19  28 160
 271  28 160
   4  34 160
 182  37 160
 299  37 160
 277  38 160
  55  40 160
 190  43 160
  40  47 160
 246  47 160
  60  48 160
 348  48 160
 220  49 160
 231  51 160
 132  52 160
  71  53 160
 141  53 160
 113  55 160
 198  56 160
   8  57 160
   2  61 160
  17  61 160
 197  64 160
 212  68 160
   2  69 160
 342  69 160
 334  70 160
  86  71 160
 133  76 160
 263  76 160
  51  77 160
  65  78 160
 197  82 160
 187  84 160
 297  84 160
 332  84 160
  27  85 160
 115  85 160
 224  85 160
  70  87 160
  93  88 160
   7  91 160
 359  94 160
  62  95 160
 317  97 160
  54 102 160
 359 102 160
 202 103 160
 270 104 160
 343 107 160
 258 109 160
 175 110 160
 157 111 160
 127 113 160
  55 120 160
 189 120 160
 225 120 160
 274 121 160
 197 124 160
 221 126 160
 340 126 160
 250 127 160
  59 129 160
 140 129 160
 191 130 160
  67 135 160
 174 136 160
 285 139 160
 310 139 160
 265 140 160
 323 140 160
  51 144 160
   2 145 160
 201 146 160
  80 147 160
  38 154 160
  18 158 160
  80 159 160
 161 161 160
 178 162 160
 186 162 160
 299 162 160
  43 163 160
 318 164 160
 347 165 160
 214 166 160
 161 171 160
 354 172 160
  37 173 160
 100 173 160
 117 173 160
 131 174 160
 261 174 160
 286 174 160
   9 175 160
  80 175 160
 241 175 160
  87   6 161
  96   6 161
 136   6 161
 206   6 161
 223  13 161
  99  15 161
 265  15 161
 157  18 161
 352  18 161
  72  19 161
  41  22 161
 115  22 161
  83  23 161
  92  24 161
 127  27 161
  72  29 161
 202  33 161
 325  33 161
 350  36 161
  61  37 161
 132  40 161
 163  40 161
 196  40 161
 206  41 161
 234  41 161
  71  42 161
 288  42 161
 150  43 161
 253  45 161
 204  49 161
  93  51 161
 105  51 161
 255  53 161
 301  55 161
  62  56 161
 160  58 161
 133  60 161
 289  60 161
  87  61 161
 227  64 161
 148  65 161
 187  67 161
 120  68 161
 274  68 161
  73  73 161
 312  74 161
 171  75 161
  30  76 161
  40  76 161
 302  76 161
 245  78 161
 234  80 161
 278  80 161
   6  81 161
 175  85 161
 142  86 161
  45  89 161
  78  89 161
 351  89 161
 338  93 161
 134  95 161
 253  95 161
  97  96 161
 163  98 161
 121  99 161
 224  99 161
 345 100 161
 233 101 161
 313 103 161
 129 104 161
  43 105 161
 194 107 161
   8 108 161
 204 111 161
  35 112 161
  56 112 161
 303 112 161
 331 113 161
 290 116 161
   5 117 161
  98 117 161
 325 118 161
 161 119 161
  36 122 161
  63 123 161
   2 124 161
  74 125 161
 350 125 161
 231 127 161
 333 128 161
  87 130 161
 204 130 161
 129 131 161
 114 133 161
 222 134 161
 163 135 161
 185 137 161
  19 138 161
 137 138 161
 236 139 161
 171 142 161
  36 143 161
  27 144 161
 180 144 161
 141 146 161
 119 147 161
 132 147 161
 224 151 161
 256 151 161
 191 154 161
 103 159 161
 331 159 161
 224 161 161
  53 163 161
   9 164 161
 257 164 161
 292 165 161
 169 166 161
 147 174 161
 214 174 161
 294 174 161
 302 174 161
 239   6 162
 278   6 162
 326   6 162
 186   7 162
 227   7 162
 111   8 162
 166   8 162
  58   9 162
 258   9 162
 321  11 162
   8  13 162
 299  15 162
 290  16 162
 244  18 162
 332  20 162
 135  21 162
 297  22 162
 208  23 162
 288  23 162
 172  24 162
  35  25 162
  28  27 162
  50  29 162
 144  29 162
 263  29 162
 117  30 162
  11  32 162
  91  32 162
 250  32 162
 317  33 162
 358  37 162
  20  38 162
  86  39 162
 119  39 162
 342  39 162
 108  41 162
   5  43 162
 296  43 162
 308  45 162
 278  46 162
 124  47 162
  26  49 162
 187  49 162
  48  50 162
 318  51 162
 177  52 162
 168  53 162
 245  54 162
  94  59 162
 206  59 162
  75  61 162
 257  61 162
 323  62 162
 343  62 162
  36  63 162
 156  65 162
 109  66 162
 164  66 162
   9  67 162
  56  67 162
 130  67 162
 317  69 162
 202  72 162
  81  76 162
 179  76 162
  89  79 162
 324  81 162
 103  82 162
 270  82 162
  58  83 162
 161  83 162
  50  84 162
 343  84 162
 243  85 162
  13  88 162
 123  89 162
 291  90 162
 300  92 162
  28  93 162
 272  93 162
 245 100 162
 104 102 162
 218 102 162
 324 103 162
  96 104 162
 112 104 162
  62 105 162
 351 107 162
  86 108 162
  17 109 162
 211 109 162
 146 112 162
 354 115 162
  81 116 162
 175 118 162
 298 118 162
 256 119 162
 284 123 162
 312 123 162
 119 125 162
 159 126 162
  30 129 162
  42 129 162
 301 129 162
 239 130 162
 212 131 162
 321 131 162
  80 132 162
 347 132 162
  50 133 162
 103 135 162
 147 135 162
  58 136 162
 357 136 162
   7 137 162
 214 141 162
 251 141 162
  86 142 162
 164 144 162
 281 144 162
 243 145 162
  59 146 162
 100 147 162
 289 147 162
  44 148 162
 265 148 162
 328 148 162
 273 149 162
 300 149 162
 209 150 162
 347 150 162
 149 152 162
   0 153 162
  70 154 162
 133 155 162
 231 157 162
 239 160 162
 121 161 162
  73 162 162
  26 163 162
  88 163 162
 136 163 162
 356 163 162
  36 165 162
  17 166 162
  64 167 162
 273 167 162
 248 168 162
 226 169 162
 215   6 163
 247   6 163
  42   7 163
 300   7 163
  32   9 163
 118  14 163
   0  15 163
 190  15 163
 216  15 163
 233  15 163
 143  21 163
 199  21 163
 310  21 163
 108  23 163
 276  24 163
 163  25 163
 340  25 163
 226  29 163
 182  30 163
 100  32 163
 173  32 163
 216  36 163
 306  36 163
 264  37 163
  47  39 163
 170  39 163
 318  41 163
 332  41 163
  97  42 163
 158  45 163
 287  49 163
 149  50 163
 340  51 163
 355  53 163
 120  54 163
 216  54 163
 309  54 163
 326  54 163
 238  56 163
 270  56 163
 101  57 163
  51  58 163
 172  61 163
 355  61 163
 277  62 163
  94  67 163
 250  67 163
 351  67 163
  17  68 163
 282  70 163
  65  71 163
 102  71 163
 220  71 163
 139  73 163
 162  73 163
 194  73 163
   9  75 163
 119  75 163
 342  76 163
 147  77 163
 215  77 163
 252  77 163
  17  78 163
 226  78 163
 355  78 163
 310  81 163
  34  85 163
 232  87 163
 210  88 163
 194  89 163
 311  89 163
 328  89 163
 153  90 163
 258  90 163
 221  91 163
 114  92 163
 141  93 163
  20  94 163
  69  94 163
 207  95 163
 175  97 163
 351  97 163
   6  99 163
  36  99 163
 149  99 163
 136 103 163
 288 103 163
  70 108 163
 278 108 163
 310 109 163
 102 111 163
 119 111 163
 219 111 163
  64 113 163
 134 113 163
 192 114 163
  12 116 163
 200 117 163
 212 117 163
 242 117 163
 319 121 163
  11 124 163
 171 124 163
 102 125 163
 265 128 163
 258 130 163
 247 133 163
 340 134 163
 295 135 163
 201 136 163
 155 139 163
 338 141 163
 305 144 163
 317 144 163
 234 146 163
 112 151 163
 178 151 163
 311 151 163
   8 152 163
  52 152 163
 170 152 163
 198 152 163
  86 153 163
 158 153 163
 295 154 163
 336 154 163
 306 156 163
 265 166 163
  81 167 163
 281 167 163
 306 167 163
 177 169 163
 331 172 163
 119   6 164
 127   6 164
 151   6 164
 174   7 164
 353   7 164
  80   8 164
 200   9 164
  22  12 164
 142  12 164
 275  12 164
  40  14 164
  65  14 164
  87  14 164
 208  14 164
 255  15 164
 180  16 164
 320  18 164
  14  20 164
 151  24 164
 251  24 164
 331  27 164
 135  29 164
 295  29 164
  42  30 164
 287  30 164
 242  33 164
 156  34 164
 144  37 164
  36  38 164
 256  39 164
  13  40 164
 226  42 164
 214  43 164
 358  45 164
  85  46 164
 261  47 164
  12  48 164
 196  48 164
  34  50 164
 231  58 164
 140  60 164
 296  60 164
 336  63 164
 265  65 164
  44  66 164
 304  68 164
 241  70 164
 258  70 164
 268  73 164
  95  75 164
 290  75 164
 331  76 164
 109  77 164
 128  79 164
 190  79 164
 260  81 164
  78  82 164
 318  84 164
 278  87 164
 100  88 164
 168  88 164
 183  88 164
  55  91 164
 242  92 164
 320  92 164
  77  96 164
  48  97 164
 295  98 164
  17 101 164
 259 101 164
  30 103 164
 170 103 164
 160 104 164
 225 107 164
 242 108 164
  26 109 164
 233 109 164
 319 109 164
 337 110 164
 110 111 164
  42 112 164
 164 112 164
 182 114 164
 263 115 164
 276 115 164
  22 116 164
 153 117 164
 338 118 164
 127 120 164
  43 121 164
  92 121 164
 135 121 164
 147 121 164
 183 122 164
 235 122 164
  51 124 164
  81 124 164
 292 124 164
  19 127 164
 273 128 164
 358 129 164
 281 130 164
 177 131 164
  73 133 164
  95 133 164
  37 134 164
 229 134 164
 124 135 164
 272 136 164
 192 137 164
 350 140 164
  65 141 164
  73 141 164
 109 142 164
 146 142 164
  14 145 164
  93 148 164
  76 151 164
  31 152 164
 217 152 164
 140 153 164
 243 153 164
 264 155 164
 344 156 164
 284 158 164
 112 159 164
 154 159 164
 147 161 164
 193 162 164
 207 165 164
 338 165 164
 102 166 164
 236 166 164
   3 168 164
 122 169 164
  25 170 164
  43 170 164
 323 170 164
 136 171 164
 345 171 164
  14 172 164
 206 173 164
 311   6 165
 343   6 165
  11   7 165
  50   7 165
 335   7 165
 286   8 165
 103  10 165
 159  11 165
 133  13 165
  52  15 165
 168  16 165
 283  16 165
 125  20 165
 263  21 165
  66  22 165
 347  23 165
 358  23 165
  77  25 165
 242  25 165
 318  25 165
 304  26 165
 191  27 165
 215  28 165
 107  30 165
 234  32 165
 277  32 165
  24  33 165
  66  33 165
  79  33 165
 125  33 165
 270  34 165
 189  35 165
  77  40 165
 241  41 165
  64  44 165
 115  45 165
 138  45 165
 168  46 165
 271  46 165
 236  48 165
  75  49 165
  55  50 165
 295  50 165
   5  51 165
  42  53 165
 277  53 165
  22  54 165
  85  54 165
 348  54 165
  30  56 165
 184  56 165
 192  56 165
 152  58 165
 109  59 165
 117  61 165
 214  61 165
 306  61 165
  23  62 165
  82  65 165
 203  65 165
 288  67 165
 296  68 165
  33  69 165
 173  69 165
 228  71 165
  56  74 165
 156  76 165
  25  79 165
 202  79 165
 154  83 165
 303  83 165
 251  84 165
 285  84 165
  86  85 165
 356  86 165
 130  87 165
 202  87 165
 231  94 165
  90  95 165
 189  95 165
 197  97 165
 268  98 165
 279  98 165
 306  98 165
 334  98 165
 143 102 165
  79 104 165
 180 104 165
 252 105 165
  50 106 165
   0 108 165
 265 108 165
 346 113 165
  50 114 165
 249 114 165
 227 115 165
 109 119 165
 207 122 165
 308 129 165
 328 131 165
  12 132 165
 315 136 165
  93 140 165
 117 140 165
 221 141 165
 329 141 165
 259 142 165
 187 144 165
 125 145 165
  22 147 165
 319 152 165
 124 153 165
  44 155 165
 206 156 165
 253 156 165
 276 157 165
 166 158 165
  64 159 165
 128 161 165
 219 164 165
 110 166 165
 155 167 165
 184 167 165
  50 168 165
  95 168 165
 314 168 165
  72 169 165
 195 170 165
  88 172 165
 167 172 165
 255 172 165
   0   6 166
  63   6 166
  71   6 166
 263   6 166
  93  11 166
 247  13 166
 328  13 166
  76  14 166
 311  14 166
 339  15 166
  30  17 166
  21  19 166
  94  19 166
 223  19 166
   6  21 166
  47  22 166
 233  22 166
 204  28 166
 354  29 166
  57  31 166
 257  31 166
 340  32 166
 208  36 166
 294  36 166
 177  39 166
 282  39 166
  29  40 166
 126  41 166
 325  41 166
 185  42 166
 349  42 166
  43  44 166
 302  48 166
 225  49 166
 330  49 166
  66  52 166
 157  52 166
 127  54 166
 209  54 166
 261  55 166
  13  56 166
 223  58 166
 316  58 166
  68  60 166
 250  60 166
  59  61 166
 242  63 166
 181  64 166
 192  64 166
 233  66 166
 330  66 166
  75  68 166
 143  68 166
  25  70 166
 358  71 166
 184  72 166
 347  72 166
  45  74 166
 276  74 166
 238  76 166
 318  76 166
  70  78 166
 137  80 166
 210  81 166
  40  82 166
 118  82 166
  65  83 166
  21  85 166
 110  85 166
   4  86 166
 337  86 166
 267  87 166
  62  90 166
 160  90 166
  40  91 166
 285  92 166
 107  93 166
 128  95 166
 214  95 166
 182  97 166
  57  99 166
 238  99 166
  65 100 166
  85 100 166
 207 102 166
 119 104 166
 188 104 166
 302 104 166
 153 106 166
 295 107 166
  93 109 166
 286 110 166
 309 116 166
  71 117 166
 117 118 166
 220 119 166
 331 119 166
  30 120 166
 249 122 166
 191 125 166
 215 125 166
 113 127 166
 144 127 166
 134 128 166
 152 128 166
  64 129 166
 108 132 166
 169 132 166
  24 134 166
  45 136 166
 208 136 166
 288 136 166
 303 136 166
 241 137 166
 280 137 166
  53 140 166
 205 143 166
 357 145 166
 250 148 166
  37 149 166
 185 151 166
  16 153 166
  24 155 166
 353 155 166
  93 157 166
 182 158 166
 315 158 166
  12 159 166
  38 159 166
 325 159 166
   1 160 166
 200 160 166
 246 161 166
 298 167 166
 142 168 166
  58 169 166
 243 171 166
 219 172 166
 233 172 166
 270 173 166
 278 173 166
  25   6 167
 192   6 167
 233   6 167
 294   9 167
 349  12 167
 150  13 167
 239  13 167
 111  14 167
 270  16 167
  58  21 167
  87  21 167
 177  22 167
 101  24 167
 120  25 167
  13  27 167
  85  28 167
 312  28 167
   4  29 167
 163  32 167
 197  33 167
 222  34 167
 330  34 167
  52  36 167
 113  36 167
 134  36 167
   4  37 167
 102  39 167
 152  39 167
 248  39 167
 201  41 167
  20  44 167
 339  44 167
  92  45 167
 208  46 167
 107  47 167
 179  47 167
 249  47 167
 131  48 167
 100  49 167
 144  53 167
 285  55 167
 336  56 167
   2  57 167
  79  57 167
 165  58 167
 125  61 167
  99  64 167
   2  65 167
 135  65 167
 115  68 167
 311  68 167
 323  68 167
 125  69 167
 210  70 167
 168  78 167
 349  80 167
 177  81 167
  11  82 167
 221  82 167
 294  82 167
 145  83 167
  73  86 167
 176  90 167
 345  90 167
 249  91 167
  10  93 167
 356  94 167
 167  95 167
 313  96 167
 155  97 167
 326  98 167
 341 103 167
  11 105 167
 198 105 167
 330 106 167
 127 108 167
 139 110 167
 171 111 167
  86 114 167
   0 116 167
  58 117 167
 284 117 167
 270 119 167
 351 120 167
 304 121 167
  69 124 167
 164 124 167
 200 124 167
 344 124 167
 225 126 167
 243 126 167
 337 126 167
 125 127 167
 184 130 167
 141 134 167
  86 135 167
 254 135 167
 264 135 167
 132 136 167
  32 138 167
 177 138 167
  80 139 167
 101 140 167
   3 141 167
  41 142 167
 269 142 167
 295 142 167
 135 144 167
 196 144 167
 345 144 167
 153 146 167
 227 147 167
 335 147 167
  65 148 167
 279 149 167
 163 150 167
  59 152 167
 105 152 167
 287 152 167
 235 153 167
 224 156 167
  83 158 167
  55 159 167
 174 159 167
 292 159 167
 301 159 167
  20 161 167
 270 161 167
 350 162 167
 161 164 167
 288 167 167
  32 169 167
 355 169 167
 338 172 167
 142   5 168
 222   5 168
 254   5 168
 271   5 168
 318   5 168
 181   6 168
 209   6 168
 124  12 168
 227  12 168
 303  13 168
 196  14 168
 103  17 168
 295  17 168
 161  19 168
 204  19 168
  38  20 168
 187  20 168
 213  20 168
 282  23 168
 270  25 168
  94  27 168
  33  29 168
 149  30 168
 322  33 168
 348  33 168
  89  36 168
 312  36 168
 230  37 168
 302  40 168
 275  41 168
 145  44 168
 313  44 168
 321  47 168
 114  52 168
  92  54 168
 173  54 168
 201  54 168
  38  58 168
  46  60 168
  90  61 168
 348  61 168
   9  62 168
 159  62 168
 271  62 168
 151  65 168
 221  65 168
  51  67 168
  89  69 168
 338  70 168
 133  72 168
 305  75 168
  33  76 168
   4  77 168
 102  77 168
  52  79 168
  94  82 168
 329  82 168
 236  83 168
  29  87 168
  47  87 168
  81  89 168
  94  90 168
 146  91 168
 306  91 168
 120  92 168
 101  97 168
  42  99 168
 227  99 168
   1 101 168
 349 102 168
  37 105 168
 101 105 168
 215 105 168
 272 105 168
  58 107 168
  76 110 168
 207 111 168
 256 112 168
 326 112 168
  35 115 168
 293 115 168
 317 115 168
 101 117 168
 169 118 168
 261 121 168
 278 122 168
   5 123 168
 325 123 168
 177 124 168
  25 125 168
  38 125 168
  88 126 168
 317 126 168
  97 127 168
 287 128 168
 234 129 168
 351 129 168
  56 130 168
 160 131 168
   5 132 168
 217 133 168
 322 136 168
 165 138 168
  16 139 168
 310 141 168
 323 144 168
 170 145 168
  49 146 168
  81 147 168
 116 147 168
 144 148 168
 258 149 168
 305 150 168
 329 153 168
 118 156 168
  75 158 168
 138 159 168
 260 160 168
  30 161 168
 229 163 168
 254 164 168
 331 165 168
 129 169 168
 150 171 168
 262 171 168
  66 172 168
 107 172 168
 116 172 168
  79 173 168
 310 173 168
  86   4 169
  94   4 169
 110   4 169
 134   4 169
 158   4 169
 166   4 169
 303   4 169
  17   5 169
  34   5 169
 242   5 169
 218  11 169
  45  12 169
  58  12 169
 260  12 169
   4  13 169
 174  13 169
  12  14 169
  71  18 169
 138  19 169
 326  20 169
 335  20 169
 256  21 169
 132  23 169
 169  23 169
 291  23 169
 157  25 169
 197  25 169
  21  26 169
 221  26 169
 113  27 169
 140  27 169
  71  28 169
 249  29 169
 177  30 169
 301  32 169
  15  35 169
  41  36 169
 355  38 169
 161  39 169
  69  40 169
 219  41 169
 262  41 169
 290  41 169
 192  42 169
  57  43 169
  36  44 169
 282  46 169
  28  47 169
 190  49 169
 216  49 169
 243  51 169
 267  51 169
  49  53 169
 254  55 169
 301  55 169
 134  57 169
 323  57 169
 282  62 169
 257  64 169
  67  67 169
  59  68 169
 107  68 169
 164  69 169
   9  70 169
 198  70 169
 247  70 169
  82  72 169
  17  73 169
 256  75 169
 284  75 169
 296  75 169
 264  77 169
 246  78 169
 337  78 169
 184  79 169
 272  79 169
 196  81 169
 190  85 169
 137  87 169
 216  87 169
  16  89 169
 294  90 169
 274  91 169
 333  91 169
  24  92 169
 263  92 169
  34  94 169
 135  94 169
 114  97 169
 247  98 169
  22  99 169
  72  99 169
 124 100 169
  93 102 169
 108 102 169
 319 102 169
 311 104 169
  19 107 169
 147 109 169
 352 110 169
   7 111 169
 187 111 169
 302 111 169
 196 112 169
  15 113 169
 157 113 169
 234 115 169
  79 118 169
 140 118 169
  14 121 169
 156 123 169
 298 125 169
  46 127 169
  77 128 169
 208 129 169
 197 131 169
 344 132 169
 335 133 169
 150 135 169
  67 136 169
 227 139 169
 235 140 169
 248 140 169
  24 141 169
 212 143 169
 286 143 169
 178 146 169
   9 147 169
 240 147 169
 131 150 169
 192 150 169
 268 150 169
 297 150 169
   3 151 169
 212 154 169
 100 157 169
 335 159 169
 309 161 169
  45 162 169
 212 162 169
   8 164 169
 117 164 169
 321 164 169
 169 165 169
 201 168 169
  19 169 169
 211 171 169
 174 172 169
 226 172 169
   8 173 169
 160 173 169
 182 173 169
 294 173 169
  55   4 170
 199   4 170
 279   4 170
 327   4 170
 116  10 170
 188  11 170
 356  12 170
 318  13 170
 145  17 170
 244  19 170
 352  19 170
 307  20 170
  63  27 170
 184  27 170
 229  27 170
 262  27 170
 127  28 170
  47  29 170
 170  32 170
 283  32 170
 119  33 170
  61  37 170
  83  40 170
 119  41 170
  49  42 170
   9  43 170
 255  44 170
  80  47 170
 161  47 170
 346  48 170
 354  48 170
 121  49 170
 309  50 170
 232  52 170
 292  55 170
 354  56 170
 207  60 170
  17  62 170
  29  62 170
 290  62 170
 301  63 170
 341  63 170
  38  66 170
 278  68 170
 190  70 170
 149  72 170
 217  73 170
 113  75 170
 122  75 170
 142  75 170
 206  75 170
  62  76 170
  76  76 170
 229  77 170
 312  79 170
 161  81 170
 358  81 170
 257  84 170
 103  85 170
 228  85 170
 244  85 170
  56  86 170
 124  86 170
 323  86 170
 313  87 170
 197  90 170
 208  90 170
  69  91 170
 224  91 170
 236  91 170
   3  93 170
  51  94 170
 256  94 170
 341  95 170
 203  96 170
 300  96 170
 289  98 170
 162 100 170
 173 100 170
 132 101 170
 264 102 170
 284 103 170
 234 104 170
 245 105 170
  66 107 170
  86 107 170
  45 108 170
 114 108 170
 178 109 170
 222 110 170
 278 111 170
 122 112 170
 215 113 170
 241 113 170
 334 113 170
  26 114 170
 130 115 170
  45 117 170
 179 117 170
 192 118 170
 229 121 170
 105 124 170
 255 126 170
 268 126 170
  32 129 170
 119 131 170
 294 132 170
 358 134 170
 184 137 170
  59 138 170
 127 140 170
 158 140 170
 276 142 170
  87 143 170
  70 144 170
  97 146 170
  30 147 170
 220 147 170
 202 149 170
 313 149 170
 342 150 170
  88 151 170
 174 152 170
 151 153 170
 159 156 170
 189 157 170
 238 160 170
 281 162 170
 343 162 170
  70 163 170
  89 163 170
  62 164 170
 189 165 170
  38 166 170
 249 169 170
 328 172 170
  48 173 170
 285 173 170
 319 173 170
 288   4 171
 352   4 171
   6   5 171
  77   5 171
 102   5 171
 340   9 171
  67  11 171
  83  11 171
 138  11 171
 164  11 171
 204  11 171
  32  12 171
 278  12 171
 286  13 171
 117  18 171
  80  19 171
 315  20 171
  27  22 171
 299  24 171
 342  24 171
  53  25 171
 209  26 171
 237  27 171
 334  28 171
 101  31 171
 214  33 171
  75  35 171
 141  35 171
 184  35 171
 239  35 171
  33  36 171
 254  36 171
 337  37 171
  23  38 171
 319  39 171
 169  40 171
 109  41 171
 331  41 171
 236  42 171
   1  44 171
 153  46 171
  70  48 171
  15  49 171
  60  51 171
 106  54 171
 342  54 171
  72  56 171
 274  56 171
  99  57 171
 216  57 171
 239  57 171
 180  58 171
 309  58 171
  53  60 171
 143  60 171
 196  60 171
 229  60 171
 331  60 171
 172  61 171
 264  62 171
  77  63 171
 316  64 171
 355  64 171
 178  69 171
 269  69 171
  97  70 171
 238  70 171
 157  71 171
 329  72 171
 353  73 171
 173  74 171
  40  76 171
  89  76 171
 131  79 171
 280  81 171
  35  84 171
 169  85 171
 300  86 171
 152  87 171
 351  87 171
 183  91 171
  80  96 171
 143  97 171
  14  99 171
 193  99 171
 219  99 171
  30 100 171
  52 102 171
 255 102 171
  30 108 171
 162 108 171
 107 110 171
 341 110 171
 263 112 171
  64 114 171
  93 115 171
 148 117 171
 203 117 171
 253 118 171
 211 119 171
 123 120 171
  53 121 171
 290 121 171
  62 123 171
 358 123 171
 171 127 171
  15 129 171
 276 129 171
 247 132 171
  92 133 171
 102 133 171
  50 134 171
 310 134 171
 113 136 171
 351 136 171
 201 138 171
   9 139 171
 339 140 171
 141 141 171
 302 142 171
 107 144 171
  57 145 171
  17 147 171
 352 147 171
  43 149 171
 246 153 171
  33 155 171
  49 155 171
  66 155 171
 144 155 171
 111 156 171
 150 161 171
 180 163 171
  80 164 171
  97 164 171
 105 164 171
  53 165 171
 135 165 171
 304 166 171
 268 167 171
 276 167 171
 348 169 171
  93 172 171
 123 172 171
  26 173 171
 139 173 171
  41   5 172
 121   5 172
 151   5 172
 174   6 172
 249   9 172
 309   9 172
 130  10 172
 267  10 172
  22  11 172
  98  11 172
 332  11 172
 156  12 172
 181  13 172
  90  15 172
 234  15 172
 344  16 172
  63  18 172
 265  18 172
   0  19 172
 228  19 172
 276  19 172
 110  20 172
  11  21 172
 321  26 172
 357  26 172
  39  27 172
  78  28 172
 290  30 172
 191  31 172
 274  31 172
 156  32 172
 203  33 172
 266  34 172
  96  36 172
 127  36 172
 210  41 172
 133  42 172
 227  43 172
 244  43 172
 297  44 172
 199  46 172
 173  47 172
 139  48 172
 274  48 172
 335  48 172
  42  49 172
   8  51 172
  34  52 172
 184  52 172
 317  52 172
  25  53 172
 150  53 172
 223  53 172
 120  57 172
  63  59 172
 112  60 172
 188  60 172
 247  63 172
 214  64 172
 120  65 172
 228  68 172
 289  70 172
 321  73 172
  25  75 172
 344  75 172
 153  79 172
  16  80 172
  83  80 172
 204  82 172
 288  82 172
 343  83 172
 115  85 172
  88  92 172
 319  93 172
  59  94 172
 281  94 172
 349  95 172
 271  97 172
 211  98 172
 332 100 172
 150 101 172
 182 102 172
 296 102 172
 140 104 172
 319 109 172
  53 111 172
 309 111 172
 271 113 172
 111 117 172
 345 117 172
  21 119 172
 313 120 172
 338 120 172
 239 121 172
 134 122 172
 186 122 172
 308 126 172
  70 130 172
 324 130 172
 178 131 172
 190 131 172
 223 131 172
  40 132 172
 283 133 172
 270 134 172
 329 137 172
 192 139 172
 259 139 172
 317 140 172
 120 142 172
 185 146 172
 233 147 172
 123 150 172
 321 150 172
  74 151 172
 229 153 172
 275 153 172
 167 155 172
 198 155 172
 265 156 172
 348 156 172
 128 157 172
 219 158 172
 356 160 172
 205 162 172
 124 163 172
  25 165 172
 293 165 172
   1 167 172
 218 167 172
 235 167 172
  85 171 172
 193 172 172
 296   5 173
 228   6 173
  49   7 173
 324  10 173
 106  12 173
 212  13 173
  52  15 173
 128  17 173
  18  18 173
 219  18 173
  44  19 173
  97  19 173
 152  19 173
 193  19 173
 106  26 173
 164  27 173
 307  27 173
   9  29 173
  27  30 173
 134  30 173
 345  38 173
 308  40 173
 180  41 173
 100  43 173
 126  44 173
  87  47 173
 327  47 173
 289  48 173
 206  50 173
 260  50 173
 129  52 173
 167  52 173
  83  54 173
 158  55 173
 130  62 173
  85  64 173
 325  64 173
  45  66 173
 203  66 173
  23  67 173
 140  67 173
 296  68 173
  31  69 173
 306  69 173
   1  70 173
 261  70 173
  49  73 173
  69  74 173
 190  77 173
 213  79 173
 108  80 173
 305  81 173
  68  82 173
   5  83 173
  24  83 173
  77  84 173
 264  84 173
 251  87 173
 163  89 173
 286  89 173
 109  90 173
  43  91 173
 100  91 173
 171  93 173
 327  93 173
 308  97 173
   7 101 173
 355 101 173
  78 103 173
 202 103 173
 227 105 173
 169 106 173
 191 106 173
   1 107 173
 291 107 173
 132 108 173
  97 109 173
  39 111 173
 286 113 173
  72 114 173
   5 117 173
 163 117 173
 222 117 173
 299 117 173
 323 117 173
  86 119 173
  33 121 173
  73 122 173
 331 122 173
 218 123 173
 115 124 173
 144 124 173
 247 124 173
 130 128 173
 138 129 173
 262 129 173
  84 130 173
  23 131 173
  62 131 173
 302 131 173
 166 132 173
 317 132 173
 239 133 173
 231 134 173
 211 136 173
  74 137 173
 172 138 173
 291 138 173
  45 139 173
 219 139 173
 358 141 173
  36 142 173
 149 142 173
 254 144 173
 164 145 173
 329 145 173
 138 149 173
  24 151 173
 335 152 173
  13 153 173
 182 153 173
 254 153 173
 283 154 173
 292 154 173
  41 156 173
 317 156 173
   7 157 173
  59 157 173
 328 159 173
  15 161 173
 195 162 173
 143 163 173
 157 166 173
 314 166 173
 337 166 173
  72 170 173
 101 171 173
 166 171 173
 256 171 173
  57 172 173
 215   5 174
 236   6 174
 259   6 174
 359   6 174
 194   9 174
 347   9 174
 145  10 174
  74  11 174
  39  12 174
 242  12 174
 293  12 174
 254  15 174
 169  17 174
 300  17 174
 177  19 174
  90  23 174
 250  23 174
 145  24 174
 349  26 174
 256  29 174
 315  30 174
  86  31 174
 327  31 174
 341  31 174
   2  32 174
  55  32 174
 224  32 174
  67  33 174
 110  33 174
 246  34 174
 148  35 174
 296  35 174
 196  37 174
 279  37 174
  15  41 174
  91  41 174
 270  41 174
  75  42 174
  63  44 174
 114  47 174
  53  48 174
  95  49 174
 249  50 174
   0  52 174
 281  52 174
 196  53 174
   1  60 174
 153  61 174
 164  61 174
 105  62 174
  95  63 174
 236  63 174
 184  66 174
 348  66 174
 253  68 174
 128  70 174
 104  73 174
 275  74 174
 164  75 174
   9  76 174
 199  76 174
  97  77 174
 236  77 174
 222  78 174
 252  79 174
 319  80 174
  46  81 174
 138  81 174
 180  83 174
 334  83 174
  90  84 174
 272  85 174
 131  86 174
   9  90 174
 190  91 174
 243  92 174
 125  93 174
 157  93 174
 230  95 174
  96  97 174
  66  98 174
 238  98 174
  37 100 174
  87 100 174
  59 102 174
 118 102 174
 277 102 174
 325 102 174
 344 102 174
 304 103 174
 210 106 174
 252 108 174
  81 111 174
 142 112 174
 171 114 174
 357 114 174
 280 118 174
 265 119 174
  98 121 174
 273 121 174
 197 123 174
 350 123 174
 152 127 174
   7 128 174
  30 135 174
 144 135 174
 135 136 174
  97 139 174
 241 141 174
 266 143 174
 206 144 174
 156 146 174
 292 146 174
 102 151 174
  82 153 174
 238 153 174
 302 154 174
  94 155 174
 245 160 174
 273 160 174
 163 162 174
 225 165 174
 260 165 174
 112 167 174
  12 169 174
 242 171 174
  33 172 174
 300 172 174
 355 172 174
 146 173 174
  63   5 175
 184   5 175
  27   6 175
 315   6 175
  13   7 175
  90   7 175
 223  11 175
 200  16 175
 330  18 175
  33  19 175
 208  19 175
 283  19 175
 123  22 175
  69  23 175
 202  24 175
 215  24 175
 173  26 175
 279  26 175
  16  27 175
 232  33 175
 353  33 175
  46  35 175
 163  35 175
 287  37 175
 155  39 175
  39  40 175
  29  42 175
 142  42 175
 352  42 175
 187  44 175
 341  44 175
  22  45 175
 317  45 175
 220  46 175
 304  46 175
 237  49 175
 296  51 175
 138  55 175
 335  55 175
  14  56 175
  41  56 175
 266  56 175
 258  58 175
 348  58 175
  22  59 175
  34  59 175
 222  61 175
  70  62 175
 274  63 175
   8  65 175
 194  66 175
 335  66 175
  54  67 175
 112  67 175
 170  67 175
  74  69 175
 221  69 175
 210  70 175
 314  70 175
 136  73 175
 183  74 175
 301  74 175
  56  76 175
 327  78 175
 118  79 175
 294  79 175
 351  79 175
 146  80 175
 234  85 175
  62  86 175
 358  87 175
  50  88 175
 142  88 175
 340  89 175
  28  90 175
  75  91 175
 214  91 175
 117  92 175
  19  93 175
 149  93 175
 294  95 175
 105  97 175
  46  98 175
 157 103 175
  23 104 175
  13 106 175
 269 106 175
 332 107 175
 152 109 175
 200 110 175
 233 110 175
 183 113 175
 247 114 175
 103 115 175
  58 117 175
 155 117 175
  41 121 175
 175 121 175
 161 124 175
 205 124 175
  91 125 175
 284 125 175
 233 126 175
 343 126 175
  51 127 175
 213 128 175
 109 129 175
 331 130 175
 202 131 175
 254 132 175
 125 133 175
 158 133 175
  15 136 175
 277 136 175
  82 137 175
 345 138 175
  65 140 175
 179 141 175
   5 144 175
  77 144 175
 132 144 175
 198 144 175
 225 144 175
 309 144 175
 282 145 175
 173 146 175
  64 148 175
 113 148 175
 213 148 175
  51 149 175
 261 149 175
 358 151 175
 207 153 175
 135 156 175
  22 158 175
 174 158 175
 231 160 175
 298 160 175
 253 161 175
  33 162 175
 350 163 175
 174 166 175
 286 166 175
 326 166 175
  44 167 175
 184 169 175
 206 170 175
 132 171 175
 342 172 175
 154 173 175
 265 173 175
 273 173 175
 113   5 176
 137   5 176
 161   5 176
 206   5 176
 271   5 176
 334   5 176
 283   7 176
  56   9 176
 302  10 176
   6  11 176
 121  12 176
 135  16 176
 309  16 176
 161  17 176
 321  17 176
 186  18 176
 338  18 176
 291  19 176
 239  20 176
  57  21 176
 259  21 176
 270  23 176
 137  24 176
 224  24 176
 115  25 176
  97  26 176
 243  27 176
 123  30 176
 180  30 176
 304  33 176
 174  35 176
   9  36 176
 260  36 176
 103  37 176
 219  37 176
 325  38 176
  53  39 176
 203  40 176
 250  41 176
 163  43 176
 263  44 176
 106  48 176
 213  49 176
  76  50 176
  66  52 176
 324  53 176
  90  54 176
 174  54 176
 304  54 176
  56  55 176
 203  56 176
 245  56 176
 287  57 176
 315  58 176
 295  59 176
 147  65 176
 282  65 176
  62  66 176
  16  67 176
  91  69 176
 244  69 176
 335  74 176
 267  75 176
  32  76 176
   0  77 176
 259  77 176
 172  80 176
 243  80 176
 193  84 176
 219  85 176
 293  87 176
 201  88 176
 306  88 176
 258  89 176
  36  90 176
 177  90 176
 266  91 176
 251  94 176
 334  94 176
 197  95 176
 358  95 176
 132  96 176
 164  96 176
 186  97 176
 260  97 176
 315  98 176
 247 101 176
 127 102 176
  71 104 176
 102 104 176
 111 104 176
 176 104 176
 218 105 176
 240 106 176
 260 106 176
 350 107 176
 298 109 176
  20 111 176
 117 112 176
  47 113 176
 191 113 176
 208 113 176
  11 114 176
  31 114 176
 257 114 176
 329 114 176
 135 115 176
 306 117 176
  11 122 176
  80 122 176
 258 122 176
 320 123 176
  26 124 176
 225 124 176
 301 124 176
 292 127 176
 355 129 176
   3 134 176
  56 134 176
 338 134 176
 107 137 176
 298 137 176
  23 138 176
  52 141 176
  92 144 176
 336 145 176
 247 146 176
 273 146 176
 344 146 176
 145 148 176
  35 149 176
 189 152 176
 221 152 176
 309 152 176
 328 152 176
 117 155 176
  72 157 176
 154 157 176
 341 157 176
 105 158 176
  85 160 176
 185 160 176
  65 168 176
 230 171 176
 308 171 176
  19 172 176
 214 172 176
 333 172 176
   5 173 176
  79 173 176
 108 173 176
 117 173 176
 222 173 176
 290 173 176
  35   5 177
  82   5 177
  97   5 177
 243   5 177
 168   9 177
 113  13 177
 261  13 177
 273  13 177
 353  14 177
  26  16 177
  84  16 177
  74  18 177
 104  18 177
   5  23 177
  23  24 177
  82  24 177
 157  24 177
 232  24 177
  47  25 177
 190  25 177
 295  26 177
  33  27 177
 197  29 177
 209  31 177
  21  33 177
 334  33 177
  80  35 177
 117  35 177
 136  37 177
 189  37 177
 314  37 177
   0  39 177
  46  43 177
   6  44 177
 278  44 177
 148  47 177
 179  48 177
 227  49 177
 349  49 177
  48  53 177
 111  54 177
 232  55 177
 211  57 177
  77  58 177
 341  60 177
 177  62 177
 304  62 177
 159  66 177
  38  69 177
  82  70 177
 119  71 177
 152  71 177
 282  73 177
 228  74 177
  19  75 177
 309  75 177
 125  77 177
  39  81 177
 164  82 177
 312  83 177
  97  84 177
 156  85 177
  15  86 177
 121  86 177
 279  86 177
 326  86 177
  83  87 177
 227  88 177
 274  92 177
 207  93 177
 221  94 177
  26  97 177
 286  98 177
  43 105 177
 311 105 177
 284 106 177
  89 107 177
  59 109 177
 124 109 177
 225 111 177
 315 113 177
 337 113 177
 239 115 177
 292 116 177
 127 117 177
 215 117 177
 230 117 177
  67 118 177
  58 125 177
 122 125 177
 181 126 177
  36 127 177
 241 127 177
  98 128 177
 271 128 177
  76 129 177
 116 132 177
 184 134 177
 151 135 177
 196 135 177
 264 136 177
 323 136 177
 247 137 177
 306 137 177
 164 138 177
 234 140 177
  13 143 177
  29 143 177
 322 144 177
 299 146 177
 129 151 177
 162 151 177
 213 158 177
  47 159 177
 288 159 177
  65 160 177
 307 160 177
   2 161 177
  57 163 177
 118 163 177
 130 163 177
  92 164 177
 149 166 177
 139 168 177
 198 168 177
 280 170 177
 320 170 177
 249 172 177
  40 173 177
 177 173 177
  70   4 178
 105   4 178
 126   4 178
 198   4 178
 222   4 178
 326   4 178
 342   4 178
  20   5 178
 252   5 178
 178   9 178
 188  11 178
  46  12 178
  63  12 178
 230  12 178
 151  13 178
  13  14 178
 143  16 178
 247  17 178
 354  22 178
 312  23 178
 326  24 178
 334  24 178
 287  25 178
 129  26 178
  62  27 178
 264  27 178
  73  29 178
 150  29 178
 142  30 178
  39  32 178
  93  32 178
  61  35 178
 227  38 178
 238  38 178
  68  40 178
 293  41 178
 334  41 178
 172  42 178
  82  43 178
 119  43 178
 194  43 178
  35  46 178
 156  46 178
 132  47 178
  28  49 178
 269  49 178
 311  49 178
 123  50 178
 189  51 178
 341  51 178
  20  52 178
 100  54 178
 145  54 178
   6  56 178
 355  56 178
 183  57 178
 125  58 178
 279  58 178
 193  59 178
  48  61 178
 117  61 178
 136  62 178
  28  63 178
 229  63 178
 267  63 178
 290  65 178
 319  65 178
 101  67 178
 355  67 178
 342  68 178
 234  69 178
 325  70 178
 176  71 178
 144  72 178
  63  74 178
 111  74 178
 216  74 178
  75  76 178
 206  76 178
 158  77 178
 186  81 178
  30  83 178
  55  83 178
 209  84 178
 105  85 178
 347  86 178
 318  88 178
  68  90 178
  93  91 178
  54  94 178
 301  94 178
 140  95 178
 344  95 178
  12  96 178
 145 101 178
 337 101 178
 195 102 178
 232 102 178
  31 103 178
 135 103 178
  51 105 178
 185 106 178
 276 109 178
  67 110 178
 159 110 178
  90 115 178
 350 115 178
 199 117 178
 145 118 178
   0 120 178
  50 120 178
 107 121 178
 168 121 178
  18 125 178
 190 125 178
 313 125 178
  66 126 178
  44 128 178
 172 130 178
  89 134 178
  37 136 178
 224 136 178
 284 138 178
 352 139 178
 114 140 178
 125 140 178
 188 142 178
 103 143 178
 139 143 178
  42 144 178
  84 144 178
  21 145 178
 315 148 178
 351 150 178
   5 151 178
  88 151 178
 268 152 178
  29 155 178
 260 156 178
 142 157 178
 202 158 178
 279 158 178
 334 159 178
 238 160 178
 322 160 178
 266 161 178
  77 163 178
 100 164 178
 343 165 178
  51 168 178
 124 168 178
  26 170 178
  90 172 178
   7   3 179
 144   3 179
 264   3 179
 303   3 179
 351   3 179
  44   4 179
 154   4 179
 290   4 179
 329  11 179
 338  11 179
  32  12 179
  95  12 179
 128  12 179
 205  12 179
 287  13 179
   1  16 179
 347  18 179
  39  22 179
 304  22 179
 167  23 179
 342  24 179
 250  29 179
 103  30 179
 218  30 179
 271  30 179
 321  30 179
 168  31 179
 282  32 179
  30  34 179
 129  34 179
 212  38 179
 110  39 179
 301  40 179
 286  44 179
 242  45 179
 256  45 179
 358  46 179
  13  47 179
 202  47 179
  59  48 179
 332  49 179
 162  51 179
 153  53 179
 219  53 179
  85  59 179
 328  59 179
 251  60 179
 207  63 179
 258  65 179
 189  70 179
 200  70 179
  26  71 179
 293  72 179
 349  72 179
 250  73 179
  44  74 179
  87  76 179
 342  77 179
 287  79 179
 132  80 179
 300  82 179
 170  87 179
 246  87 179
 184  89 179
 237  91 179
  81  94 179
 322  95 179
 112  96 179
  72  97 179
 174  97 179
 214  98 179
 267  98 179
 351  98 179
   2 101 179
 224 101 179
 254 101 179
 293 102 179
  95 103 179
 164 103 179
 319 104 179
   6 108 179
 343 108 179
 305 109 179
  75 110 179
 107 110 179
 176 111 179
 264 112 179
  24 117 179
 115 119 179
 342 119 179
 250 120 179
 137 122 179
 336 124 179
 143 129 179
 220 129 179
 279 129 179
 348 131 179
  69 133 179
 312 133 179
  49 134 179
 205 137 179
 332 138 179
 255 139 179
 271 139 179
 157 140 179
 214 140 179
  59 143 179
  70 145 179
 120 146 179
 182 147 179
 237 147 179
 152 150 179
 201 150 179
 228 150 179
 287 150 179
  58 151 179
  18 152 179
  44 152 179
 170 152 179
 244 153 179
 124 157 179
 354 157 179
 222 159 179
  10 161 179
  40 161 179
  19 164 179
 209 164 179
 191 165 179
 272 166 179
 301 166 179
 356 166 179
  84 167 179
 162 168 179
 349 170 179
  52   3 180
 172   3 180
 190   3 180
 230   3 180
 309   8 180
 212   9 180
 320   9 180
 103  11 180
 158  11 180
 218  14 180
 194  16 180
 267  17 180
  51  18 180
 118  18 180
 277  19 180
  64  20 180
  94  20 180
  16  21 180
 149  21 180
 181  22 180
 108  24 180
  54  27 180
 359  28 180
 237  30 180
 310  30 180
 158  31 180
 346  31 180
 290  32 180
  87  37 180
 181  37 180
 267  37 180
 341  37 180
  96  39 180
 148  40 180
 126  41 180
 232  44 180
 323  45 180
  90  46 180
  99  46 180
 140  48 180
  42  49 180
  83  51 180
 290  51 180
 254  53 180
 132  55 180
 167  57 180
  62  58 180
 159  58 180
 239  59 180
  39  62 180
 216  62 180
 311  63 180
   2  65 180
 128  65 180
 298  66 180
 272  69 180
 165  70 180
   7  71 180
 240  74 180
 317  75 180
 194  76 180
 102  78 180
 179  78 180
  13  79 180
 273  79 180
 200  81 180
 226  81 180
  21  82 180
 112  82 180
 266  82 180
  71  83 180
 255  83 180
   8  85 180
 149  85 180
  44  86 180
 136  87 180
   3  91 180
 284  91 180
  61  92 180
 100  94 180
 309  94 180
  41  95 180
  33  96 180
 120  97 180
 154  97 180
 279  97 180
 329  98 180
  19  99 180
 203  99 180
  81 102 180
  64 103 180
 205 107 180
 326 107 180
 357 107 180
 247 108 180
  36 109 180
 146 109 180
 167 110 180
 214 110 180
  97 112 180
 283 113 180
 322 114 180
 271 115 180
  74 118 180
 180 118 180
 327 121 180
 152 122 180
 129 124 180
 265 124 180
  85 127 180
 197 128 180
 248 128 180
 164 129 180
 259 129 180
 323 129 180
  12 130 180
  29 130 180
 134 130 180
 229 130 180
 298 130 180
 287 131 180
 236 133 180
 100 135 180
   9 137 180
 146 140 180
 315 140 180
 291 141 180
 358 144 180
 167 145 180
 254 147 180
  97 149 180
  76 150 180
 107 150 180
 279 150 180
 295 152 180
 178 154 180
 195 155 180
 252 155 180
 314 157 180
 112 159 180
 167 159 180
  27 162 180
 179 163 180
 248 164 180
 293 164 180
 217 165 180
 235 167 180
 255 167 180
 170 170 180
  98 171 180
  60 172 180
  71 173 180
 191 173 180
  90   2 181
 180   2 181
 276   2 181
 119   3 181
 359   3 181
  76   8 181
 237   9 181
 296   9 181
 138  11 181
  20  12 181
 252  12 181
 173  14 181
 315  15 181
 225  17 181
 297  17 181
 253  21 181
 207  24 181
  89  26 181
  11  27 181
 227  29 181
 186  30 181
 298  32 181
 202  34 181
  15  36 181
 253  36 181
 245  37 181
 275  37 181
 349  38 181
  24  39 181
  75  39 181
 309  41 181
  69  47 181
 170  49 181
 116  50 181
 262  50 181
 276  51 181
 318  51 181
  34  53 181
  71  55 181
  26  56 181
 271  57 181
 106  58 181
  93  59 181
  17  60 181
 150  60 181
  55  61 181
 347  63 181
  77  65 181
  68  67 181
  49  68 181
 305  69 181
 264  70 181
  96  72 181
 131  72 181
  51  77 181
 139  77 181
 332  79 181
 234  80 181
  62  81 181
  80  81 181
 356  81 181
 338  84 181
 128  87 181
 162  89 181
  23  90 181
 193  90 181
 353  90 181
 244  95 181
  88  97 181
 181 100 181
 301 101 181
 117 105 181
  26 108 181
 131 109 181
 195 109 181
 290 109 181
  84 111 181
  53 112 181
  41 115 181
 299 115 181
  16 117 181
 160 117 181
 222 117 181
 188 118 181
  34 119 181
 206 119 181
  95 120 181
 277 120 181
 286 120 181
 236 121 181
 295 122 181
 353 122 181
   5 125 181
 306 127 181
 208 128 181
 155 129 181
  61 131 181
  20 132 181
 177 135 181
  76 136 181
 139 136 181
 340 140 181
 278 142 181
 262 143 181
 220 145 181
 329 145 181
 193 147 181
 208 147 181
 136 150 181
 339 150 181
 322 151 181
  67 152 181
  97 157 181
 159 160 181
 228 164 181
  70 165 181
 107 165 181
 312 165 181
 331 166 181
   5 167 181
  33 167 181
 263 168 181
  11 172 181
 296 172 181
 327 173 181
 359 173 181
  26   2 182
  60   2 182
 210   2 182
 314   2 182
  87   9 182
 268   9 182
 347   9 182
  39  10 182
 278  10 182
  70  13 182
 165  14 182
 211  17 182
 235  17 182
 333  17 182
 126  19 182
 201  19 182
  29  21 182
 218  22 182
 319  22 182
 120  25 182
 257  28 182
 135  29 182
 175  29 182
 113  30 182
 329  30 182
  46  31 182
  67  32 182
   5  33 182
 194  34 182
 320  37 182
  36  38 182
 160  38 182
  58  41 182
 218  42 182
 184  44 182
 344  44 182
 209  45 182
  51  46 182
 249  46 182
 297  47 182
 196  51 182
 237  52 182
 226  55 182
 298  55 182
 347  55 182
 309  56 182
 261  58 182
 321  58 182
 335  58 182
 200  60 182
   9  62 182
 186  63 182
 111  64 182
 170  64 182
 245  64 182
 142  65 182
  87  66 182
 223  66 182
 331  66 182
  57  69 182
  37  75 182
 149  77 182
 167  77 182
 324  77 182
 248  80 182
  92  81 182
 215  81 182
  77  88 182
 114  89 182
 331  89 182
 146  92 182
 292  92 182
 230  93 182
 256  94 182
  57 100 182
 105 100 182
 239 101 182
 273 102 182
  11 103 182
 153 105 182
 265 105 182
 255 108 182
 236 109 182
 139 112 182
 153 113 182
   5 115 182
  61 115 182
 121 115 182
 311 118 182
  84 119 182
 214 123 182
 175 124 182
 112 126 182
 104 127 182
 341 129 182
 122 131 182
 190 132 182
 214 133 182
 358 133 182
 131 137 182
 170 138 182
 241 139 182
 198 141 182
 228 142 182
  35 143 182
 176 143 182
 304 143 182
  49 145 182
 215 151 182
 303 151 182
  51 153 182
  11 154 182
  36 154 182
 234 154 182
  82 155 182
 346 155 182
 131 157 182
 149 157 182
 272 158 182
 301 159 182
 137 162 182
 282 164 182
 155 167 182
 114 168 182
 242 169 182
 338 170 182
 144 171 182
 203 171 182
 183 172 182
 129 173 182
 313 173 182
 131   1 183
 163   1 183
 331   1 183
  14   2 183
 111   2 183
 247   2 183
 257   2 183
 283   4 183
 148   8 183
   3   9 183
 194   9 183
 225   9 183
  52  10 183
 245  10 183
 118  11 183
 304  13 183
 181  14 183
  58  15 183
  78  15 183
 109  16 183
 324  16 183
   8  17 183
 156  18 183
 260  18 183
 134  19 183
 284  19 183
 242  20 183
  71  22 183
 101  22 183
 141  22 183
 195  24 183
 277  26 183
  19  28 183
  79  28 183
 337  29 183
 122  33 183
  53  34 183
 222  35 183
 232  35 183
 356  35 183
 141  36 183
 328  38 183
 260  39 183
 282  39 183
 103  40 183
 133  41 183
  30  43 183
 166  43 183
 272  44 183
 316  44 183
  20  46 183
  77  46 183
 109  46 183
 305  48 183
   4  49 183
 212  52 183
 177  53 183
 245  53 183
 283  53 183
  12  54 183
  53  54 183
 139  55 183
  43  56 183
 290  58 183
 276  63 183
 194  65 183
  21  66 183
  33  66 183
 120  66 183
 154  66 183
 211  68 183
 282  68 183
  14  70 183
 106  70 183
 182  70 183
 337  71 183
   0  72 183
 257  73 183
 222  74 183
  69  75 183
 299  75 183
 117  76 183
  29  77 183
   5  78 183
 280  78 183
 306  79 183
 349  79 183
 293  82 183
 317  82 183
 240  84 183
  36  85 183
 177  85 183
 272  86 183
 204  87 183
 222  87 183
 261  87 183
 309  87 183
  51  88 183
  88  88 183
 212  89 183
 154  90 183
  15  91 183
 338  92 183
 132  93 183
 168  94 183
  48  96 183
 189  97 183
 127  99 183
 343 101 183
  37 102 183
 171 103 183
  18 106 183
 333 106 183
 221 107 183
  46 109 183
  12 111 183
 114 112 183
 184 112 183
 332 114 183
 356 114 183
 244 115 183
 103 116 183
 171 116 183
 132 117 183
 256 117 183
  43 122 183
 228 122 183
  53 125 183
  72 125 183
  92 127 183
 330 128 183
 266 131 183
 107 134 183
  26 137 183
  43 137 183
  55 137 183
  84 137 183
  64 138 183
  16 139 183
  92 139 183
 183 139 183
 248 142 183
 347 142 183
   5 143 183
  78 143 183
 109 143 183
 128 145 183
 160 146 183
 269 146 183
  26 148 183
 114 149 183
 144 151 183
 357 151 183
 186 152 183
 331 152 183
 207 155 183
  23 156 183
  61 157 183
  89 158 183
 340 160 183
  52 161 183
 197 162 183
 349 162 183
  45 165 183
  62 165 183
 323 166 183
  77 169 183
 288 169 183
 222 170 183
 211 171 183
 305 171 183
 269 172 183
  45 173 183
 105 173 183
 120 173 183
 232 174 183
 256 174 183
  34   1 184
  74   1 184
  82   1 184
  98   1 184
 202   1 184
 218   1 184
 322   1 184
 237   2 184
 296   2 184
 138   4 184
  66   7 184
 260   9 184
 355   9 184
 342  15 184
  43  16 184
  89  16 184
 353  17 184
 187  19 184
 309  19 184
 173  21 184
   2  22 184
 291  22 184
 270  23 184
 161  24 184
 348  24 184
 298  25 184
  36  27 184
  96  28 184
 244  28 184
  27  29 184
 212  29 184
 151  34 184
 305  35 184
 171  36 184
 116  38 184
  44  39 184
   7  40 184
 198  40 184
 225  44 184
 176  45 184
 352  45 184
 151  46 184
 128  50 184
  94  51 184
 326  51 184
 203  53 184
 121  55 184
   0  56 184
 189  56 184
 232  59 184
 100  62 184
 354  62 184
 162  64 184
 252  66 184
  42  68 184
 315  68 184
 229  70 184
  78  72 184
 187  76 184
 124  80 184
 155  81 184
 191  83 184
 142  84 184
 100  85 184
 323  87 184
 299  88 184
  30  90 184
 106  90 184
 267  92 184
 179  93 184
 316  93 184
 199  94 184
   7  96 184
  66  96 184
 357  96 184
 220  97 184
 161  98 184
  26 100 184
 139 100 184
 312 100 184
 248 101 184
 284 101 184
  71 103 184
 211 103 184
  88 104 184
 350 104 184
 100 106 184
 229 106 184
 297 107 184
 311 108 184
 202 113 184
 340 113 184
 229 114 184
 195 120 184
 318 120 184
  65 121 184
  27 122 184
  12 123 184
 119 123 184
 143 123 184
 243 123 184
 346 123 184
 184 124 184
 254 125 184
  39 129 184
 148 132 184
 202 132 184
 274 132 184
 252 133 184
 303 134 184
 318 134 184
 115 135 184
 160 135 184
 326 135 184
 260 136 184
 152 143 184
 285 144 184
 296 145 184
  12 146 184
 310 147 184
 260 150 184
 123 151 184
 222 153 184
 163 154 184
 283 155 184
   3 156 184
  73 156 184
 104 156 184
 265 156 184
 189 159 184
 243 159 184
 327 159 184
 119 160 184
 256 160 184
 126 163 184
 172 163 184
  95 164 184
  18 170 184
 136 170 184
 277 170 184
  37 173 184
  53 173 184
  84 173 184
 159 173 184
 151 174 184
 344 174 184
 148   0 185
 268   0 185
 307   0 185
 339   0 185
 347   0 185
 185   6 185
 125   7 185
 167   7 185
 335   7 185
  11   9 185
  26   9 185
  35  16 185
 146  16 185
  22  19 185
  82  21 185
 229  22 185
  46  23 185
  59  23 185
 329  23 185
 153  25 185
 145  28 185
 285  28 185
 316  29 185
 264  30 185
  60  31 185
  81  35 185
 187  37 185
 293  37 185
 207  38 185
  65  39 185
 237  41 185
 337  42 185
  85  43 185
 143  43 185
 191  44 185
  38  45 185
 159  46 185
 337  50 185
  63  51 185
 102  51 185
  78  54 185
 113  56 185
 179  60 185
 303  60 185
 133  61 185
 340  63 185
 237  65 185
 323  65 185
 290  68 185
 147  70 185
 171  71 185
 245  71 185
 124  72 185
 158  72 185
 204  73 185
  20  74 185
 269  74 185
  58  76 185
 108  77 185
 262  78 185
  43  79 185
 207  80 185
 284  84 185
   1  85 185
  66  86 185
 230  86 185
 344  87 185
 121  88 185
 251  88 185
 278  90 185
  94  94 185
 347  94 185
 208  96 185
  77  97 185
 148  99 185
 261  99 185
 322 100 185
 112 101 185
 198 102 185
 188 105 185
 124 106 185
 160 106 185
 178 106 185
  58 107 185
 279 108 185
 271 109 185
 319 109 185
  70 111 185
  91 111 185
  31 112 185
 348 112 185
 146 115 185
 212 116 185
 292 116 185
 264 117 185
 110 119 185
 304 119 185
 165 121 185
 271 123 185
 283 126 185
 358 126 185
  79 127 185
 292 128 185
 313 128 185
 242 131 185
   5 132 185
 223 133 185
 335 133 185
 282 134 185
 295 135 185
 345 135 185
  34 136 185
 122 138 185
 191 139 185
 209 140 185
  99 141 185
 136 142 185
 321 142 185
  87 145 185
  63 146 185
  41 147 185
 242 147 185
 249 150 185
 308 156 185
  43 157 185
 291 157 185
 214 158 185
  16 159 185
 319 160 185
 234 161 185
  80 162 185
 144 163 185
 204 164 185
 176 170 185
 196 170 185
 249 170 185
  25 173 185
 320 173 185
  93 174 185
 352 174 185
  65 175 185
 112 175 185
 167 175 185
   5   0 186
  42   0 186
 156   0 186
 194   0 186
 226   0 186
 104   5 186
  45   7 186
 175   7 186
 290   7 186
 326   7 186
  94   8 186
 204   8 186
 111   9 186
 217   9 186
 314   9 186
 132  10 186
  99  14 186
 272  14 186
  15  16 186
 114  21 186
 337  22 186
 128  25 186
 236  25 186
 306  26 186
 168  27 186
 201  28 186
 221  28 186
 354  28 186
 106  29 186
  89  32 186
 271  33 186
 215  36 186
  14  42 186
 359  42 186
 121  43 186
 265  44 186
 289  44 186
 280  46 186
 255  48 186
 219  49 186
 230  49 186
  26  50 186
 184  51 186
 268  51 186
 146  52 186
 354  52 186
  19  54 186
  87  54 186
 156  54 186
 217  57 186
 251  57 186
  31  59 186
 207  59 186
  67  60 186
 283  60 186
  48  61 186
  82  61 186
 266  62 186
 136  68 186
 344  69 186
 113  70 186
 352  70 186
  89  72 186
 330  73 186
 215  74 186
 235  74 186
 287  76 186
 174  78 186
 338  78 186
 135  82 186
  16  83 186
 162  83 186
  26  84 186
  58  86 186
 184  86 186
  41  90 186
 139  91 186
 240  91 186
 304  93 186
  55  94 186
 296  97 186
 227  99 186
 334  99 186
  51 103 186
   1 104 186
  78 106 186
  21 113 186
  77 114 186
  48 116 186
 336 120 186
 157 123 186
 221 123 186
 134 124 186
 201 124 186
  19 125 186
 169 127 186
 233 127 186
  47 130 186
 139 130 186
 129 131 186
  72 132 186
 183 132 186
 231 135 186
 310 136 186
 267 138 186
 217 139 186
 354 139 186
  71 140 186
 334 141 186
 235 142 186
 255 142 186
 202 146 186
  55 147 186
  19 148 186
 102 148 186
 171 148 186
 179 149 186
 349 149 186
  91 151 186
 274 151 186
 316 151 186
 155 152 186
 200 154 186
  30 157 186
 228 157 186
 181 158 186
 356 160 186
 221 162 186
  22 163 186
 164 163 186
 267 163 186
 305 164 186
  87 165 186
 184 165 186
  11 166 186
 359 167 186
   5 173 186
 239 175 186
 282 175 186
 333 175 186
 216 176 186
 200 177 186
 224 177 186
  50   0 187
  66   0 187
 123   0 187
 170   0 187
 355   0 187
  20   4 187
 302   6 187
 159   7 187
 251   7 187
  59   8 187
  81   8 187
 232   8 187
 198  14 187
 293  14 187
   0  15 187
 220  16 187
 248  16 187
  64  17 187
 180  25 187
 251  26 187
  73  31 187
 161  31 187
 323  31 187
 343  31 187
  11  32 187
  40  33 187
 129  33 187
 179  33 187
 279  33 187
  21  34 187
  32  34 187
  99  34 187
 334  35 187
 109  36 187
 312  36 187
  92  39 187
 249  40 187
 299  41 187
 203  45 187
 242  46 187
  45  47 187
  57  47 187
 135  47 187
 165  50 187
 311  50 187
 293  52 187
 170  56 187
 276  56 187
 315  56 187
 329  57 187
  59  58 187
 242  59 187
 125  61 187
   3  62 187
 295  62 187
  93  64 187
 217  65 187
 308  65 187
 201  66 187
 259  66 187
  63  67 187
   7  68 187
 300  68 187
  27  69 187
 276  71 187
 194  72 187
  48  73 187
 309  73 187
 320  73 187
 100  75 187
 198  78 187
 227  78 187
  74  79 187
  85  79 187
 254  79 187
 115  83 187
 170  85 187
 352  85 187
 197  86 187
   8  88 187
  82  91 187
 286  93 187
 326  93 187
  20  95 187
 117  95 187
 273  96 187
  99  99 187
 132 103 187
 290 104 187
 305 104 187
 142 106 187
 242 106 187
 107 107 187
  39 108 187
 249 110 187
 261 110 187
 327 110 187
 164 112 187
 191 112 187
 286 112 187
 127 113 187
 178 115 187
 236 115 187
 275 115 187
 325 118 187
  56 119 187
  90 119 187
 126 121 187
 100 122 187
  34 124 187
 261 124 187
 299 125 187
 321 126 187
  65 128 187
  25 129 187
 350 129 187
  86 130 187
  98 130 187
  14 132 187
 143 139 187
 186 145 187
 340 145 187
  70 148 187
 228 148 187
  33 149 187
  80 149 187
 289 150 187
 130 151 187
 111 155 187
 137 155 187
 170 156 187
 334 158 187
 154 160 187
  36 161 187
 277 161 187
 102 163 187
 296 163 187
 343 166 187
 258 167 187
  73 175 187
 188 175 187
 263 175 187
 290 175 187
 139 176 187
 299 176 187
  11 177 187
 178 177 187
 208 177 187
 273 177 187
 307 177 187
  31 178 187
  58 178 187
 247 178 187
  40 179 187
  48 179 187
  79 179 187
  87 179 187
 127 179 187
 359 179 187
 279   0 188
 288   0 188
 272   6 188
 342   7 188
  34   8 188
  73   8 188
 142   9 188
 239  11 188
 283  11 188
 188  12 188
 153  13 188
 170  13 188
 330  13 188
 123  14 188
 206  15 188
 228  15 188
 318  15 188
  50  16 188
 278  18 188
 300  18 188
  94  20 188
 210  22 188
   9  23 188
 263  23 188
 189  25 188
  52  26 188
  66  26 188
   2  29 188
 292  29 188
 238  32 188
 253  33 188
 349  35 188
  72  39 188
 155  39 188
  51  40 188
 322  42 188
  97  44 188
 330  44 188
  71  49 188
 345  49 188
  38  52 188
 260  53 188
 196  56 188
 340  56 188
  14  60 188
  23  60 188
 142  60 188
 224  60 188
 347  60 188
  38  61 188
 107  61 188
  74  62 188
 116  62 188
 149  63 188
  54  65 188
 188  68 188
 140  74 188
 130  75 188
  11  76 188
 355  77 188
 241  78 188
 274  79 188
  50  80 188
 299  81 188
 327  81 188
 149  85 188
 334  85 188
  72  89 188
 190  90 188
 225  92 188
 126  93 188
  34  95 188
 155  96 188
 173  97 188
 235  97 188
  42  98 188
  84  98 188
 254 103 188
  31 104 188
 204 105 188
 339 106 188
   8 107 188
 149 108 188
 215 108 188
 301 112 188
  98 113 188
 221 113 188
  37 116 188
  10 117 188
 138 117 188
   0 118 188
 152 118 188
 249 118 188
 351 118 188
 281 119 188
 209 123 188
 190 126 188
 215 128 188
  57 129 188
 176 129 188
 196 130 188
  79 134 188
 153 136 188
  49 137 188
 288 137 188
 175 138 188
  10 139 188
 165 139 188
 275 139 188
  29 142 188
 115 142 188
 223 143 188
 359 144 188
 212 146 188
 326 147 188
   5 149 188
  47 150 188
 192 150 188
 298 151 188
 341 153 188
 239 154 188
 250 157 188
   9 159 188
  66 160 188
 110 163 188
  73 164 188
  29 165 188
  56 165 188
 132 165 188
 211 165 188
 334 166 188
 119 167 188
 150 167 188
 228 167 188
 237 167 188
 314 167 188
  99 177 188
  19 178 188
 325 178 188
 118 179 188
 146 179 188
 155 179 188
 314 179 188
 339 179 188
  58   0 189
  88   0 189
 178   0 189
 208   0 189
 243   0 189
 349  11 189
 265  12 189
 161  14 189
 256  14 189
  28  15 189
  72  16 189
 138  16 189
 130  17 189
 105  19 189
 166  20 189
  39  21 189
 322  21 189
 121  22 189
 314  22 189
  31  23 189
  17  24 189
 136  24 189
  87  25 189
 116  29 189
 228  29 189
 194  30 189
 299  31 189
 137  32 189
  48  33 189
 245  34 189
 286  35 189
 165  37 189
 226  37 189
  25  40 189
 275  40 189
 128  41 189
 181  41 189
 171  42 189
 212  43 189
 306  43 189
 105  44 189
 114  45 189
   9  48 189
 301  51 189
  48  54 189
 131  55 189
  97  56 189
 162  58 189
 333  63 189
 173  64 189
 129  67 189
  83  68 189
  70  69 189
 165  69 189
 223  69 189
  35  70 189
 252  72 189
 294  74 189
 181  75 189
 152  76 189
 345  76 189
  34  78 189
  64  78 189
 313  79 189
 218  80 189
  95  82 189
 246  83 189
 266  83 189
 106  84 189
 128  84 189
 305  85 189
 290  86 189
 314  87 189
 217  88 189
 162  90 189
 257  90 189
  62  92 189
 246  94 189
 109  95 189
 184  96 189
  12  99 189
  60 100 189
 122 100 189
 166 101 189
 278 101 189
 267 102 189
  65 105 189
  23 106 189
 116 106 189
 171 108 189
 354 108 189
  84 109 189
 135 110 189
 119 113 189
 309 114 189
  64 115 189
 185 118 189
 343 118 189
  71 119 189
  80 120 189
 312 121 189
  49 123 189
   5 124 189
 107 126 189
 148 126 189
 248 126 189
 339 126 189
 306 127 189
 115 128 189
 160 129 189
 208 132 189
  20 136 189
  60 136 189
 134 136 189
 246 136 189
 198 137 189
 109 138 189
  39 140 189
 300 140 189
 314 142 189
 262 144 189
 122 145 189
 279 145 189
 145 146 189
 109 148 189
 164 148 189
 266 150 189
  58 153 189
  97 154 189
 148 154 189
  85 156 189
 349 156 189
  50 157 189
 285 161 189
 192 164 189
 246 164 189
 351 166 189
  40 167 189
  66 168 189
  48 169 189
 327 170 189
 125 171 189
 106 179 189
 231 179 189
 255 179 189
 347 179 189
  12   0 190
  27   0 190
 109   0 190
 134   0 190
 142   0 190
 186   0 190
 233   0 190
 251   0 190
 260   0 190
 313   0 190
 327   0 190
 116   2 190
   0   5 190
 151   5 190
 198   5 190
  52   7 190
 211   7 190
  20  11 190
  87  11 190
 180  11 190
 307  11 190
  40  12 190
 115  14 190
 337  15 190
 182  18 190
 235  18 190
 287  19 190
 344  19 190
 149  21 190
 196  21 190
 355  21 190
  76  22 190
 243  23 190
 274  25 190
 332  28 190
 207  30 190
 144  34 190
 199  35 190
 260  35 190
   4  36 190
 121  36 190
  59  37 190
  35  40 190
 137  40 190
  79  41 190
 343  41 190
 231  42 190
  64  45 190
  89  47 190
 196  47 190
   1  48 190
  17  48 190
  81  48 190
 123  49 190
 173  49 190
 248  49 190
 285  50 190
 320  50 190
 108  51 190
 208  51 190
 236  51 190
   8  56 190
 322  57 190
 185  59 190
 273  63 190
 315  63 190
 230  64 190
 247  64 190
 157  65 190
 209  65 190
 180  66 190
  16  67 190
  99  67 190
 265  69 190
 359  69 190
 284  70 190
   3  75 190
 167  76 190
  25  77 190
 120  77 190
  39  84 190
  79  84 190
 210  85 190
 236  85 190
  20  88 190
  48  88 190
 176  88 190
 133  89 190
 271  89 190
  90  90 190
  99  90 190
 203  90 190
 357  90 190
 145  93 190
 341  93 190
   3  94 190
 310  95 190
 194  96 190
 214  96 190
  71  97 190
 352  97 190
  91 100 190
 316 102 190
 327 103 190
 222 104 190
 234 105 190
  95 106 190
  15 109 190
 183 109 190
  52 110 190
 293 110 190
 156 111 190
 207 112 190
 110 113 190
 335 113 190
 197 115 190
 318 115 190
  26 117 190
 226 118 190
  17 119 190
 171 119 190
 239 121 190
 288 121 190
 328 124 190
 276 126 190
 226 127 190
 123 128 190
 267 128 190
 256 130 190
 356 132 190
  91 135 190
 328 139 190
  83 140 190
  93 142 190
 157 142 190
 292 143 190
 306 144 190
 137 148 190
 255 149 190
 333 149 190
 218 150 190
  12 151 190
  25 151 190
  39 153 190
 118 153 190
 210 154 190
 322 154 190
 259 155 190
 124 157 190
 302 157 190
 313 159 190
 324 163 190
 177 164 190
 158 167 190
 169 167 190
 272 167 190
  80 168 190
  97 169 190
 141 169 190
 217 169 190
 299 169 190
 105 170 190
 202 170 190
 132 173 190
 171 179 190
  77   0 191
 101   0 191
 162   0 191
 299   0 191
 334   2 191
 220   3 191
 319   4 191
   7   7 191
 225   8 191
  65  10 191
 105  11 191
   9  14 191
  58  15 191
 213  15 191
 157  21 191
 222  22 191
  99  25 191
  24  27 191
 215  27 191
  80  29 191
 155  29 191
 174  29 191
 310  30 191
 186  32 191
 356  35 191
 327  36 191
 267  38 191
 191  39 191
 148  42 191
 255  42 191
 314  42 191
 351  42 191
 220  43 191
 154  47 191
  32  48 191
 142  48 191
 274  48 191
 224  52 191
 178  54 191
 306  56 191
 357  57 191
 289  58 191
  88  60 191
 256  60 191
 195  64 191
  45  67 191
 121  67 191
 107  68 191
 338  68 191
 239  69 191
 326  69 191
  57  71 191
 209  73 191
 302  74 191
 159  78 191
 189  78 191
 281  79 191
 143  80 191
 320  81 191
   5  82 191
 225  85 191
 156  86 191
  31  87 191
 296  90 191
 320  91 191
 333  93 191
 263  94 191
  27  95 191
 135  96 191
 201  98 191
 344 100 191
 158 102 191
 299 102 191
  45 104 191
 193 104 191
 346 107 191
   1 110 191
  44 112 191
 267 112 191
 256 115 191
 296 118 191
 216 119 191
 269 119 191
 115 120 191
 144 120 191
  42 121 191
  92 125 191
  12 126 191
  73 126 191
 287 129 191
  36 130 191
 237 131 191
 330 131 191
 299 132 191
 315 132 191
 341 133 191
 103 134 191
 189 134 191
 322 134 191
  28 135 191
 118 135 191
   2 136 191
 182 139 191
 347 139 191
  65 141 191
  16 143 191
 130 143 191
 248 143 191
 235 148 191
 310 150 191
 356 151 191
 184 152 191
 281 152 191
  74 153 191
 160 155 191
 222 156 191
 270 156 191
   2 159 191
 203 159 191
  91 160 191
 341 160 191
 139 161 191
   5 166 191
  17 167 191
 289 167 191
 280 168 191
 307 170 191
  32 171 191
  87 171 191
 182 171 191
  56 172 191
 253 172 191
 339 172 191
 162 173 191
 357 173 191
 194 177 191
  67 179 191
  35   0 192
 342   0 192
 349   2 192
 127   4 192
 266   4 192
 170   6 192
 245   7 192
 295   8 192
  94  13 192
  80  15 192
 174  18 192
 269  19 192
 307  19 192
   3  20 192
 330  20 192
 256  21 192
 294  22 192
 203  23 192
 110  25 192
 348  25 192
  44  26 192
  59  26 192
 282  26 192
 340  26 192
  36  28 192
 267  29 192
 317  32 192
  66  33 192
 220  33 192
  15  36 192
 304  36 192
  86  37 192
  43  39 192
 240  40 192
 293  40 192
 162  44 192
 186  46 192
 336  46 192
  51  47 192
 328  51 192
  60  52 192
 115  53 192
 215  53 192
  75  54 192
  67  55 192
 150  55 192
  82  56 192
 266  56 192
 202  58 192
  31  64 192
 352  64 192
 141  67 192
  76  72 192
 174  72 192
 200  72 192
 229  72 192
  93  74 192
  41  75 192
 111  75 192
 259  75 192
 334  76 192
  17  78 192
 204  80 192
  57  81 192
  69  83 192
 341  83 192
 279  87 192
 118  88 192
  12  92 192
 169  92 192
  50  95 192
 252  97 192
 290  97 192
 141 100 192
 241 100 192
  77 101 192
 178 101 192
 104 102 192
 284 104 192
 127 107 192
  71 108 192
 275 108 192
 227 109 192
 242 112 192
 131 117 192
 160 117 192
 203 119 192
 178 121 192
  61 122 192
 347 124 192
 355 124 192
 183 126 192
 134 129 192
 143 132 192
 166 132 192
 219 133 192
 272 133 192
 306 134 192
 226 135 192
 261 135 192
 126 136 192
 212 138 192
 204 140 192
 231 140 192
  54 141 192
 240 141 192
  75 142 192
 102 142 192
 192 142 192
  45 143 192
 352 144 192
 176 145 192
 320 145 192
  86 148 192
 204 150 192
 246 151 192
  65 153 192
 104 154 192
 176 154 192
  18 155 192
 194 156 192
 294 157 192
 233 158 192
 186 159 192
  43 160 192
 117 161 192
 148 161 192
 263 161 192
 254 162 192
 264 169 192
 320 170 192
  23 171 192
 113 171 192
 243 171 192
 152 173 192
   5 178 192
 241 179 192
 267 179 192
 284 179 192
  45   0 193
  93   4 193
 191   4 193
 283   4 193
 237   5 193
  15   6 193
 137   6 193
  27   7 193
 256   7 193
 276  10 193
 323  10 193
 147  12 193
 194  12 193
 356  12 193
 243  15 193
  21  18 193
  87  18 193
 189  19 193
 142  26 193
 125  27 193
 165  27 193
 258  28 193
  92  30 193
 104  32 193
 274  32 193
 211  35 193
 339  35 193
 114  36 193
 203  40 193
   8  41 193
 282  41 193
 262  45 193
 297  46 193
  24  48 193
  99  49 193
 353  49 193
 255  51 193
 159  52 193
 190  52 193
 242  54 193
 335  54 193
  27  55 193
 123  56 193
 138  56 193
 230  56 193
 281  57 193
 297  57 193
  53  58 193
 217  60 193
 237  61 193
  61  62 193
 167  62 193
   8  63 193
 301  63 193
 280  65 193
 291  66 193
  23  67 193
 148  69 193
 318  69 193
 271  72 193
 245  73 193
  85  74 193
 234  77 193
 135  78 193
 102  79 193
 174  81 193
 349  81 193
 357  82 193
  87  83 193
 182  83 193
 256  83 193
 193  84 193
 328  87 193
 141  88 193
 348  89 193
 231  91 193
  77  92 193
  40  93 193
 281  94 193
 221  97 193
 149  98 193
 323  98 193
  19 100 193
 113 100 193
 358 100 193
 229 101 193
 336 101 193
   5 102 193
  37 102 193
 186 102 193
 260 102 193
 210 103 193
 247 104 193
 309 106 193
 320 107 193
  29 110 193
  59 110 193
 142 111 193
  90 112 193
 281 112 193
 103 116 193
  32 120 193
 191 120 193
 303 120 193
 232 121 193
 319 122 193
 164 123 193
 255 123 193
  22 124 193
  84 125 193
 202 127 193
  44 129 193
 153 130 193
  51 131 193
  67 132 193
 280 134 193
 269 141 193
 337 141 193
   5 143 193
 344 147 193
 152 148 193
  31 154 193
 132 155 193
 329 156 193
  24 159 193
  78 159 193
 214 159 193
 241 159 193
  60 160 193
 165 160 193
 127 163 193
 224 163 193
  72 170 193
 174 171 193
 209 171 193
 232 171 193
 223 172 193
 347 172 193
  42 173 193
  92 176 193
 213 177 193
 294 177 193
  25 178 193
 203 178 193
 331 178 193
 182 179 193
  69   0 194
 214   0 194
 274   0 194
 306   0 194
  82   4 194
  60   5 194
 162   7 194
 204   7 194
 112   8 194
 337   8 194
 121  10 194
 129  11 194
 314  11 194
  47  13 194
 300  13 194
 201  15 194
  34  16 194
  99  18 194
  13  19 194
  66  19 194
 249  19 194
  51  21 194
 229  22 194
 236  25 194
 301  25 194
 183  26 194
 324  26 194
  11  27 194
 248  27 194
 357  27 194
 132  29 194
  28  32 194
  54  33 194
 232  33 194
 159  34 194
  96  36 194
 171  36 194
 179  36 194
 358  42 194
 120  43 194
  71  44 194
 130  46 194
  40  47 194
 308  48 194
 202  49 194
  91  53 194
 167  53 194
 313  53 194
  42  54 194
 345  54 194
  15  55 194
 103  57 194
 328  60 194
 128  61 194
  69  62 194
  78  64 194
  90  67 194
 256  67 194
 216  68 194
 308  68 194
 345  69 194
   9  71 194
  64  71 194
 159  71 194
 352  72 194
 126  73 194
  50  75 194
 288  75 194
 308  77 194
 213  78 194
 250  78 194
 293  80 194
 112  83 194
 163  83 194
 242  88 194
  56  89 194
 106  90 194
 184  90 194
 303  91 194
 209  92 194
 120  95 194
 270  96 194
 128  99 194
  54 101 194
  84 103 194
 162 107 194
 199 107 194
 253 108 194
 331 108 194
  78 110 194
 176 110 194
  37 111 194
   8 112 194
  21 112 194
 234 112 194
 149 113 194
 349 113 194
 124 115 194
 325 115 194
  49 117 194
  95 118 194
 276 119 194
 337 119 194
 102 124 194
 220 124 194
 296 125 194
  28 128 194
  17 131 194
 244 131 194
   9 133 194
  84 133 194
 178 133 194
  74 134 194
 158 135 194
 252 136 194
 148 137 194
  34 138 194
 170 138 194
 138 140 194
 219 141 194
 284 141 194
  24 142 194
 256 142 194
  31 146 194
 198 146 194
 298 146 194
  58 147 194
 115 147 194
 225 147 194
 273 147 194
  95 148 194
 125 150 194
 169 150 194
 142 152 194
 288 153 194
 110 158 194
 354 159 194
  98 160 194
  33 161 194
  12 162 194
  52 162 194
 306 162 194
 331 163 194
 346 164 194
 197 166 194
 357 166 194
  10 170 194
 189 171 194
  63 174 194
 274 174 194
 312 174 194
  15 175 194
  49 175 194
  77 175 194
 143 175 194
 123 177 194
 302 177 194
  34 178 194
  84 178 194
 319 178 194
 112 179 194
 134 179 194
 225 179 194
   5   0 195
  21   0 195
  53   0 195
 122   0 195
 148   0 195
 227   0 195
 291   0 195
 357   0 195
 180   4 195
  38   6 195
 100   7 195
 345   9 195
  75  10 195
 286  10 195
 174  11 195
 231  11 195
 166  13 195
 156  14 195
 220  14 195
 119  18 195
 281  18 195
 318  18 195
 133  20 195
  70  25 195
 288  29 195
 241  32 195
 348  32 195
  40  33 195
  73  33 195
 250  34 195
 150  35 195
 127  36 195
 106  39 195
  20  40 195
 332  40 195
 247  42 195
  58  43 195
 324  44 195
 179  46 195
 343  47 195
 231  48 195
 274  55 195
 248  57 195
 193  58 195
 209  59 195
  20  60 195
 110  60 195
 154  60 195
 338  60 195
 178  61 195
  41  62 195
   0  63 195
 223  63 195
 266  63 195
 135  64 195
 115  65 195
 186  65 195
 190  71 195
  30  72 195
 221  74 195
  69  76 195
 326  76 195
 265  78 195
  76  79 195
  29  81 195
 124  81 195
 150  81 195
  45  82 195
 271  82 195
 301  83 195
  11  84 195
 310  84 195
 262  87 195
 127  89 195
 250  89 195
  69  90 195
 196  90 195
 156  93 195
  84  94 195
 176  94 195
  97  96 195
  65  98 195
  29 101 195
 170 103 195
 291 104 195
 151 105 195
 108 107 195
 301 108 195
 100 109 195
 217 110 195
 188 111 195
 167 112 195
 248 115 195
 287 115 195
 356 116 195
  76 118 195
 262 118 195
   3 119 195
 137 120 195
 151 121 195
  54 122 195
 121 123 195
 244 123 195
 282 123 195
 129 125 195
 171 125 195
 211 125 195
 194 126 195
 262 126 195
 311 126 195
   2 129 195
  61 129 195
 110 129 195
  97 131 195
 348 131 195
 196 133 195
 292 133 195
 311 139 195
 109 143 195
 163 143 195
 184 145 195
 329 145 195
  79 147 195
  50 148 195
 261 149 195
 303 151 195
   3 152 195
 316 152 195
 229 153 195
 337 153 195
 253 155 195
 276 158 195
  69 159 195
 319 160 195
 155 161 195
  84 162 195
 297 163 195
 207 164 195
 103 165 195
 134 167 195
 121 169 195
 333 170 195
 102 176 195
 260 176 195
  55 179 195
 164 179 195
 248 179 195
 342 179 195
 352 179 195
 156   0 196
 168   0 196
 198   0 196
 246   0 196
 311   5 196
 215   9 196
 185  10 196
 268  10 196
 140  12 196
 260  12 196
   3  13 196
 329  13 196
 291  15 196
 107  16 196
 349  16 196
 142  19 196
 339  19 196
  42  20 196
  27  21 196
 210  21 196
  91  23 196
 311  24 196
 151  25 196
 192  25 196
 117  26 196
  18  28 196
 198  29 196
   3  30 196
 295  32 196
 139  34 196
  80  35 196
 311  37 196
 321  37 196
  31  38 196
 185  39 196
 215  40 196
 226  40 196
 272  40 196
  49  41 196
 142  41 196
 154  41 196
  85  44 196
  94  44 196
 111  44 196
 193  44 196
 169  45 196
 287  45 196
  12  46 196
 148  48 196
 268  48 196
 136  49 196
   4  51 196
 289  52 196
  34  55 196
 351  57 196
  94  59 196
 143  60 196
  53  65 196
 201  65 196
 332  67 196
 168  69 196
 296  70 196
 101  71 196
 118  73 196
 278  73 196
 318  76 196
 226  79 196
 240  80 196
  21  83 196
 218  83 196
  94  85 196
 286  85 196
   2  88 196
  25  89 196
 149  89 196
 220  90 196
 314  90 196
  33  92 196
 112  93 196
 236  95 196
 163  97 196
 316  97 196
 305  98 196
 275 101 196
 134 102 196
 119 103 196
  12 104 196
 266 105 196
 340 106 196
 115 111 196
 313 111 196
  67 115 196
 222 115 196
 210 116 196
  13 117 196
  84 118 196
 109 119 196
  68 123 196
 141 126 196
 323 127 196
 336 127 196
 232 128 196
 205 133 196
 334 135 196
  44 136 196
 353 137 196
 297 138 196
  12 139 196
  88 140 196
 210 145 196
  67 146 196
  38 147 196
 190 149 196
 349 151 196
 239 152 196
  88 154 196
   9 156 196
 172 161 196
 282 162 196
  63 166 196
  93 167 196
 258 167 196
 148 168 196
 284 172 196
 235 177 196
 156 178 196
 106   0 197
 114   0 197
 254   0 197
 323   0 197
 329   4 197
  17  12 197
  55  12 197
 238  12 197
 126  19 197
 262  19 197
 167  20 197
 179  20 197
  79  21 197
  34  23 197
 104  24 197
 159  25 197
 332  25 197
 220  27 197
  49  29 197
 334  32 197
 204  33 197
 280  34 197
 257  35 197
  66  39 197
 234  40 197
 304  43 197
 239  46 197
  77  47 197
 210  48 197
 220  48 197
 279  48 197
 183  52 197
 322  52 197
  50  53 197
 260  54 197
 173  56 197
 316  59 197
 308  60 197
 160  63 197
 251  63 197
  99  64 197
 242  64 197
 208  68 197
  82  69 197
   2  70 197
  38  70 197
  16  71 197
 180  72 197
 141  73 197
 340  76 197
 194  77 197
  37  81 197
  62  83 197
 138  83 197
 231  84 197
 323  84 197
 335  84 197
  51  85 197
 206  85 197
 293  87 197
 340  89 197
 354  91 197
 133  92 197
   6  94 197
  17  94 197
 188  95 197
 258  95 197
 296  95 197
 342  96 197
  44  98 197
 196  98 197
 330  98 197
 349  99 197
 205 100 197
  71 101 197
  91 103 197
 240 106 197
 353 106 197
  48 107 197
 136 109 197
 205 110 197
 271 114 197
 180 115 197
 332 115 197
  40 117 197
 239 118 197
 310 119 197
 291 121 197
  36 125 197
 270 125 197
 303 127 197
 122 131 197
 186 131 197
 214 131 197
  22 135 197
 113 135 197
 132 135 197
 237 136 197
 326 136 197
  60 137 197
  98 138 197
 120 139 197
 318 140 197
 359 141 197
 143 144 197
 289 145 197
  10 147 197
 133 147 197
  18 148 197
 102 148 197
 158 150 197
 215 150 197
  42 153 197
 267 153 197
  53 154 197
 148 155 197
 207 155 197
 181 157 197
 191 162 197
 246 162 197
 268 163 197
 142 164 197
 217 164 197
 231 164 197
  26 165 197
  38 165 197
 111 165 197
 180 165 197
 312 165 197
 238 166 197
 161 167 197
 250 168 197
 302 169 197
 292 170 197
   2 171 197
 167 171 197
 325 172 197
 198 173 197
 177 176 197
 189 178 197
 148 179 197
 278 179 197
  12   0 198
  28   0 198
  89   0 198
 131   0 198
 139   0 198
 187   0 198
 206   0 198
 234   0 198
 262   0 198
 337   0 198
  74   3 198
 297   3 198
  45   6 198
  66   7 198
 353   7 198
  87   8 198
 153   8 198
 250   8 198
  31  11 198
 307  13 198
 208  14 198
  61  16 198
 274  16 198
 356  18 198
 224  19 198
 286  22 198
 243  24 198
 267  24 198
 275  24 198
 171  26 198
  83  27 198
 317  27 198
 212  28 198
  62  29 198
 227  29 198
 304  30 198
 110  31 198
 120  32 198
   9  34 198
 265  34 198
 193  36 198
 353  36 198
 164  37 198
 288  37 198
 298  38 198
 343  39 198
  37  41 198
 316  44 198
 253  45 198
  63  47 198
 157  47 198
 123  48 198
 299  51 198
 109  52 198
 129  54 198
 236  54 198
 222  55 198
  62  56 198
   7  57 198
  85  59 198
 286  60 198
  27  61 198
 231  62 198
 274  62 198
 324  67 198
  59  68 198
  71  68 198
 285  68 198
 234  69 198
  46  70 198
 261  70 198
 109  71 198
 133  72 198
 152  73 198
  22  75 198
  57  76 198
 162  76 198
 170  76 198
 202  76 198
   4  77 198
 355  77 198
 278  82 198
  81  83 198
 104  84 198
 168  86 198
 176  86 198
 271  89 198
  61  92 198
 323  92 198
 140  94 198
 287  94 198
 244  95 198
 104  97 198
 213  97 198
 223 102 198
 144 103 198
  59 104 198
  21 105 198
 232 106 198
  65 108 198
  85 110 198
 259 110 198
 156 112 198
 305 113 198
 342 113 198
 194 114 198
  26 116 198
 318 116 198
 171 117 198
 185 120 198
 344 120 198
 158 122 198
  16 123 198
  44 123 198
  76 125 198
 178 126 198
  89 127 198
 225 127 198
 163 129 198
 251 129 198
 276 129 198
  31 133 198
 266 133 198
  51 137 198
 188 138 198
 245 138 198
 343 138 198
 275 139 198
 304 139 198
 176 140 198
 226 140 198
 153 141 198
 263 141 198
 126 143 198
 233 144 198
 246 146 198
 311 146 198
 280 148 198
  25 151 198
  72 151 198
 118 152 198
 323 152 198
 199 153 198
  95 155 198
 163 155 198
 308 155 198
 123 157 198
 342 157 198
 137 158 198
 259 158 198
 290 161 198
   4 163 198
  18 164 198
  73 164 198
 324 164 198
  45 167 198
  55 167 198
 274 167 198
  84 169 198
  28 172 198
 138 172 198
 130 174 198
 337 175 198
  69 176 198
   0 179 198
  41 179 198
 218 179 198
  97   0 199
 175   0 199
 220   0 199
 280   0 199
 345   0 199
 198   7 199
 223   7 199
 303   7 199
  10   8 199
 106   9 199
 115  13 199
   8  17 199
  72  17 199
 194  17 199
 296  19 199
 324  20 199
 200  21 199
 112  22 199
 344  23 199
  57  24 199
 254  24 199
  97  30 199
 177  30 199
 185  31 199
  22  33 199
  88  34 199
 132  39 199
 208  40 199
   3  44 199
 350  44 199
  29  46 199
  19  47 199
 330  47 199
 245  49 199
 196  50 199
  85  51 199
 357  51 199
  23  53 199
  70  53 199
 117  55 199
 201  55 199
  77  56 199
 186  58 199
  13  61 199
  48  61 199
 122  61 199
 295  62 199
 344  62 199
  34  64 199
 126  67 199
 314  67 199
 250  71 199
  90  73 199
 240  73 199
 302  73 199
 185  77 199
 347  77 199
 256  78 199
 131  82 199
 156  83 199
 187  84 199
 117  85 199
 279  90 199
  91  93 199
 226  93 199
  53  95 199
  25  96 199
 264  98 199
 181 101 199
 252 102 199
 282 102 199
 298 103 199
  77 104 199
 215 104 199
   1 106 199
  33 106 199
 325 106 199
 124 107 199
 246 109 199
 294 111 199
  54 112 199
 118 117 199
 229 117 199
 144 118 199
 200 118 199
 253 118 199
 351 122 199
 331 123 199
   8 124 199
 357 126 199
 148 128 199
 285 128 199
 343 128 199
  39 131 199
 314 131 199
 170 132 199
 258 133 199
 140 134 199
 221 135 199
  68 137 199
  78 138 199
 198 139 199
 336 146 199
 176 148 199
 253 148 199
 357 149 199
 109 150 199
  61 152 199
 294 152 199
  81 153 199
 221 153 199
 246 154 199
 104 158 199
 339 165 199
 351 166 199
  98 171 199
 218 171 199
 266 171 199
 109 173 199
 243 174 199
   8 176 199
 208 176 199
  20 177 199
 288 178 199
 307 179 199
 326 179 199
  36   0 200
  59   0 200
 269   1 200
 143   5 200
 210   5 200
   1   6 200
 133   7 200
 167   7 200
 318   7 200
 279   8 200
  94   9 200
  38  12 200
 339  12 200
 253  14 200
  23  15 200
 149  16 200
 313  16 200
 238  19 200
 186  21 200
 305  21 200
  16  22 200
   1  23 200
 136  25 200
 350  26 200
  39  27 200
 144  28 200
 163  30 200
 326  31 200
 342  31 200
 102  35 200
   0  37 200
  45  37 200
  56  37 200
 243  37 200
  14  38 200
  73  39 200
 174  39 200
 200  42 200
 261  42 200
 101  44 200
 294  46 200
  45  48 200
 173  49 200
 337  49 200
 163  50 200
  96  52 200
 141  52 200
 306  53 200
 150  54 200
 214  54 200
 267  55 200
 328  55 200
 242  57 200
 133  59 200
 355  61 200
 214  62 200
 259  62 200
 148  63 200
 195  63 200
 175  67 200
 338  69 200
 269  70 200
 212  73 200
  96  77 200
 332  77 200
  11  78 200
 111  78 200
  70  82 200
 246  82 200
 316  83 200
 196  84 200
 349  84 200
  87  86 200
 144  86 200
 256  86 200
  40  87 200
 237  87 200
  13  89 200
  75  90 200
 170  93 200
 203  93 200
 125  95 200
  37  96 200
 358  96 200
 152  99 200
 110 100 200
 320 101 200
 309 102 200
 158 103 200
 189 103 200
  98 104 200
  41 106 200
 285 108 200
 146 110 200
  93 112 200
   3 113 200
 105 113 200
 129 114 200
  60 116 200
 281 116 200
 215 119 200
 299 120 200
 323 120 200
  98 121 200
  29 122 200
 205 123 200
  59 124 200
  49 127 200
 105 127 200
 134 127 200
 239 128 200
  81 129 200
 155 132 200
   4 134 200
 106 135 200
 283 136 200
 162 137 200
 208 138 200
  29 141 200
 347 143 200
  45 144 200
  92 144 200
 323 144 200
 168 145 200
 268 145 200
  34 154 200
 283 154 200
  16 156 200
 299 157 200
   0 158 200
 331 158 200
 349 158 200
  45 159 200
 224 159 200
 238 159 200
 129 160 200
 200 160 200
 185 169 200
  76 170 200
 316 170 200
 153 171 200
 226 172 200
 354 172 200
  35 173 200
  58 173 200
  88 174 200
 253 174 200
 116 175 200
 269 177 200
 297 177 200
  79 179 200
  93 179 200
 139 179 200
  82   0 201
 162   0 201
 309   0 201
 240   3 201
 118   4 201
 192   4 201
 287   4 201
  18   5 201
  52   7 201
 124   7 201
 179   9 201
 324  10 201
  80  13 201
  97  15 201
 133  15 201
 161  15 201
 215  15 201
  48  16 201
  86  16 201
 174  17 201
 128  25 201
 204  26 201
  74  27 201
 293  27 201
 259  28 201
 234  29 201
 153  30 201
 275  31 201
  31  32 201
 215  34 201
 317  34 201
 222  36 201
 113  37 201
  93  38 201
 328  38 201
 120  39 201
 148  40 201
 278  41 201
 187  44 201
 228  45 201
  53  46 201
  35  49 201
 253  52 201
 283  52 201
 343  52 201
  40  57 201
 165  57 201
 335  57 201
  66  61 201
 168  63 201
  89  64 201
 106  64 201
 301  65 201
 278  67 201
 220  68 201
 348  69 201
 226  71 201
  75  73 201
 123  75 201
 285  75 201
 311  75 201
  32  76 201
  64  76 201
  81  76 201
 272  76 201
 293  76 201
  46  77 201
 144  78 201
 176  79 201
 213  81 201
 357  84 201
 305  85 201
  31  86 201
 109  88 201
 160  88 201
 122  89 201
 212  89 201
  46  91 201
  99  91 201
 308  91 201
 331  91 201
 181  92 201
 251  95 201
  78  96 201
  10  98 201
 174  99 201
 335 101 201
 198 104 201
 165 105 201
 113 106 201
 173 107 201
 271 107 201
 223 109 201
  12 110 201
  73 112 201
  34 113 201
 352 113 201
 138 115 201
  89 120 201
 266 120 201
 192 122 201
 114 125 201
  21 127 201
 293 128 201
  67 129 201
  13 132 201
  92 133 201
 290 138 201
  37 139 201
  17 141 201
   6 142 201
  54 143 201
  62 144 201
 296 144 201
 204 146 201
 304 146 201
 147 148 201
 138 150 201
 183 150 201
 170 155 201
 189 155 201
 273 155 201
  65 157 201
 213 157 201
 315 157 201
  25 158 201
  55 160 201
 150 161 201
  89 162 201
 118 164 201
  10 166 201
 331 166 201
 210 167 201
 127 168 201
 193 168 201
 281 168 201
 174 170 201
 345 173 201
  49 178 201
 169 178 201
 229 178 201
 315 178 201
  61 179 201
 182 179 201
 200 179 201
  67   0 202
 151   0 202
 317   0 202
 352   0 202
  25   7 202
 230   7 202
 259   7 202
 333   7 202
  71  10 202
 290  10 202
 203  11 202
 188  13 202
 346  13 202
 123  15 202
 231  15 202
 281  15 202
 332  18 202
 100  21 202
  65  22 202
  50  23 202
   8  24 202
  23  25 202
 246  29 202
 130  32 202
 310  32 202
  66  33 202
 156  36 202
 250  38 202
 336  38 202
  24  40 202
  80  40 202
 180  42 202
 310  42 202
 137  43 202
 217  44 202
 116  47 202
 231  51 202
 314  51 202
  56  52 202
 102  55 202
 156  57 202
 178  58 202
 206  59 202
 226  59 202
 321  61 202
  20  63 202
  78  63 202
   3  64 202
 138  64 202
 154  66 202
  25  68 202
 116  68 202
 186  68 202
   8  69 202
 160  69 202
 196  70 202
 328  71 202
 231  76 202
 298  81 202
 264  82 202
 223  84 202
   7  86 202
  56  87 202
 263  90 202
 348  92 202
  67  94 202
 147  94 202
 272  96 202
 231  97 202
 132  98 202
  84  99 202
 290  99 202
  17 100 202
  53 102 202
 208 104 202
 345 105 202
 181 108 202
  25 109 202
 331 109 202
 277 110 202
 214 112 202
 236 112 202
  46 114 202
 162 114 202
 263 114 202
  18 116 202
  79 116 202
 245 117 202
 130 121 202
 175 121 202
 285 121 202
 221 122 202
 233 122 202
 257 123 202
 313 123 202
 247 125 202
 197 127 202
 209 128 202
 326 130 202
 306 131 202
  58 132 202
 180 132 202
 127 133 202
 229 133 202
 350 133 202
 147 136 202
 336 139 202
 252 140 202
 112 141 202
 133 141 202
 214 141 202
  83 142 202
 100 143 202
 191 144 202
 119 145 202
 239 146 202
  32 147 202
 125 150 202
 341 150 202
 232 153 202
 111 158 202
 252 159 202
  81 160 202
  35 161 202
 158 162 202
 303 162 202
  97 163 202
 262 163 202
 167 164 202
 201 167 202
  66 169 202
  20 170 202
 307 171 202
 160 173 202
 123 176 202
  27 179 202
 102 179 202
 257 179 202
 348 179 202
  43   0 203
  51   0 203
 227   0 203
 249   0 203
 102   5 203
 273   6 203
  60   7 203
 159   8 203
 244   8 203
 145  11 203
 264  12 203
 169  13 203
 354  13 203
  30  17 203
  40  18 203
 267  18 203
 153  21 203
 317  21 203
 216  22 203
 337  23 203
 120  24 203
  89  26 203
 194  27 203
 285  28 203
  15  30 203
  53  31 203
 358  31 203
 170  32 203
  39  34 203
 348  34 203
 144  35 203
 199  35 203
 237  35 203
 269  38 203
  61  41 203
 166  42 203
 284  44 203
 152  45 203
 322  45 203
   9  46 203
 107  46 203
  92  47 203
 204  47 203
 265  47 203
 129  48 203
 274  49 203
 188  51 203
  12  52 203
 350  53 203
   2  54 203
 291  54 203
 193  57 203
  55  60 203
 248  60 203
 267  62 203
  41  64 203
  52  69 203
  97  69 203
 292  69 203
 355  70 203
 319  72 203
  40  74 203
 104  76 203
 151  79 203
  17  80 203
 205  80 203
 237  80 203
 340  81 203
  25  82 203
 286  82 203
  98  84 203
 328  85 203
 248  88 203
 297  89 203
 318  89 203
 189  90 203
  22  91 203
 197  91 203
 161  95 203
 219  96 203
 238  99 203
  29 100 203
 139 100 203
  66 102 203
 245 102 203
 258 104 203
 131 106 203
 313 107 203
 301 108 203
 189 110 203
 112 114 203
 151 117 203
   5 119 203
  51 119 203
  67 119 203
 338 119 203
 122 121 203
 164 121 203
 305 122 203
 275 123 203
  27 130 203
 334 130 203
 298 132 203
 242 134 203
 271 135 203
 318 135 203
 356 137 203
 182 139 203
  71 142 203
 220 144 203
 277 144 203
 156 145 203
 329 146 203
 260 148 203
 196 149 203
 315 149 203
   4 150 203
  13 150 203
  47 150 203
 209 150 203
  92 151 203
  74 156 203
 143 157 203
 176 158 203
 322 158 203
 136 164 203
 104 165 203
 226 165 203
 293 165 203
 243 167 203
 144 168 203
  48 171 203
 332 173 203
  13 179 203
 132 179 203
   0   0 204
 110   0 204
 169   0 204
 181   0 204
 200   0 204
 257   0 204
 302   0 204
 326   0 204
 216   6 204
 309   7 204
 297  11 204
   2  12 204
 109  13 204
 223  14 204
  15  15 204
 246  15 204
 163  21 204
 249  21 204
 143  22 204
 176  23 204
 226  23 204
 280  23 204
  31  25 204
 106  26 204
 323  26 204
 270  27 204
 300  28 204
  78  32 204
 137  33 204
 208  33 204
 188  35 204
 260  35 204
 293  35 204
 228  38 204
 303  39 204
  49  41 204
 125  43 204
 236  43 204
  85  44 204
 344  44 204
 356  44 204
  68  46 204
 239  49 204
  77  50 204
 179  50 204
 135  51 204
  28  55 204
 111  56 204
 299  56 204
 275  57 204
 312  59 204
 236  63 204
 289  63 204
 337  63 204
 204  67 204
  66  68 204
 308  68 204
 142  69 204
 168  70 204
 256  70 204
   0  74 204
 135  76 204
 197  77 204
  52  79 204
  89  79 204
 165  79 204
 323  79 204
 125  81 204
 181  83 204
 272  83 204
 135  85 204
 290  87 204
 114  92 204
 338  92 204
 282  94 204
 300  95 204
 207  97 204
  93  98 204
 117  98 204
  47  99 204
   2 100 204
 353 103 204
   7 106 204
 104 106 204
  81 107 204
  90 107 204
 200 110 204
 319 110 204
 229 111 204
 253 112 204
 206 113 204
 293 117 204
  36 119 204
 143 124 204
  39 125 204
 266 127 204
   2 128 204
  74 130 204
 118 130 204
 218 130 204
 189 131 204
 201 132 204
  85 133 204
  99 133 204
  45 134 204
 172 137 204
 261 137 204
 309 137 204
 233 138 204
 329 138 204
  22 145 204
 227 146 204
 285 146 204
 352 146 204
  55 150 204
 161 150 204
 100 151 204
 264 153 204
 288 157 204
   7 158 204
 194 159 204
 337 159 204
 277 160 204
 182 161 204
  60 165 204
 345 165 204
 357 165 204
 234 166 204
 253 166 204
 323 169 204
 297 170 204
 260 171 204
 286 172 204
   4 173 204
 146 175 204
 193 175 204
 237 175 204
 276 176 204
 214 177 204
  73 178 204
 152 178 204
 246 178 204
  36 179 204
   8   0 205
  25   0 205
  74   0 205
  92   0 205
 125   0 205
 134   0 205
 294   0 205
 340   0 205
 344   5 205
  83   6 205
  32   7 205
  45   9 205
  63  13 205
 302  15 205
 205  17 205
 138  18 205
 289  18 205
  75  20 205
 259  20 205
 356  21 205
  81  23 205
 309  24 205
 182  27 205
 332  31 205
   6  32 205
 123  32 205
 285  36 205
 322  37 205
 106  38 205
  31  40 205
 250  45 205
 302  47 205
  24  48 205
 221  49 205
 210  50 205
 325  51 205
  47  53 205
  87  55 205
 122  55 205
 258  55 205
  17  56 205
  33  59 205
 127  59 205
 282  59 205
 328  61 205
 349  61 205
  96  62 205
 114  62 205
 182  63 205
 252  65 205
 241  67 205
  82  68 205
  32  69 205
 130  69 205
  14  71 205
 177  72 205
 245  73 205
 262  73 205
 279  73 205
 341  73 205
 219  75 205
   4  80 205
 116  80 205
  38  82 205
  76  83 205
  64  86 205
 171  86 205
 229  86 205
 358  90 205
  34  91 205
 138  91 205
 240  91 205
  58  94 205
 324  95 205
 101  97 205
 257  97 205
 315  97 205
 186  98 205
 306  98 205
 330  98 205
 195  99 205
 342  99 205
  38 102 205
 122 102 205
 266 103 205
 220 104 205
  72 105 205
 292 105 205
 142 106 205
  57 107 205
 153 109 205
 337 111 205
 120 112 205
 346 112 205
  98 114 205
 171 114 205
 356 117 205
 183 118 205
  24 119 205
 347 120 205
 104 121 205
  81 122 205
 155 122 205
  13 125 205
  92 125 205
 319 126 205
 167 127 205
 175 128 205
 279 129 205
 253 131 205
 136 132 205
 343 133 205
  19 134 205
  34 134 205
  63 136 205
 155 138 205
 140 142 205
 341 143 205
  75 147 205
  39 148 205
  85 148 205
 248 148 205
  66 150 205
 307 151 205
 333 151 205
 131 152 205
 151 153 205
 346 154 205
 355 154 205
 119 157 205
 244 159 205
  18 161 205
 217 161 205
  48 163 205
  27 164 205
 313 164 205
 268 165 205
  39 166 205
 111 166 205
 272 170 205
  81 172 205
 179 173 205
 322 177 205
 222 178 205
 337 178 205
 109 179 205
 162 179 205
 302 179 205
 355 179 205
  16   0 206
 142   0 206
 189   0 206
 208   0 206
 234   0 206
 283   0 206
 173   5 206
 153   6 206
 352   7 206
  89   9 206
 137   9 206
  10  11 206
 195  11 206
 275  13 206
 181  14 206
 327  14 206
  54  16 206
 115  16 206
 197  18 206
 347  19 206
 240  23 206
 168  25 206
  95  28 206
 253  28 206
  61  29 206
 112  29 206
 227  30 206
 179  36 206
  19  37 206
 162  37 206
   9  38 206
 352  39 206
 211  40 206
  39  41 206
 194  43 206
 173  44 206
 334  45 206
 143  46 206
 158  47 206
  40  51 206
 146  52 206
  62  54 206
 172  57 206
 220  57 206
 233  57 206
  73  59 206
 145  60 206
  60  65 206
 273  65 206
 213  67 206
 122  69 206
  89  70 206
 148  72 206
 299  72 206
 188  74 206
 159  76 206
 251  78 206
 350  78 206
 305  79 206
 313  80 206
 106  82 206
  82  86 206
 151  86 206
 207  86 206
 278  86 206
  90  89 206
   8  92 206
 154  92 206
 175  92 206
 167  98 206
 275 101 206
  21 104 206
 250 106 206
  46 107 206
  63 110 206
 286 113 206
 305 113 206
 270 114 206
 324 114 206
 192 116 206
 220 116 206
 329 118 206
 210 119 206
  73 122 206
 239 123 206
 185 125 206
 351 126 206
  54 127 206
 226 128 206
 144 131 206
 286 131 206
  51 137 206
 119 137 206
 192 137 206
 300 138 206
 202 139 206
 246 139 206
 126 140 206
 320 141 206
 173 144 206
 112 150 206
 298 150 206
  25 151 206
 176 151 206
 321 151 206
 239 153 206
 225 154 206
 135 157 206
 206 158 206
  73 164 206
 124 164 206
  90 168 206
 216 169 206
  13 170 206
  30 170 206
 168 170 206
 136 171 206
 204 172 206
  94 173 206
  67 175 206
 311 175 206
 264 177 206
  55 178 206
 291 178 206
  84 179 206
 264   0 207
 251   7 207
 129   8 207
 236   8 207
 315  10 207
 103  11 207
 336  11 207
 153  14 207
 256  14 207
  92  15 207
 238  15 207
  23  18 207
 127  18 207
   4  19 207
  45  21 207
  58  21 207
 210  21 207
 294  22 207
 341  27 207
 217  28 207
 158  29 207
  47  30 207
  99  33 207
  85  34 207
 278  34 207
  70  36 207
 295  41 207
 315  44 207
  18  45 207
 258  45 207
   2  46 207
  98  48 207
 288  49 207
 165  52 207
 338  52 207
 244  53 207
 201  55 207
 306  56 207
 137  57 207
 160  61 207
 358  62 207
  47  65 207
 226  65 207
 316  67 207
  73  69 207
 105  69 207
 334  71 207
  24  75 207
  69  78 207
  59  79 207
 257  81 207
 189  82 207
 143  83 207
 217  83 207
 242  83 207
  44  85 207
 352  85 207
  17  87 207
 127  88 207
 256  89 207
 216  91 207
 269  91 207
  73  94 207
 227  94 207
 350  97 207
 154 101 207
 283 101 207
 177 102 207
 228 104 207
 168 108 207
 357 108 207
  31 109 207
 134 111 207
 242 112 207
 143 114 207
  88 115 207
 311 116 207
 229 118 207
 255 118 207
  60 119 207
 198 119 207
 113 120 207
 136 122 207
 296 123 207
  46 126 207
 158 128 207
 107 129 207
   8 133 207
 110 135 207
 166 135 207
  77 136 207
 220 136 207
 277 137 207
  91 138 207
  11 139 207
 285 139 207
   0 141 207
 266 142 207
 147 143 207
 184 145 207
 291 148 207
 215 151 207
 167 152 207
 201 152 207
 278 152 207
 252 153 207
  31 154 207
  40 155 207
 104 156 207
  93 157 207
 310 157 207
 155 158 207
 327 161 207
 187 165 207
 286 165 207
   4 166 207
 337 166 207
 151 167 207
 160 167 207
 116 170 207
 103 172 207
 350 172 207
 187 173 207
  21 176 207
   6 179 207
  43 179 207
 206 179 207
  32   0 208
  57   0 208
  99   0 208
 117   0 208
 243   0 208
 272   0 208
 333   0 208
  76   6 208
  39   7 208
 209   7 208
 222   7 208
 284   7 208
  20   8 208
 116   8 208
 189   8 208
 164  10 208
  70  15 208
 340  16 208
 187  18 208
  14  22 208
 331  23 208
 131  25 208
 201  25 208
 263  25 208
 147  26 208
  36  28 208
  70  28 208
 315  28 208
 348  28 208
 304  32 208
 245  34 208
 150  36 208
 311  37 208
 341  37 208
  57  38 208
 115  39 208
 331  39 208
  75  40 208
 203  40 208
 133  41 208
 244  42 208
 272  43 208
  56  47 208
 348  48 208
 197  49 208
 110  50 208
 267  52 208
 212  56 208
   7  58 208
  89  61 208
 104  61 208
 260  61 208
 152  62 208
  25  63 208
 193  63 208
 298  63 208
  12  64 208
 230  70 208
 111  72 208
 205  73 208
 271  73 208
  46  74 208
 212  75 208
  97  76 208
  32  79 208
 333  79 208
  11  80 208
 198  83 208
 343  85 208
  51  86 208
 164  86 208
 333  87 208
 305  88 208
  26  94 208
  40  94 208
 130  94 208
 291  94 208
  82  95 208
 245  95 208
  14  96 208
  62  99 208
 109  99 208
 214 102 208
 320 103 208
 308 104 208
 332 104 208
  98 105 208
 187 105 208
 238 105 208
 161 106 208
 109 109 208
   8 112 208
  75 114 208
 178 114 208
 277 115 208
  13 116 208
 262 122 208
 214 124 208
 332 124 208
 125 125 208
  62 126 208
 238 131 208
 210 133 208
  25 137 208
 349 138 208
 226 139 208
 292 140 208
  39 141 208
 209 141 208
 238 141 208
  30 142 208
 312 142 208
  95 143 208
 105 144 208
 256 144 208
 190 149 208
  17 153 208
  58 155 208
  85 155 208
  47 156 208
 269 156 208
   1 157 208
 299 157 208
 257 158 208
  67 159 208
 168 159 208
 231 159 208
 146 161 208
  84 163 208
 197 164 208
 305 166 208
 129 170 208
 246 171 208
  41 172 208
 230 174 208
 117 177 208
 253 177 208
 126 179 208
 138 179 208
 197 179 208
 281 179 208
 161   0 209
 221   0 209
 308   0 209
 320   0 209
  66   4 209
 147   4 209
   0   6 209
 181   6 209
 295   6 209
 324   7 209
  52   9 209
 269  11 209
 174  14 209
 285  14 209
  35  16 209
 318  16 209
 307  18 209
  97  19 209
 105  20 209
 275  20 209
 190  25 209
   3  27 209
  23  28 209
 234  31 209
  27  33 209
 270  33 209
 130  35 209
 194  35 209
 219  35 209
 253  35 209
 172  36 209
  90  38 209
 183  42 209
 221  42 209
 230  43 209
 279  44 209
  31  47 209
 119  48 209
  71  50 209
 318  50 209
  83  51 209
 252  53 209
 182  54 209
 355  54 209
  52  56 209
 342  57 209
  40  58 209
 319  58 209
 202  62 209
 174  63 209
 305  64 209
 165  65 209
   3  67 209
 329  67 209
 348  68 209
  38  70 209
 156  70 209
 287  70 209
 235  74 209
  81  75 209
 291  75 209
 180  77 209
 226  79 209
 295  80 209
 265  85 209
 323  85 209
 119  86 209
 110  87 209
 313  87 209
  69  89 209
  97  89 209
 183  90 209
  52  93 209
 144  93 209
 202  94 209
 359  96 209
 147  99 209
 134 100 209
  86 101 209
 199 103 209
 299 104 209
  38 110 209
 261 110 209
  22 112 209
  50 112 209
 125 115 209
 162 117 209
 247 119 209
 316 120 209
 281 121 209
  29 122 209
 359 122 209
 288 123 209
 202 124 209
 339 125 209
  19 126 209
  85 126 209
 307 126 209
 249 127 209
  97 128 209
 271 129 209
 130 130 209
 323 130 209
 259 132 209
 293 132 209
 182 134 209
 336 134 209
  69 137 209
  56 141 209
  16 143 209
 165 143 209
  47 145 209
  61 145 209
 130 145 209
 271 146 209
 345 147 209
 120 148 209
 139 149 209
 352 162 209
 175 163 209
  54 164 209
 208 164 209
  99 165 209
 318 167 209
  63 169 209
  75 170 209
 225 170 209
  32 176 209
 170 176 209
 328 178 209
  47   0 210
 350   0 210
 264   7 210
 229   8 210
 213  12 210
  79  13 210
 145  14 210
 356  15 210
 229  16 210
 218  18 210
 157  19 210
 119  20 210
  87  23 210
 233  23 210
 284  25 210
 122  26 210
 138  26 210
 245  26 210
 206  29 210
 294  29 210
 322  31 210
 354  31 210
  51  35 210
   0  37 210
  99  40 210
 141  40 210
 288  40 210
 154  41 210
  12  43 210
  80  44 210
  48  46 210
 233  49 210
 295  49 210
 129  51 210
 280  51 210
 330  53 210
 100  54 210
 152  54 210
  23  56 210
 189  56 210
 226  58 210
 270  58 210
 289  58 210
  79  60 210
 244  60 210
 120  62 210
 137  64 210
 342  65 210
 279  66 210
 184  68 210
 196  71 210
  59  72 210
   6  73 210
 170  74 210
 321  74 210
 123  75 210
 140  75 210
 130  77 210
 344  77 210
 279  79 210
 286  85 210
  24  87 210
 191  92 210
 344  92 210
 277  93 210
 233  96 210
 250  99 210
 262  99 210
  53 100 210
  32 101 210
  15 103 210
 342 105 210
 125 106 210
 205 106 210
 285 107 210
  84 110 210
 213 110 210
 298 112 210
  68 113 210
 155 115 210
  41 118 210
  98 120 210
 167 121 210
 118 124 210
  33 127 210
  68 130 210
 312 130 210
 150 132 210
   1 133 210
 329 133 210
  84 138 210
 304 142 210
 335 142 210
 215 144 210
 153 145 210
   4 146 210
 233 150 210
  78 151 210
 144 153 210
 181 154 210
 326 154 210
 337 154 210
 284 155 210
 113 156 210
 191 156 210
 125 157 210
 248 162 210
 261 163 210
 279 164 210
 239 165 210
 298 165 210
 329 167 210
  20 169 210
 344 170 210
 198 171 210
  53 172 210
 160 174 210
 299 175 210
 271 177 210
  95 179 210
 103 179 210
 179 179 210
 239 179 210
 315 179 210
 343 179 210
  39   0 211
  84   0 211
 106   0 211
 195   0 211
 250   0 211
 201   3 211
   8   5 211
  98   8 211
 301   9 211
  26  10 211
 201  11 211
  43  15 211
 249  15 211
  85  16 211
 322  21 211
  67  23 211
 179  23 211
 110  24 211
  77  28 211
  14  29 211
 168  31 211
 263  32 211
  39  33 211
 140  33 211
  64  43 211
 106  43 211
 165  44 211
 341  44 211
 308  45 211
 205  46 211
 264  46 211
 175  49 211
   4  52 211
  32  54 211
 114  57 211
  66  59 211
  56  61 211
 129  63 211
 209  64 211
  96  67 211
 246  67 211
 262  67 211
 252  70 211
  19  71 211
 308  71 211
 354  71 211
  89  76 211
 357  77 211
 103  78 211
 151  79 211
 161  81 211
 236  81 211
 359  84 211
 248  85 211
 299  85 211
  32  86 211
 223  90 211
 167  91 211
 118  94 211
 296  97 211
   6  99 211
  95 100 211
  67 102 211
  77 105 211
 117 106 211
 349 106 211
 275 107 211
 323 108 211
   3 109 211
 312 109 211
 190 110 211
 332 111 211
 340 114 211
 350 114 211
  56 115 211
 109 116 211
 146 119 211
 235 119 211
 174 122 211
 269 122 211
   6 123 211
 221 124 211
 191 125 211
  77 127 211
 232 128 211
 205 130 211
  40 133 211
 175 133 211
 160 134 211
 137 137 211
 195 141 211
 251 141 211
 326 142 211
 113 143 211
  70 144 211
 199 146 211
 242 146 211
 223 147 211
 314 148 211
 354 148 211
  97 149 211
 260 149 211
 157 150 211
   9 151 211
 292 156 211
 316 158 211
 161 159 211
 346 159 211
  24 160 211
  32 160 211
 274 160 211
  12 161 211
 222 161 211
 137 162 211
 179 168 211
 143 169 211
 264 170 211
 308 171 211
 280 172 211
 289 172 211
 357 172 211
 152 173 211
  77 177 211
 217 177 211
  13 178 211
 188 179 211
  21   0 212
 128   0 212
 137   0 212
 168   0 212
 177   0 212
 228   0 212
 258   0 212
 290   0 212
 358   0 212
 277   3 212
 340   3 212
  89   4 212
 311   5 212
 110   6 212
 242   8 212
 331   8 212
 122   9 212
 346   9 212
  58  11 212
  13  14 212
 137  14 212
 292  14 212
 166  16 212
 269  18 212
 256  20 212
  51  22 212
  32  24 212
 337  24 212
 224  25 212
 285  32 212
 107  33 212
 187  33 212
 210  34 212
 328  34 212
 123  35 212
 303  39 212
  27  40 212
 238  40 212
 255  41 212
  41  45 212
 188  45 212
 213  45 212
 356  46 212
 326  47 212
  91  48 212
  20  50 212
 137  50 212
 240  50 212
 223  51 212
 300  53 212
 167  57 212
 255  58 212
 237  59 212
 324  62 212
  31  64 212
  69  65 212
 144  66 212
 219  66 212
 222  72 212
  66  74 212
 313  75 212
 115  76 212
  50  78 212
  17  81 212
 183  82 212
 205  82 212
  62  83 212
  79  83 212
  90  83 212
 134  84 212
   5  87 212
 211  89 212
 325  91 212
 336  92 212
 259  93 212
 285  93 212
 315  93 212
 158  94 212
 305  95 212
 175  97 212
  43  99 212
 269 100 212
 223 101 212
 147 106 212
 180 106 212
 255 107 212
 103 108 212
 230 109 212
 221 110 212
  94 115 212
  27 116 212
 136 116 212
 186 119 212
 303 119 212
 323 120 212
 353 120 212
  16 121 212
 150 124 212
 138 127 212
 344 128 212
 353 130 212
  22 131 212
  49 131 212
 194 131 212
 117 132 212
  56 133 212
 100 133 212
 250 134 212
 262 137 212
 232 140 212
 179 142 212
  22 145 212
 279 145 212
  31 148 212
 305 149 212
 207 152 212
 245 152 212
  66 153 212
 217 156 212
  77 159 212
 130 161 212
  39 162 212
 116 162 212
 106 165 212
 211 169 212
   7 170 212
 253 170 212
  86 173 212
  61 177 212
   0 179 212
  74   0 213
 211   0 213
 237   0 213
 155   8 213
  67  10 213
   4  14 213
 349  15 213
 331  16 213
 204  17 213
 300  17 213
 148  19 213
  27  20 213
 171  22 213
 311  22 213
 356  22 213
  58  26 213
 276  26 213
  91  27 213
  99  27 213
 152  28 213
 182  29 213
  63  32 213
 337  33 213
 226  34 213
 297  34 213
   5  40 213
 176  40 213
 197  40 213
 146  43 213
 311  51 213
  60  52 213
  75  54 213
 159  54 213
 207  54 213
 143  55 213
 284  55 213
 312  58 213
 333  58 213
 275  61 213
  44  62 213
 181  62 213
  82  65 213
 111  66 213
 164  72 213
  30  73 213
 265  73 213
 340  73 213
  75  74 213
 328  74 213
  39  76 213
 255  76 213
 198  77 213
 272  79 213
 172  80 213
 214  80 213
 153  88 213
  38  89 213
 138  89 213
  80  90 213
  59  92 213
 102  92 213
  89  93 213
 194  97 213
 211  97 213
 327  98 213
 238  99 213
 161 100 213
 316 100 213
  24 101 213
 139 103 213
  56 105 213
 153 109 213
 291 109 213
 171 111 213
 197 112 213
 266 113 213
 118 114 213
 204 114 213
  78 118 213
  47 120 213
  68 120 213
 280 128 213
  90 129 213
 300 132 213
  13 133 213
 216 133 213
 242 134 213
 283 134 213
 315 135 213
 123 136 213
 271 136 213
 344 136 213
 104 138 213
 143 140 213
 353 141 213
 297 142 213
  86 144 213
 286 146 213
 339 146 213
  39 148 213
  51 149 213
 105 150 213
 173 151 213
 265 153 213
 357 154 213
 305 157 213
 197 158 213
  51 159 213
  97 159 213
   5 160 213
 337 161 213
 166 166 213
  27 169 213
 122 169 213
 109 171 213
 239 172 213
 335 172 213
 133 174 213
  69 177 213
  24 179 213
  37 179 213
 110 179 213
 246 179 213
 258 179 213
 307 179 213
 336 179 213
  62   0 214
 154   0 214
 187   0 214
 301   0 214
 326   0 214
  48   6 214
 257   8 214
 132   9 214
  33  10 214
 193  10 214
 278  10 214
 183  11 214
 111  13 214
 241  16 214
 193  18 214
  75  21 214
  41  23 214
 345  24 214
 161  25 214
 196  25 214
 257  27 214
  82  31 214
 115  33 214
  17  34 214
  44  36 214
 274  36 214
 353  38 214
 264  39 214
 317  39 214
 161  40 214
 125  42 214
 335  42 214
 115  44 214
 292  44 214
  13  49 214
 248  50 214
 273  50 214
 342  51 214
  49  52 214
 197  54 214
  92  55 214
 175  56 214
 348  57 214
  12  58 214
 355  60 214
 293  62 214
  17  64 214
 156  64 214
 336  64 214
  89  66 214
 236  67 214
  47  68 214
 298  68 214
  54  69 214
 102  69 214
 190  69 214
 148  73 214
 245  78 214
 261  82 214
 106  83 214
 349  84 214
 126  85 214
 190  85 214
 220  85 214
 278  86 214
 238  87 214
 269  88 214
 252  89 214
  11  90 214
 351  91 214
 112  92 214
 125  94 214
  20  95 214
 183  96 214
 103  99 214
 337  99 214
 112 103 214
 357 104 214
 167 105 214
  45 106 214
 243 106 214
  16 109 214
  91 109 214
 246 112 214
 254 115 214
 212 117 214
  85 119 214
 331 119 214
 295 120 214
 257 121 214
  56 122 214
 109 123 214
 158 124 214
 241 125 214
 169 131 214
  80 133 214
  32 134 214
 224 135 214
 130 137 214
 321 138 214
   4 139 214
 188 140 214
 171 143 214
  77 145 214
  90 149 214
 133 149 214
 124 151 214
  22 153 214
  90 157 214
 236 159 214
 151 161 214
 203 161 214
  61 162 214
 292 163 214
 355 166 214
 189 167 214
  47 168 214
  70 168 214
 271 170 214
 321 171 214
  94 172 214
 123 176 214
 203 177 214
 224 177 214
 291 178 214
 322 178 214
  46 179 214
 143 179 214
 163 179 214
   5   0 215
  28   0 215
 120   0 215
 144   0 215
 266   0 215
 215   5 215
 168   7 215
 250   7 215
 317   7 215
 175   8 215
 288   8 215
  76   9 215
 222  10 215
 101  13 215
  92  16 215
  18  17 215
 126  19 215
 211  19 215
   5  21 215
 135  22 215
 291  22 215
 301  24 215
 214  25 215
 238  25 215
   9  26 215
 248  30 215
 310  30 215
 348  31 215
 239  32 215
 154  34 215
  69  35 215
  86  36 215
  96  36 215
 247  39 215
  20  40 215
  34  41 215
  57  41 215
  71  42 215
 322  43 215
  86  44 215
 133  44 215
 152  48 215
 218  48 215
 168  49 215
 192  49 215
 122  51 215
  41  52 215
 107  53 215
 263  56 215
   3  60 215
 217  60 215
 228  63 215
 315  64 215
 130  69 215
 210  70 215
 282  70 215
 177  71 215
  11  75 215
 300  75 215
  57  79 215
 315  81 215
 329  81 215
 117  82 215
 229  82 215
 336  82 215
  69  83 215
 306  84 215
  48  86 215
 175  89 215
  71  93 215
 130  98 215
 218  98 215
 288  98 215
 352  98 215
  75  99 215
 276 100 215
 307 101 215
  34 106 215
 130 108 215
  64 110 215
 305 110 215
 183 111 215
 234 113 215
 274 114 215
 282 114 215
 315 114 215
   4 115 215
  34 116 215
 221 117 215
 128 118 215
 287 118 215
 275 123 215
 129 125 215
 227 125 215
 261 126 215
 183 128 215
   8 129 215
  92 135 215
  61 136 215
 206 136 215
 152 137 215
  47 139 215
 161 140 215
  12 141 215
 209 144 215
 145 146 215
 254 148 215
 114 149 215
  61 150 215
 215 150 215
 320 150 215
 226 152 215
 345 152 215
 273 154 215
  71 156 215
 330 157 215
 105 158 215
 174 158 215
 184 158 215
 254 162 215
 308 163 215
  80 164 215
  16 165 215
 221 168 215
 172 169 215
  37 170 215
 175 176 215
 210 178 215
 153 179 215
 349 179 215
  97   0 216
 244   0 216
 334   0 216
  13   7 216
 269   7 216
 145   8 216
 235   8 216
 322  11 216
  39  12 216
  50  13 216
 158  13 216
 338  16 216
  59  17 216
  67  17 216
 116  17 216
 279  17 216
 223  18 216
 329  24 216
 268  25 216
 202  27 216
 319  28 216
  31  31 216
 132  31 216
 174  31 216
 217  33 216
 311  37 216
 229  39 216
 279  40 216
  99  45 216
 283  45 216
 257  48 216
  27  50 216
  67  52 216
  83  54 216
 323  55 216
 129  56 216
 303  58 216
  98  60 216
  26  61 216
 198  61 216
 188  62 216
 122  66 216
 202  66 216
   6  67 216
 325  68 216
 273  71 216
 348  71 216
 136  72 216
 289  72 216
 239  73 216
 227  75 216
 191  76 216
 290  79 216
  30  80 216
  96  84 216
 293  85 216
 147  86 216
 163  86 216
 197  86 216
  54  89 216
 204  89 216
 229  90 216
  38  96 216
 139  96 216
 204  97 216
  11 101 216
 254 101 216
 229 102 216
  88 103 216
  24 108 216
  77 111 216
  47 112 216
 104 114 216
 144 114 216
 161 114 216
 343 118 216
 101 123 216
 198 123 216
 307 123 216
  23 124 216
 314 124 216
 212 125 216
 333 125 216
 164 127 216
 296 127 216
 322 127 216
 111 129 216
 336 131 216
 144 132 216
 186 134 216
 306 134 216
  23 137 216
 288 137 216
  34 140 216
 274 141 216
 237 143 216
 329 147 216
 187 148 216
 299 148 216
 290 150 216
 150 151 216
 163 151 216
  15 152 216
  42 153 216
 138 155 216
 230 157 216
 246 158 216
 285 160 216
 321 160 216
 143 162 216
 266 163 216
 348 164 216
  87 166 216
 155 166 216
 204 168 216
 229 168 216
 299 170 216
  59 171 216
 101 173 216
   8 176 216
 195 177 216
 282 177 216
 230 179 216
 265 179 216
  44   0 217
 161   0 217
 284   0 217
 308   0 217
 347   0 217
  66   4 217
 353   7 217
   1   9 217
  89  10 217
 308  13 217
 232  17 217
 263  17 217
 184  18 217
 250  19 217
 285  20 217
  82  22 217
  19  24 217
 116  25 217
 125  27 217
 142  27 217
  44  28 217
 164  30 217
 291  33 217
  55  34 217
 144  34 217
 257  34 217
 192  35 217
 182  41 217
 203  41 217
  77  44 217
   8  45 217
 230  46 217
 269  46 217
 299  46 217
 335  49 217
 358  51 217
 233  52 217
  52  57 217
 248  57 217
 148  58 217
 211  58 217
 135  59 217
 108  60 217
  38  61 217
 285  61 217
 267  62 217
  76  64 217
 163  64 217
 173  64 217
  63  65 217
 252  65 217
 306  66 217
  38  70 217
  24  71 217
 112  72 217
 155  73 217
  81  75 217
 181  76 217
   2  77 217
 126  78 217
  43  80 217
 157  80 217
 345  80 217
  20  85 217
 320  85 217
 243  90 217
 297  91 217
  29  92 217
   1  94 217
 147  96 217
  62  97 217
 245  98 217
  82 100 217
 154 101 217
 297 101 217
 343 101 217
 262 102 217
 193 104 217
 209 105 217
 319 105 217
 329 107 217
 298 108 217
 140 109 217
 357 111 217
 172 117 217
  11 118 217
 119 120 217
  94 121 217
  36 122 217
 179 122 217
   0 124 217
  71 125 217
 248 125 217
  60 126 217
  46 127 217
 201 129 217
 266 130 217
  72 132 217
 232 133 217
 357 133 217
 256 136 217
 110 139 217
  96 140 217
 264 143 217
 312 143 217
   5 150 217
 200 150 217
  81 152 217
  31 154 217
 280 155 217
 166 159 217
 123 161 217
 130 167 217
 195 169 217
 314 170 217
 246 171 217
 258 172 217
  18 173 217
 345 173 217
 139 175 217
 183 176 217
 302 176 217
 274 177 217
  12   0 218
  35   0 218
  80   0 218
  88   0 218
 109   0 218
 198   0 218
 317   0 218
 131   3 218
 204   3 218
  20   8 218
 295   8 218
 335   9 218
 205  10 218
  80  13 218
 175  15 218
 144  16 218
 324  17 218
 353  18 218
 103  19 218
 160  19 218
 107  24 218
 189  26 218
 229  26 218
  25  27 218
 282  29 218
 356  29 218
   9  33 218
 219  39 218
 346  39 218
 359  39 218
 170  40 218
 110  41 218
  47  43 218
 209  44 218
  60  46 218
 160  47 218
 350  48 218
  35  49 218
 306  49 218
 101  51 218
 183  51 218
 120  59 218
 347  64 218
 257  69 218
  92  71 218
 335  71 218
 357  71 218
 216  72 218
 308  74 218
 103  75 218
 168  75 218
 140  77 218
 278  79 218
  85  81 218
  11  82 218
   1  86 218
 182  89 218
 283  89 218
 330  91 218
  96  92 218
 271  94 218
  50  98 218
 168  98 218
 187 100 218
 119 102 218
 175 102 218
 279 105 218
 216 106 218
 267 106 218
  99 107 218
 123 107 218
 344 108 218
  56 111 218
 113 112 218
 190 113 218
  68 114 218
 153 115 218
 193 119 218
 238 119 218
 137 123 218
 144 124 218
 287 125 218
 350 126 218
  84 137 218
 170 137 218
 337 138 218
  72 140 218
 246 140 218
 347 140 218
 134 141 218
  52 142 218
  63 142 218
 223 142 218
 197 143 218
 100 145 218
 123 145 218
 180 146 218
 358 147 218
 239 150 218
 312 152 218
 257 153 218
 116 155 218
 300 155 218
 191 158 218
  45 159 218
 211 159 218
 218 160 218
  34 162 218
   8 164 218
 330 164 218
 340 165 218
 237 167 218
 284 168 218
  53 169 218
 115 171 218
  76 173 218
 162 173 218
   0 174 218
  80 178 218
  30 179 218
 103 179 218
 313 179 218
 328 179 218
  55   0 219
 181   0 219
 224   0 219
 232   0 219
 251   0 219
 294   0 219
  99   6 219
 121   6 219
  27  10 219
 302  10 219
 343  19 219
  37  20 219
  67  24 219
  88  24 219
  53  26 219
 333  28 219
 304  29 219
 206  31 219
 270  31 219
 103  35 219
 134  37 219
 331  37 219
 155  40 219
 141  43 219
  24  44 219
 244  47 219
 144  49 219
 115  50 219
 174  50 219
 316  51 219
 276  54 219
 296  55 219
 162  57 219
  58  59 219
 150  64 219
  65  71 219
 122  73 219
  69  76 219
 259  77 219
 206  78 219
 237  81 219
 266  84 219
  75  85 219
 214  85 219
 170  86 219
 134  87 219
  86  88 219
 108  88 219
 309  89 219
 222  90 219
 340  90 219
 119  91 219
 322  91 219
 256  92 219
   6  98 219
  97  99 219
 109  99 219
  67 101 219
  18 102 219
 234 105 219
 287 105 219
 200 106 219
 335 110 219
  84 112 219
  24 115 219
 308 115 219
 323 117 219
 247 118 219
 220 124 219
  82 126 219
 121 126 219
 253 129 219
 274 130 219
  18 133 219
 217 137 219
 295 138 219
 327 138 219
 117 140 219
  26 142 219
  39 143 219
 339 151 219
 349 156 219
  57 158 219
 262 159 219
 357 159 219
  97 164 219
 109 165 219
 180 166 219
 292 169 219
  65 176 219
 218 176 219
 116 178 219
  87 179 219
 127 179 219
 237 179 219
  21   0 220
 168   0 220
 259   0 220
 277   0 220
 188   4 220
 111   6 220
 138   7 220
 241   9 220
 261   9 220
 215  11 220
 272  12 220
 125  13 220
  30  16 220
 313  16 220
 133  17 220
   1  18 220
  51  19 220
 151  21 220
 174  23 220
 254  23 220
  73  27 220
  94  27 220
 341  30 220
  76  33 220
 322  33 220
 180  34 220
 120  36 220
 241  37 220
 304  37 220
 294  38 220
 257  41 220
 192  42 220
  92  44 220
 329  46 220
  79  50 220
 211  50 220
 286  50 220
 221  52 220
   3  54 220
  18  54 220
 258  54 220
 185  57 220
 236  57 220
 337  57 220
 224  58 220
 328  58 220
  86  59 220
  72  60 220
 278  61 220
 139  63 220
 319  67 220
  18  68 220
  79  69 220
 203  72 220
  54  74 220
 323  76 220
  94  78 220
 146  79 220
 249  79 220
 353  85 220
  24  89 220
 234  93 220
 263  94 220
  29  99 220
 330  99 220
 312 103 220
 158 105 220
  40 106 220
 177 108 220
 351 109 220
 221 110 220
 207 114 220
 259 115 220
  91 116 220
 266 116 220
  43 122 220
 154 122 220
 344 124 220
  15 127 220
 102 129 220
  51 130 220
 154 130 220
 127 132 220
 239 133 220
 312 135 220
 178 136 220
   0 138 220
 154 142 220
 230 143 220
 140 144 220
 279 144 220
  15 145 220
 250 145 220
 159 147 220
 172 147 220
  71 148 220
  28 149 220
 267 149 220
  54 150 220
 209 150 220
 101 152 220
  86 155 220
 199 160 220
  73 161 220
 302 161 220
  23 163 220
 272 164 220
 359 167 220
 210 169 220
 136 170 220
  27 172 220
  41 173 220
 149 175 220
  51 179 220
 249 179 220
 149   0 221
 213   0 221
 340   0 221
 326   3 221
  57   6 221
 152   6 221
  71   7 221
 284   7 221
 344   8 221
  46  10 221
 227  10 221
 169  11 221
 251  11 221
 195  12 221
  11  15 221
 205  17 221
 217  18 221
 241  19 221
 299  19 221
 165  22 221
 314  23 221
 223  24 221
 261  25 221
 242  26 221
 153  28 221
   3  29 221
 232  31 221
 251  33 221
  35  34 221
  62  34 221
 166  35 221
  47  36 221
  17  37 221
  90  37 221
 269  39 221
 339  39 221
 316  43 221
  51  47 221
 200  49 221
 128  50 221
 269  53 221
  35  56 221
 345  57 221
 315  59 221
   8  60 221
 239  63 221
 295  64 221
 354  64 221
 110  65 221
 229  67 221
 268  68 221
  50  69 221
 193  69 221
 164  70 221
  30  72 221
 296  72 221
 340  74 221
  39  76 221
 313  77 221
 131  80 221
 183  81 221
 193  81 221
 103  82 221
 300  83 221
  62  86 221
  40  88 221
 154  88 221
  77  91 221
 188  91 221
  46  92 221
 196  93 221
 213  93 221
 287  93 221
 313  94 221
 351  94 221
 132 102 221
  53 103 221
 139 103 221
 247 103 221
  72 105 221
 110 107 221
   5 108 221
 252 108 221
 321 110 221
 289 111 221
  10 112 221
 167 114 221
 299 114 221
  59 116 221
 336 117 221
 133 118 221
 275 118 221
 113 119 221
 230 119 221
 208 121 221
 171 125 221
 230 128 221
  28 129 221
  93 129 221
 325 131 221
  36 132 221
 135 132 221
 193 132 221
 280 134 221
 105 136 221
   8 138 221
 207 140 221
  88 141 221
 337 145 221
 350 145 221
 129 150 221
 220 151 221
 180 154 221
 321 154 221
   7 155 221
 242 155 221
 293 155 221
  18 156 221
 151 157 221
  65 158 221
 340 158 221
 249 162 221
 169 164 221
 312 164 221
 149 166 221
 277 168 221
 323 173 221
 263 174 221
 337 174 221
 168 175 221
 188 178 221
 294 178 221
   0   0 222
 239   0 222
  36   6 222
 112  14 222
 285  14 222
  96  15 222
 332  17 222
 292  18 222
 273  19 222
  14  21 222
  41  24 222
 184  24 222
 135  25 222
 351  26 222
 195  27 222
 116  31 222
 213  32 222
  84  33 222
 284  34 222
 127  37 222
  37  41 222
   4  42 222
 223  43 222
  15  46 222
  67  46 222
 343  47 222
 248  51 222
 135  53 222
  24  56 222
  46  57 222
  67  57 222
 104  57 222
 174  57 222
 194  59 222
 307  59 222
  93  60 222
 204  60 222
 213  63 222
  13  64 222
 246  64 222
 182  66 222
 101  67 222
 155  67 222
 279  69 222
 233  73 222
 246  73 222
 173  77 222
 266  77 222
 286  78 222
  19  79 222
  57  82 222
 223  82 222
 117  85 222
 251  86 222
 140  89 222
 159  92 222
 224  96 222
 340  97 222
  34 102 222
 165 106 222
 147 108 222
  43 111 222
 126 112 222
 100 113 222
 226 114 222
  31 115 222
 179 115 222
  73 117 222
   0 118 222
 313 120 222
 283 121 222
 185 122 222
 265 124 222
   9 125 222
 301 127 222
 188 128 222
  63 130 222
 290 130 222
 206 131 222
 352 131 222
 165 135 222
 264 137 222
 301 140 222
 191 141 222
 305 145 222
 285 146 222
  43 147 222
 232 149 222
 110 150 222
 144 150 222
 189 152 222
 134 154 222
 328 155 222
 159 157 222
  91 158 222
 139 160 222
 224 161 222
 232 161 222
  76 166 222
 188 166 222
 322 166 222
  37 167 222
 124 167 222
 159 167 222
  12 168 222
 254 168 222
 100 169 222
 227 174 222
 349 176 222
 200 177 222
  44 178 222
 207 178 222
 307 178 222
   2 179 222
  95 179 222
 175 179 222
  28   0 223
  94   0 223
 269   0 223
 301   0 223
  80   6 223
 317   6 223
  10   7 223
 158   8 223
 329   8 223
  60  11 223
 188  11 223
 354  11 223
  84  16 223
  63  17 223
 197  18 223
 115  21 223
 207  23 223
 302  24 223
 279  25 223
  59  27 223
 264  30 223
 315  30 223
  28  31 223
 158  32 223
  67  37 223
 234  37 223
 353  37 223
 105  40 223
 311  40 223
 285  41 223
 173  44 223
 183  45 223
 111  46 223
 238  46 223
 123  47 223
 152  48 223
  95  49 223
 291  53 223
 154  55 223
 259  61 223
 124  62 223
  47  64 223
 130  65 223
 329  66 223
 141  69 223
   2  72 223
 131  72 223
 303  73 223
 348  74 223
   8  75 223
 113  76 223
 219  76 223
  75  78 223
 153  79 223
 328  79 223
 349  81 223
 291  82 223
 208  83 223
 337  83 223
  34  86 223
 273  87 223
  93  88 223
 303  88 223
   9  89 223
 174  90 223
  65  91 223
  15  92 223
 125  92 223
 204  93 223
 240  96 223
 276  96 223
 129  97 223
 303  98 223
 322  98 223
  88  99 223
 354  99 223
  20 107 223
 202 111 223
 105 117 223
 145 117 223
  81 120 223
 166 122 223
 325 122 223
 337 124 223
 239 126 223
  84 131 223
  42 134 223
 144 135 223
 241 139 223
 270 140 223
 318 141 223
 329 143 223
  64 147 223
  78 148 223
 255 148 223
 271 153 223
 286 153 223
 172 154 223
 119 159 223
  48 163 223
 203 164 223
  62 167 223
 348 167 223
  87 169 223
 332 170 223
 240 171 223
 125 174 223
  12 176 223
 279 177 223
 154 178 223
 286 178 223
 140 179 223
 268 179 223
  47   0 224
  67   0 224
 120   0 224
 138   0 224
 175   0 224
 311   0 224
   6   2 224
 179   7 224
 267  10 224
 142  11 224
 232  13 224
 160  14 224
 145  20 224
 123  21 224
  22  24 224
 100  28 224
 142  30 224
  44  31 224
 223  31 224
 197  33 224
 185  36 224
 201  39 224
 251  40 224
 148  41 224
 274  42 224
 323  43 224
 259  46 224
  84  52 224
  56  53 224
 354  54 224
 289  62 224
 176  64 224
  26  66 224
 222  66 224
  73  68 224
  86  70 224
 184  72 224
 283  73 224
  30  79 224
 230  83 224
 198  84 224
 144  93 224
 106  95 224
  81  96 224
 163  96 224
 176  96 224
 292  96 224
 149  98 224
 213 100 224
 266 100 224
 229 102 224
  60 103 224
 190 103 224
 343 104 224
 274 105 224
  95 106 224
 237 109 224
  49 113 224
 353 114 224
  63 120 224
 216 120 224
 198 121 224
   4 122 224
  49 123 224
 116 124 224
 252 124 224
  23 125 224
 315 126 224
  71 129 224
 175 129 224
 221 129 224
 344 131 224
 114 133 224
 159 133 224
 254 134 224
  53 135 224
 229 137 224
 183 138 224
  58 140 224
 122 141 224
 218 142 224
 168 143 224
  93 144 224
   8 145 224
 308 150 224
  46 152 224
 357 153 224
 198 154 224
  33 156 224
 312 157 224
 109 158 224
 295 161 224
 264 164 224
 302 168 224
 110 170 224
 217 171 224
 244 177 224
  18 178 224
  70 178 224
 110 178 224
 354 179 224
 105   0 225
 128   0 225
 201   0 225
 246   0 225
 283   0 225
 353   0 225
 218   2 225
 225   4 225
 204   6 225
 249   6 225
 307  10 225
  20  11 225
  38  12 225
 104  14 225
  71  16 225
 253  16 225
 339  17 225
 234  19 225
 346  22 225
   2  23 225
  83  24 225
 128  25 225
 174  33 225
   5  34 225
 144  36 225
  52  38 225
 212  40 225
  81  42 225
 164  43 225
 295  43 225
 354  44 225
  41  45 225
   8  46 225
  27  47 225
 229  47 225
 334  48 225
 190  49 225
 306  52 225
 214  54 225
 113  56 225
 140  56 225
 167  57 225
 323  57 225
 269  60 225
  36  62 225
 343  65 225
  64  66 225
 359  66 225
 198  71 225
 259  71 225
 108  73 225
 145  73 225
  90  75 225
 164  77 225
  45  78 225
  50  82 225
 315  82 225
   7  83 225
 241  83 225
 101  90 225
  53  92 225
 250  94 225
  24  95 225
 181 100 225
 359 102 225
 306 103 225
 196 105 225
 330 105 225
 118 106 225
  77 107 225
 281 107 225
 313 108 225
 216 109 225
 243 112 225
 254 113 225
  19 115 225
 156 115 225
 301 119 225
  34 120 225
 290 121 225
 146 126 225
 273 126 225
 125 127 225
 358 133 225
  73 135 225
  19 137 225
 148 139 225
 130 141 225
 110 143 225
 244 144 225
 355 147 225
  19 148 225
 152 149 225
 120 151 225
  82 152 225
 259 155 225
 276 156 225
 333 158 225
   9 160 225
 214 160 225
 244 160 225
 180 161 225
 344 163 225
  55 164 225
  26 167 225
 193 169 225
  61 175 225
  28 177 225
 134 177 225
 339 179 225
  35   0 226
 259   5 226
 291   5 226
  94   7 226
 338   7 226
 300   8 226
 121  11 226
 320  11 226
   0  13 226
  27  13 226
  49  14 226
 178  15 226
 322  18 226
  73  22 226
 218  23 226
  91  24 226
 325  26 226
 247  27 226
 293  27 226
 335  30 226
 105  31 226
 306  31 226
 279  32 226
  13  34 226
 347  35 226
  27  39 226
 333  39 226
 133  41 226
 301  45 226
 102  49 226
  43  51 226
 205  51 226
 280  51 226
 163  52 226
   7  55 226
  62  55 226
 231  56 226
 120  57 226
 313  67 226
 211  71 226
 272  78 226
  79  82 226
 175  82 226
 135  83 226
  88  84 226
 358  85 226
 123  86 226
 185  86 226
 261  86 226
 328  86 226
 337  90 226
 257  96 226
 113  97 226
  71  99 226
  42 100 226
  13 101 226
 293 103 226
  87 107 226
 140 108 226
 346 109 226
 331 112 226
 128 117 226
  91 121 226
 159 122 226
 135 123 226
  36 126 226
 201 129 226
 305 130 226
 336 132 226
   7 133 226
 318 133 226
 292 135 226
  27 137 226
  84 138 226
 199 140 226
 345 140 226
  32 141 226
 275 143 226
 101 144 226
 208 145 226
 182 146 226
  35 147 226
 213 152 226
  24 156 226
 101 157 226
 285 161 226
 359 161 226
 319 162 226
 143 163 226
  80 169 226
 178 170 226
 164 172 226
 306 172 226
  91 173 226
 256 175 226
 316 175 226
 230 178 226
  34 179 226
  77 179 226
 218 179 226
 329 179 226
  54   0 227
  74   0 227
 113   0 227
 154   0 227
 189   0 227
  19   4 227
 142   4 227
  85   8 227
 130  10 227
 207  11 227
 276  11 227
 215  14 227
 164  18 227
  37  20 227
 258  20 227
  53  21 227
 180  21 227
 152  24 227
 168  26 227
 188  27 227
 269  32 227
 297  33 227
 325  34 227
  76  36 227
 117  36 227
  94  38 227
 159  38 227
  57  41 227
 218  42 227
 119  44 227
 135  47 227
 264  49 227
 242  50 227
  17  51 227
 320  52 227
  75  53 227
 343  53 227
 193  54 227
  31  55 227
 249  56 227
 333  56 227
 282  57 227
 221  58 227
 145  59 227
  86  62 227
  19  64 227
  96  64 227
 299  65 227
  56  67 227
  38  68 227
 160  68 227
 272  69 227
 333  69 227
 319  70 227
 240  72 227
  63  74 227
  99  74 227
 121  74 227
  68  78 227
 307  78 227
 259  79 227
 165  84 227
 214  85 227
 281  86 227
 293  87 227
 318  87 227
 347  89 227
 220  90 227
  40  93 227
 317  96 227
 326 101 227
  49 102 227
 102 106 227
 154 106 227
 125 107 227
 170 107 227
 180 108 227
 265 108 227
 295 109 227
  30 110 227
  60 110 227
 282 114 227
 185 115 227
 193 115 227
 270 115 227
 321 116 227
 106 123 227
 330 124 227
 213 129 227
 278 129 227
 104 132 227
 180 132 227
  95 133 227
 236 137 227
 257 139 227
 294 141 227
  74 142 227
 135 144 227
 321 145 227
 295 148 227
 226 149 227
 168 150 227
 158 151 227
 344 151 227
  54 153 227
  90 153 227
 233 154 227
  70 158 227
 126 159 227
 132 161 227
 275 164 227
  71 165 227
 154 166 227
 233 166 227
 249 167 227
 295 168 227
   5 170 227
  52 174 227
 196 174 227
 182 177 227
 321 179 227
 162   0 228
 275   0 228
 326   0 228
 336   0 228
 232   4 228
 150  10 228
 246  15 228
 289  15 228
 310  15 228
 191  16 228
 278  19 228
 110  20 228
 265  21 228
 202  22 228
 234  26 228
 136  29 228
 207  29 228
  23  30 228
  51  31 228
  91  32 228
 247  35 228
 257  41 228
 276  47 228
 181  52 228
 358  57 228
 238  60 228
 254  60 228
 152  62 228
 196  62 228
 309  62 228
   8  63 228
 347  69 228
  45  71 228
 252  71 228
  27  72 228
 227  72 228
 189  74 228
 148  78 228
 250  81 228
  21  83 228
 111  85 228
 231  89 228
 191  94 228
  31  95 228
 208  96 228
 167  99 228
 135 103 228
 257 104 228
 233 105 228
 209 109 228
  68 110 228
   1 112 228
 315 114 228
 227 118 228
  76 119 228
 233 121 228
  19 122 228
  96 124 228
 258 125 228
 354 125 228
  53 126 228
 284 132 228
  14 134 228
 326 134 228
 308 136 228
 336 141 228
 281 145 228
  12 148 228
 188 148 228
 195 150 228
 246 150 228
  64 153 228
 203 156 228
 175 158 228
  36 161 228
 107 166 228
  18 167 228
 214 167 228
 327 168 228
 357 170 228
 276 172 228
 119 174 228
 148 177 228
 263 177 228
 100 179 228
 166 179 228
  13   0 229
  82   0 229
 181   0 229
 317   0 229
  60   2 229
 168   2 229
 356   4 229
 116   8 229
 101   9 229
  70  10 229
   8  13 229
 133  15 229
 297  17 229
 138  19 229
  11  20 229
  17  23 229
 225  23 229
  41  27 229
 114  28 229
 347  28 229
  62  29 229
  73  29 229
 155  29 229
   0  31 229
 209  36 229
 177  37 229
 229  37 229
  18  41 229
  98  42 229
 314  42 229
  65  43 229
 177  45 229
 314  50 229
  50  52 229
 106  53 229
 298  54 229
 131  57 229
  76  60 229
 210  63 229
 170  64 229
 186  65 229
 117  69 229
 174  71 229
  17  73 229
 134  74 229
 288  74 229
 297  74 229
 201  75 229
 215  75 229
 335  75 229
 229  78 229
 100  83 229
 154  83 229
  31  84 229
  62  89 229
 137  89 229
 202  90 229
 305  91 229
  69  92 229
 237  92 229
 358  92 229
   9  94 229
 282  94 229
 157  96 229
 340 100 229
 246 103 229
 113 104 229
  17 105 229
  38 110 229
 221 111 229
 300 113 229
  91 114 229
 346 116 229
 245 117 229
 207 118 229
 173 119 229
 349 122 229
 247 123 229
 268 124 229
  64 125 229
 138 128 229
 194 129 229
  40 130 229
 168 130 229
 231 130 229
 121 136 229
 267 137 229
  63 141 229
  51 142 229
 152 142 229
 139 148 229
 114 149 229
 303 149 229
 324 150 229
 334 150 229
 264 157 229
 306 157 229
 165 160 229
  91 161 229
 189 161 229
  43 162 229
 338 162 229
 226 165 229
 133 168 229
 286 169 229
  45 170 229
 144 170 229
   6 177 229
 238 177 229
 293 177 229
 203 178 229
  42   0 230
 213   0 230
 289   0 230
 193   4 230
 264   7 230
 344   8 230
 239   9 230
 155  13 230
 346  16 230
  29  18 230
 312  21 230
 258  32 230
 126  33 230
 192  33 230
 315  33 230
 283  35 230
 238  36 230
  35  38 230
 195  39 230
 269  39 230
 348  41 230
   2  42 230
  73  45 230
 148  46 230
 156  47 230
 350  53 230
  87  54 230
  20  56 230
 264  56 230
 183  58 230
 206  58 230
  51  60 230
 104  63 230
 282  64 230
 110  65 230
 133  65 230
   8  71 230
  78  73 230
 323  74 230
 351  74 230
 357  76 230
 277  80 230
 121  81 230
  12  84 230
  54  85 230
 179  85 230
 299  89 230
  88  91 230
 154  91 230
 246  91 230
 266  92 230
 329  92 230
 125  95 230
 100  97 230
 219  98 230
 285  99 230
 225 100 230
  57 101 230
  27 105 230
 204 106 230
 144 111 230
  44 112 230
 337 113 230
   6 116 230
 122 116 230
 149 116 230
  49 118 230
  10 121 230
 192 123 230
 302 124 230
  78 125 230
 119 126 230
 161 127 230
  25 128 230
 149 130 230
  81 131 230
 247 131 230
 219 135 230
 170 136 230
  42 137 230
 192 138 230
 206 140 230
 354 141 230
 222 143 230
   3 144 230
  85 144 230
 236 144 230
 267 145 230
 255 151 230
  20 153 230
 143 154 230
 352 160 230
 313 161 230
 102 163 230
 206 164 230
 266 167 230
 240 168 230
 116 169 230
 255 169 230
 349 170 230
 340 171 230
  71 172 230
  95 176 230
 308 177 230
 211 178 230
  12 179 230
 122 179 230
  28   0 231
  95   0 231
 133   0 231
 224   0 231
 251   0 231
 300   0 231
  64   6 231
  44  10 231
 270  10 231
 174  12 231
 227  14 231
  85  15 231
 330  16 231
 102  20 231
 246  22 231
 333  24 231
 279  26 231
 181  27 231
  30  30 231
 170  31 231
 142  33 231
 108  39 231
 287  39 231
 128  40 231
 338  40 231
  40  41 231
 145  41 231
 197  45 231
 236  45 231
 289  45 231
  85  48 231
 223  48 231
 292  51 231
  95  58 231
  34  59 231
 160  61 231
 273  61 231
 228  64 231
 288  66 231
  57  73 231
  86  73 231
 241  78 231
 204  80 231
 338  80 231
  43  84 231
  80  87 231
 190  87 231
  18  92 231
  94  94 231
 271  95 231
 308  96 231
 194 102 231
  79 110 231
 111 113 231
 100 114 231
 170 114 231
 258 118 231
 285 118 231
 323 121 231
 183 123 231
 210 123 231
  67 130 231
 354 132 231
 249 137 231
 110 138 231
 127 139 231
 178 140 231
 315 141 231
  40 148 231
  74 149 231
 102 150 231
 284 150 231
 125 151 231
 350 154 231
  61 162 231
 325 162 231
 173 167 231
  62 169 231
 159 171 231
  26 172 231
  86 172 231
 284 178 231
 173 179 231
   6   0 232
 204   0 232
 241   0 232
 259   0 232
 308   0 232
 344   0 232
  29   7 232
 145   8 232
 170   8 232
 326   9 232
  77  11 232
 201  11 232
 121  16 232
 353  17 232
  90  18 232
 216  19 232
  60  21 232
 300  24 232
 357  24 232
 123  26 232
 100  29 232
 225  30 232
  85  31 232
 304  37 232
 329  37 232
  11  40 232
  47  42 232
 166  45 232
 207  45 232
 126  49 232
 248  51 232
 326  52 232
  67  56 232
 171  56 232
 334  61 232
   0  62 232
 240  65 232
 262  65 232
  76  67 232
 142  73 232
 305  73 232
 177  76 232
  31  77 232
 266  78 232
 312  79 232
   6  80 232
 129  85 232
 168  89 232
 143  91 232
 351  92 232
 110  93 232
 177  94 232
 338  94 232
  77  97 232
 358  99 232
 317 102 232
   0 105 232
 273 105 232
 287 105 232
 163 108 232
 134 115 232
 311 123 232
 336 127 232
  53 133 232
 138 135 232
 330 139 232
  95 140 232
 159 142 232
  51 149 232
 201 151 232
  82 155 232
  10 156 232
 114 156 232
 149 156 232
 159 156 232
 225 156 232
 272 156 232
 292 157 232
  54 159 232
  28 160 232
  83 162 232
  14 164 232
 193 165 232
  33 173 232
 330 173 232
 225 175 232
  74 177 232
 131 177 232
 188 177 232
 355 178 232
  43 179 232
 299 179 232
 103   0 233
 118   0 233
 141   0 233
 282   0 233
 285  10 233
 212  11 233
 307  11 233
  52  14 233
 182  14 233
 239  16 233
 144  20 233
 196  22 233
 270  22 233
 318  23 233
 165  24 233
 256  26 233
   6  32 233
  83  41 233
 246  42 233
  24  44 233
 271  45 233
 257  49 233
 336  49 233
 115  51 233
 304  55 233
 227  57 233
 123  59 233
 350  60 233
 324  61 233
  39  62 233
 214  66 233
 199  69 233
  93  74 233
 165  74 233
 156  75 233
 111  79 233
 325  80 233
 287  84 233
 218  86 233
 227  86 233
 261  89 233
  25  94 233
  52  94 233
  43  95 233
 180  99 233
  67 100 233
 128 100 233
 143 101 233
 348 102 233
 296 103 233
 326 106 233
 249 107 233
 261 107 233
  90 108 233
 236 109 233
 192 111 233
  28 116 233
  58 116 233
 222 117 233
  63 119 233
 159 119 233
 289 122 233
 111 123 233
 295 124 233
 273 126 233
 219 127 233
  10 128 233
  31 130 233
 236 132 233
 343 132 233
  87 133 233
 298 134 233
 202 135 233
 288 136 233
 149 137 233
  15 139 233
  28 140 233
  70 141 233
 299 141 233
 344 144 233
 212 146 233
  31 147 233
 176 149 233
 241 149 233
   3 153 233
 218 153 233
 185 156 233
 257 157 233
 336 157 233
 243 158 233
 283 159 233
 298 159 233
 161 177 233
 318 177 233
  60 178 233
 256 178 233
 243 179 233
 275 179 233
  19   0 234
 126   0 234
 157   0 234
 231   0 234
 318   6 234
  16  10 234
 296  12 234
 157  18 234
 256  18 234
  74  21 234
 205  24 234
 287  25 234
  48  26 234
 217  26 234
 109  27 234
  18  28 234
  78  30 234
 302  31 234
 265  33 234
  63  34 234
 114  41 234
 353  43 234
 184  44 234
 305  44 234
 218  45 234
   8  50 234
  62  51 234
 277  51 234
  29  53 234
 145  55 234
 153  56 234
 195  56 234
 340  63 234
  54  64 234
 302  65 234
 125  67 234
 246  67 234
  67  69 234
 189  69 234
 108  73 234
 262  73 234
 219  77 234
  40  79 234
  96  79 234
  73  83 234
 327  86 234
 207  91 234
 250  94 234
 116  95 234
 160 101 234
 232 101 234
  80 102 234
 185 102 234
  12 103 234
 308 103 234
 331 109 234
 276 110 234
 182 114 234
 139 121 234
 100 125 234
 126 127 234
 325 127 234
 259 133 234
 275 134 234
 277 140 234
 258 142 234
  99 144 234
 315 148 234
 325 155 234
 130 158 234
  98 160 234
 115 163 234
 303 165 234
 127 168 234
 270 170 234
 149 171 234
 201 174 234
 230 178 234
 347 178 234
  35 179 234
  86 179 234
 105 179 234
 338 179 234
  48   0 235
  56   0 235
  75   0 235
 165   0 235
 186   0 235
 354   0 235
 109   2 235
   5   8 235
 255  10 235
 192  11 235
 116  13 235
 100  15 235
  41  19 235
  31  22 235
 341  25 235
 325  26 235
 234  29 235
 184  34 235
 204  34 235
 160  35 235
 322  36 235
  96  39 235
 137  43 235
  58  45 235
  97  48 235
  47  49 235
 187  49 235
 320  49 235
 169  50 235
 138  54 235
  11  56 235
  74  56 235
 281  59 235
  99  61 235
 314  61 235
  24  64 235
 140  66 235
  24  72 235
 150  72 235
 277  73 235
 249  76 235
  64  79 235
 167  80 235
 359  80 235
 187  82 235
 281  82 235
 342  83 235
 136  85 235
 294  85 235
 314  85 235
  16  86 235
 234  89 235
  34  95 235
 213  97 235
 100 105 235
 130 106 235
 214 107 235
  19 108 235
  54 109 235
 315 111 235
 346 111 235
  22 114 235
 201 114 235
   0 116 235
  35 117 235
 237 120 235
 263 120 235
  88 121 235
 150 121 235
 201 126 235
  17 129 235
 312 130 235
 181 131 235
 161 133 235
 309 140 235
 113 142 235
 138 142 235
 359 142 235
 231 143 235
 167 144 235
 185 148 235
  40 155 235
  75 155 235
 207 157 235
 170 161 235
 358 165 235
 180 167 235
 219 167 235
 312 168 235
 245 169 235
 181 177 235
  51 178 235
 114 178 235
  85   0 236
 218   0 236
 272   0 236
 337   0 236
  35   8 236
 355   8 236
 137  10 236
 278  10 236
 343  14 236
  18  16 236
 231  16 236
 134  20 236
   5  23 236
  65  23 236
 152  29 236
  35  31 236
 138  31 236
  50  32 236
 244  35 236
 347  35 236
 227  50 236
 205  53 236
 240  53 236
 259  55 236
 213  56 236
 292  57 236
  86  62 236
  12  63 236
 183  63 236
  43  66 236
 232  66 236
 293  67 236
 350  67 236
 219  69 236
 323  69 236
 127  73 236
  52  82 236
 207  83 236
 249  84 236
 154  86 236
   4  88 236
 107  89 236
 194  89 236
 302  91 236
  59  94 236
 154  96 236
 276  96 236
 261 100 236
 117 103 236
  40 105 236
 296 110 236
 218 111 236
 306 112 236
 249 116 236
 349 116 236
  78 117 236
 126 117 236
  46 125 236
 175 126 236
 247 126 236
  51 128 236
   2 129 236
 191 129 236
 111 130 236
  70 133 236
 225 134 236
  58 135 236
 325 135 236
  18 144 236
 198 145 236
 147 146 236
  59 147 236
 321 150 236
  66 151 236
 162 160 236
 231 161 236
 138 163 236
 214 163 236
 345 163 236
 147 164 236
   5 166 236
  71 166 236
  86 166 236
  52 167 236
 103 167 236
  17 168 236
 281 168 236
   4 175 236
 217 177 236
 137 178 236
  97 179 236
 149 179 236
  64   0 237
 173   0 237
 194   0 237
 210   0 237
 314   0 237
  87   6 237
 341   8 237
  70  11 237
  60  14 237
 317  14 237
 286  16 237
 123  20 237
 190  20 237
 179  23 237
 350  25 237
  94  27 237
 291  29 237
 131  30 237
 241  30 237
 217  33 237
 272  34 237
  22  35 237
 173  35 237
 336  36 237
  75  40 237
  35  41 237
   2  45 237
 341  51 237
  37  52 237
  84  54 237
 116  57 237
 173  60 237
  60  66 237
 359  69 237
 204  71 237
 339  71 237
 312  72 237
 231  75 237
 128  80 237
 178  82 237
 272  84 237
  28  85 237
 100  85 237
 348  85 237
 292  94 237
 329  95 237
  87 102 237
 117 112 237
 284 113 237
 174 115 237
 271 121 237
 353 128 237
 137 130 237
 126 134 237
 247 134 237
  92 137 237
 214 137 237
  43 141 237
 338 142 237
 127 144 237
 262 146 237
 283 146 237
 348 147 237
 115 148 237
 235 148 237
   0 149 237
 269 152 237
 277 158 237
  44 159 237
 340 160 237
 261 165 237
  25 168 237
 293 169 237
 318 170 237
  68 177 237
 295 177 237
 332 177 237
 205 178 237
  23 179 237
  78 179 237
 166 179 237
  31   0 238
 246   0 238
 254   0 238
 292   0 238
 303   0 238
 329   0 238
 133   3 238
 233   5 238
  92   9 238
 111  10 238
 219  10 238
 147  12 238
 171  12 238
 154  13 238
 328  13 238
   5  15 238
 265  15 238
 260  28 238
 195  29 238
 312  33 238
 109  34 238
 292  36 238
 150  38 238
 254  40 238
 204  41 238
 160  42 238
 227  42 238
 295  42 238
 279  43 238
 102  51 238
 265  57 238
 156  60 238
 103  65 238
  86  70 238
  12  71 238
 328  72 238
 300  73 238
 237  79 238
  83  80 238
 146  82 238
  85  86 238
 316  91 238
  68  93 238
 172  94 238
  12  96 238
 195  97 238
 342  97 238
 240  99 238
 252  99 238
 202 101 238
 172 102 238
  68 105 238
 106 107 238
 149 107 238
 338 109 238
 264 110 238
  73 113 238
 151 113 238
 320 116 238
 191 118 238
  41 119 238
 230 119 238
  96 121 238
 161 123 238
 282 123 238
 302 123 238
 212 126 238
 149 129 238
 340 129 238
  25 130 238
  81 133 238
 186 140 238
  80 143 238
 223 143 238
 173 146 238
 309 147 238
 247 149 238
 296 149 238
  21 150 238
  97 152 238
 334 153 238
 193 156 238
 248 159 238
  61 165 238
 351 165 238
  45 166 238
 118 167 238
 233 167 238
 197 170 238
 125 176 238
 249 179 238
 267 179 238
 150   0 239
  44  10 239
 180  11 239
 204  12 239
 300  14 239
 244  16 239
 307  16 239
  78  23 239
  88  24 239
 230  25 239
 120  31 239
  54  36 239
  92  36 239
 278  36 239
 354  36 239
 195  37 239
 125  42 239
 310  45 239
 334  45 239
 237  47 239
  73  49 239
 112  49 239
 350  51 239
 311  52 239
 131  54 239
 248  54 239
 166  59 239
 274  59 239
 198  65 239
 117  69 239
  32  71 239
 270  71 239
  74  75 239
 207  76 239
  46  79 239
 337  80 239
 115  88 239
  52  89 239
 187  89 239
 356  89 239
  88  91 239
 222  94 239
   4  95 239
 318  97 239
 280 100 239
  34 102 239
  47 107 239
 140 108 239
  87 115 239
   7 116 239
  59 127 239
 286 129 239
 118 130 239
  36 138 239
 164 139 239
 292 144 239
  92 145 239
 125 153 239
 203 153 239
  28 154 239
  83 159 239
 177 161 239
  95 168 239
 327 168 239
 323 179 239
   7   0 240
 201   0 240
 279   0 240
 279  16 240
 118  17 240
  22  19 240
  49  19 240
 217  19 240
 312  25 240
 334  26 240
  69  37 240
 217  40 240
  22  42 240
 180  43 240
 148  48 240
  22  50 240
   1  53 240
  55  53 240
 330  56 240
  36  60 240
 188  65 240
 173  67 240
  73  68 240
 142  70 240
 259  70 240
  45  71 240
 105  71 240
 160  74 240
  16  75 240
 118  76 240
 171  82 240
 219  82 240
 266  82 240
 255  85 240
 128  87 240
  31  90 240
 143  92 240
 237  92 240
 130  95 240
 304  96 240
 333  99 240
  95 101 240
 180 102 240
 225 111 240
 187 114 240
 204 118 240
  23 119 240
 117 119 240
 335 119 240
 323 121 240
 236 128 240
 305 128 240
  35 131 240
 266 132 240
 198 134 240
 251 138 240
 350 138 240
 283 139 240
 143 143 240
  55 144 240
   9 147 240
 150 154 240
 159 155 240
   9 156 240
 310 156 240
 135 158 240
 212 158 240
 294 158 240
 256 161 240
 312 162 240
 263 171 240
 161 172 240
 135 173 240
 282 174 240
  59 175 240
 177 175 240
 352 178 240
  11 179 240
  30 179 240
  40 179 240
 234 179 240
 301 179 240
  15   0 241
  23   0 241
 106   0 241
 261   0 241
 321   0 241
 126   3 241
 261   9 241
  76  12 241
 163  13 241
 353  16 241
 106  21 241
 165  24 241
  24  25 241
   8  27 241
 147  27 241
 327  39 241
  58  40 241
 175  40 241
  40  43 241
 132  43 241
 261  47 241
 298  47 241
 160  49 241
 203  49 241
 190  51 241
  61  55 241
   6  56 241
  24  56 241
 221  60 241
 139  62 241
 229  63 241
 246  63 241
  68  65 241
 251  66 241
 288  66 241
 293  73 241
 312  79 241
 287  87 241
 272  91 241
 164  95 241
 353  99 241
 223 101 241
 205 106 241
 284 106 241
 250 108 241
 303 109 241
   0 110 241
  55 113 241
  16 115 241
 108 115 241
  63 116 241
 134 120 241
 171 124 241
   9 128 241
  69 128 241
 319 132 241
   8 137 241
 326 140 241
 271 143 241
  47 144 241
 105 151 241
 225 152 241
 172 154 241
 114 156 241
 282 160 241
 321 161 241
  14 163 241
 109 168 241
 190 168 241
 146 176 241
  92 178 241
 343 178 241
 195 179 241
 242 179 241
  38   0 242
  70   0 242
  78   0 242
 114   0 242
 142   0 242
 160   0 242
 179   0 242
 223   0 242
 342   0 242
 357   0 242
  53   8 242
 240  11 242
  16  13 242
 289  19 242
 329  19 242
  58  22 242
 222  22 242
 206  23 242
 253  23 242
  33  24 242
 141  24 242
 170  27 242
 270  30 242
 103  32 242
   8  35 242
  95  46 242
 215  49 242
 323  50 242
 120  59 242
 349  59 242
 133  60 242
 318  62 242
 283  63 242
   2  72 242
 350  72 242
 195  75 242
 144  76 242
 302  78 242
 243  80 242
  18  81 242
 162  82 242
 223  86 242
  59  89 242
  18  97 242
 128 104 242
 241 105 242
 317 105 242
 134 106 242
 259 107 242
 160 110 242
 350 110 242
 164 114 242
 269 114 242
  94 115 242
  32 117 242
 254 123 242
 231 125 242
 350 125 242
 104 126 242
 188 127 242
 218 127 242
 178 128 242
  77 130 242
 237 135 242
 306 135 242
 104 139 242
 156 140 242
 333 141 242
  67 145 242
 192 146 242
  81 149 242
 352 149 242
 272 157 242
 229 158 242
  36 161 242
  77 173 242
 120 173 242
 214 175 242
 227 178 242
 105 179 242
 287 179 242
  46   0 243
  96   0 243
 168   0 243
 231   0 243
 286   0 243
 309   0 243
 294   4 243
 331   4 243
 200   8 243
 137  13 243
 100  17 243
 245  22 243
  69  25 243
 191  25 243
 304  25 243
 358  26 243
  44  30 243
 230  32 243
  84  34 243
 204  34 243
 147  35 243
 236  39 243
  86  47 243
 280  48 243
 180  50 243
 266  50 243
 218  54 243
 338  58 243
  98  60 243
 234  67 243
 332  74 243
  34  76 243
 213  77 243
  74  82 243
 343  85 243
  46  86 243
 104  86 243
 196  90 243
 205  92 243
  74  93 243
 115  95 243
  30  98 243
 102 101 243
  56 104 243
  81 111 243
 291 111 243
 318 112 243
 212 117 243
 300 119 243
 139 123 243
 144 127 243
  92 130 243
  46 134 243
 271 135 243
 127 139 243
 219 141 243
 202 144 243
 255 147 243
  68 152 243
  53 153 243
  31 158 243
 205 158 243
 351 158 243
 182 163 243
 214 167 243
 339 174 243
 221 176 243
   5 177 243
  20 177 243
  49 177 243
 161 179 243
 308 179 243
 187   0 244
 214   0 244
 347   3 244
 189   7 244
  91  15 244
 269  16 244
 183  22 244
 296  23 244
 133  24 244
 119  26 244
 344  30 244
 322  32 244
 250  33 244
  15  39 244
 108  42 244
 246  44 244
  43  48 244
 285  52 244
 113  54 244
  46  56 244
  90  58 244
  61  62 244
 179  68 244
  94  71 244
 156  71 244
 185  74 244
 127  77 244
 102  80 244
 318  81 244
 250  83 244
 352  87 244
 266  89 244
 178  93 244
 157  94 244
  87  98 244
 119 100 244
  41 101 244
 185 106 244
 336 106 244
 265 125 244
 332 128 244
 159 130 244
  26 134 244
 119 135 244
 293 135 244
 139 139 244
 241 139 244
 171 141 244
 338 145 244
 341 151 244
 129 155 244
 303 156 244
 237 158 244
  74 162 244
 137 163 244
  51 165 244
  90 166 244
 335 166 244
 145 169 244
 280 169 244
 266 175 244
  66 176 244
 187 178 244
  54   0 245
 121   0 245
 240   0 245
 321   7 245
 207  14 245
 348  14 245
   2  15 245
 265  27 245
  37  28 245
 222  29 245
 152  39 245
  71  41 245
 354  41 245
 341  43 245
 254  44 245
 154  48 245
 301  51 245
 168  52 245
 302  58 245
 309  59 245
  26  61 245
 207  70 245
 343  71 245
 284  76 245
   8  77 245
  61  77 245
  93  80 245
 325  87 245
  18  88 245
 333  88 245
 298  89 245
 208  97 245
 309  97 245
  77  98 245
 273  98 245
 214 104 245
  17 105 245
  39 117 245
 130 117 245
 288 121 245
 346 121 245
   1 125 245
  44 127 245
 195 130 245
  18 133 245
 216 136 245
  26 143 245
 305 143 245
 185 146 245
  29 148 245
 270 151 245
 110 153 245
 257 153 245
  91 155 245
 163 157 245
 195 157 245
   0 159 245
   5 165 245
  36 168 245
 158 169 245
 256 169 245
 299 173 245
  85 178 245
 317 178 245
  31   0 246
  89   0 246
 135   0 246
 153   0 246
 255   0 246
 274   0 246
 169  14 246
 325  16 246
  62  25 246
  93  32 246
 192  32 246
 274  33 246
 313  33 246
 302  35 246
 131  38 246
 206  40 246
 280  41 246
 116  42 246
  15  52 246
 206  52 246
 263  60 246
 125  61 246
 153  61 246
 171  64 246
 326  64 246
 267  66 246
  72  74 246
 238  75 246
 266  77 246
  43  78 246
 113  85 246
 153  85 246
   7  86 246
 140  89 246
 189  90 246
 287  93 246
 301  94 246
 245  95 246
 233 100 246
 151 107 246
  27 109 246
 340 110 246
  70 115 246
 101 115 246
 279 117 246
 318 119 246
 215 122 246
  61 130 246
 107 130 246
  82 132 246
  65 137 246
 223 145 246
 285 149 246
 318 152 246
  66 161 246
 245 170 246
 169 179 246
  10   0 247
 266   0 247
 316   0 247
  57  10 247
  65  10 247
  30  12 247
  36  14 247
 116  14 247
  84  15 247
 156  15 247
 119  19 247
 238  19 247
  69  34 247
 173  37 247
 322  39 247
  34  44 247
   3  45 247
 232  49 247
 251  54 247
 348  54 247
   1  56 247
  53  58 247
  81  58 247
 205  62 247
  29  66 247
 278  73 247
 301  73 247
 134  77 247
 220  77 247
 173  90 247
 254  95 247
  54  99 247
 336  99 247
 312 104 247
 119 107 247
 176 108 247
 191 108 247
   5 110 247
  88 111 247
 193 115 247
 236 115 247
 246 116 247
 254 117 247
  16 126 247
 172 128 247
 285 131 247
 358 135 247
 259 137 247
 180 139 247
 315 140 247
 244 144 247
 159 146 247
  49 147 247
 143 147 247
 124 149 247
 179 159 247
 214 160 247
 326 161 247
  21 162 247
 240 163 247
 313 165 247
 102 167 247
 286 173 247
  35 177 247
 129 177 247
 179 177 247
 256 177 247
 329 178 247
 348 178 247
  97 179 247
  20   0 248
 109   0 248
 202   0 248
 247   0 248
 292   0 248
 299   5 248
 153  10 248
 217  11 248
 223  13 248
 176  15 248
 297  15 248
 339  16 248
  17  18 248
 280  18 248
 338  29 248
 143  33 248
 199  33 248
 232  36 248
 331  46 248
  76  51 248
 119  55 248
 194  57 248
 230  59 248
  14  61 248
 137  61 248
  86  68 248
  59  71 248
 356  71 248
 175  78 248
  29  86 248
 233  87 248
   4  96 248
 147  98 248
  60 106 248
 279 107 248
 268 110 248
 152 114 248
 229 114 248
  60 116 248
 308 117 248
 323 122 248
 155 125 248
  93 135 248
 112 135 248
  44 142 248
 295 146 248
 118 170 248
  19 172 248
  58 175 248
 158 176 248
 121 177 248
 358 178 248
 199 179 248
  81   0 249
 145   0 249
 175   0 249
 281   0 249
  45  14 249
 199  14 249
  10  16 249
 254  17 249
 317  17 249
 306  18 249
 259  20 249
  91  21 249
 178  21 249
 126  25 249
  23  37 249
  57  37 249
 292  37 249
 104  38 249
  73  46 249
 193  46 249
 295  48 249
 319  64 249
 152  69 249
  35  70 249
 212  72 249
 230  75 249
 250  77 249
 290  77 249
  81  80 249
 202  89 249
 218  93 249
 268  93 249
 351  94 249
  93  98 249
 329  98 249
 133 102 249
 223 103 249
 103 105 249
 171 105 249
  19 110 249
 197 119 249
 134 120 249
  39 125 249
 350 129 249
 127 134 249
 202 139 249
  80 141 249
 321 142 249
   3 144 249
  65 144 249
  88 147 249
  15 148 249
 104 150 249
 207 151 249
 346 152 249
 227 154 249
 294 158 249
 116 164 249
 226 164 249
 301 164 249
 146 174 249
  46 175 249
 343 175 249
  76 177 249
 231 178 249
   3   0 250
 343   0 250
 106  14 250
 227  17 250
  54  26 250
  43  28 250
 132  30 250
  11  31 250
 153  32 250
 100  33 250
 182  35 250
 278  36 250
 351  38 250
  43  43 250
 178  49 250
 104  58 250
 149  58 250
 239  58 250
 255  58 250
 331  66 250
 175  67 250
 341  67 250
 121  71 250
 194  78 250
 131  87 250
  39  88 250
  55  88 250
  91  88 250
  46  89 250
   5 103 250
  38 109 250
 344 113 250
 173 118 250
 284 119 250
 205 125 250
 258 126 250
 229 128 250
 304 128 250
 337 134 250
 240 135 250
 273 136 250
 285 138 250
 153 144 250
   9 146 250
 175 151 250
 159 153 250
 271 158 250
 205 161 250
  77 164 250
 278 166 250
  31 167 250
 306 178 250
 221 179 250
 102   0 251
 218   0 251
  77  15 251
 273  15 251
 353  20 251
 351  30 251
  20  32 251
 225  36 251
 249  37 251
 315  37 251
 157  39 251
 105  48 251
 131  50 251
 224  50 251
  21  61 251
 293  63 251
 194  67 251
  98  71 251
 159  71 251
 345  74 251
 108  77 251
 257  80 251
 310  80 251
 354  80 251
 320  83 251
 119  85 251
 301 108 251
 127 115 251
 102 120 251
  82 123 251
 148 125 251
  42 136 251
 346 140 251
 205 144 251
 138 145 251
 267 149 251
  20 153 251
  61 155 251
 183 162 251
  97 164 251
 347 164 251
 247 174 251
 326 174 251
 135 178 251
 207 178 251
 272 179 251
  36   0 252
  46   0 252
 125   0 252
 182   0 252
 195   0 252
 260   0 252
 144  12 252
 189  17 252
 260  34 252
 267  35 252
 217  36 252
  70  39 252
 288  48 252
 319  48 252
  52  49 252
 271  57 252
  88  58 252
  52  65 252
  18  72 252
  67  83 252
 284  90 252
 210  91 252
  76  95 252
 156  96 252
 172  97 252
  60  99 252
 254 101 252
 288 105 252
 113 118 252
  74 119 252
  14 122 252
  32 122 252
 240 127 252
 176 130 252
 261 141 252
 119 148 252
  52 150 252
 242 154 252
 142 161 252
 320 172 252
  31 175 252
 184 178 252
 297 178 252
   4 179 252
  63   0 253
  71   0 253
 138   0 253
 168   0 253
 298   0 253
 326   0 253
 350   0 253
 246   7 253
 125  19 253
 203  20 253
 341  20 253
 323  22 253
 142  27 253
 353  44 253
  20  50 253
 269  51 253
  78  55 253
 279  67 253
  23  76 253
 299  82 253
 328  85 253
 138  87 253
 192  90 253
 252  92 253
 104  93 253
  23  97 253
 161  99 253
  82 103 253
 233 103 253
 335 105 253
 109 106 253
 303 116 253
 344 120 253
  49 122 253
 329 122 253
 198 125 253
 103 138 253
 306 140 253
 191 144 253
 330 148 253
  75 152 253
  38 153 253
 166 153 253
 305 153 253
  93 155 253
 279 157 253
 251 158 253
 133 160 253
 155 173 253
 196 176 253
 163 177 253
 172 179 253
  28   0 254
  54   0 254
 114   0 254
 231   0 254
 239   0 254
 273   0 254
 309   0 254
 336   0 254
 310   8 254
  70  15 254
 159  18 254
  78  23 254
 100  26 254
 211  27 254
 164  39 254
 205  41 254
 166  46 254
 141  49 254
 215  52 254
 181  53 254
 357  56 254
   6  57 254
 317  58 254
  62  63 254
 220  73 254
 236  79 254
 157  80 254
  28  82 254
 272  95 254
 189 107 254
 167 117 254
 231 117 254
  83 129 254
 262 129 254
 128 148 254
 316 153 254
   4 163 254
 102 170 254
  37 178 254
 284 178 254
  48 179 254
 105 179 254
 250 179 254
   9   0 255
  17   0 255
 172  16 255
 250  16 255
  37  27 255
  88  29 255
 243  36 255
  36  41 255
 313  47 255
 356  49 255
 335  50 255
 170  51 255
  41  53 255
 252  55 255
 193  61 255
 113  63 255
  72  68 255
  89  68 255
 137  74 255
 240  83 255
 160  85 255
 359  95 255
 332 100 255
  37 103 255
 204 104 255
  70 108 255
   4 110 255
 259 115 255
 132 117 255
 142 123 255
  17 128 255
  54 130 255
 183 130 255
 308 130 255
 121 135 255
 220 142 255
 350 143 255
 239 146 255
 221 155 255
 347 157 255
  72 163 255
 217 177 255
  15 179 255
  78   0 256
 149   0 256
 210   0 256
 121  11 256
  94  14 256
 310  21 256
 294  30 256
 104  34 256
 121  37 256
 116  50 256
 227  58 256
 139  59 256
 208  69 256
 251  80 256
 280  80 256
   3  81 256
 314  82 256
  81  83 256
 337  87 256
  32  99 256
 283 103 256
   7 118 256
 307 120 256
  38 123 256
 217 124 256
 286 127 256
 205 150 256
  55 154 256
 268 154 256
  24 156 256
   2 157 256
 325 160 256
  90 165 256
 240 175 256
 358 176 256
  66 178 256
 121 178 256
 227 178 256
 263 178 256
  94   0 257
 161   0 257
 201   0 257
 246   0 257
 280   0 257
 290   0 257
  27  14 257
 332  22 257
 193  23 257
   7  25 257
 285  27 257
 202  28 257
 310  29 257
  24  33 257
 117  33 257
 239  61 257
 112  78 257
 187  78 257
 272  80 257
 195  94 257
 107 100 257
 175 100 257
 303 100 257
 212 106 257
 128 108 257
 219 109 257
  83 117 257
 275 123 257
 331 127 257
 162 129 257
 168 132 257
  84 135 257
 184 144 257
 156 152 257
 292 159 257
  90 175 257
 140 178 257
 335 179 257
 289  14 258
  33  16 258
 241  18 258
   4  19 258
 174  21 258
 339  28 258
 345  30 258
 148  35 258
 237  35 258
  42  42 258
 304  44 258
  54  52 258
 185  56 258
 167  61 258
 274  65 258
 303  66 258
   6  69 258
 139  79 258
  14  90 258
  59  95 258
 114 110 258
 246 113 258
  14 138 258
 222 147 258
  49 148 258
 195 151 258
 278 152 258
 133 153 258
 165 169 258
  17 170 258
 327 170 258
 208 174 258
   0   0 259
 120   0 259
 222   0 259
 343   0 259
  51  19 259
 271  25 259
  60  54 259
  80  68 259
 314  75 259
 341  76 259
 105  77 259
  92  79 259
 287  90 259
 164  91 259
  76 114 259
 331 114 259
 343 126 259
  99 132 259
 272 134 259
  32 136 259
 126 144 259
 313 162 259
  50 171 259
 105 173 259
  29 174 259
 291 177 259
 187 178 259
 113 179 259
  60   0 260
 101   0 260
 141   0 260
 171   0 260
 180  27 260
 225  27 260
  82  41 260
  89  42 260
 262  55 260
 344  55 260
  19  71 260
 338  71 260
  37  83 260
 204  97 260
 133 110 260
  12 125 260
 352 127 260
 250 130 260
 181 140 260
  90 150 260
 243 150 260
  84   0 261
 179   0 261
 234   0 261
 321   0 261
 145  10 261
 260  25 261
  56  42 261
 281  48 261
  13  53 261
 233  58 261
 183  65 261
 235  75 261
 196  86 261
 257  88 261
 237  99 261
 262 107 261
 105 109 261
 307 114 261
 237 115 261
  50 125 261
 135 125 261
 112 139 261
 285 152 261
 301 160 261
 178 174 261
 350 174 261
  55 175 261
 165 176 261
 149 177 261
 197 177 261
 313 177 261
 330 177 261
 112   0 262
 187   0 262
 265   0 262
 334   0 262
  52  25 262
 132  43 262
 305  52 262
 326  55 262
 202  57 262
 103  58 262
 137  66 262
 168  67 262
  64  73 262
 198  73 262
 112  84 262
   3  94 262
  42 102 262
  74 132 262
 163 151 262
 287 158 262
  52 162 262
 239 162 262
 137 166 262
 238 172 262
 250 175 262
 304 178 262
  11   0 263
  28   0 263
  36   0 263
 127   0 263
 213   0 263
 274   0 263
 309   0 263
 350   0 263
 229  13 263
  71  20 263
 180  40 263
   3  78 263
  44  83 263
 240  83 263
 336  95 263
 297  98 263
  63 120 263
 267 120 263
  35 123 263
 150 127 263
 209 150 263
  21 172 263
   6 173 263
  81 177 263
  44   0 264
  53   0 264
 148   0 264
 164   0 264
 257  45 264
  31  78 264
 135  93 264
 304 110 264
 183 111 264
 206 124 264
 315 137 264
 358 173 264
  70 176 264
 135   0 265
 194   0 265
 227   0 265
 291   0 265
 343  21 265
 309  32 265
  88  65 265
 121  67 265
 312  91 265
  71  96 265
 102 119 265
 105 161 265
 333 167 265
 116 168 265
  91  27 266
  17  43 266
 299  75 266
  98 137 266
 205 142 266
  47 153 266
 212 154 266
 306 166 266
 210 172 266
 255 177 266
  67   0 267
 104   0 267
 205   0 267
 249   0 267
 316   0 267
 326   0 267
 247  33 267
 189 118 267
   3 130 267
 150 171 267
 159 177 267
 213 179 267
 142  38 268
 265 175 268
  96   0 269
 257   0 269
 355   0 269
  95 117 269
  95 178 269
 119   6 271
 273  26 271
   5  43 271
 112  48 271
  21  67 271
 122  27 272
 175  66 272
 328  71 272
  55 118 272
 167  19 273
 266  25 273
  28  29 273
 197  29 273
 135  84 273
 286  85 273
  23 119 273
  58  60 274
 275  68 274
 282  80 274
 144  89 274
 175  89 274
 181 104 274
 267 112 274
 303 131 274
  78  27 275
 278  34 275
 169  37 275
 280  49 275
 133  63 275
  51  80 275
 303  84 275
 219  87 275
  12  99 275
  24 130 275
 207  45 276
 231  48 276
 117  49 276
 301  50 276
   6  58 276
 115  64 276
 219 102 276
 229 106 276
 321 121 276
  78  18 277
 128  27 277
  16  77 277
 130  82 277
  13  88 277
 153  94 277
 201  94 277
 319  94 277
  91  98 277
 169 102 277
 282 112 277
   5 118 277
 300 121 277
 162 139 277
 213  24 278
  13  32 278
  50  34 278
 233  37 278
 100  44 278
 327  49 278
  24  52 278
 316  88 278
 164  93 278
 107  96 278
 126  99 278
  62 100 278
 212 101 278
 255 101 278
 235 113 278
  58 124 278
 154 125 278
 110 129 278
 319 131 278
 110 144 278
   3  24 279
  12  25 279
 334  25 279
 271  27 279
 189  29 279
 106  30 279
 281  38 279
 329  39 279
 242  44 279
  77  48 279
 287  50 279
  80  71 279
  59  79 279
  73  97 279
 329 100 279
 222 106 279
 257 110 279
  35 112 279
  75 121 279
  86 130 279
 334 132 279
 273 135 279
 204 137 279
 339 137 279
  70 138 279
  90  25 280
 159  30 280
 169  31 280
 274  32 280
  19  35 280
 223  39 280
 132  41 280
 188  41 280
 202  42 280
 330  62 280
 165  73 280
   4  82 280
 279  95 280
  14 121 280
 261 123 280
 164 126 280
 101 130 280
 131 131 280
 327 131 280
  40 135 280
 235 140 280
 282 146 280
 166 149 280
 194  16 281
  36  33 281
 311  34 281
  61  48 281
 103  57 281
 325  58 281
 236  66 281
 146  73 281
 344  75 281
  39  76 281
 201  82 281
 253  88 281
 341  96 281
 183 124 281
 269 131 281
 227 134 281
  32 135 281
 109 137 281
  21 138 281
 298 139 281
 184 140 281
  82 142 281
 207 147 281
  77  12 282
 239  12 282
  38  23 282
  77  25 282
 304  27 282
 153  28 282
 241  52 282
 273  53 282
 154  54 282
  43  55 282
 258  55 282
 297  59 282
 123  62 282
 211  64 282
 345  64 282
 128  65 282
 295  69 282
 197  70 282
 275  73 282
 149  82 282
  23  84 282
  43  85 282
  85  92 282
 286 129 282
  54 135 282
 197 136 282
   5 137 282
 136 137 282
 350 138 282
 249 142 282
   5 146 282
 132 152 282
 142 154 282
 222 160 282
 296  16 283
 249  27 283
 138  28 283
 120  30 283
 211  44 283
  42  48 283
 346  55 283
  76  56 283
 183  67 283
 247  73 283
 257  76 283
 313  85 283
 297  90 283
  60  96 283
 200 100 283
 107 102 283
 145 107 283
 300 145 283
  55 146 283
 219 149 283
 109  17 284
 125  17 284
  56  19 284
 358  20 284
 326  26 284
  29  52 284
   7  58 284
 106  61 284
 310  62 284
 138  63 284
  74  70 284
 209  81 284
 228  81 284
  10  86 284
 156  88 284
 106  92 284
 170  92 284
  90  95 284
  25  96 284
 177  97 284
 312  97 284
 263  98 284
 133 104 284
 214 104 284
 319 104 284
 113 106 284
   6 107 284
 332 112 284
 209 138 284
 322 149 284
  31 150 284
  86 151 284
 152 152 284
 342 153 284
 113 154 284
  56 160 284
 246  13 285
 220  14 285
 305  19 285
 202  21 285
 316  22 285
 265  24 285
   7  25 285
  17  25 285
 241  26 285
 131  27 285
  79  41 285
 173  41 285
 197  41 285
 172  51 285
 121  57 285
  15  58 285
 300  79 285
  78  85 285
 256  97 285
  42  99 285
 230 106 285
 356 107 285
 285 109 285
 342 110 285
 171 111 285
 261 117 285
 149 118 285
 309 122 285
 354 126 285
 288 134 285
 115 142 285
 311 142 285
 314 149 285
 253 152 285
  93 158 285
  23 165 285
 117  17 286
 185  19 286
 350  19 286
  28  22 286
  87  22 286
  69  26 286
  57  27 286
 274  27 286
 335  27 286
 166  28 286
 351  34 286
 244  39 286
  97  42 286
 291  50 286
  99  55 286
 139  74 286
 347  83 286
 239  88 286
 280  89 286
 135  90 286
  54  95 286
 241 105 286
  84 108 286
  59 109 286
 184 109 286
 292 111 286
  18 112 286
  87 116 286
 210 116 286
  64 117 286
 253 117 286
 107 119 286
  32 121 286
 190 123 286
  86 127 286
  22 150 286
 189 150 286
 325 154 286
   9 155 286
 278 155 286
 164 156 286
 173 156 286
 261 156 286
 151  21 287
 219  24 287
 286  32 287
  19  38 287
 148  39 287
 331  46 287
 260  47 287
  56  48 287
 300  49 287
 283  50 287
 179  52 287
 210  52 287
 342  52 287
  60  54 287
 353  62 287
  62  63 287
 323  65 287
  18  69 287
 187  70 287
 226  71 287
   2  77 287
  55  80 287
  86  85 287
 327  89 287
 129 115 287
 144 115 287
  45 116 287
 271 116 287
 233 123 287
 177 125 287
 278 131 287
 154 133 287
 145 134 287
 245 139 287
  86 144 287
  63 145 287
 252 145 287
 163 148 287
  45 149 287
 208 151 287
 222 153 287
 356 160 287
  62 161 287
 277 170 287
 326  19 288
  45  21 288
 206  43 288
 229  44 288
   2  45 288
 316  50 288
 185  59 288
 219  61 288
  30  71 288
 166  71 288
 332  73 288
 115  74 288
 265  74 288
  35  76 288
 125  81 288
 194  86 288
 205 101 288
 329 107 288
  18 120 288
 110 124 288
 345 124 288
  20 126 288
 215 126 288
 332 126 288
 235 129 288
 310 130 288
  86 135 288
 160 135 288
 103 140 288
 355 151 288
 120 155 288
 331 156 288
 134 157 288
 282  12 289
  44  14 289
 138  14 289
 258  14 289
 195  16 289
 264  16 289
 291  16 289
 231  22 289
  96  34 289
 109  37 289
 258  37 289
 162  39 289
 316  41 289
 126  43 289
 112  49 289
  45  50 289
 142  52 289
 238  52 289
 271  52 289
 258  58 289
 296  64 289
 205  65 289
 150  70 289
 282  71 289
  78  72 289
  45  74 289
 348  74 289
 101  79 289
 234  81 289
 166  84 289
 308  85 289
 181  87 289
 354  92 289
 303 111 289
 128 124 289
  49 125 289
  70 127 289
 191 129 289
  50 136 289
 355 136 289
 272 154 289
 286 154 289
 196 155 289
 234 156 289
 149  14 290
 315  15 290
 103  17 290
 161  18 290
  82  19 290
 208  21 290
 189  29 290
  40  33 290
  23  44 290
  40  47 290
 161  48 290
  78  57 290
 109  64 290
 238  66 290
 260  69 290
 157  71 290
 124  74 290
 265  82 290
  42  85 290
  72  85 290
  16  90 290
 144  90 290
 311  90 290
 293  91 290
 204  93 290
 282  94 290
  21  95 290
 118  95 290
 190  97 290
 326 102 290
 354 103 290
 161 111 290
 212 121 290
 325 123 290
  36 131 290
 270 132 290
 131 133 290
  23 136 290
 108 154 290
 129 154 290
 143 156 290
 302 156 290
  44 157 290
 208 158 290
 222 160 290
  80 162 290
  71   9 291
 189   9 291
 178  12 291
  22  13 291
 338  17 291
 358  17 291
  70  19 291
 235  27 291
  84  31 291
   4  34 291
 292  34 291
 118  36 291
 139  38 291
  26  52 291
 128  55 291
  86  57 291
 311  64 291
  96  69 291
 217  70 291
  23  71 291
 248  74 291
  64  78 291
 278  85 291
 246  88 291
 168  90 291
 102  92 291
 147  95 291
 227  95 291
  80  97 291
 105  97 291
  35  99 291
 259  99 291
 212 101 291
  20 104 291
 118 104 291
  50 105 291
  80 105 291
  97 112 291
 309 113 291
 359 116 291
 227 122 291
 269 125 291
 246 129 291
 285 132 291
 295 132 291
 139 133 291
 193 135 291
 337 138 291
  11 141 291
 357 142 291
 324 143 291
 302 144 291
  33 145 291
  70 145 291
 259 151 291
 313 160 291
 174 161 291
  72 162 291
 145 162 291
  49 163 291
 236 164 291
 275  12 292
 225  13 292
 126  14 292
 305  14 292
   6  17 292
  28  17 292
 306  30 292
 336  31 292
 359  31 292
 204  32 292
 255  32 292
 279  33 292
  73  34 292
 244  34 292
  86  37 292
 307  37 292
 188  38 292
 216  41 292
 337  46 292
 168  49 292
   8  53 292
 345  55 292
 144  59 292
 285  60 292
 189  62 292
   6  64 292
 299  69 292
 193  70 292
 322  88 292
 347  88 292
  75  91 292
 247  95 292
  45  99 292
 265 103 292
 288 103 292
 146 104 292
 175 104 292
 125 105 292
 158 106 292
 127 111 292
 269 112 292
 100 117 292
 171 118 292
 188 120 292
 359 124 292
 108 142 292
 228 142 292
  93 143 292
 199 145 292
  30 156 292
 338 156 292
   9 160 292
  95 160 292
 163 162 292
 355 167 292
 101  10 293
 236  11 293
 118  13 293
  30  23 293
 179  27 293
  51  29 293
 106  31 293
 273  31 293
 159  32 293
  63  34 293
   9  44 293
 223  44 293
  67  52 293
 184  52 293
  98  53 293
  55  54 293
 242  55 293
 349  61 293
 328  65 293
 317  66 293
  62  68 293
 139  71 293
 168  75 293
 192  82 293
 224  84 293
 329  92 293
 249 101 293
 302 105 293
 337 105 293
 291 108 293
 356 109 293
  55 110 293
 228 110 293
 184 112 293
 312 120 293
  68 122 293
 158 124 293
  79 125 293
 101 127 293
 257 130 293
 179 135 293
 224 135 293
 318 136 293
 168 137 293
 196 140 293
 295 140 293
  76 149 293
 119 150 293
 161 155 293
 261 159 293
 290 161 293
 319 162 293
  31 163 293
 272 163 293
 194 164 293
  58   8 294
 197   8 294
 206  12 294
 349  13 294
 325  15 294
 135  23 294
 145  24 294
 243  26 294
  34  28 294
 322  28 294
 217  29 294
 340  35 294
 147  37 294
 198  45 294
 305  47 294
 236  48 294
 287  49 294
 260  50 294
  49  52 294
 218  57 294
  19  65 294
  89  68 294
  36  70 294
 222  78 294
 103  83 294
 134  83 294
 140  85 294
   5  86 294
  12  87 294
  62  87 294
 229 101 294
 344 106 294
  87 110 294
 208 112 294
  17 114 294
 248 115 294
  33 116 294
  63 116 294
 123 123 294
 135 123 294
 337 126 294
 153 137 294
  54 140 294
 212 140 294
 239 142 294
 251 143 294
 340 143 294
  61 144 294
 352 159 294
 305 160 294
 342 160 294
  59 161 294
 212 161 294
  14 163 294
 181 164 294
  87   8 295
 247  11 295
 298  14 295
 284  15 295
 129  19 295
 172  26 295
 329  31 295
 287  32 295
  10  35 295
 126  38 295
  83  47 295
 313  49 295
 321  49 295
 277  51 295
 170  55 295
 133  57 295
 113  66 295
 268  67 295
 245  68 295
 165  69 295
  44  70 295
   6  71 295
 346  71 295
 207  73 295
 328  73 295
  92  79 295
 300  79 295
 348  79 295
  54  82 295
 274  82 295
 306  82 295
 206  85 295
  34  87 295
 283  87 295
 207  96 295
  11 100 295
  28 112 295
 238 117 295
  39 120 295
 289 122 295
 318 122 295
  84 128 295
  13 130 295
 140 139 295
 158 140 295
 116 141 295
 180 142 295
 280 143 295
  27 144 295
 255 147 295
  95 149 295
 119 159 295
 133 161 295
 243 164 295
 280 164 295
  39 167 295
  18  11 296
 162  12 296
  60  14 296
 170  14 296
 260  15 296
 106  19 296
 190  23 296
 270  23 296
  55  33 296
 259  39 296
 102  42 296
 162  42 296
 129  43 296
  28  44 296
 206  45 296
 151  46 296
 343  47 296
 109  49 296
 269  49 296
  42  50 296
 208  54 296
 111  56 296
 230  61 296
 294  63 296
 152  64 296
  55  68 296
 183  74 296
 117  75 296
 128  75 296
 264  78 296
 248  80 296
 312  84 296
 358  85 296
 178  86 296
 227  89 296
 117  91 296
 191  91 296
 174  97 296
 314 101 296
  70 102 296
 331 102 296
 153 104 296
 261 113 296
 211 117 296
 150 119 296
  49 122 296
 111 124 296
 218 125 296
 346 125 296
   2 132 296
  89 132 296
  50 133 296
 272 135 296
 318 143 296
  18 145 296
 180 150 296
 231 156 296
 328 160 296
 265 163 296
  84 165 296
 135 167 296
 323   6 297
 221  11 297
  46  12 297
  90  13 297
 356  14 297
 307  18 297
 206  19 297
  97  20 297
 263  20 297
  18  21 297
 232  21 297
  44  25 297
 352  29 297
 296  35 297
 184  36 297
 173  39 297
  72  41 297
  39  44 297
 247  44 297
  88  50 297
 327  51 297
 248  56 297
 261  63 297
  33  65 297
  82  65 297
 204  65 297
  71  66 297
 277  72 297
 172  78 297
  96  83 297
  76  84 297
 153  85 297
  41  89 297
 156  90 297
 314  90 297
 283  96 297
  90  99 297
 117  99 297
  59 100 297
 189 101 297
  17 102 297
 319 107 297
  95 109 297
 236 109 297
 276 111 297
 347 111 297
 200 112 297
 300 118 297
 180 122 297
 276 123 297
  71 126 297
 244 126 297
  24 130 297
 315 132 297
 133 134 297
 273 142 297
 326 146 297
 218 147 297
 358 147 297
   7 149 297
 137 149 297
 158 151 297
 195 155 297
  81 157 297
 105 160 297
 235 160 297
  66 163 297
 294 164 297
 200 165 297
 164 167 297
 143  10 298
 345  10 298
  73  11 298
 334  13 298
 149  14 298
  71  21 298
  86  24 298
 117  25 298
 214  25 298
 149  28 298
  73  29 298
  99  32 298
 199  32 298
 228  32 298
   2  33 298
  22  35 298
 115  35 298
 236  38 298
  18  46 298
 133  47 298
 295  48 298
 354  50 298
 183  59 298
   1  63 298
 307  65 298
  22  69 298
 154  70 298
 291  73 298
 335  73 298
  28  83 298
 330  85 298
 112  87 298
 249  88 298
 140  92 298
 271  92 298
 125  99 298
  80 100 298
  48 102 298
 138 102 298
 176 108 298
 101 111 298
 164 112 298
 108 114 298
 135 116 298
   0 118 298
 331 121 298
 258 123 298
 303 123 298
 170 124 298
 193 125 298
 302 139 298
  91 140 298
  68 144 298
 346 144 298
 229 146 298
  42 147 298
  33 148 298
 283 148 298
 303 148 298
  49 151 298
 207 151 298
 188 152 298
 256 157 298
 219 161 298
 146 167 298
  11  10 299
 295  10 299
 230  11 299
 254  12 299
  37  13 299
 187  13 299
 177  15 299
 316  19 299
 282  26 299
 317  27 299
 247  34 299
  84  36 299
 183  47 299
   5  52 299
  72  52 299
 343  54 299
  24  55 299
 153  56 299
 223  58 299
 328  58 299
  13  59 299
 136  61 299
 279  62 299
  96  67 299
 233  72 299
 246  74 299
  66  78 299
 261  88 299
 168  89 299
  15  90 299
 233  91 299
  50  92 299
 215  95 299
 292  96 299
 257  99 299
  25 102 299
 195 103 299
 125 108 299
 292 112 299
  73 113 299
 218 117 299
   8 118 299
 226 124 299
 184 126 299
 235 126 299
 265 126 299
  36 129 299
 111 131 299
 195 131 299
 119 132 299
 344 134 299
 206 140 299
 246 141 299
  73 147 299
 104 148 299
 165 156 299
  52 159 299
   3 160 299
 310 161 299
  26 162 299
 334 162 299
  95 163 299
 121 164 299
   5 166 299
 107 166 299
 283   8 300
 124  10 300
 308  10 300
   4  23 300
  58  23 300
 342  23 300
 161  27 300
  21  28 300
  44  32 300
 124  33 300
 320  35 300
  57  38 300
 266  39 300
 325  40 300
 197  41 300
 146  43 300
  61  44 300
 221  49 300
 168  50 300
  57  55 300
 117  57 300
 192  57 300
 293  57 300
  96  58 300
 124  61 300
 236  62 300
 314  66 300
 193  70 300
 216  71 300
 321  71 300
 138  75 300
 220  75 300
 357  75 300
  77  76 300
 191  80 300
 339  83 300
  80  88 300
 348  89 300
   1  94 300
 298  98 300
  97  99 300
 346  99 300
  36 100 300
 164 100 300
 218 102 300
 233 102 300
 259 107 300
 331 109 300
 359 109 300
 146 116 300
 318 116 300
  17 119 300
 161 124 300
 149 127 300
  60 129 300
  75 131 300
 202 132 300
 301 132 300
  42 134 300
 175 141 300
 131 143 300
 119 144 300
 146 147 300
 351 147 300
 330 150 300
 151 151 300
 286 153 300
  34 163 300
 344 163 300
 352 164 300
 254 166 300
 313 166 300
 283 167 300
  32   9 301
 203  12 301
 185  22 301
 292  23 301
 274  25 301
 239  27 301
 347  27 301
 138  28 301
 219  30 301
 259  30 301
 293  31 301
 162  34 301
 304  34 301
 276  38 301
 307  42 301
   7  43 301
 214  43 301
 340  43 301
 278  45 301
 284  49 301
 307  50 301
 260  53 301
  45  58 301
 307  58 301
 353  58 301
  66  64 301
 102  69 301
  12  70 301
 169  70 301
 260  71 301
  30  74 301
 109  74 301
  44  75 301
 154  77 301
 293  79 301
  17  80 301
 140  81 301
 105  85 301
 217  85 301
  62  91 301
 182  95 301
 274  97 301
  65 101 301
 150 101 301
 308 101 301
  37 107 301
 283 111 301
  82 112 301
  50 113 301
  63 113 301
  37 116 301
 127 116 301
 344 120 301
 108 121 301
  23 122 301
 131 129 301
 330 129 301
 287 131 301
 244 133 301
 167 135 301
 332 135 301
 220 136 301
 262 136 301
  12 137 301
  96 143 301
 270 151 301
  21 153 301
 307 155 301
 245 156 301
 212 158 301
 272 162 301
 174 163 301
  17 164 301
 192 164 301
  57 166 301
 181 167 301
  67 169 301
 245   7 302
 357   7 302
  69   8 302
 170   8 302
 101  10 302
 329  11 302
  22  12 302
  54  12 302
 133  13 302
  83  14 302
 154  16 302
  39  23 302
 250  23 302
   9  33 302
 105  33 302
  32  36 302
 332  41 302
 204  42 302
 124  43 302
 237  48 302
  92  52 302
  34  54 302
 200  57 302
 169  59 302
 212  63 302
 139  66 302
  42  68 302
 284  71 302
 239  74 302
  51  76 302
 200  78 302
 306  79 302
 321  79 302
   9  80 302
 201  85 302
  29  89 302
 205  89 302
 339  91 302
 248  96 302
 324  96 302
 108  97 302
 202 103 302
 223 105 302
 244 107 302
 271 107 302
 344 108 302
 296 116 302
 205 117 302
  95 122 302
 282 126 302
 354 131 302
   7 133 302
 318 135 302
 232 136 302
 290 136 302
 146 137 302
  58 138 302
 181 144 302
 262 144 302
  60 145 302
 233 149 302
  78 150 302
  91 155 302
 136 161 302
 225 165 302
 243 167 302
 318 169 302
 231 170 302
 217   9 303
 116  10 303
 272  11 303
   2  13 303
 245  15 303
 139  19 303
 102  20 303
 333  20 303
 211  21 303
 197  24 303
 305  25 303
 185  30 303
 171  32 303
  49  36 303
 138  36 303
 352  37 303
  89  38 303
 253  43 303
 109  45 303
 156  46 303
  69  48 303
  83  50 303
  44  51 303
 111  51 303
 318  54 303
 180  56 303
 209  56 303
 343  61 303
  58  62 303
  78  63 303
 351  67 303
 124  68 303
 178  69 303
 266  73 303
 126  74 303
  62  75 303
 126  82 303
  91  83 303
 324  84 303
 246  85 303
 270  85 303
  48  86 303
 163  87 303
 293  87 303
 127  89 303
 178  89 303
  93  90 303
  17  95 303
 310 107 303
 180 110 303
 159 111 303
 247 112 303
 228 113 303
  85 117 303
 254 118 303
 326 120 303
  55 126 303
 313 127 303
 212 129 303
  94 131 303
  27 132 303
  81 133 303
  24 142 303
 188 145 303
 248 146 303
 131 150 303
   0 151 303
 118 152 303
 294 152 303
 161 153 303
 334 154 303
 170 158 303
  43 161 303
 144 163 303
  77 166 303
 152 167 303
  96 169 303
 179   7 304
 291   8 304
 303   8 304
 263   9 304
 225  10 304
 315  10 304
 232  15 304
  55  19 304
  86  19 304
  67  20 304
 110  22 304
 158  22 304
  91  24 304
  30  25 304
 231  25 304
 124  26 304
  70  27 304
  74  33 304
 146  36 304
 191  36 304
 108  38 304
 225  39 304
 355  42 304
 167  43 304
  32  44 304
 230  47 304
 254  51 304
 339  51 304
  11  55 304
 265  56 304
 271  58 304
 156  59 304
 232  59 304
  30  65 304
 332  65 304
 281  66 304
 186  69 304
  86  73 304
 338  75 304
 282  80 304
 158  83 304
 226  83 304
 359  83 304
 309  84 304
 230  87 304
  37  89 304
  70  90 304
 136  91 304
 144  93 304
 308  94 304
  77  97 304
   4  98 304
 113 100 304
 282 102 304
 325 103 304
  51 104 304
 140 105 304
 209 105 304
  16 106 304
 118 108 304
   6 109 304
 184 114 304
 269 116 304
 195 118 304
 117 119 304
  50 120 304
 300 121 304
 351 121 304
 145 124 304
   5 127 304
 255 130 304
 161 131 304
 273 139 304
  43 140 304
 105 141 304
 115 141 304
 198 142 304
 319 142 304
  13 144 304
 207 145 304
 216 146 304
 321 148 304
  44 150 304
  62 153 304
 194 153 304
 106 155 304
 134 155 304
 300 155 304
 203 159 304
 117 161 304
 265 162 304
 277 165 304
  86 166 304
 210 167 304
 294 167 304
 333 169 304
 199 171 304
  50   8 305
 187   8 305
 198  10 305
  14  12 305
 345  13 305
 123  17 305
 272  19 305
  22  21 305
 174  22 305
 258  22 305
 219  23 305
   9  24 305
 357  24 305
 320  29 305
 331  29 305
  24  37 305
 179  42 305
 293  46 305
 147  48 305
 133  50 305
 191  51 305
 328  51 305
 297  62 305
  85  64 305
 252  65 305
 319  67 305
 200  69 305
 306  69 305
 357  69 305
 251  74 305
 268  79 305
 177  82 305
  59  87 305
 356  93 305
 188  96 305
 265  96 305
 159  98 305
  91  99 305
  80 103 305
  26 106 305
 170 106 305
  97 110 305
 144 112 305
 312 116 305
 212 118 305
 283 118 305
 234 120 305
 129 121 305
  70 123 305
 242 123 305
 181 124 305
 192 129 305
 102 132 305
  37 133 305
 131 136 305
 172 137 305
 337 137 305
 308 138 305
 298 140 305
 352 140 305
 341 141 305
 279 149 305
  84 152 305
 223 152 305
  34 153 305
  12 155 305
  66 163 305
  49 166 305
 301 168 305
 325 169 305
  37  10 306
  80  10 306
 152  11 306
 322  11 306
 289  17 306
 352  17 306
 301  19 306
 316  23 306
 276  29 306
 339  30 306
 206  32 306
 238  34 306
 285  34 306
 249  36 306
 293  37 306
  60  40 306
 318  42 306
  11  45 306
 359  46 306
 126  48 306
  19  55 306
  24  58 306
 111  58 306
 280  58 306
 120  60 306
 223  61 306
 241  62 306
 159  64 306
   6  68 306
 298  69 306
 107  70 306
 228  71 306
  72  75 306
  92  75 306
  30  80 306
 114  81 306
  19  84 306
 253  85 306
 258  93 306
 296  95 306
  44  96 306
 343  97 306
 193  99 306
 131 102 306
 295 105 306
 351 108 306
 108 111 306
  27 113 306
 170 114 306
  68 116 306
   3 119 306
  40 119 306
 158 119 306
 333 120 306
 272 121 306
 223 124 306
  26 125 306
 117 127 306
  72 129 306
 199 130 306
 272 131 306
 229 132 306
 140 135 306
  81 140 306
 156 142 306
   0 144 306
  32 145 306
 159 147 306
 171 149 306
 260 152 306
 236 153 306
 342 153 306
  99 154 306
 185 155 306
 322 155 306
 347 156 306
   2 157 306
 222 161 306
  11 164 306
  25 166 306
 121 167 306
 345 167 306
 359 167 306
 145   8 307
 209  11 307
 335  11 307
 253  13 307
 185  17 307
 168  19 307
  45  23 307
 129  31 307
 265  31 307
  59  32 307
 158  32 307
  15  33 307
 344  34 307
  85  35 307
  97  36 307
 307  36 307
 214  38 307
 269  41 307
 193  42 307
  65  45 307
  76  48 307
 180  49 307
 298  49 307
 201  50 307
  98  52 307
  52  55 307
 151  56 307
 100  58 307
 135  61 307
 168  66 307
 144  68 307
  19  69 307
 210  71 307
 220  71 307
 332  72 307
 148  77 307
 344  80 307
 351  81 307
 215  82 307
 190  84 307
 238  86 307
 284  86 307
   8  87 307
 327  88 307
 214  92 307
 103  94 307
 152  94 307
 235  96 307
 224  98 307
 240  99 307
  44 104 307
  58 104 307
 265 104 307
  65 106 307
 330 106 307
 338 108 307
 154 109 307
 225 109 307
 259 120 307
  86 123 307
 172 125 307
 300 129 307
  15 130 307
  54 134 307
 259 134 307
  71 138 307
 236 138 307
 243 139 307
 282 139 307
 149 140 307
  89 141 307
 254 147 307
  69 153 307
 283 153 307
 238 159 307
 107 163 307
 288 164 307
 251 165 307
  31 168 307
 158 168 307
 166 168 307
 133 169 307
 222 173 307
 124   7 308
  62   8 308
  74   8 308
  29   9 308
 106  10 308
 163  10 308
 197  18 308
 280  18 308
  59  22 308
 144  23 308
 203  24 308
 182  27 308
 236  27 308
  46  30 308
 311  41 308
 327  41 308
  98  43 308
  24  44 308
  39  44 308
 273  45 308
 281  45 308
 214  46 308
 223  47 308
 244  47 308
 167  50 308
 313  53 308
 344  53 308
 358  55 308
  73  58 308
  41  59 308
 188  61 308
  50  64 308
 177  64 308
 197  64 308
  61  65 308
 115  71 308
 321  73 308
  48  74 308
 188  77 308
 168  78 308
  75  80 308
 137  80 308
 154  80 308
 103  83 308
 118  85 308
  80  86 308
 332  92 308
 169  94 308
 315  94 308
 204  95 308
 282  95 308
 126  96 308
   2 106 308
  91 106 308
 302 106 308
 284 107 308
 238 108 308
  79 111 308
 129 111 308
 193 111 308
  14 114 308
  58 118 308
 318 118 308
 105 121 308
 340 121 308
 140 122 308
 291 124 308
 159 126 308
 128 129 308
 184 129 308
 349 129 308
  46 131 308
 209 137 308
 119 144 308
 224 144 308
 310 144 308
  55 145 308
 128 146 308
  94 148 308
 143 152 308
  55 153 308
 310 155 308
 198 156 308
 264 156 308
  24 157 308
 247 159 308
 151 162 308
  73 164 308
  94 165 308
 185 166 308
 310 166 308
 267 167 308
 191 168 308
 254 170 308
   9   4 309
 241   5 309
 312   7 309
 283   8 309
  92   9 309
 134   9 309
 269   9 309
 245  10 309
 229  12 309
  95  15 309
  40  19 309
 291  23 309
 102  25 309
 150  25 309
 224  25 309
 112  26 309
 261  26 309
 359  29 309
 189  31 309
 304  31 309
   6  33 309
 165  33 309
 133  35 309
 116  36 309
 146  42 309
 344  42 309
 117  43 309
  47  44 309
  85  53 309
 258  53 309
 330  56 309
   3  58 309
 218  58 309
 128  60 309
 317  60 309
 290  61 309
 346  63 309
 268  66 309
 244  67 309
  39  68 309
  70  68 309
 133  71 309
 278  74 309
 308  74 309
  21  75 309
  56  76 309
 208  80 309
 296  80 309
  36  82 309
 320  83 309
 197  85 309
  88  90 309
 121  90 309
  62  91 309
  40  92 309
  23  94 309
 178  94 309
 220  94 309
 318 100 309
 254 103 309
 212 108 309
 253 112 309
  15 121 309
 216 121 309
  94 126 309
 246 126 309
 318 127 309
 327 131 309
 222 132 309
 335 132 309
   2 135 309
 187 139 309
  10 141 309
 290 141 309
 140 142 309
 179 151 309
 212 155 309
 147 156 309
 326 159 309
  86 160 309
 131 163 309
  57 164 309
 175 167 309
  40 168 309
 196   4 310
 173   7 310
 221   8 310
 354   8 310
  52  12 310
   7  13 310
  19  13 310
 111  13 310
  80  17 310
 257  17 310
 132  18 310
 309  18 310
 216  19 310
  28  21 310
 342  21 310
 329  25 310
  83  26 310
  73  29 310
 248  29 310
  33  32 310
  22  33 310
 225  33 310
 170  36 310
 176  38 310
 207  38 310
 138  39 310
 238  41 310
 261  41 310
 249  50 310
 307  51 310
  64  53 310
  35  54 310
 209  59 310
 237  59 310
 262  63 310
  12  69 310
 273  69 310
 124  71 310
 288  71 310
 346  71 310
 178  74 310
 232  74 310
 244  75 310
 256  75 310
  96  78 310
   7  80 310
  60  80 310
 273  85 310
 168  86 310
 298  86 310
 142  90 310
 306  91 310
  17  92 310
 340  92 310
 251  93 310
  29  96 310
 108  97 310
 179 101 310
 349 103 310
 165 104 310
 205 104 310
 145 105 310
  72 106 310
 271 106 310
 105 107 310
 183 110 310
 120 111 310
 305 111 310
  33 114 310
  49 116 310
 154 116 310
 242 117 310
 290 117 310
 350 117 310
  80 118 310
 200 118 310
 263 124 310
  35 129 310
 280 129 310
 307 129 310
 358 129 310
 204 132 310
  62 133 310
 118 133 310
 106 134 310
  22 135 310
 168 135 310
  27 142 310
 265 142 310
 247 143 310
 213 144 310
  44 145 310
 343 145 310
 167 146 310
 298 146 310
  15 147 310
 231 149 310
  78 151 310
 130 154 310
 355 154 310
  43 156 310
 286 158 310
 352 167 310
  13 169 310
 109 169 310
 234 169 310
 277 170 310
 335 172 310
   0 173 310
  92 174 310
 331   7 311
  45   8 311
 300   8 311
 179  10 311
 342  11 311
 272  14 311
 143  16 311
  71  19 311
 356  19 311
 324  20 311
  97  21 311
 121  24 311
 158  25 311
 296  28 311
  51  33 311
  77  37 311
 255  37 311
  35  38 311
  89  38 311
 355  39 311
 333  43 311
 154  45 311
 122  46 311
 288  46 311
 232  52 311
 183  53 311
 170  55 311
 288  55 311
  11  58 311
 333  61 311
  81  63 311
 102  63 311
  90  64 311
 150  69 311
 204  70 311
   0  78 311
 333  78 311
 262  80 311
 310  80 311
 233  81 311
 245  86 311
 137  87 311
 355  89 311
 274  92 311
  69  94 311
 144  96 311
   0  98 311
  34 103 311
  11 104 311
 320 106 311
  46 109 311
 274 111 311
 328 114 311
   0 115 311
 227 115 311
 136 118 311
 171 119 311
 305 119 311
 111 123 311
 140 129 311
 149 130 311
  83 132 311
 235 132 311
 323 141 311
 192 142 311
 273 142 311
 329 143 311
  72 144 311
 105 144 311
 198 145 311
 352 147 311
 108 150 311
 117 153 311
  18 154 311
 303 155 311
 271 156 311
 168 157 311
 215 160 311
 332 161 311
 227 162 311
 200 166 311
 298 166 311
 140 169 311
 212 170 311
 314 170 311
  60 171 311
 160   6 312
 263   6 312
 203   7 312
 290   8 312
  65  12 312
 115  17 312
 191  17 312
  53  20 312
 234  20 312
  19  21 312
 246  22 312
 176  24 312
 280  30 312
 201  32 312
 331  32 312
 109  35 312
 229  37 312
 189  38 312
   6  42 312
  18  43 312
 298  43 312
  52  47 312
 107  47 312
 160  47 312
 196  48 312
  29  49 312
 128  51 312
 141  52 312
 351  53 312
 274  55 312
 117  57 312
 157  57 312
 143  58 312
 300  62 312
 307  63 312
 339  63 312
  31  64 312
 161  67 312
   0  69 312
  90  72 312
 165  74 312
  28  75 312
 291  76 312
 220  83 312
 267  83 312
 336  83 312
  53  91 312
 199  91 312
  93  93 312
  78  94 312
 157  96 312
 287  97 312
 116 100 312
 225 103 312
  97 107 312
 166 111 312
 287 111 312
 260 113 312
 212 115 312
 234 117 312
  95 118 312
 183 118 312
 127 119 312
 191 119 312
  69 120 312
  22 121 312
  33 122 312
 276 122 312
  58 125 312
 196 128 312
  77 129 312
 251 129 312
 293 129 312
  98 131 312
 161 131 312
 265 134 312
  65 138 312
 180 138 312
  40 141 312
 338 141 312
 318 154 312
  60 155 312
  34 156 312
 188 157 312
 120 158 312
   5 159 312
 339 162 312
 157 163 312
  86 167 312
 243 168 312
  75 169 312
  45 171 312
 287 171 312
 120 173 312
  88   6 313
 322   8 313
  34  10 313
 185  12 313
 125  13 313
 302  14 313
 210  15 313
 318  18 313
 170  22 313
   9  23 313
 270  23 313
 216  26 313
 345  26 313
 127  28 313
 272  29 313
 352  29 313
  65  30 313
 315  31 313
 320  36 313
  64  40 313
 178  44 313
 208  46 313
  80  49 313
 321  50 313
  93  52 313
 264  54 313
 197  57 313
 249  57 313
  24  61 313
 228  62 313
  56  64 313
 253  64 313
 320  64 313
 218  65 313
 106  67 313
 188  69 313
 224  72 313
 107  74 313
 136  75 313
 112  79 313
  67  80 313
 178  81 313
  45  82 313
  14  85 313
 155  85 313
 231  90 313
 264  96 313
 131  98 313
 295  99 313
 187 100 313
 343 100 313
 195 101 313
 301 101 313
 248 102 313
  81 103 313
 233 103 313
  18 105 313
  24 107 313
 151 107 313
 114 109 313
 346 112 313
 336 114 313
  49 123 313
 326 125 313
 218 126 313
 232 127 313
 179 128 313
 344 128 313
  38 134 313
 129 134 313
  87 136 313
 308 136 313
   7 137 313
 223 139 313
  94 141 313
 151 143 313
 157 145 313
 280 145 313
 204 147 313
   6 150 313
 247 150 313
  84 153 313
 256 153 313
 182 155 313
 205 155 313
 295 155 313
  67 159 313
 106 159 313
 276 160 313
  22 166 313
 118 167 313
 204 170 313
 328 172 313
 230   5 314
   0   9 314
  16   9 314
 253   9 314
 163  15 314
 150  16 314
 288  17 314
 262  19 314
 199  21 314
 136  27 314
 103  30 314
 252  32 314
 286  32 314
 239  33 314
 147  35 314
 157  36 314
 288  39 314
  94  41 314
 272  41 314
 243  43 314
 229  45 314
 304  45 314
  74  46 314
 218  47 314
 344  48 314
   7  49 314
  60  50 314
 110  52 314
 206  55 314
  67  57 314
  18  58 314
  47  58 314
 186  58 314
 279  58 314
 172  61 314
 120  62 314
 146  63 314
  65  66 314
 199  67 314
 175  70 314
  43  71 314
 328  71 314
  78  72 314
 349  75 314
 151  77 314
 124  78 314
 192  78 314
  32  79 314
  79  81 314
  87  82 314
 210  85 314
  50  86 314
 130  86 314
 287  86 314
 112  87 314
 189  88 314
 322  88 314
   3  89 314
 102  91 314
 312  92 314
 210  93 314
   7  98 314
  59  99 314
 162 100 314
  43 101 314
 311 101 314
 330 101 314
  89 103 314
 133 104 314
  62 105 314
   7 115 314
 315 116 314
  87 118 314
 103 118 314
 245 121 314
   8 122 314
 116 126 314
  20 130 314
 256 134 314
 316 136 314
 149 137 314
 240 137 314
 137 138 314
 298 138 314
 354 138 314
 118 140 314
  53 142 314
 229 144 314
  29 147 314
 140 148 314
 288 149 314
 237 150 314
 328 151 314
 157 153 314
  95 154 314
  47 159 314
 257 160 314
 138 162 314
 171 162 314
 307 163 314
 346 163 314
  10 165 314
 261 166 314
  35 167 314
 102 169 314
 227 169 314
 160 170 314
 321 170 314
 356 170 314
 248 171 314
 115   4 315
 104   7 315
  77   8 315
 139   9 315
 336   9 315
 234  12 315
  90  15 315
  36  17 315
  44  20 315
   3  21 315
  63  21 315
 188  26 315
  32  27 315
 144  27 315
  19  28 315
  87  29 315
 218  32 315
  54  37 315
 125  37 315
  41  39 315
 342  39 315
 322  42 315
 359  42 315
 192  43 315
 278  43 315
 138  46 315
 168  46 315
  20  49 315
 329  52 315
  42  53 315
 297  56 315
  78  58 315
 353  59 315
 131  62 315
 238  64 315
 281  65 315
 310  68 315
  20  71 315
 252  72 315
 207  74 315
 317  80 315
 281  81 315
 351  81 315
 164  83 315
  96  84 315
 253  84 315
 181  86 315
  30  89 315
 326  93 315
 235  94 315
 277  96 315
 220  99 315
 266 102 315
 356 108 315
 137 109 315
 175 109 315
 206 109 315
 299 111 315
  63 112 315
 222 112 315
 123 115 315
 147 117 315
 264 117 315
 163 120 315
 317 122 315
 336 122 315
 173 124 315
 356 124 315
  71 126 315
 189 128 315
 301 128 315
 286 129 315
  52 135 315
 348 135 315
 214 136 315
 126 144 315
 180 145 315
 314 145 315
  77 146 315
  55 148 315
 269 151 315
 343 151 315
 334 153 315
 223 158 315
  97 160 315
 193 160 315
 243 160 315
  73 161 315
 318 161 315
 179 168 315
 147 169 315
  52 171 315
 266 171 315
 190 172 315
  26   6 316
   9   7 316
  52   7 316
  60   7 316
 148   7 316
 207  10 316
 312  10 316
 347  12 316
 279  13 316
 171  14 316
 223  16 316
 242  18 316
 104  19 316
 336  20 316
 307  24 316
 179  28 316
 232  28 316
  42  29 316
  76  31 316
 308  31 316
 206  34 316
 262  35 316
 298  35 316
 335  35 316
 165  36 316
  15  38 316
 133  38 316
 262  45 316
 248  46 316
 311  52 316
 219  54 316
  98  56 316
 162  59 316
 358  63 316
 265  65 316
   8  67 316
 287  67 316
 133  68 316
 341  68 316
  72  70 316
 239  71 316
 266  72 316
 215  74 316
 299  74 316
 142  77 316
 303  79 316
 241  82 316
  21  85 316
 225  85 316
  69  86 316
 340  86 316
 119  88 316
 301  88 316
 257  91 316
  36  92 316
 152  94 316
 243  94 316
  19  95 316
 125  96 316
 172  97 316
 214  97 316
  51 100 316
 201 103 316
 239 105 316
 285 105 316
 315 105 316
 254 106 316
  32 110 316
  51 110 316
  71 112 316
  79 112 316
 275 116 316
 300 118 316
 156 119 316
  41 120 316
 212 122 316
 283 122 316
 136 124 316
  12 126 316
 127 126 316
 225 126 316
 201 130 316
  29 131 316
 273 132 316
 332 132 316
 208 133 316
 170 138 316
 290 138 316
  71 139 316
 246 139 316
  15 140 316
 101 141 316
  22 142 316
 257 144 316
 305 145 316
   0 147 316
 171 147 316
 132 148 316
 215 149 316
  28 155 316
 131 158 316
 236 158 316
 356 158 316
 209 160 316
 284 164 316
 170 170 316
 218 170 316
  89 171 316
 345 171 316
  73   4 317
 298   5 317
 198   6 317
 276   7 317
 122   8 317
 246   8 317
  79  14 317
 256  14 317
 128  17 317
  95  18 317
 137  18 317
 213  19 317
 292  21 317
 116  22 317
 327  22 317
  75  24 317
 252  24 317
 153  25 317
  53  26 317
  11  28 317
  95  29 317
 119  30 317
 196  30 317
   0  31 317
  27  37 317
 221  37 317
 115  40 317
  70  42 317
 101  42 317
  43  45 317
 182  47 317
 152  51 317
 236  53 317
  10  54 317
 334  55 317
  53  60 317
  87  62 317
 209  63 317
  37  64 317
 325  66 317
 120  69 317
  97  70 317
  12  72 317
  54  72 317
 229  74 317
 276  75 317
  59  76 317
 174  78 317
 328  78 317
  40  80 317
   2  81 317
 198  85 317
 142  87 317
 293  88 317
 168  89 317
 350  89 317
  85  92 317
 353  95 317
 104  97 317
 179  98 317
 111  99 317
 278 103 317
 334 105 317
   4 107 317
 161 108 317
  40 110 317
 186 110 317
 243 111 317
 115 115 317
  21 116 317
 205 117 317
 354 117 317
 252 121 317
 344 121 317
  87 125 317
 266 126 317
 146 128 317
  50 129 317
 105 130 317
 113 135 317
 164 135 317
 267 144 317
  85 145 317
 192 147 317
  43 149 317
 115 149 317
  13 152 317
 146 152 317
 313 153 317
 348 154 317
  85 159 317
 147 159 317
 112 160 317
 296 161 317
  52 162 317
  30 164 317
 128 169 317
  40 170 317
 133   6 318
 183   6 318
  42   7 318
 164   7 318
 219   8 318
 266   9 318
 327   9 318
  25  14 318
 197  15 318
 351  16 318
 186  17 318
 302  20 318
 278  21 318
 225  22 318
 162  24 318
 340  24 318
 263  25 318
 328  30 318
 185  35 318
 243  36 318
  84  38 318
 313  38 318
 349  39 318
 208  40 318
 148  41 318
  31  42 318
 292  45 318
 329  45 318
 124  48 318
 281  48 318
   0  49 318
  33  50 318
  88  50 318
 199  50 318
 349  50 318
  65  52 318
 229  52 318
 293  52 318
 271  53 318
 129  55 318
 256  55 318
 113  56 318
 319  57 318
  31  59 318
 189  62 318
 260  62 318
 152  64 318
  92  66 318
 293  69 318
 348  69 318
 163  70 318
 314  72 318
 189  74 318
  22  77 318
 336  78 318
 265  80 318
 105  81 318
  59  84 318
 271  85 318
  77  89 318
 308  89 318
 147  91 318
 339  94 318
  41  95 318
  26  99 318
  71 100 318
 354 102 318
 147 104 318
 344 105 318
  93 106 318
 125 106 318
 101 108 318
 109 108 318
 217 108 318
 293 109 318
 324 110 318
 257 111 318
  16 112 318
 192 113 318
 142 114 318
  54 115 318
 230 115 318
 328 117 318
  30 119 318
  62 126 318
  94 126 318
 359 129 318
 239 130 318
 307 130 318
  62 135 318
 189 135 318
   2 136 318
  81 136 318
 336 136 318
 278 139 318
 325 143 318
 108 145 318
 211 145 318
 234 146 318
 297 146 318
  62 149 318
 280 151 318
 220 152 318
  67 153 318
  20 156 318
 161 156 318
  41 158 318
 270 160 318
 335 161 318
 199 163 318
 213 164 318
  16 166 318
  62 167 318
 337 168 318
  80 169 318
 110 169 318
 234 169 318
 298 169 318
 308 169 318
 136 170 318
 274 170 318
  69 171 318
 152 172 318
  17 174 318
 345   5 319
  96   6 319
 308   6 319
 155   8 319
  60  14 319
 316  14 319
  16  15 319
   0  16 319
 177  16 319
 111  19 319
 322  19 319
  69  22 319
 172  26 319
 241  26 319
 282  26 319
 293  30 319
 346  30 319
 108  32 319
  66  34 319
 272  34 319
   8  37 319
 176  37 319
  56  42 319
 212  47 319
 172  50 319
 252  50 319
 144  52 319
 159  52 319
 185  52 319
 339  58 319
 102  60 319
 198  61 319
 177  62 319
 233  62 319
 304  62 319
 113  64 319
 156  69 319
 247  70 319
 200  72 319
 102  74 319
 257  75 319
 119  77 319
 129  79 319
 218  79 319
  11  80 319
 155  80 319
 234  82 319
 275  90 319
   8  91 319
 202  91 319
 189  94 319
  67  95 319
  88  97 319
 157  99 319
  31 103 319
 228 103 319
  13 105 319
 170 107 319
 268 107 319
 176 115 319
 283 115 319
 309 115 319
  82 117 319
 197 117 319
 240 120 319
 181 122 319
 104 123 319
 165 125 319
 256 126 319
  41 127 319
 319 127 319
 154 128 319
 327 129 319
 136 131 319
 180 132 319
 225 133 319
  93 135 319
 156 135 319
  39 138 319
 229 138 319
 142 139 319
 251 142 319
 202 143 319
 338 144 319
  91 148 319
 182 150 319
 305 152 319
 122 153 319
 171 154 319
 283 157 319
 183 159 319
 250 160 319
   1 161 319
 325 161 319
  99 165 319
 185 169 319
   2 170 319
 315 170 319
 284 171 319
  36   5 320
 235   5 320
 357   5 320
 190   7 320
 288   8 320
  69  13 320
  43  15 320
  31  16 320
 155  16 320
 237  16 320
 144  18 320
 206  18 320
  50  20 320
  84  23 320
  26  26 320
 130  28 320
 205  28 320
  58  29 320
 142  34 320
 232  35 320
 255  35 320
 279  36 320
  90  40 320
 302  40 320
 155  42 320
  17  43 320
 198  43 320
 118  45 320
 133  45 320
 224  45 320
 105  46 320
 267  48 320
 307  48 320
  77  49 320
  54  51 320
  24  52 320
 274  58 320
 348  58 320
  71  59 320
 168  60 320
 142  61 320
 219  61 320
 246  61 320
  19  62 320
  60  62 320
   3  65 320
 275  65 320
  43  66 320
 223  66 320
  49  69 320
 140  70 320
 169  72 320
  33  73 320
  82  73 320
   0  75 320
  87  77 320
  71  78 320
 290  78 320
  48  82 320
 247  83 320
 318  85 320
 135  86 320
  60  91 320
  50  93 320
 228  94 320
 262  94 320
 316  94 320
 331  94 320
 248  96 320
 292  96 320
  96  97 320
 135  97 320
 299  98 320
 306  99 320
 192 100 320
 140 101 320
 252 101 320
  77 102 320
 118 105 320
 153 109 320
 306 109 320
 341 114 320
 129 115 320
  61 119 320
 292 119 320
 220 120 320
 115 122 320
  20 124 320
  76 127 320
 293 127 320
 348 127 320
 246 131 320
  11 134 320
 125 134 320
 265 134 320
  31 136 320
 192 140 320
 347 142 320
 147 144 320
 161 144 320
  37 147 320
 200 152 320
 249 152 320
 322 152 320
  75 153 320
 105 154 320
 230 156 320
 263 159 320
 123 160 320
  90 162 320
 162 163 320
 121 169 320
 201 169 320
 254 169 320
 241 170 320
 326 170 320
  29 173 320
 259 173 320
  16   6 321
 172   6 321
  88   7 321
 108   8 321
 298  12 321
 250  13 321
 336  14 321
 268  15 321
 194  24 321
 215  24 321
  38  26 321
 356  26 321
 138  29 321
 315  29 321
 162  31 321
  80  34 321
  48  35 321
 190  39 321
 166  41 321
 318  41 321
 233  43 321
 336  45 321
 320  48 321
  95  51 321
   4  53 321
 214  53 321
 284  54 321
  14  58 321
 325  59 321
  82  60 321
 336  67 321
 179  68 321
 353  72 321
 323  74 321
 283  75 321
 147  78 321
 207  79 321
 179  80 321
  92  81 321
  32  82 321
 188  82 321
 109  85 321
 157  86 321
 326  86 321
 217  87 321
 126  88 321
 283  89 321
 174  90 321
  14  93 321
 343  98 321
   2 101 321
 322 103 321
 182 104 321
 206 104 321
  59 105 321
 272 112 321
   4 114 321
  91 115 321
 100 116 321
  71 118 321
 151 118 321
 313 120 321
 274 124 321
 121 125 321
 196 125 321
  24 129 321
 281 129 321
 216 130 321
 309 136 321
 318 138 321
  53 139 321
 133 140 321
 179 140 321
 294 141 321
  62 142 321
   7 145 321
 353 145 321
  25 146 321
 241 147 321
  99 148 321
 258 150 321
 297 153 321
 207 154 321
  50 155 321
  80 157 321
 137 158 321
  10 160 321
 175 160 321
  59 162 321
 228 165 321
 165 169 321
 352 170 321
  46 171 321
 117   6 322
 214   6 322
 335   6 322
   3   7 322
 142   9 322
 225   9 322
  53  11 322
 123  13 322
 163  15 322
   7  16 322
 287  16 322
 273  19 322
  19  23 322
 187  23 322
   7  24 322
  91  26 322
 102  27 322
 227  27 322
 253  29 322
 267  29 322
 153  31 322
  40  35 322
 330  35 322
   1  36 322
  99  37 322
 128  37 322
 263  39 322
 285  39 322
 245  41 322
  63  43 322
  23  45 322
 342  48 322
  46  49 322
 138  49 322
 243  52 322
 299  58 322
 135  59 322
 290  60 322
 310  64 322
 105  65 322
  23  67 322
  62  68 322
 209  69 322
 113  71 322
 343  78 322
 297  80 322
 311  80 322
 257  82 322
  76  83 322
 347  83 322
   2  87 322
  96  87 322
  35  88 322
 113  90 322
 221  92 322
 239  92 322
  25  93 322
 207  94 322
 164  99 322
 266  99 322
 237 101 322
  41 102 322
 215 102 322
  52 104 322
  87 105 322
  67 109 322
 228 110 322
 351 110 322
 249 112 322
  43 114 322
 218 114 322
 169 115 322
 260 116 322
 235 117 322
   7 120 322
 133 120 322
 208 121 322
 188 122 322
  34 123 322
 302 124 322
 336 125 322
 171 128 322
 258 132 322
 108 134 322
 202 134 322
 286 137 322
  46 138 322
  98 138 322
 236 138 322
 116 142 322
 124 142 322
 220 142 322
  72 143 322
  16 144 322
 167 146 322
 275 147 322
 137 148 322
 338 151 322
 355 153 322
 155 154 322
  34 156 322
 190 159 322
 305 159 322
 240 160 322
 312 160 322
 346 162 322
  24 163 322
 148 164 322
 220 164 322
 272 165 322
 105 167 322
 176 168 322
 210 172 322
 242   5 323
 323   6 323
 280   8 323
  78   9 323
  98  11 323
  89  14 323
 229  14 323
 343  15 323
 133  17 323
 259  17 323
 100  18 323
 121  22 323
 313  22 323
 236  24 323
 148  25 323
 302  26 323
 288  28 323
 217  30 323
 322  30 323
 174  31 323
  17  32 323
  26  33 323
 120  34 323
  72  35 323
 294  36 323
 110  37 323
 337  37 323
 215  39 323
  10  42 323
 180  43 323
  74  44 323
 109  50 323
 192  52 323
 177  53 323
  80  54 323
 122  55 323
  38  58 323
  94  59 323
 354  60 323
 205  61 323
 331  61 323
 254  62 323
 122  63 323
  71  66 323
 237  66 323
  30  68 323
 126  68 323
 189  68 323
 265  68 323
 280  68 323
 254  70 323
 226  71 323
 299  71 323
 307  73 323
 234  75 323
  64  76 323
 244  78 323
 168  80 323
 197  80 323
 356  84 323
 301  85 323
 162  90 323
 180  92 323
 129  95 323
 285  95 323
 323  95 323
 117  96 323
 275  98 323
 331 101 323
 198 102 323
 282 104 323
 242 105 323
 289 105 323
 131 106 323
 139 109 323
 299 109 323
 335 109 323
  23 110 323
 207 111 323
 161 113 323
  28 114 323
 109 114 323
 322 117 323
 142 120 323
 332 120 323
  14 121 323
 246 121 323
  52 122 323
 265 122 323
 357 124 323
  68 127 323
  81 130 323
 348 134 323
 328 135 323
 271 136 323
  84 140 323
 154 144 323
 331 144 323
 317 146 323
  48 149 323
 266 150 323
  28 152 323
 226 152 323
 112 155 323
 288 161 323
  70 162 323
  41 164 323
 293 167 323
 191 170 323
  85 171 323
  53 172 323
  95 174 323
 250   5 324
 272   5 324
  69   6 324
 314   6 324
  23   7 324
 259   7 324
 200   8 324
 177   9 324
 215  14 324
 304  14 324
  79  17 324
 169  18 324
  60  20 324
 180  20 324
 250  20 324
 352  20 324
 332  23 324
 244  30 324
 305  32 324
 208  33 324
 355  34 324
  32  36 324
 346  36 324
 224  37 324
  53  38 324
  39  43 324
 252  43 324
 352  43 324
   0  44 324
 170  45 324
 275  45 324
 205  46 324
 156  48 324
 236  48 324
 259  48 324
 299  48 324
 225  51 324
 325  51 324
  60  52 324
 311  52 324
 163  55 324
  28  56 324
 264  56 324
  46  58 324
 150  58 324
 230  58 324
   9  67 324
  96  67 324
 343  67 324
 134  68 324
 320  68 324
  77  69 324
 196  69 324
 147  70 324
  40  74 324
 216  74 324
 268  74 324
   6  76 324
 332  76 324
 137  78 324
 272  79 324
  25  80 324
 122  81 324
  16  82 324
  54  83 324
 281  83 324
 210  84 324
 147  85 324
 334  85 324
  83  86 324
 262  86 324
 198  88 324
 248  89 324
  41  90 324
 104  94 324
 149  95 324
 358  96 324
 107 100 324
 171 100 324
   9 102 324
  20 103 324
  78 108 324
   0 110 324
 189 110 324
 119 111 324
 277 115 324
 300 118 324
 350 118 324
 226 121 324
 283 121 324
  91 122 324
 231 126 324
 211 127 324
 313 127 324
  55 128 324
   4 129 324
 187 130 324
 340 130 324
 142 131 324
 301 132 324
 119 133 324
 173 134 324
  71 136 324
 249 136 324
 216 137 324
   2 141 324
 257 142 324
 184 143 324
 309 143 324
 285 145 324
  85 148 324
 194 149 324
 289 150 324
 216 151 324
   7 152 324
 328 153 324
 344 153 324
  57 155 324
  89 155 324
 146 155 324
 257 158 324
 116 160 324
 208 161 324
 319 161 324
 354 161 324
  33 164 324
  80 164 324
 135 166 324
 154 166 324
  10 167 324
 303 169 324
 345 170 324
 278 171 324
 113 172 324
 296   5 325
 349   6 325
 135   8 325
 150   8 325
 160   8 325
  38  10 325
  29  11 325
 205  12 325
 190  13 325
 324  13 325
 109  14 325
 328  18 325
  35  19 325
 112  23 325
 278  24 325
 200  25 325
  50  26 325
  70  26 325
 342  26 325
  10  29 325
 185  31 325
  93  32 325
 198  35 325
 309  38 325
 144  39 325
 270  40 325
  83  42 325
 101  43 325
 148  44 325
 191  45 325
 287  45 325
  90  46 325
  12  51 325
 116  52 325
  68  53 325
 206  53 325
 345  53 325
 197  56 325
 183  58 325
 213  60 325
  52  61 325
 171  64 325
 162  67 325
 290  67 325
 243  69 325
  53  72 325
 161  76 325
 103  78 325
  44  79 325
 225  79 325
 235  86 325
 271  88 325
  67  89 325
 189  89 325
 347  90 325
  87  91 325
 310  91 325
  73  92 325
 351  95 325
  30  97 325
 314 101 325
  67 102 325
 151 102 325
 222 102 325
  97 103 325
 257 103 325
 348 104 325
 261 108 325
 314 109 325
  39 110 325
 197 110 325
 321 110 325
  51 112 325
  58 113 325
 180 117 325
  43 121 325
  83 121 325
 160 121 325
  99 123 325
 108 124 325
 252 124 325
 133 127 325
 323 128 325
 236 130 325
  42 131 325
  88 131 325
 162 131 325
 197 131 325
 148 134 325
  25 135 325
  16 136 325
 208 136 325
 354 136 325
 110 140 325
 301 140 325
  33 142 325
 226 144 325
 206 145 325
 129 148 325
 173 148 325
  16 151 325
 183 154 325
 275 154 325
  98 155 325
 237 155 325
  67 156 325
 164 156 325
 131 157 325
 217 158 325
 198 159 325
  19 160 325
 331 160 325
 266 163 325
 337 163 325
  95 164 325
   1 166 325
 249 167 325
 322 167 325
  15 171 325
  23 171 325
  61 171 325
 139 171 325
 220 171 325
 230 171 325
 309 172 325
 334 172 325
  10   6 326
 186   6 326
 305   6 326
  49   7 326
  60  10 326
 353  11 326
 243  14 326
 313  14 326
 151  15 326
 281  15 326
  19  16 326
  70  17 326
 140  17 326
 195  17 326
  44  19 326
 292  19 326
 262  22 326
 156  23 326
 297  23 326
  78  26 326
 279  31 326
  62  35 326
 165  35 326
 135  36 326
 296  42 326
  31  44 326
 125  45 326
  54  46 326
 216  46 326
  38  51 326
 277  51 326
 333  52 326
 130  53 326
 354  53 326
 249  54 326
 144  55 326
 316  56 326
   1  60 326
 113  61 326
 156  64 326
  38  66 326
  86  67 326
  16  68 326
 349  69 326
  98  73 326
 179  74 326
 117  75 326
 187  76 326
 253  78 326
 317  81 326
  64  83 326
 171  85 326
 102  88 326
 138  89 326
 339  89 326
 301  92 326
  54  94 326
 142  94 326
 254  94 326
  92  95 326
 213  95 326
  77  97 326
 189  97 326
  60  98 326
 180  99 326
 231  99 326
  35 101 326
 111 105 326
 159 107 326
 100 109 326
  11 111 326
  88 111 326
 291 111 326
 144 112 326
 124 115 326
  78 116 326
  28 121 326
 170 121 326
 151 124 326
 289 125 326
  14 128 326
  35 130 326
  99 131 326
 294 131 326
  60 136 326
 278 136 326
 163 138 326
 237 144 326
  43 146 326
 248 146 326
 250 156 326
 171 157 326
 299 158 326
 280 161 326
  49 163 326
 127 167 326
 183 167 326
  70 169 326
 158 171 326
  39 172 326
 232   2 327
  94   4 327
 340   8 327
 117  13 327
 236  13 327
   1  14 327
 220  17 327
  92  19 327
  26  20 327
 224  22 327
 209  23 327
 319  23 327
 171  24 327
 126  25 327
  62  26 327
 134  26 327
 162  26 327
 114  29 327
 237  30 327
 258  31 327
 191  33 327
 156  35 327
  18  38 327
 230  39 327
 239  39 327
 121  40 327
 323  41 327
 311  44 327
   3  49 327
 102  50 327
 290  51 327
  20  52 327
  89  54 327
 102  58 327
 278  58 327
 237  59 327
 269  59 327
 304  60 327
  67  61 327
 188  62 327
 221  63 327
 317  63 327
 142  66 327
 330  68 327
   0  69 327
 203  69 327
 173  70 327
 153  73 327
  87  74 327
 291  74 327
  77  76 327
  13  77 327
 354  78 327
 288  83 327
 229  84 327
 180  85 327
 322  85 327
  25  87 327
 292  88 327
   7  89 327
  47  92 327
 202  92 327
  18  96 327
 302  99 327
 121 100 327
 274 105 327
 248 106 327
 171 107 327
 183 108 327
 214 110 327
 234 110 327
  69 114 327
 242 115 327
 344 115 327
 199 116 327
 309 118 327
 117 124 327
 181 124 327
 126 125 327
 268 127 327
 275 128 327
 243 131 327
 132 135 327
 225 135 327
 340 137 327
 153 138 327
  91 139 327
 138 140 327
 195 140 327
 102 141 327
 344 142 327
 264 143 327
 325 143 327
  56 145 327
  65 145 327
  76 146 327
 212 147 327
 109 148 327
 143 148 327
 121 149 327
 309 150 327
 318 152 327
  40 156 327
 104 158 327
 228 160 327
 120 164 327
 242 165 327
 171 166 327
 199 166 327
 206 169 327
 257 169 327
 265 171 327
 285 171 327
  78 172 327
 105 173 327
 294 173 327
 236 174 327
 112   5 328
  85   6 328
 169   6 328
 126   7 328
  15  10 328
 264  10 328
 273  11 328
 127  15 328
  52  18 328
   1  22 328
 143  23 328
  35  26 328
 181  26 328
 351  27 328
  42  28 328
  85  28 328
 333  29 328
  53  31 328
 103  31 328
 144  32 328
 270  32 328
 291  32 328
 248  35 328
  10  36 328
 176  36 328
  80  37 328
 201  40 328
  69  42 328
 112  42 328
 330  42 328
 134  44 328
 341  44 328
 243  47 328
 162  49 328
 265  49 328
 173  50 328
  76  51 328
 303  52 328
  10  59 328
  60  60 328
 285  60 328
  31  61 328
  78  61 328
 129  61 328
 339  62 328
  23  72 328
 210  73 328
  59  74 328
 280  74 328
  33  75 328
 339  75 328
 130  76 328
 144  78 328
  35  82 328
  94  83 328
 161  83 328
 113  84 328
 244  84 328
 126  85 328
  15  89 328
 276  91 328
 170  93 328
 225  93 328
 262  93 328
 330  93 328
 292  96 328
 160  97 328
 243  97 328
 338  97 328
 133  98 328
  83 100 328
  46 102 328
 141 102 328
 204 102 328
 342 102 328
 357 103 328
 224 108 328
 306 108 328
 329 108 328
 266 113 328
 132 114 328
 150 115 328
 253 115 328
 329 116 328
   0 117 328
  21 117 328
 221 117 328
  60 119 328
 204 120 328
  65 123 328
 351 124 328
 218 126 328
 258 126 328
  74 127 328
 330 128 328
 314 133 328
 125 134 328
 179 135 328
  52 136 328
  77 137 328
 321 138 328
  25 142 328
 350 145 328
  93 146 328
 162 146 328
   3 147 328
 301 147 328
 351 152 328
  77 153 328
 266 156 328
   8 158 328
 156 158 328
  88 162 328
  59 165 328
 100 167 328
 328 169 328
  32 171 328
 146 171 328
 103   5 329
 195   5 329
 332   6 329
 217   7 329
  74   8 329
 252  10 329
  65  13 329
 179  14 329
  10  19 329
 243  21 329
 101  22 329
 232  22 329
 269  22 329
 254  23 329
 215  26 329
  27  27 329
   4  28 329
 223  30 329
  43  35 329
 317  35 329
 212  36 329
 282  36 329
 261  37 329
  94  38 329
  25  39 329
  46  41 329
 186  42 329
 198  49 329
 140  51 329
 183  51 329
 219  51 329
  44  53 329
  53  54 329
 256  55 329
 294  56 329
  21  59 329
 166  59 329
 326  60 329
 200  61 329
 258  63 329
 228  65 329
 116  66 329
 271  66 329
 305  67 329
  47  69 329
 107  70 329
 249  70 329
 231  71 329
  70  72 329
 313  72 329
 262  74 329
 194  76 329
 299  76 329
 238  77 329
 347  77 329
 219  78 329
  50  80 329
 201  81 329
 307  81 329
  80  82 329
   2  83 329
 134  85 329
 255  86 329
 152  87 329
 214  87 329
 117  89 329
 156  92 329
 315  94 329
   6  97 329
 194 100 329
 269 100 329
 321 101 329
 211 103 329
  59 106 329
 283 108 329
  33 109 329
 339 111 329
 104 113 329
 295 115 329
  14 116 329
  91 116 329
 189 116 329
  38 117 329
 213 118 329
 316 119 329
   3 123 329
 191 123 329
 343 123 329
 143 124 329
  30 127 329
 205 127 329
 156 129 329
 107 131 329
 260 134 329
 189 135 329
 333 135 329
   9 137 329
  43 137 329
 294 138 329
 282 140 329
  12 144 329
 271 144 329
 335 146 329
  34 148 329
  24 150 329
 153 150 329
 179 150 329
 198 152 329
  49 153 329
 282 153 329
 292 154 329
 189 156 329
 206 156 329
 243 156 329
  28 157 329
  82 157 329
 138 157 329
 309 158 329
 146 161 329
 109 162 329
 180 162 329
 234 163 329
 312 164 329
 216 165 329
 342 166 329
 354 167 329
  49 170 329
  89 172 329
 119 174 329
 163 174 329
 193 175 329
  44   4 330
  29   5 330
 206   5 330
 236   6 330
 142   7 330
 244   7 330
 284   7 330
 224   8 330
  94  11 330
 289  11 330
 297  11 330
 104  12 330
  85  14 330
 160  14 330
 209  15 330
 340  15 330
 346  18 330
 305  19 330
 285  20 330
  17  24 330
 194  24 330
 309  24 330
 325  25 330
 300  30 330
 152  31 330
 311  31 330
  70  32 330
 342  32 330
   0  37 330
 107  37 330
 350  39 330
 156  42 330
 230  46 330
 255  46 330
 317  49 330
  32  50 330
 339  53 330
 227  55 330
 210  56 330
 155  58 330
 347  61 330
 106  62 330
 136  62 330
 242  62 330
 126  71 330
 320  73 330
 110  76 330
 265  80 330
 331  82 330
  36  89 330
 283  92 330
  27  93 330
  98  96 330
 283 100 330
  89 103 330
 293 103 330
  25 104 330
  52 105 330
  71 105 330
 124 105 330
   6 108 330
 115 109 330
 174 112 330
 274 112 330
 353 112 330
 157 116 330
 282 116 330
 115 117 330
 234 117 330
  51 118 330
 136 119 330
 242 122 330
 300 123 330
 321 123 330
  51 126 330
  85 126 330
 173 126 330
 226 126 330
 307 126 330
  21 128 330
 354 130 330
 114 133 330
   1 135 330
 231 137 330
 116 140 330
 171 142 330
 201 142 330
 102 148 330
 136 148 330
 189 148 330
 229 148 330
 254 148 330
 262 151 330
 339 151 330
  63 153 330
 123 155 330
   0 156 330
 325 159 330
 273 161 330
 291 162 330
 160 163 330
 191 163 330
 300 164 330
 273 169 330
   4 170 330
 174 171 330
 186 172 330
 315 172 330
 326   3 331
   0   6 331
 317   7 331
  55   8 331
 155   8 331
 174   9 331
 308  10 331
  41  13 331
 228  13 331
  77  14 331
 134  15 331
 318  16 331
 166  17 331
 184  18 331
 110  19 331
 118  19 331
 151  21 331
  56  23 331
 288  26 331
 202  29 331
 172  30 331
 230  31 331
 119  32 331
 127  32 331
  35  36 331
 293  38 331
 303  38 331
 168  39 331
 218  39 331
 251  40 331
  62  41 331
 179  41 331
  10  43 331
 273  43 331
 283  43 331
  74  45 331
 209  45 331
  17  46 331
  85  46 331
  95  46 331
 352  46 331
 115  47 331
  64  51 331
 125  51 331
 151  51 331
 270  52 331
 189  54 331
  95  56 331
 357  57 331
 174  58 331
  45  62 331
 296  63 331
  95  64 331
 180  64 331
 213  65 331
 191  67 331
 278  68 331
  31  69 331
 166  69 331
   9  70 331
 336  70 331
 141  73 331
 326  76 331
 172  77 331
  91  78 331
 283  79 331
  20  80 331
 210  80 331
  59  81 331
 149  81 331
 272  82 331
  70  83 331
 338  83 331
 187  84 331
 346  85 331
 353  87 331
 221  88 331
  83  89 331
 194  89 331
  61  90 331
 235  91 331
 324  91 331
 126  92 331
 179  92 331
 357  92 331
 108  93 331
  67  94 331
 116  97 331
 330 100 331
 167 101 331
 103 102 331
  17 103 331
 234 103 331
 133 105 331
 154 105 331
 242 105 331
 165 115 331
 258 119 331
  96 120 331
 105 120 331
 266 120 331
 336 120 331
 286 121 331
  10 125 331
  94 129 331
  66 130 331
 145 131 331
 249 132 331
 218 133 331
 268 134 331
 306 134 331
  35 136 331
  84 137 331
  66 138 331
 251 139 331
 145 140 331
 125 141 331
 313 141 331
 179 142 331
 220 143 331
  50 144 331
 358 144 331
  84 145 331
 295 145 331
 242 146 331
 275 149 331
 326 149 331
 220 151 331
 113 152 331
  93 153 331
  16 157 331
 223 157 331
 342 157 331
 351 159 331
  69 160 331
 253 160 331
 211 161 331
  41 162 331
  29 164 331
  19 165 331
 282 166 331
 135 169 331
 225 171 331
 244 172 331
 304 172 331
 250 175 331
  66   5 332
  35   8 332
 349   9 332
 197  11 332
 146  12 332
 332  13 332
   7  14 332
  25  14 332
 255  15 332
 201  16 332
 265  16 332
 354  17 332
 277  21 332
  70  22 332
  84  22 332
  93  25 332
 246  26 332
  97  30 332
 137  30 332
 356  30 332
  18  31 332
 207  33 332
 325  33 332
  88  34 332
  57  35 332
 194  37 332
 128  39 332
 147  40 332
 266  40 332
 223  43 332
   1  44 332
 304  45 332
 333  47 332
 284  50 332
 324  50 332
   7  52 332
 236  53 332
 244  53 332
 116  55 332
  38  61 332
  85  61 332
 249  63 332
  23  65 332
  70  65 332
 356  65 332
 263  66 332
 287  66 332
  59  67 332
 150  67 332
 159  67 332
  78  69 332
 218  70 332
 158  76 332
 181  78 332
 121  80 332
 101  82 332
 299  83 332
 310  86 332
 165  87 332
  44  88 332
 247  89 332
  90  91 332
 269  92 332
 207  94 332
 147  95 332
  41  98 332
 226  99 332
 254  99 332
 262 100 332
 350 100 332
 307 101 332
 183 102 332
 147 103 332
 196 106 332
  94 107 332
 254 107 332
 298 107 332
  77 108 332
 203 109 332
 317 109 332
  62 111 332
  46 114 332
 183 114 332
  83 116 332
 124 120 332
  73 121 332
 164 123 332
 249 123 332
  38 124 332
 196 126 332
 233 127 332
  58 129 332
 210 130 332
 280 130 332
 289 130 332
 343 130 332
 172 134 332
  22 135 332
 160 135 332
  99 136 332
 238 138 332
 210 140 332
 131 144 332
 150 145 332
 285 145 332
 317 146 332
  17 147 332
 165 151 332
 233 153 332
  54 156 332
  98 158 332
 175 159 332
 127 160 332
  75 164 332
 112 167 332
  65 169 332
 153 171 332
 345 171 332
  11 172 332
 336 174 332
 135   6 333
 117   7 333
 187   9 333
 216  15 333
  47  16 333
 239  16 333
  32  17 333
 299  17 333
 333  22 333
 340  26 333
 110  27 333
 186  28 333
 278  28 333
 165  29 333
  78  31 333
 239  34 333
 333  35 333
 318  41 333
  28  44 333
  51  44 333
 239  44 333
 193  45 333
 169  46 333
 295  46 333
 134  50 333
 106  52 333
 309  52 333
 202  53 333
  84  54 333
 346  54 333
  69  55 333
 312  58 333
 124  59 333
 144  59 333
  54  60 333
 332  61 333
  99  69 333
 136  69 333
 345  69 333
 238  70 333
 297  70 333
 119  71 333
 254  73 333
   0  74 333
  39  75 333
 230  78 333
 244  78 333
  44  79 333
  27  81 333
   9  83 333
 106  86 333
 174  86 333
  53  89 333
 141  89 333
 345  93 333
  74  95 333
  13  96 333
  32  97 333
 218  97 333
 276  99 333
 175 101 333
 314 102 333
 263 107 333
  40 108 333
 347 109 333
 139 110 333
 228 111 333
 124 112 333
 208 113 333
 308 113 333
   8 114 333
 144 115 333
  32 116 333
 274 119 333
 130 127 333
  43 128 333
 183 128 333
 323 129 333
  77 131 333
 197 133 333
 346 136 333
 353 138 333
  71 143 333
  40 149 333
 206 149 333
  71 151 333
   8 152 333
 303 152 333
 171 154 333
 318 157 333
 332 159 333
 260 162 333
   2 164 333
 166 165 333
 335 165 333
 265 166 333
 323 167 333
  42 169 333
  84 169 333
 235 169 333
 291 169 333
 127 170 333
 217 171 333
  20 172 333
  55 172 333
 100 173 333
 355 173 333
  51   3 334
  91   4 334
   8   5 334
 268   5 334
 276   5 334
 296   5 334
 163   6 334
  21   8 334
  59  13 334
 277  13 334
 139  19 334
 172  19 334
 191  19 334
 324  19 334
 221  20 334
 124  21 334
 158  22 334
  47  24 334
 130  24 334
 259  25 334
 295  26 334
 264  29 334
   9  30 334
  30  31 334
 138  37 334
 100  38 334
 343  38 334
  37  42 334
 106  44 334
  40  48 334
 179  48 334
  14  54 334
 163  54 334
 262  55 334
 275  56 334
 219  57 334
 193  59 334
 320  59 334
 280  60 334
  13  62 334
   4  63 334
 235  63 334
 204  64 334
 312  66 334
  86  68 334
 182  70 334
  15  72 334
 203  72 334
 306  74 334
  80  76 334
 165  77 334
 291  78 334
 133  79 334
 253  81 334
 319  83 334
 233  84 334
 290  86 334
 202  87 334
 264  87 334
  21  89 334
 300  90 334
 338  90 334
   4  92 334
 186  92 334
 304  95 334
  52  97 334
  59  99 334
  66 102 334
 336 103 334
   2 104 334
 109 104 334
 217 105 334
 160 108 334
  26 110 334
 100 110 334
 244 111 334
 219 112 334
 323 112 334
 290 113 334
 195 116 334
  66 117 334
 354 118 334
 173 119 334
 224 120 334
 150 122 334
  18 123 334
 114 124 334
 313 127 334
 336 127 334
 122 128 334
 241 129 334
 136 130 334
 299 130 334
 327 134 334
  57 137 334
 106 138 334
 336 139 334
 164 140 334
 260 140 334
 189 141 334
 306 141 334
  30 144 334
  59 145 334
 213 151 334
 106 152 334
 145 154 334
 285 157 334
 199 158 334
 246 160 334
  55 163 334
 151 163 334
 203 163 334
 225 163 334
 183 166 334
 120 167 334
 194 168 334
 142 169 334
 209 169 334
  73 172 334
 126   4 335
 149   4 335
  80   6 335
 258   7 335
 341   7 335
 210   8 335
 325  10 335
 125  12 335
  70  13 335
 247  14 335
 312  14 335
  97  15 335
  16  17 335
 229  19 335
  78  20 335
  37  21 335
   4  22 335
  24  22 335
  63  22 335
 203  22 335
 177  23 335
 211  23 335
 356  23 335
 237  24 335
 315  24 335
 145  28 335
 218  29 335
  50  30 335
  65  30 335
 194  30 335
 250  31 335
 156  34 335
 288  35 335
 186  36 335
  20  37 335
 311  37 335
  70  38 335
 120  38 335
 231  39 335
 204  41 335
 325  42 335
 161  44 335
 345  45 335
 147  47 335
 215  47 335
  56  48 335
 260  48 335
  23  52 335
 354  52 335
 251  53 335
 289  54 335
 300  55 335
  32  56 335
  76  56 335
 181  57 335
 132  58 335
 304  60 335
 223  62 335
 112  63 335
 322  66 335
  38  68 335
 173  69 335
 196  70 335
  51  71 335
 225  71 335
  63  72 335
 268  72 335
 352  73 335
 150  74 335
 313  77 335
  67  78 335
 114  79 335
 196  80 335
 140  81 335
  32  85 335
  75  86 335
 158  86 335
 277  86 335
 133  91 335
 255  91 335
 167  93 335
 289  94 335
 239  95 335
  82  96 335
 199  96 335
 139  97 335
 156  97 335
 191  97 335
 246  97 335
 121 100 335
 357 100 335
 287 103 335
 188 106 335
 271 107 335
  18 109 335
  54 110 335
 331 112 335
 249 115 335
 300 115 335
 345 117 335
  57 119 335
 311 119 335
 207 121 335
 216 121 335
 328 121 335
 180 122 335
 292 122 335
 358 123 335
 278 124 335
 267 126 335
 104 127 335
   1 129 335
 258 129 335
  11 131 335
  30 132 335
  48 133 335
 151 133 335
 225 133 335
 184 135 335
  14 137 335
  91 137 335
 138 137 335
 273 137 335
 289 137 335
  39 142 335
 326 142 335
   5 143 335
  78 144 335
  97 144 335
 226 144 335
 265 144 335
 341 144 335
 248 147 335
 142 148 335
 195 148 335
 346 148 335
  88 149 335
 121 149 335
 159 149 335
 357 151 335
 331 152 335
 183 153 335
  24 155 335
  77 156 335
 269 156 335
  34 157 335
 114 158 335
  86 159 335
 105 160 335
 133 162 335
  10 164 335
 306 164 335
  93 166 335
  34 167 335
 252 167 335
 298 171 335
 328 172 335
 266 173 335
 106   6 336
 230   6 336
 305   6 336
 181   7 336
 235  11 336
   1  12 336
 109  12 336
 155  14 336
 284  15 336
 292  15 336
 104  24 336
 304  24 336
 348  24 336
  38  29 336
 319  29 336
 178  31 336
 306  31 336
 270  32 336
 112  33 336
 223  33 336
 256  34 336
 280  34 336
  10  37 336
  80  37 336
  49  38 336
 355  38 336
  90  40 336
 131  44 336
 122  46 336
 245  46 336
 276  47 336
 224  49 336
  47  53 336
 156  53 336
 171  53 336
 334  53 336
 102  60 336
 339  61 336
 166  62 336
 144  66 336
 254  66 336
 328  69 336
  24  71 336
 111  71 336
  91  72 336
 288  72 336
 210  73 336
 280  73 336
 101  75 336
 128  75 336
 338  75 336
   6  77 336
  54  77 336
 188  77 336
 221  80 336
  84  81 336
 353  81 336
  94  82 336
 125  84 336
 212  85 336
  15  86 336
 241  86 336
 113  87 336
 149  87 336
 331  87 336
  97  90 336
 225  91 336
 313  91 336
 326  96 336
  22  97 336
  89  98 336
 210  99 336
 129 100 336
  34 103 336
  84 107 336
 168 107 336
 341 107 336
 236 110 336
 279 111 336
 108 112 336
 131 112 336
 152 113 336
 264 114 336
  88 119 336
 238 119 336
 159 120 336
  26 123 336
  90 126 336
 168 127 336
 314 134 336
 123 135 336
 203 135 336
 281 136 336
 297 138 336
 244 139 336
  24 141 336
 110 143 336
 297 150 336
  46 151 336
 130 151 336
 257 151 336
 279 152 336
 310 152 336
 240 153 336
 192 157 336
  63 158 336
 159 158 336
 296 158 336
 356 161 336
 344 162 336
 277 163 336
 176 165 336
 315 165 336
 168 171 336
 201 171 336
 257 171 336
 159 172 336
 282 172 336
 111 174 336
 354   2 337
 198   4 337
 334   5 337
  97   6 337
 218   6 337
 248   6 337
  14   7 337
 170   7 337
  41   8 337
 139  10 337
  84  11 337
 262  12 337
  90  14 337
 116  14 337
 163  14 337
 180  15 337
 343  15 337
 146  19 337
 269  19 337
 253  22 337
 285  23 337
  86  27 337
  73  28 337
 332  29 337
   2  30 337
 297  33 337
  42  34 337
 166  35 337
 212  37 337
 262  37 337
 140  43 337
 187  43 337
 254  43 337
 288  43 337
  79  45 337
 310  45 337
  64  46 337
   5  47 337
 268  47 337
  98  49 337
 197  49 337
 232  49 337
 140  54 337
 208  54 337
  90  55 337
  61  59 337
 267  59 337
  21  60 337
 292  60 337
 351  60 337
 155  61 337
  77  63 337
  31  64 337
 272  64 337
 125  65 337
  47  66 337
 245  70 337
 260  74 337
 344  78 337
 269  79 337
 329  79 337
 260  82 337
 359  84 337
 181  85 337
  39  86 337
  66  89 337
 118  91 337
 215  91 337
 352  92 337
 102  94 337
 269  98 337
 295  98 337
  74 102 337
  12 103 337
 229 103 337
 325 104 337
  48 105 337
 176 107 337
 307 107 337
 119 108 337
 354 108 337
   2 111 337
  77 114 337
 189 114 337
  39 115 337
  13 117 337
 112 117 337
 201 118 337
 133 119 337
  46 120 337
 319 120 337
 139 122 337
  78 123 337
  99 123 337
  66 124 337
 191 124 337
 350 126 337
 217 128 337
 159 129 337
  71 130 337
 233 133 337
 130 137 337
 176 137 337
   1 138 337
 217 138 337
 319 138 337
  47 141 337
 118 143 337
 203 144 337
 274 144 337
 171 145 337
 233 145 337
 181 146 337
 289 148 337
  64 149 337
  32 150 337
  99 151 337
 349 154 337
 151 156 337
 216 157 337
  47 159 337
 121 159 337
 233 160 337
  25 162 337
 141 162 337
 106 167 337
 242 168 337
  48 170 337
 274 172 337
  35 174 337
  58   2 338
  29   5 338
 289   6 338
 312   7 338
 202  10 338
 354  10 338
 270  11 338
 191  12 338
 223  13 338
 131  15 338
 210  15 338
  54  20 338
 165  21 338
 196  22 338
 117  23 338
 184  23 338
  16  24 338
 122  28 338
 152  28 338
  24  29 338
  57  30 338
 131  30 338
 349  31 338
 202  32 338
 340  32 338
 145  35 338
  31  37 338
 243  37 338
  60  38 338
   2  39 338
 172  39 338
 335  40 338
 155  42 338
  22  43 338
  14  44 338
 113  44 338
  91  47 338
  31  48 338
 316  48 338
 188  51 338
 112  52 338
 121  54 338
   1  56 338
  39  56 338
 231  57 338
 243  58 338
 199  60 338
 211  60 338
  93  61 338
 186  61 338
  67  62 338
 136  63 338
 304  67 338
   7  68 338
 162  70 338
  30  74 338
 217  75 338
 299  75 338
 176  76 338
 321  76 338
 237  77 338
  16  78 338
 107  79 338
  73  80 338
 203  80 338
 305  81 338
  59  84 338
  50  85 338
 323  87 338
 283  88 338
  45  93 338
 174  93 338
 231  94 338
 262  94 338
 318  95 338
 109  96 338
 333  97 338
 345  99 338
  95 101 338
 161 101 338
 281 101 338
  26 102 338
 201 102 338
 302 102 338
 141 103 338
 248 103 338
 151 105 338
  67 110 338
  89 111 338
 257 112 338
 169 114 338
 271 115 338
 337 115 338
  96 117 338
 231 118 338
 302 121 338
 254 122 338
  33 124 338
 143 128 338
 306 128 338
 115 130 338
 247 130 338
 271 131 338
 353 132 338
  82 133 338
  39 135 338
 255 137 338
  63 138 338
 153 139 338
  14 144 338
  53 144 338
 354 145 338
  21 149 338
 320 149 338
 265 151 338
 224 152 338
 338 152 338
  13 154 338
 324 158 338
  93 159 338
 288 162 338
  69 163 338
 218 164 338
  60 166 338
  79 166 338
  16 168 338
 228 168 338
 351 169 338
   2 170 338
 187 170 338
 148 171 338
  26 172 338
 177 172 338
 307 172 338
 316 172 338
  87 173 338
  60 174 338
 158   4 339
  69   5 339
 322   5 339
 281   7 339
  51   9 339
 150  10 339
  32  11 339
 335  13 339
  76  14 339
 304  14 339
  10  15 339
 318  15 339
 102  18 339
 244  21 339
 328  22 339
 273  24 339
 139  25 339
 230  25 339
  96  26 339
 170  26 339
 243  29 339
 211  30 339
 104  31 339
 233  31 339
 321  35 339
 272  38 339
 300  39 339
 196  40 339
 223  40 339
 179  41 339
  72  44 339
 208  45 339
 351  46 339
 300  47 339
 328  47 339
 342  52 339
 129  53 339
 148  53 339
  57  54 339
 255  57 339
 174  59 339
 326  59 339
 284  63 339
 118  64 339
 297  64 339
 216  65 339
 104  66 339
 191  66 339
 341  67 339
 358  67 339
  70  69 339
 232  70 339
 315  70 339
 138  73 339
  44  74 339
 121  75 339
 249  77 339
 154  78 339
 282  79 339
 168  81 339
 227  83 339
 189  84 339
 345  85 339
 296  86 339
  86  87 339
 195  87 339
 270  87 339
 127  90 339
 162  90 339
  30  92 339
  58  92 339
 151  93 339
   9  94 339
  37  94 339
  69  95 339
 180  96 339
 115  99 339
 222  99 339
  42 102 339
 237 102 339
 256 102 339
 102 103 339
 317 105 339
 210 106 339
 292 106 339
  34 110 339
 181 111 339
 213 112 339
  21 116 339
 283 116 339
 120 117 339
   5 119 339
 244 122 339
 262 122 339
 285 123 339
 343 124 339
   8 125 339
  50 125 339
  58 125 339
 199 126 339
 225 126 339
 208 127 339
 329 127 339
 293 128 339
  18 129 339
 174 129 339
  97 131 339
 191 132 339
 338 132 339
 103 134 339
 210 135 339
  72 137 339
 144 138 339
 195 141 339
 348 141 339
  85 143 339
 282 143 339
 311 143 339
 136 144 339
 211 145 339
 219 145 339
 331 145 339
 152 147 339
   4 150 339
  55 151 339
 113 151 339
 249 153 339
 136 154 339
 176 154 339
 205 154 339
   4 158 339
  40 158 339
 166 158 339
 257 158 339
 303 158 339
 312 158 339
 184 159 339
  17 160 339
 338 160 339
 270 162 339
 209 163 339
 328 164 339
 159 165 339
 296 165 339
 134 168 339
  98 169 339
 337 169 339
 120 173 339
 113   5 340
 131   6 340
 298   9 340
  23  12 340
 174  12 340
 241  12 340
  64  13 340
 254  13 340
  43  14 340
 354  18 340
 262  19 340
 295  20 340
  31  21 340
  84  21 340
  43  22 340
  69  22 340
 339  23 340
 189  28 340
 289  28 340
  88  33 340
 132  37 340
 105  39 340
 281  40 340
  42  41 340
 339  45 340
  47  46 340
 166  46 340
 105  49 340
  83  50 340
 281  50 340
 238  51 340
   9  52 340
  67  52 340
 217  52 340
 320  53 340
 310  55 340
   9  60 340
  44  60 340
  84  63 340
 240  66 340
 261  66 340
  15  67 340
  57  67 340
 155  68 340
 349  68 340
 276  69 340
  77  71 340
  35  78 340
  23  80 340
 146  82 340
 313  83 340
 248  85 340
   5  86 340
 305  89 340
 205  90 340
  77  91 340
 341  93 340
  17  94 340
 277  95 340
 310  98 340
 185 101 340
  61 103 340
 350 103 340
 133 104 340
 331 106 340
 142 110 340
 197 110 340
 298 110 340
  11 111 340
 224 111 340
  59 112 340
 159 113 340
 311 113 340
 125 122 340
 165 122 340
 152 126 340
 233 126 340
 321 126 340
  39 127 340
 130 130 340
  24 132 340
  60 132 340
 263 132 340
 163 134 340
 239 135 340
 307 135 340
 116 137 340
  31 138 340
 341 138 340
 300 143 340
 127 145 340
 255 145 340
 240 146 340
  74 151 340
 164 151 340
 231 153 340
 101 157 340
 128 159 340
 241 159 340
 193 163 340
 170 164 340
 262 164 340
 114 165 340
  41 166 340
  68 171 340
 220 171 340
 212 172 340
 343 172 340
 246 173 340
 291 173 340
 264   4 341
 121   6 341
 187   6 341
 346   6 341
  58  10 341
 327  14 341
 142  15 341
 277  16 341
   2  18 341
 216  18 341
 310  19 341
  92  20 341
 110  20 341
 154  20 341
 224  20 341
 134  21 341
 320  22 341
   9  23 341
 264  26 341
 159  28 341
 255  28 341
 278  28 341
 313  29 341
  79  30 341
  16  31 341
  96  34 341
 117  35 341
 191  35 341
 328  36 341
 236  37 341
 250  38 341
 349  38 341
 148  41 341
 264  43 341
 293  46 341
 358  47 341
  17  50 341
 181  50 341
 248  50 341
 202  52 341
 349  54 341
 223  55 341
 193  56 341
 163  57 341
 278  58 341
 334  59 341
 313  61 341
 248  63 341
 178  64 341
  24  65 341
 226  65 341
 201  67 341
 129  69 341
 147  70 341
 333  71 341
  85  72 341
  97  72 341
 184  72 341
 168  73 341
   0  74 341
 195  75 341
 161  79 341
 210  80 341
 135  81 341
 291  81 341
 337  81 341
 119  83 341
 174  84 341
  26  86 341
 107  86 341
 235  86 341
 138  88 341
  91  91 341
 250  92 341
 359  93 341
   2 100 341
  55 100 341
 169 100 341
 194 100 341
  81 101 341
 263 104 341
 103 110 341
 126 110 341
 248 110 341
 320 111 341
 345 111 341
  46 112 341
 326 115 341
 351 115 341
  70 116 341
 145 116 341
 291 116 341
 358 118 341
 176 119 341
 221 119 341
 275 120 341
 185 121 341
 109 124 341
  84 125 341
 183 129 341
 279 130 341
  89 133 341
 330 134 341
   8 136 341
 169 137 341
 225 138 341
 266 138 341
  95 139 341
 102 142 341
 160 142 341
 248 142 341
  71 145 341
  39 147 341
 188 147 341
  93 149 341
 106 149 341
 303 149 341
  82 151 341
 198 151 341
 272 151 341
 291 154 341
 283 155 341
  56 158 341
 249 161 341
 350 161 341
  32 162 341
 148 163 341
  86 166 341
 199 166 341
 127 167 341
 235 168 341
 139 172 341
 323 172 341
  80 173 341
 297   2 342
  82   3 342
  90   4 342
 209   5 342
   2   6 342
  20   6 342
 224   6 342
 235   6 342
 164   7 342
 101   9 342
 122  14 342
 232  16 342
 203  17 342
  24  19 342
 191  19 342
 124  21 342
  60  22 342
 208  22 342
 299  25 342
  35  26 342
  48  26 342
 177  26 342
 200  26 342
 356  26 342
 222  28 342
   8  31 342
  67  32 342
 140  32 342
  50  33 342
  24  36 342
 125  36 342
 218  36 342
 205  37 342
 308  37 342
  85  41 342
 229  43 342
  55  45 342
 158  47 342
 173  48 342
 256  48 342
  38  49 342
 137  50 342
  75  51 342
 271  51 342
 305  51 342
 262  52 342
  25  54 342
 286  54 342
 297  55 342
 114  58 342
  74  59 342
 143  60 342
 236  60 342
  52  61 342
  36  66 342
 289  67 342
 208  69 342
 267  69 342
 323  69 342
 294  72 342
 307  72 342
  51  74 342
  59  74 342
 114  74 342
  11  75 342
 224  75 342
 352  76 342
  89  78 342
 275  78 342
  99  80 342
  44  81 342
  66  82 342
  79  82 342
 154  85 342
 219  85 342
 263  86 342
 352  86 342
 335  89 342
 144  91 342
 240  91 342
 288  91 342
 188  92 342
 131  95 342
  49  97 342
 215  97 342
 288  99 342
 124 101 342
  18 102 342
 271 103 342
 111 107 342
 241 107 342
 284 107 342
  74 108 342
 190 108 342
 276 108 342
  21 109 342
  82 116 342
  28 117 342
 105 117 342
 195 118 342
 151 119 342
 213 119 342
 313 121 342
 336 122 342
  72 123 342
   0 126 342
 254 129 342
 122 130 342
 299 131 342
  52 132 342
 136 133 342
 199 133 342
 286 133 342
 292 137 342
 182 138 342
  79 140 342
 323 141 342
   1 144 342
 144 145 342
  28 146 342
 262 146 342
 121 152 342
 213 152 342
 144 153 342
  27 155 342
 331 155 342
 357 155 342
 108 158 342
  77 159 342
 225 160 342
  49 164 342
 281 165 342
 320 165 342
 358 165 342
 303 166 342
   9 168 342
 270 169 342
  53 172 342
 262 172 342
 106 173 342
 154 173 342
 307   3 343
 244   4 343
 139   5 343
 253   5 343
  46   6 343
   9   8 343
  74   8 343
 286  12 343
 348  13 343
 185  15 343
  50  16 343
  16  17 343
 174  19 343
  77  21 343
 237  21 343
 146  24 343
 345  26 343
 111  27 343
 306  27 343
 327  29 343
 181  32 343
 267  32 343
  37  33 343
 171  33 343
 259  34 343
 292  34 343
 357  34 343
 160  35 343
  72  37 343
 342  37 343
  12  39 343
  34  41 343
  64  41 343
  97  41 343
 315  41 343
 119  43 343
 135  43 343
 239  43 343
 322  43 343
 127  44 343
 215  44 343
  26  46 343
 332  51 343
  50  53 343
  95  54 343
  32  56 343
 105  56 343
 153  56 343
  17  58 343
 132  58 343
 205  59 343
 304  61 343
 356  61 343
  98  63 343
 167  65 343
 111  66 343
 251  69 343
  21  73 343
 105  73 343
 263  77 343
 128  78 343
 185  79 343
 242  79 343
 255  79 343
 324  80 343
  13  84 343
 277  86 343
  71  87 343
 317  88 343
  53  89 343
 113  90 343
 327  90 343
 168  92 343
 295  93 343
  97  94 343
 256  95 343
 156  96 343
 206  97 343
 322  98 343
 244  99 343
 147 100 343
  32 101 343
  89 101 343
 338 101 343
  69 102 343
   7 105 343
 219 106 343
  95 107 343
 156 107 343
 171 107 343
  54 108 343
 359 108 343
 232 109 343
 337 109 343
 264 111 343
 134 112 343
 204 112 343
 304 113 343
 237 115 343
 251 116 343
  51 117 343
  62 118 343
 297 119 343
  39 120 343
 205 120 343
  15 122 343
  92 123 343
  76 129 343
 313 129 343
 345 130 343
 219 132 343
   2 133 343
 152 133 343
 321 133 343
  16 136 343
 109 136 343
  44 137 343
 125 137 343
 274 138 343
 203 139 343
 355 139 343
 232 140 343
  21 141 343
  59 144 343
 176 145 343
 341 145 343
  47 147 343
 315 147 343
 348 148 343
 157 150 343
 325 151 343
  66 153 343
  87 156 343
 156 158 343
  10 160 343
 135 161 343
  95 164 343
 311 165 343
 180 166 343
 254 166 343
  22 167 343
  33 169 343
 163 169 343
 205 170 343
 171 171 343
 192 172 343
 354 173 343
 195   4 344
 276   4 344
 354   5 344
 147   6 344
 330   6 344
 338   6 344
  38   7 344
 215   8 344
 316   9 344
  93  10 344
 108  11 344
 156  11 344
 197  11 344
 265  12 344
 167  13 344
  84  14 344
 247  14 344
  36  15 344
 340  15 344
 288  19 344
 251  20 344
 102  25 344
 216  25 344
 127  27 344
 335  30 344
 247  32 344
 150  33 344
 282  33 344
 226  34 344
  57  35 344
 185  41 344
 274  43 344
 199  44 344
 191  45 344
  62  49 344
 145  49 344
  87  54 344
 184  56 344
 123  58 344
  64  59 344
 263  59 344
 341  59 344
 270  61 344
 320  62 344
  43  67 344
  64  67 344
 122  67 344
 138  67 344
 218  70 344
 282  72 344
 340  73 344
 231  76 344
 314  76 344
 301  79 344
   3  80 344
  54  81 344
 198  81 344
  34  85 344
 183  87 344
  45  88 344
 226  89 344
 212  90 344
 121  91 344
 198  91 344
  64  93 344
  83  93 344
 267  93 344
 105  94 344
 348  94 344
  24  95 344
 302  96 344
 138  98 344
 233  98 344
 305 105 344
  41 108 344
  82 108 344
 117 111 344
  91 115 344
 258 118 344
 136 119 344
 158 120 344
 329 121 344
 117 123 344
  23 124 344
 141 124 344
 249 124 344
 267 124 344
 101 125 344
 170 125 344
 214 126 344
 239 128 344
  31 129 344
  67 130 344
 246 135 344
  55 138 344
 190 138 344
 334 139 344
  36 141 344
   9 143 344
 113 144 344
 293 144 344
 205 146 344
 225 146 344
 285 147 344
  13 149 344
 131 149 344
 244 150 344
 255 152 344
 182 153 344
 308 153 344
  18 154 344
  49 154 344
 190 154 344
 219 155 344
 236 156 344
 264 156 344
 298 156 344
 344 156 344
 275 157 344
 318 157 344
 199 158 344
  62 161 344
 121 162 344
 342 164 344
 290 166 344
 333 166 344
  44 171 344
  92 172 344
 114 172 344
 282 172 344
  14 173 344
 239 173 344
   2 175 344
  55   5 345
 174   6 345
  29   8 345
 180  10 345
 308  10 345
 228  11 345
 130  12 345
 356  12 345
 115  13 345
  69  15 345
 270  17 345
 332  18 345
 161  20 345
 280  21 345
  24  26 345
  86  26 345
 118  28 345
 238  28 345
 205  30 345
 319  31 345
 300  34 345
  82  35 345
 175  39 345
 111  40 345
 165  40 345
   4  41 345
 287  41 345
 331  41 345
  18  42 345
 355  42 345
  77  43 345
 345  45 345
 100  47 345
 222  47 345
 111  48 345
   4  49 345
 232  49 345
 120  50 345
 209  51 345
  42  54 345
 251  55 345
 170  56 345
   4  57 345
 214  58 345
 290  59 345
  90  61 345
 348  61 345
 156  62 345
 195  62 345
 221  62 345
  78  64 345
 186  64 345
   3  65 345
  29  70 345
 175  71 345
 242  71 345
 159  72 345
  66  74 345
 150  75 345
 141  76 345
  73  77 345
  29  78 345
 332  78 345
 344  79 345
 307  83 345
  92  84 345
 163  85 345
 256  86 345
  19  87 345
  41  96 345
 330  96 345
 110  99 345
 176 100 345
 314 102 345
 251 103 345
 297 104 345
 325 104 345
 344 104 345
 202 105 345
 164 106 345
 180 106 345
 148 107 345
 256 108 345
  28 109 345
   4 113 345
 174 113 345
 165 114 345
 184 114 345
  10 117 345
 228 117 345
 343 118 345
 306 120 345
 349 122 345
 280 123 345
  45 124 345
 290 124 345
 178 125 345
 190 125 345
 160 127 345
  10 129 345
 146 129 345
 227 130 345
  37 133 345
 176 133 345
 348 136 345
 258 137 345
 312 137 345
  66 138 345
 139 139 345
 212 139 345
 153 142 345
 166 144 345
 277 144 345
 121 145 345
  88 146 345
 195 146 345
 269 146 345
 233 147 345
  99 151 345
 170 152 345
  35 154 345
 115 158 345
 207 158 345
  70 159 345
 175 159 345
 214 163 345
 141 164 345
 230 164 345
 102 165 345
 242 165 345
  73 166 345
 153 166 345
 187 167 345
  61 169 345
 130 172 345
 226 172 345
 297 172 345
 312 172 345
 284   5 346
  64   7 346
 258   9 346
 293  12 346
 322  12 346
 148  13 346
 300  14 346
 210  15 346
  57  16 346
  98  16 346
 117  20 346
 140  21 346
 184  23 346
 314  23 346
   3  24 346
  16  24 346
 167  24 346
 194  24 346
  65  26 346
  93  28 346
 134  28 346
 349  31 346
 197  33 346
 212  33 346
 102  34 346
 274  34 346
  43  36 346
 142  38 346
  49  40 346
 154  41 346
 255  41 346
 208  42 346
 300  42 346
 246  44 346
 307  44 346
  90  45 346
 315  48 346
 325  49 346
 163  51 346
 339  52 346
 242  53 346
 355  53 346
 228  57 346
 243  61 346
 255  61 346
 328  61 346
 148  63 346
 280  63 346
  11  64 346
 334  65 346
 231  67 346
 313  67 346
  91  69 346
 301  69 346
 354  69 346
 190  70 346
 258  71 346
   6  72 346
  36  73 346
 201  73 346
 272  73 346
 287  77 346
 170  78 346
 178  78 346
 216  78 346
 108  79 346
 204  84 346
 270  84 346
  84  85 346
 128  85 346
 285  85 346
 101  86 346
 342  87 346
   7  90 346
 309  91 346
  35  92 346
 175  92 346
  12  95 346
  73  95 346
 282  96 346
 225  97 346
 354  98 346
 118  99 346
 162  99 346
 210 103 346
  49 104 346
 139 105 346
 227 105 346
 352 107 346
  63 108 346
 290 109 346
 219 113 346
 279 113 346
 270 114 346
  35 115 346
  98 116 346
 124 116 346
 244 116 346
 320 117 346
 112 118 346
  55 122 346
 129 124 346
 223 124 346
  62 125 346
 205 127 346
 339 127 346
 273 128 346
 306 128 346
 353 128 346
 106 130 346
  83 131 346
 302 136 346
  86 139 346
 131 140 346
 239 140 346
 219 141 346
 305 143 346
 183 145 346
  78 147 346
 333 147 346
 355 149 346
 138 150 346
  59 151 346
   4 153 346
 338 153 346
 150 155 346
 247 156 346
 163 158 346
  21 160 346
  42 160 346
 287 160 346
 267 162 346
  81 164 346
 348 167 346
 145 170 346
 337 172 346
  25 173 346
 255 173 346
 274 174 346
 129   3 347
 117   4 347
 155   4 347
 269   4 347
 239  10 347
  14  11 347
 204  11 347
 276  11 347
 138  12 347
 220  12 347
   3  13 347
  77  13 347
  43  17 347
 259  18 347
 305  19 347
 350  19 347
 228  22 347
 293  23 347
 325  23 347
  54  24 347
 272  24 347
  41  25 347
 153  25 347
  73  28 347
  29  31 347
 189  31 347
  19  34 347
  90  36 347
  69  44 347
 280  46 347
 267  47 347
  12  48 347
  32  48 347
 130  49 347
 152  49 347
 295  50 347
 194  51 347
  80  53 347
 276  54 347
  56  55 347
 139  55 347
 317  55 347
 176  59 347
  23  60 347
 108  61 347
 297  61 347
  57  63 347
  18  67 347
  84  67 347
  50  68 347
 101  68 347
 328  72 347
 125  73 347
 210  74 347
  43  75 347
  81  76 347
 249  76 347
 118  78 347
 356  80 347
 191  81 347
 235  81 347
 225  82 347
 149  83 347
  60  84 347
 245  84 347
 294  84 347
 358  87 347
 150  91 347
 233  91 347
 274  93 347
  56  94 347
 190  97 347
 199  98 347
 261  99 347
  60 100 347
  99 100 347
 130 101 347
  24 102 347
  76 102 347
 237 103 347
 104 105 347
  13 107 347
 317 108 347
 212 110 347
 328 110 347
 194 112 347
 142 113 347
 151 113 347
  75 114 347
  18 115 347
 336 116 347
 286 117 347
  78 122 347
 233 122 347
 198 123 347
 299 125 347
 260 128 347
 329 128 347
  94 129 347
 115 131 347
 194 131 347
 292 131 347
 166 132 347
 209 133 347
 266 133 347
  99 135 347
 158 135 347
  27 136 347
  74 136 347
 147 139 347
 284 139 347
  97 143 347
 106 144 347
 252 144 347
  66 146 347
 298 148 347
 113 151 347
 227 153 347
 127 156 347
  93 158 347
 325 158 347
 255 159 347
 303 160 347
 275 164 347
   4 165 347
  55 165 347
 110 165 347
 220 166 347
 326 166 347
 122 169 347
  85 171 347
  75 173 347
  99 173 347
 198 174 347
 109   4 348
 300   5 348
  84   7 348
 122   9 348
 188   9 348
  22  12 348
  29  15 348
  90  17 348
   9  18 348
 105  18 348
 130  19 348
 243  21 348
 342  21 348
  31  22 348
 264  23 348
 253  26 348
 284  26 348
 310  31 348
   3  32 348
 110  33 348
 122  33 348
 253  34 348
 233  35 348
 324  35 348
 130  36 348
 240  37 348
 263  38 348
  27  39 348
 221  40 348
 338  43 348
  40  44 348
 169  45 348
 178  45 348
  48  48 348
 287  48 348
  20  50 348
 348  51 348
  68  52 348
 308  54 348
 200  55 348
  12  56 348
  46  59 348
  36  60 348
 117  63 348
  71  64 348
 129  64 348
 207  64 348
 133  73 348
  95  75 348
  15  77 348
 157  80 348
 279  80 348
 318  81 348
 137  83 348
 335  84 348
 170  86 348
 323  86 348
 300  88 348
 219  90 348
 135  91 348
 247  91 348
 127  93 348
  91  94 348
 182  94 348
 316  94 348
 338  95 348
   2  97 348
 293  99 348
 276 102 348
  37 103 348
 266 104 348
 123 106 348
  89 107 348
 297 111 348
 106 112 348
 310 113 348
  43 114 348
  57 114 348
 355 114 348
  68 119 348
   0 120 348
  86 121 348
  30 122 348
   6 124 348
 322 124 348
  17 129 348
  49 129 348
 134 129 348
 283 129 348
 184 132 348
 233 133 348
 326 136 348
 341 136 348
 119 137 348
   4 138 348
 197 138 348
 318 140 348
  48 141 348
 263 141 348
 326 144 348
  23 146 348
  53 146 348
 212 146 348
  32 148 348
 147 148 348
 290 151 348
  80 154 348
 105 154 348
 351 157 348
 184 159 348
 311 159 348
  29 160 348
 192 160 348
 358 160 348
 129 163 348
 168 163 348
  14 165 348
 203 165 348
 248 168 348
 305 170 348
 211 171 348
  67 172 348
 177 172 348
 319 172 348
 328 173 348
   8   3 349
 319   3 349
  93   4 349
 344   6 349
 167   7 349
 247   7 349
  48  10 349
 332  11 349
 161  13 349
 173  13 349
 313  15 349
 190  16 349
 153  17 349
 179  17 349
 198  17 349
 215  19 349
  82  20 349
 358  20 349
 204  21 349
 174  24 349
 334  24 349
 160  27 349
 301  27 349
 141  28 349
  47  29 349
 219  30 349
 341  30 349
  11  31 349
 167  31 349
 176  31 349
 289  31 349
  63  34 349
 202  37 349
 349  38 349
 191  39 349
 294  39 349
  56  41 349
 146  43 349
  83  45 349
 138  46 349
 259  46 349
 185  47 349
 251  48 349
 102  53 349
 113  54 349
 221  54 349
 258  54 349
 147  56 349
 283  56 349
 235  57 349
 163  58 349
 310  61 349
 248  65 349
 264  65 349
 341  65 349
 214  66 349
 272  66 349
 286  66 349
 320  68 349
 169  69 349
 293  69 349
 347  69 349
 224  70 349
  57  71 349
 110  71 349
 182  71 349
 309  74 349
 295  76 349
  50  77 349
  22  79 349
   8  82 349
 263  82 349
  40  83 349
  75  83 349
 112  84 349
  26  85 349
 120  85 349
 178  85 349
 349  87 349
 193  88 349
 261  90 349
 158  91 349
 204  91 349
  48  93 349
 239  95 349
 144  97 349
  18  98 349
  84  99 349
 169  99 349
 217  99 349
 307  99 349
 152 100 349
 285 102 349
 332 102 349
 192 104 349
 244 105 349
 114 106 349
  70 108 349
 132 108 349
 343 111 349
 159 112 349
  25 117 349
 210 118 349
 169 119 349
 188 119 349
 263 120 349
 273 120 349
 147 121 349
 313 124 349
  37 125 349
 153 125 349
  25 129 349
 251 129 349
  56 131 349
 125 131 349
 317 131 349
 357 133 349
 226 138 349
 178 139 349
  15 141 349
 160 142 349
 350 142 349
 244 144 349
  40 145 349
   3 146 349
 310 147 349
 219 148 349
 188 149 349
 261 149 349
 319 149 349
 279 150 349
  71 151 349
 162 151 349
 177 151 349
 199 151 349
  42 152 349
 271 152 349
  25 153 349
  11 155 349
 141 156 349
 281 157 349
  53 158 349
 332 160 349
 317 163 349
  35 164 349
  46 165 349
 160 165 349
 259 165 349
 296 165 349
 194 167 349
 235 168 349
 355 168 349
 267 169 349
   8 171 349
  37 171 349
 137 171 349
  50 172 349
 166 172 349
 288 172 349
 157 173 349
 348 174 349
  38   2 350
  17   4 350
 201   5 350
 209   5 350
 223   5 350
 231   5 350
 100   6 350
 291   6 350
 359   6 350
  71   7 350
 350  10 350
  40  11 350
 283  12 350
 252  13 350
 232  15 350
 224  17 350
  63  18 350
  50  19 350
 320  19 350
  22  20 350
  71  20 350
 110  23 350
 123  23 350
 233  26 350
  80  28 350
 245  28 350
 356  28 350
  58  29 350
 260  30 350
 155  34 350
  34  35 350
  75  35 350
 182  35 350
 332  35 350
 314  37 350
 279  38 350
 104  40 350
 117  40 350
 270  40 350
 124  42 350
 228  42 350
 319  42 350
 159  45 350
 238  46 350
 359  46 350
 202  47 350
 215  47 350
  94  50 350
 302  50 350
  37  52 350
 156  54 350
 267  54 350
 329  54 350
  29  55 350
 130  56 350
 189  57 350
 335  58 350
  83  59 350
  96  59 350
 139  62 350
 358  63 350
  28  64 350
 180  64 350
 160  66 350
 199  66 350
 238  67 350
 152  68 350
 142  69 350
  75  70 350
 118  71 350
 335  72 350
 264  73 350
 359  73 350
 164  76 350
 350  76 350
 102  77 350
  88  79 350
  67  80 350
 211  84 350
  50  85 350
  65  88 350
 143  88 350
 289  90 350
  79  91 350
 110  92 350
 325  93 350
 210  95 350
 253  95 350
  29  96 350
  67 100 350
   8 101 350
 320 101 350
   0 105 350
 174 106 350
 338 106 350
  97 109 350
 250 109 350
  51 110 350
 237 110 350
 229 111 350
 261 111 350
 201 112 350
  83 113 350
 134 115 350
 254 116 350
 302 116 350
 178 117 350
 293 118 350
 103 120 350
 217 120 350
 240 122 350
 122 123 350
 112 125 350
  71 126 350
 217 129 350
 243 130 350
 140 133 350
 334 133 350
 275 134 350
  42 135 350
  61 136 350
 106 137 350
 170 137 350
 250 137 350
 295 137 350
  79 140 350
 206 140 350
 172 145 350
 127 146 350
 343 147 350
  92 150 350
 238 150 350
 120 151 350
 303 152 350
 213 154 350
  63 156 350
 231 158 350
 240 158 350
 340 160 350
 147 162 350
  88 164 350
 177 164 350
 282 166 350
  95 167 350
  19 170 350
 107 172 350
 185 173 350
 220 173 350
 139   4 351
  25   5 351
 311   5 351
 326   7 351
  58   8 351
 112  10 351
 268  11 351
 337  16 351
 166  18 351
 276  18 351
 146  21 351
  95  22 351
 209  26 351
  99  28 351
 268  30 351
 148  31 351
 137  36 351
 304  36 351
 357  37 351
  13  38 351
  96  38 351
 214  38 351
   7  44 351
  62  45 351
 331  46 351
  75  48 351
 172  51 351
 123  53 351
   1  54 351
 211  55 351
  62  57 351
  74  57 351
 345  58 351
 322  59 351
  41  65 351
 278  70 351
  12  71 351
  23  71 351
 231  73 351
 194  74 351
 241  76 351
 341  76 351
 186  77 351
 256  77 351
 145  78 351
 203  78 351
  34  79 351
 127  79 351
 326  79 351
 303  81 351
  15  84 351
 311  85 351
  95  87 351
 279  87 351
  41  91 351
 100  92 351
 118  93 351
 165  93 351
 345  95 351
 230  99 351
  44 100 351
 182 101 351
 349 102 351
 158 104 351
 221 105 351
 309 106 351
  20 108 351
 185 108 351
  33 110 351
 119 113 351
 326 117 351
 348 117 351
  49 118 351
 161 119 351
 139 120 351
  13 121 351
  93 121 351
 335 123 351
 173 125 351
 345 126 351
 101 128 351
  78 129 351
 149 132 351
  88 133 351
 308 133 351
  11 134 351
  33 138 351
 187 138 351
  92 139 351
 233 140 351
 270 141 351
 141 143 351
 289 143 351
 116 144 351
 154 148 351
 248 150 351
 326 151 351
 295 156 351
  86 157 351
 155 157 351
 221 157 351
 202 158 351
 120 159 351
  75 160 351
 100 160 351
  65 163 351
 136 163 351
 116 167 351
 342 167 351
  59 174 351
 149   4 352
 183   5 352
 275   5 352
 263   6 352
  32   8 352
 131   8 352
 215   9 352
 153  10 352
 304  10 352
 144  11 352
 243  14 352
 117  15 352
 125  15 352
  16  16 352
 289  16 352
 137  18 352
 329  18 352
 298  19 352
 309  23 352
  11  24 352
 189  24 352
 347  25 352
 130  26 352
 198  26 352
 277  26 352
  35  27 352
 316  27 352
  18  28 352
  88  28 352
 327  28 352
 226  30 352
  50  35 352
  84  37 352
 162  37 352
 170  37 352
 342  37 352
 247  38 352
  21  43 352
 132  43 352
 110  44 352
 352  44 352
 194  45 352
 274  46 352
 311  46 352
 118  48 352
  55  49 352
 228  50 352
  86  51 352
 179  53 352
 246  55 352
 291  55 352
  18  58 352
 353  58 352
 170  59 352
 272  59 352
   6  60 352
 303  60 352
  52  61 352
 224  61 352
  64  64 352
 191  64 352
 257  65 352
 328  66 352
 306  68 352
  33  69 352
  67  71 352
  86  72 352
 216  73 352
 174  74 352
 284  74 352
 316  75 352
  60  77 352
 270  78 352
 220  80 352
 289  81 352
 251  84 352
 185  85 352
 230  85 352
 239  85 352
  33  87 352
  87  88 352
 269  89 352
  19  90 352
 333  91 352
 225  92 352
 354  92 352
 304  93 352
 137  97 352
 267  97 352
  52  99 352
 105  99 352
 123  99 352
  93 100 352
 204 101 352
 299 101 352
 255 102 352
  29 104 352
 144 104 352
  58 106 352
  80 106 352
  41 108 352
 166 108 352
 271 108 352
 279 108 352
 323 108 352
   6 109 352
  12 113 352
  64 113 352
 317 114 352
 225 118 352
 280 120 352
  60 121 352
 248 122 352
 353 122 352
 256 123 352
 305 123 352
 181 124 352
 210 125 352
 163 126 352
 227 126 352
 266 126 352
 200 128 352
   4 131 352
 301 131 352
 349 132 352
  69 134 352
 258 134 352
  20 135 352
 219 136 352
 128 137 352
 153 139 352
 310 140 352
 278 141 352
 301 141 352
 333 141 352
  71 142 352
 357 142 352
  60 144 352
  85 144 352
 199 144 352
 226 145 352
  10 147 352
 100 148 352
 134 148 352
 350 149 352
  17 150 352
 206 151 352
  49 152 352
 358 152 352
 168 155 352
 264 155 352
 133 156 352
 111 157 352
  17 158 352
 272 159 352
 249 160 352
 209 161 352
 226 165 352
  27 167 352
 332 167 352
  80 169 352
 150 169 352
 312 169 352
 128 170 352
   1 171 352
 241 171 352
 204 172 352
 260 172 352
 299 174 352
 193   5 353
 241   5 353
 174   6 353
 254   6 353
  78   7 353
   8  10 353
  89  10 353
 318  10 353
 296  11 353
 100  13 353
 259  13 353
 356  13 353
  35  17 353
 254  20 353
 158  21 353
 181  23 353
 116  26 353
  27  27 353
  68  27 353
 238  31 353
 296  32 353
  41  33 353
  68  38 353
 257  38 353
 286  38 353
  28  45 353
 296  45 353
 344  45 353
 319  49 353
 143  50 353
  44  53 353
 104  59 353
 204  59 353
 252  59 353
 151  61 353
 231  63 353
  92  66 353
   5  68 353
 205  70 353
 251  71 353
 157  73 353
 112  77 353
   1  80 353
 164  83 353
 341  84 353
 131  85 353
 154  86 353
   3  88 353
  56  88 353
  72  90 353
 197  93 353
 295  93 353
   8  94 353
  61  95 353
 175  95 353
 278  95 353
 245  97 353
 208 107 353
 293 107 353
 150 108 353
 285 112 353
 333 112 353
 243 113 353
  90 114 353
 111 115 353
 127 115 353
 153 117 353
 233 117 353
  38 118 353
  20 123 353
 193 123 353
 287 123 353
  44 125 353
  63 129 353
  32 130 353
 324 130 353
 177 131 353
 287 133 353
 113 137 353
 241 137 353
  54 138 353
 257 143 353
 109 149 353
 335 149 353
  35 153 353
   4 156 353
 317 156 353
 349 163 353
 187 164 353
 216 164 353
 289 164 353
 305 164 353
 105 165 353
 275 169 353
 228 172 353
 252 172 353
 143 173 353
  94 175 353